
--- [Query Log (JSON Endpoint): 2025-11-21 05:58:20 | Pattern: %.ncku.edu.tw | Exclude: Expired] ---
[
  {
    "issuer_ca_id": 295817,
    "issuer_name": "C=US, O=Let's Encrypt, CN=R13",
    "name_value": "pc217.ee.ntu.edu.tw",
    "id": 22627000610,
    "entry_timestamp": "2025-11-20T21:55:37.042",
    "not_before": "2025-11-20T20:57:07",
    "not_after": "2026-02-18T20:57:06",
    "serial_number": "054de9a919fd79dd9e164e3c585118fc1da1",
    "result_count": 1
  },
  {
    "issuer_ca_id": 295816,
    "issuer_name": "C=US, O=Let's Encrypt, CN=R12",
    "name_value": "rlt.lis.ntu.edu.tw",
    "id": 22621575716,
    "entry_timestamp": "2025-11-20T16:28:57.433",
    "not_before": "2025-11-20T15:30:27",
    "not_after": "2026-02-18T15:30:26",
    "serial_number": "062a18af1a39d06195857a2bc9a59586abfc",
    "result_count": 1
  },
  {
    "issuer_ca_id": 295816,
    "issuer_name": "C=US, O=Let's Encrypt, CN=R12",
    "name_value": "mail.iam.ntu.edu.tw",
    "id": 22619777843,
    "entry_timestamp": "2025-11-20T14:43:19.076",
    "not_before": "2025-11-20T13:44:48",
    "not_after": "2026-02-18T13:44:47",
    "serial_number": "06f743d3aae2a7471666ea108c9692b08402",
    "result_count": 1
  },
  {
    "issuer_ca_id": 295817,
    "issuer_name": "C=US, O=Let's Encrypt, CN=R13",
    "name_value": "hep.phys.ntu.edu.tw",
    "id": 22615377439,
    "entry_timestamp": "2025-11-20T10:25:40.2",
    "not_before": "2025-11-20T09:27:04",
    "not_after": "2026-02-18T09:27:03",
    "serial_number": "06b8d68dcd302696e72fc6e391cbffb786ea",
    "result_count": 1
  },
  {
    "issuer_ca_id": 295817,
    "issuer_name": "C=US, O=Let's Encrypt, CN=R13",
    "name_value": "hep.phys.ntu.edu.tw",
    "id": 22615323996,
    "entry_timestamp": "2025-11-20T10:25:34.337",
    "not_before": "2025-11-20T09:27:04",
    "not_after": "2026-02-18T09:27:03",
    "serial_number": "06b8d68dcd302696e72fc6e391cbffb786ea",
    "result_count": 1
  },
  {
    "issuer_ca_id": 295816,
    "issuer_name": "C=US, O=Let's Encrypt, CN=R12",
    "name_value": "30anniversary.im.ntu.edu.tw",
    "id": 22613288472,
    "entry_timestamp": "2025-11-20T08:34:19.212",
    "not_before": "2025-11-20T07:35:49",
    "not_after": "2026-02-18T07:35:48",
    "serial_number": "056c057f50f13d068fa59387b348a4995e0a",
    "result_count": 1
  },
  {
    "issuer_ca_id": 295817,
    "issuer_name": "C=US, O=Let's Encrypt, CN=R13",
    "name_value": "30anniversary.im.ntu.edu.tw",
    "id": 22612978996,
    "entry_timestamp": "2025-11-20T08:18:05.199",
    "not_before": "2025-11-20T07:19:28",
    "not_after": "2026-02-18T07:19:27",
    "serial_number": "06da3e947af5cda36617f95c469dcc1a9f06",
    "result_count": 1
  },
  {
    "issuer_ca_id": 295817,
    "issuer_name": "C=US, O=Let's Encrypt, CN=R13",
    "name_value": "30anniversary.im.ntu.edu.tw",
    "id": 22612970528,
    "entry_timestamp": "2025-11-20T08:17:58.836",
    "not_before": "2025-11-20T07:19:28",
    "not_after": "2026-02-18T07:19:27",
    "serial_number": "06da3e947af5cda36617f95c469dcc1a9f06",
    "result_count": 1
  },
  {
    "issuer_ca_id": 286236,
    "issuer_name": "C=US, O=Google Trust Services, CN=WE1",
    "name_value": "announcement.dlc.ntu.edu.tw",
    "id": 22612707731,
    "entry_timestamp": "2025-11-20T07:49:07.17",
    "not_before": "2025-11-04T09:15:08",
    "not_after": "2026-02-02T10:15:00",
    "serial_number": "40ba95ee1ee39dfb13bdf998eafe6fe2",
    "result_count": 1
  },
  {
    "issuer_ca_id": 286242,
    "issuer_name": "C=US, O=Google Trust Services, CN=WR1",
    "name_value": "nanoenv.gl.ntu.edu.tw",
    "id": 22611081334,
    "entry_timestamp": "2025-11-20T06:26:58.831",
    "not_before": "2025-11-20T05:25:14",
    "not_after": "2026-02-18T05:25:13",
    "serial_number": "008c5cbb1263d2176d0d248ebf6a58e789",
    "result_count": 1
  },
  {
    "issuer_ca_id": 286242,
    "issuer_name": "C=US, O=Google Trust Services, CN=WR1",
    "name_value": "nanoenv.gl.ntu.edu.tw",
    "id": 22611886487,
    "entry_timestamp": "2025-11-20T06:25:15.441",
    "not_before": "2025-11-20T05:25:14",
    "not_after": "2026-02-18T05:25:13",
    "serial_number": "008c5cbb1263d2176d0d248ebf6a58e789",
    "result_count": 1
  },
  {
    "issuer_ca_id": 295817,
    "issuer_name": "C=US, O=Let's Encrypt, CN=R13",
    "name_value": "cc.ee.ntu.edu.tw",
    "id": 22609428183,
    "entry_timestamp": "2025-11-20T05:07:07.605",
    "not_before": "2025-11-20T04:08:37",
    "not_after": "2026-02-18T04:08:36",
    "serial_number": "05dc9cb4873a60470975867aa0f6393b4aad",
    "result_count": 1
  },
  {
    "issuer_ca_id": 295817,
    "issuer_name": "C=US, O=Let's Encrypt, CN=R13",
    "name_value": "cc.ee.ntu.edu.tw",
    "id": 22609421415,
    "entry_timestamp": "2025-11-20T05:07:07.222",
    "not_before": "2025-11-20T04:08:37",
    "not_after": "2026-02-18T04:08:36",
    "serial_number": "05dc9cb4873a60470975867aa0f6393b4aad",
    "result_count": 1
  },
  {
    "issuer_ca_id": 158799,
    "issuer_name": "C=AT, O=ZeroSSL, CN=ZeroSSL ECC Domain Secure Site CA",
    "name_value": "disp.ee.ntu.edu.tw",
    "id": 22603152215,
    "entry_timestamp": "2025-11-19T22:42:32.805",
    "not_before": "2025-11-19T00:00:00",
    "not_after": "2026-02-17T23:59:59",
    "serial_number": "28e53983d2d9bcbe932f2c76d7447670",
    "result_count": 1
  },
  {
    "issuer_ca_id": 158799,
    "issuer_name": "C=AT, O=ZeroSSL, CN=ZeroSSL ECC Domain Secure Site CA",
    "name_value": "disp.ee.ntu.edu.tw",
    "id": 22603150828,
    "entry_timestamp": "2025-11-19T22:42:29.267",
    "not_before": "2025-11-19T00:00:00",
    "not_after": "2026-02-17T23:59:59",
    "serial_number": "28e53983d2d9bcbe932f2c76d7447670",
    "result_count": 1
  },
  {
    "issuer_ca_id": 295809,
    "issuer_name": "C=US, O=Let's Encrypt, CN=E8",
    "name_value": "quantum.ntu.edu.tw",
    "id": 22609253033,
    "entry_timestamp": "2025-11-19T21:56:28.508",
    "not_before": "2025-11-19T20:57:58",
    "not_after": "2026-02-17T20:57:57",
    "serial_number": "05d4d3569106900f786fa03306794b6dd0da",
    "result_count": 1
  },
  {
    "issuer_ca_id": 295809,
    "issuer_name": "C=US, O=Let's Encrypt, CN=E8",
    "name_value": "quantum.ntu.edu.tw",
    "id": 22601127265,
    "entry_timestamp": "2025-11-19T21:56:28.22",
    "not_before": "2025-11-19T20:57:58",
    "not_after": "2026-02-17T20:57:57",
    "serial_number": "05d4d3569106900f786fa03306794b6dd0da",
    "result_count": 1
  },
  {
    "issuer_ca_id": 286236,
    "issuer_name": "C=US, O=Google Trust Services, CN=WE1",
    "name_value": "announcement.aca.ntu.edu.tw",
    "id": 22600473409,
    "entry_timestamp": "2025-11-19T21:23:43.252",
    "not_before": "2025-11-06T02:04:52",
    "not_after": "2026-02-04T03:04:46",
    "serial_number": "5944c47554ad094b11bbf574beb8309a",
    "result_count": 1
  },
  {
    "issuer_ca_id": 295817,
    "issuer_name": "C=US, O=Let's Encrypt, CN=R13",
    "name_value": "lads.ee.ntu.edu.tw",
    "id": 22597419637,
    "entry_timestamp": "2025-11-19T16:59:14.291",
    "not_before": "2025-11-19T16:00:43",
    "not_after": "2026-02-17T16:00:42",
    "serial_number": "069295f5a7f04d358f14a9d399c31e5fda16",
    "result_count": 1
  },
  {
    "issuer_ca_id": 295817,
    "issuer_name": "C=US, O=Let's Encrypt, CN=R13",
    "name_value": "lads.ee.ntu.edu.tw",
    "id": 22599533280,
    "entry_timestamp": "2025-11-19T16:59:13.941",
    "not_before": "2025-11-19T16:00:43",
    "not_after": "2026-02-17T16:00:42",
    "serial_number": "069295f5a7f04d358f14a9d399c31e5fda16",
    "result_count": 1
  },
  {
    "issuer_ca_id": 295813,
    "issuer_name": "C=US, O=Let's Encrypt, CN=E7",
    "name_value": "lads.ee.ntu.edu.tw",
    "id": 22593717222,
    "entry_timestamp": "2025-11-19T14:13:40.238",
    "not_before": "2025-11-19T13:15:07",
    "not_after": "2026-02-17T13:15:06",
    "serial_number": "062b9e0366d14ba6353efe9e8835ff49e855",
    "result_count": 1
  },
  {
    "issuer_ca_id": 295813,
    "issuer_name": "C=US, O=Let's Encrypt, CN=E7",
    "name_value": "lads.ee.ntu.edu.tw",
    "id": 22591796861,
    "entry_timestamp": "2025-11-19T14:13:38.16",
    "not_before": "2025-11-19T13:15:07",
    "not_after": "2026-02-17T13:15:06",
    "serial_number": "062b9e0366d14ba6353efe9e8835ff49e855",
    "result_count": 1
  },
  {
    "issuer_ca_id": 286236,
    "issuer_name": "C=US, O=Google Trust Services, CN=WE1",
    "name_value": "www.cdbrm.ntu.edu.tw",
    "id": 22588423725,
    "entry_timestamp": "2025-11-19T11:31:25.658",
    "not_before": "2025-11-19T10:29:41",
    "not_after": "2026-02-17T11:29:33",
    "serial_number": "6c043487303b2fd511f29b2626e7e921",
    "result_count": 1
  },
  {
    "issuer_ca_id": 286236,
    "issuer_name": "C=US, O=Google Trust Services, CN=WE1",
    "name_value": "www.cdbrm.ntu.edu.tw",
    "id": 22588460395,
    "entry_timestamp": "2025-11-19T11:29:42.359",
    "not_before": "2025-11-19T10:29:41",
    "not_after": "2026-02-17T11:29:33",
    "serial_number": "6c043487303b2fd511f29b2626e7e921",
    "result_count": 1
  },
  {
    "issuer_ca_id": 286242,
    "issuer_name": "C=US, O=Google Trust Services, CN=WR1",
    "name_value": "www.cdbrm.ntu.edu.tw",
    "id": 22588354721,
    "entry_timestamp": "2025-11-19T11:29:28.712",
    "not_before": "2025-11-19T10:29:28",
    "not_after": "2026-02-17T11:28:11",
    "serial_number": "3503f4afba4f20a311881a9e59a6d45d",
    "result_count": 1
  },
  {
    "issuer_ca_id": 286244,
    "issuer_name": "C=US, O=Google Trust Services, CN=WR3",
    "name_value": "www.ntuaal.ee.ntu.edu.tw",
    "id": 22586478439,
    "entry_timestamp": "2025-11-19T10:01:37.306",
    "not_before": "2025-11-03T22:13:29",
    "not_after": "2026-02-01T23:04:20",
    "serial_number": "622dfc13bcb4c692124d1a067c15de25",
    "result_count": 1
  },
  {
    "issuer_ca_id": 295813,
    "issuer_name": "C=US, O=Let's Encrypt, CN=E7",
    "name_value": "odbview.oc.ntu.edu.tw",
    "id": 22585569444,
    "entry_timestamp": "2025-11-19T09:13:11.537",
    "not_before": "2025-11-19T08:14:41",
    "not_after": "2026-02-17T08:14:40",
    "serial_number": "050520cc5a7f61ac1241f4cfb77d921ddc7f",
    "result_count": 1
  },
  {
    "issuer_ca_id": 295813,
    "issuer_name": "C=US, O=Let's Encrypt, CN=E7",
    "name_value": "odbview.oc.ntu.edu.tw",
    "id": 22585533602,
    "entry_timestamp": "2025-11-19T09:13:11.26",
    "not_before": "2025-11-19T08:14:41",
    "not_after": "2026-02-17T08:14:40",
    "serial_number": "050520cc5a7f61ac1241f4cfb77d921ddc7f",
    "result_count": 1
  },
  {
    "issuer_ca_id": 295817,
    "issuer_name": "C=US, O=Let's Encrypt, CN=R13",
    "name_value": "mail.iam.ntu.edu.tw",
    "id": 22584276735,
    "entry_timestamp": "2025-11-19T08:04:39.519",
    "not_before": "2025-11-19T07:06:08",
    "not_after": "2026-02-17T07:06:07",
    "serial_number": "065930964b061778894aa838ceb7b9f290e7",
    "result_count": 1
  },
  {
    "issuer_ca_id": 295817,
    "issuer_name": "C=US, O=Let's Encrypt, CN=R13",
    "name_value": "mail.iam.ntu.edu.tw",
    "id": 22584247789,
    "entry_timestamp": "2025-11-19T08:04:39.131",
    "not_before": "2025-11-19T07:06:08",
    "not_after": "2026-02-17T07:06:07",
    "serial_number": "065930964b061778894aa838ceb7b9f290e7",
    "result_count": 1
  },
  {
    "issuer_ca_id": 295809,
    "issuer_name": "C=US, O=Let's Encrypt, CN=E8",
    "name_value": "mail.iam.ntu.edu.tw",
    "id": 22582348351,
    "entry_timestamp": "2025-11-19T06:26:13.512",
    "not_before": "2025-11-19T05:27:41",
    "not_after": "2026-02-17T05:27:40",
    "serial_number": "054d1755f38a5934772656c3247a5d6da9a8",
    "result_count": 1
  },
  {
    "issuer_ca_id": 295809,
    "issuer_name": "C=US, O=Let's Encrypt, CN=E8",
    "name_value": "mail.iam.ntu.edu.tw",
    "id": 22582344240,
    "entry_timestamp": "2025-11-19T06:26:11.429",
    "not_before": "2025-11-19T05:27:41",
    "not_after": "2026-02-17T05:27:40",
    "serial_number": "054d1755f38a5934772656c3247a5d6da9a8",
    "result_count": 1
  },
  {
    "issuer_ca_id": 295809,
    "issuer_name": "C=US, O=Let's Encrypt, CN=E8",
    "name_value": "mail.iam.ntu.edu.tw",
    "id": 22582307852,
    "entry_timestamp": "2025-11-19T06:24:21.308",
    "not_before": "2025-11-19T05:25:50",
    "not_after": "2026-02-17T05:25:49",
    "serial_number": "06614e9e33f5ef16a56142ebe4ace1f31b1a",
    "result_count": 1
  },
  {
    "issuer_ca_id": 295809,
    "issuer_name": "C=US, O=Let's Encrypt, CN=E8",
    "name_value": "mail.iam.ntu.edu.tw",
    "id": 22582307303,
    "entry_timestamp": "2025-11-19T06:24:21.082",
    "not_before": "2025-11-19T05:25:50",
    "not_after": "2026-02-17T05:25:49",
    "serial_number": "06614e9e33f5ef16a56142ebe4ace1f31b1a",
    "result_count": 1
  },
  {
    "issuer_ca_id": 295816,
    "issuer_name": "C=US, O=Let's Encrypt, CN=R12",
    "name_value": "nanost.ntu.edu.tw",
    "id": 22579528320,
    "entry_timestamp": "2025-11-19T04:04:18.308",
    "not_before": "2025-11-19T03:05:47",
    "not_after": "2026-02-17T03:05:46",
    "serial_number": "06a43ae0c9aa00af2defda2349d067c48c2b",
    "result_count": 1
  },
  {
    "issuer_ca_id": 295816,
    "issuer_name": "C=US, O=Let's Encrypt, CN=R12",
    "name_value": "nanost.ntu.edu.tw",
    "id": 22579527567,
    "entry_timestamp": "2025-11-19T04:04:17.919",
    "not_before": "2025-11-19T03:05:47",
    "not_after": "2026-02-17T03:05:46",
    "serial_number": "06a43ae0c9aa00af2defda2349d067c48c2b",
    "result_count": 1
  },
  {
    "issuer_ca_id": 295809,
    "issuer_name": "C=US, O=Let's Encrypt, CN=E8",
    "name_value": "lopen.linguistics.ntu.edu.tw",
    "id": 22578240563,
    "entry_timestamp": "2025-11-19T02:55:12.022",
    "not_before": "2025-11-19T01:56:41",
    "not_after": "2026-02-17T01:56:40",
    "serial_number": "05098caec16a0844112f56c79657bdc6785a",
    "result_count": 1
  },
  {
    "issuer_ca_id": 295809,
    "issuer_name": "C=US, O=Let's Encrypt, CN=E8",
    "name_value": "lopen.linguistics.ntu.edu.tw",
    "id": 22578220379,
    "entry_timestamp": "2025-11-19T02:55:11.923",
    "not_before": "2025-11-19T01:56:41",
    "not_after": "2026-02-17T01:56:40",
    "serial_number": "05098caec16a0844112f56c79657bdc6785a",
    "result_count": 1
  },
  {
    "issuer_ca_id": 295817,
    "issuer_name": "C=US, O=Let's Encrypt, CN=R13",
    "name_value": "pc211.ee.ntu.edu.tw",
    "id": 22576777221,
    "entry_timestamp": "2025-11-19T01:40:02.047",
    "not_before": "2025-11-19T00:41:29",
    "not_after": "2026-02-17T00:41:28",
    "serial_number": "061bc51bb0050b10d60974f68f8373a108d1",
    "result_count": 1
  },
  {
    "issuer_ca_id": 295817,
    "issuer_name": "C=US, O=Let's Encrypt, CN=R13",
    "name_value": "pc211.ee.ntu.edu.tw",
    "id": 22576756624,
    "entry_timestamp": "2025-11-19T01:39:59.696",
    "not_before": "2025-11-19T00:41:29",
    "not_after": "2026-02-17T00:41:28",
    "serial_number": "061bc51bb0050b10d60974f68f8373a108d1",
    "result_count": 1
  },
  {
    "issuer_ca_id": 286236,
    "issuer_name": "C=US, O=Google Trust Services, CN=WE1",
    "name_value": "test-www.aca.ntu.edu.tw",
    "id": 22576416705,
    "entry_timestamp": "2025-11-19T01:21:36.731",
    "not_before": "2025-11-19T00:19:32",
    "not_after": "2026-02-17T01:19:24",
    "serial_number": "2fbf23e93c43d18b13150ad35e2490fb",
    "result_count": 1
  },
  {
    "issuer_ca_id": 286236,
    "issuer_name": "C=US, O=Google Trust Services, CN=WE1",
    "name_value": "test-www.aca.ntu.edu.tw",
    "id": 22576373887,
    "entry_timestamp": "2025-11-19T01:19:33.036",
    "not_before": "2025-11-19T00:19:32",
    "not_after": "2026-02-17T01:19:24",
    "serial_number": "2fbf23e93c43d18b13150ad35e2490fb",
    "result_count": 1
  },
  {
    "issuer_ca_id": 286242,
    "issuer_name": "C=US, O=Google Trust Services, CN=WR1",
    "name_value": "test-www.aca.ntu.edu.tw",
    "id": 22576370258,
    "entry_timestamp": "2025-11-19T01:19:18.761",
    "not_before": "2025-11-19T00:19:18",
    "not_after": "2026-02-17T01:19:01",
    "serial_number": "00dd628ebdf453a4be132e20f72622e7b7",
    "result_count": 1
  },
  {
    "issuer_ca_id": 286244,
    "issuer_name": "C=US, O=Google Trust Services, CN=WR3",
    "name_value": "mdr3.ntu.edu.tw",
    "id": 22573773719,
    "entry_timestamp": "2025-11-18T22:43:25.039",
    "not_before": "2025-11-05T09:31:11",
    "not_after": "2026-02-03T10:21:43",
    "serial_number": "00c450234c5778d2de0a3846fec80f0938",
    "result_count": 1
  },
  {
    "issuer_ca_id": 286244,
    "issuer_name": "C=US, O=Google Trust Services, CN=WR3",
    "name_value": "smslab.esoe.ntu.edu.tw",
    "id": 22566860835,
    "entry_timestamp": "2025-11-18T15:55:25.213",
    "not_before": "2025-09-21T14:38:41",
    "not_after": "2025-12-20T15:30:54",
    "serial_number": "00d536d21b1014bbe20a8959304bc5c569",
    "result_count": 1
  },
  {
    "issuer_ca_id": 286244,
    "issuer_name": "C=US, O=Google Trust Services, CN=WR3",
    "name_value": "smslab.esoe.ntu.edu.tw",
    "id": 22566869282,
    "entry_timestamp": "2025-11-18T15:55:17.317",
    "not_before": "2025-11-18T14:55:16",
    "not_after": "2026-02-16T15:46:28",
    "serial_number": "00e2ac571e9cd7857e0ae3f97ae88822f9",
    "result_count": 1
  },
  {
    "issuer_ca_id": 295809,
    "issuer_name": "C=US, O=Let's Encrypt, CN=E8",
    "name_value": "newslabn.csie.ntu.edu.tw",
    "id": 22561244631,
    "entry_timestamp": "2025-11-18T10:34:49.957",
    "not_before": "2025-11-18T09:36:17",
    "not_after": "2026-02-16T09:36:16",
    "serial_number": "06b0ecfbe9ef3e8e2f609bb46a116f73dc65",
    "result_count": 1
  },
  {
    "issuer_ca_id": 295809,
    "issuer_name": "C=US, O=Let's Encrypt, CN=E8",
    "name_value": "newslabn.csie.ntu.edu.tw",
    "id": 22561220294,
    "entry_timestamp": "2025-11-18T10:34:47.592",
    "not_before": "2025-11-18T09:36:17",
    "not_after": "2026-02-16T09:36:16",
    "serial_number": "06b0ecfbe9ef3e8e2f609bb46a116f73dc65",
    "result_count": 1
  },
  {
    "issuer_ca_id": 295817,
    "issuer_name": "C=US, O=Let's Encrypt, CN=R13",
    "name_value": "newslabn.csie.ntu.edu.tw",
    "id": 22561222523,
    "entry_timestamp": "2025-11-18T10:34:43.257",
    "not_before": "2025-11-18T09:36:13",
    "not_after": "2026-02-16T09:36:12",
    "serial_number": "05e3550bee7f989ecc8030cdec8c2dbdde88",
    "result_count": 1
  },
  {
    "issuer_ca_id": 295817,
    "issuer_name": "C=US, O=Let's Encrypt, CN=R13",
    "name_value": "newslabn.csie.ntu.edu.tw",
    "id": 22561216987,
    "entry_timestamp": "2025-11-18T10:34:43.15",
    "not_before": "2025-11-18T09:36:13",
    "not_after": "2026-02-16T09:36:12",
    "serial_number": "05e3550bee7f989ecc8030cdec8c2dbdde88",
    "result_count": 1
  },
  {
    "issuer_ca_id": 295809,
    "issuer_name": "C=US, O=Let's Encrypt, CN=E8",
    "name_value": "epower.ga.ntu.edu.tw",
    "id": 22560705662,
    "entry_timestamp": "2025-11-18T10:07:38.921",
    "not_before": "2025-11-18T09:09:06",
    "not_after": "2026-02-16T09:09:05",
    "serial_number": "0654a4cf07ab60085b573959a2119a6e75ef",
    "result_count": 1
  },
  {
    "issuer_ca_id": 295809,
    "issuer_name": "C=US, O=Let's Encrypt, CN=E8",
    "name_value": "epower.ga.ntu.edu.tw",
    "id": 22560676156,
    "entry_timestamp": "2025-11-18T10:07:36.529",
    "not_before": "2025-11-18T09:09:06",
    "not_after": "2026-02-16T09:09:05",
    "serial_number": "0654a4cf07ab60085b573959a2119a6e75ef",
    "result_count": 1
  },
  {
    "issuer_ca_id": 295813,
    "issuer_name": "C=US, O=Let's Encrypt, CN=E7",
    "name_value": "mail.iam.ntu.edu.tw",
    "id": 22558735216,
    "entry_timestamp": "2025-11-18T08:31:01.072",
    "not_before": "2025-11-18T07:32:30",
    "not_after": "2026-02-16T07:32:29",
    "serial_number": "06b0cf34cfe64efa91fff1673ddf7899c86b",
    "result_count": 1
  },
  {
    "issuer_ca_id": 295813,
    "issuer_name": "C=US, O=Let's Encrypt, CN=E7",
    "name_value": "mail.iam.ntu.edu.tw",
    "id": 22558729667,
    "entry_timestamp": "2025-11-18T08:31:00.841",
    "not_before": "2025-11-18T07:32:30",
    "not_after": "2026-02-16T07:32:29",
    "serial_number": "06b0cf34cfe64efa91fff1673ddf7899c86b",
    "result_count": 1
  },
  {
    "issuer_ca_id": 295816,
    "issuer_name": "C=US, O=Let's Encrypt, CN=R12",
    "name_value": "www.law.ntu.edu.tw",
    "id": 22558587738,
    "entry_timestamp": "2025-11-18T08:23:39.228",
    "not_before": "2025-11-18T07:25:06",
    "not_after": "2026-02-16T07:25:05",
    "serial_number": "0698b0fda4dc0939a8289095046dae7d56ba",
    "result_count": 1
  },
  {
    "issuer_ca_id": 295816,
    "issuer_name": "C=US, O=Let's Encrypt, CN=R12",
    "name_value": "www.law.ntu.edu.tw",
    "id": 22558585227,
    "entry_timestamp": "2025-11-18T08:23:37.042",
    "not_before": "2025-11-18T07:25:06",
    "not_after": "2026-02-16T07:25:05",
    "serial_number": "0698b0fda4dc0939a8289095046dae7d56ba",
    "result_count": 1
  },
  {
    "issuer_ca_id": 272008,
    "issuer_name": "C=TW, O=TAIWAN-CA, OU=Secure SSL Sub-CA, CN=TWCA Secure SSL Certification Authority",
    "name_value": "course8pz3.aca.ntu.edu.tw",
    "id": 22557906805,
    "entry_timestamp": "2025-11-18T07:46:40.22",
    "not_before": "2025-11-18T07:46:39",
    "not_after": "2026-11-18T15:59:59",
    "serial_number": "47e900000008a2c874609a7c14f4cbd8",
    "result_count": 1
  },
  {
    "issuer_ca_id": 272008,
    "issuer_name": "C=TW, O=TAIWAN-CA, OU=Secure SSL Sub-CA, CN=TWCA Secure SSL Certification Authority",
    "name_value": "course8pz3.aca.ntu.edu.tw",
    "id": 22557906695,
    "entry_timestamp": "2025-11-18T07:46:39.912",
    "not_before": "2025-11-18T07:46:39",
    "not_after": "2026-11-18T15:59:59",
    "serial_number": "47e900000008a2c874609a7c14f4cbd8",
    "result_count": 1
  },
  {
    "issuer_ca_id": 272008,
    "issuer_name": "C=TW, O=TAIWAN-CA, OU=Secure SSL Sub-CA, CN=TWCA Secure SSL Certification Authority",
    "name_value": "gra103.aca.ntu.edu.tw",
    "id": 22557616645,
    "entry_timestamp": "2025-11-18T07:28:31.969",
    "not_before": "2025-11-18T07:28:30",
    "not_after": "2026-11-18T15:59:59",
    "serial_number": "47e900000008a2c235304fc1fba1f941",
    "result_count": 1
  },
  {
    "issuer_ca_id": 272008,
    "issuer_name": "C=TW, O=TAIWAN-CA, OU=Secure SSL Sub-CA, CN=TWCA Secure SSL Certification Authority",
    "name_value": "gra103.aca.ntu.edu.tw",
    "id": 22557616578,
    "entry_timestamp": "2025-11-18T07:28:31.441",
    "not_before": "2025-11-18T07:28:30",
    "not_after": "2026-11-18T15:59:59",
    "serial_number": "47e900000008a2c235304fc1fba1f941",
    "result_count": 1
  },
  {
    "issuer_ca_id": 272008,
    "issuer_name": "C=TW, O=TAIWAN-CA, OU=Secure SSL Sub-CA, CN=TWCA Secure SSL Certification Authority",
    "name_value": "www.aca.ntu.edu.tw",
    "id": 22557270832,
    "entry_timestamp": "2025-11-18T07:09:55.055",
    "not_before": "2025-11-18T07:09:53",
    "not_after": "2026-11-18T15:59:59",
    "serial_number": "47e900000008a2bf3060c40f49cadff9",
    "result_count": 1
  },
  {
    "issuer_ca_id": 272008,
    "issuer_name": "C=TW, O=TAIWAN-CA, OU=Secure SSL Sub-CA, CN=TWCA Secure SSL Certification Authority",
    "name_value": "www.aca.ntu.edu.tw",
    "id": 22557270764,
    "entry_timestamp": "2025-11-18T07:09:54.424",
    "not_before": "2025-11-18T07:09:53",
    "not_after": "2026-11-18T15:59:59",
    "serial_number": "47e900000008a2bf3060c40f49cadff9",
    "result_count": 1
  },
  {
    "issuer_ca_id": 295817,
    "issuer_name": "C=US, O=Let's Encrypt, CN=R13",
    "name_value": "pdf-to-txt-new.toolmen.bime.ntu.edu.tw",
    "id": 22555247055,
    "entry_timestamp": "2025-11-18T05:14:46.546",
    "not_before": "2025-11-18T04:16:15",
    "not_after": "2026-02-16T04:16:14",
    "serial_number": "062688359722a5997bf49db6dc369325374a",
    "result_count": 1
  },
  {
    "issuer_ca_id": 295817,
    "issuer_name": "C=US, O=Let's Encrypt, CN=R13",
    "name_value": "pdf-to-txt-new.toolmen.bime.ntu.edu.tw",
    "id": 22555222831,
    "entry_timestamp": "2025-11-18T05:14:46.112",
    "not_before": "2025-11-18T04:16:15",
    "not_after": "2026-02-16T04:16:14",
    "serial_number": "062688359722a5997bf49db6dc369325374a",
    "result_count": 1
  },
  {
    "issuer_ca_id": 295813,
    "issuer_name": "C=US, O=Let's Encrypt, CN=E7",
    "name_value": "nmlab.ntu.edu.tw",
    "id": 22551971502,
    "entry_timestamp": "2025-11-18T02:04:18.851",
    "not_before": "2025-11-18T01:05:48",
    "not_after": "2026-02-16T01:05:47",
    "serial_number": "060e946a14f498e3c54c6fb4fe9ecce4aad4",
    "result_count": 1
  },
  {
    "issuer_ca_id": 295813,
    "issuer_name": "C=US, O=Let's Encrypt, CN=E7",
    "name_value": "nmlab.ntu.edu.tw",
    "id": 22551955665,
    "entry_timestamp": "2025-11-18T02:04:18.465",
    "not_before": "2025-11-18T01:05:48",
    "not_after": "2026-02-16T01:05:47",
    "serial_number": "060e946a14f498e3c54c6fb4fe9ecce4aad4",
    "result_count": 1
  },
  {
    "issuer_ca_id": 295813,
    "issuer_name": "C=US, O=Let's Encrypt, CN=E7",
    "name_value": "cyber.ntu.edu.tw",
    "id": 22551943910,
    "entry_timestamp": "2025-11-18T02:03:57.966",
    "not_before": "2025-11-18T01:05:27",
    "not_after": "2026-02-16T01:05:26",
    "serial_number": "0654e33aa5a0e7a10d3b6ccf1057d391d2af",
    "result_count": 1
  },
  {
    "issuer_ca_id": 295813,
    "issuer_name": "C=US, O=Let's Encrypt, CN=E7",
    "name_value": "cyber.ntu.edu.tw",
    "id": 22551943768,
    "entry_timestamp": "2025-11-18T02:03:57.785",
    "not_before": "2025-11-18T01:05:27",
    "not_after": "2026-02-16T01:05:26",
    "serial_number": "0654e33aa5a0e7a10d3b6ccf1057d391d2af",
    "result_count": 1
  },
  {
    "issuer_ca_id": 295817,
    "issuer_name": "C=US, O=Let's Encrypt, CN=R13",
    "name_value": "arc.ntu.edu.tw",
    "id": 22547130852,
    "entry_timestamp": "2025-11-17T21:16:00.658",
    "not_before": "2025-11-17T20:17:28",
    "not_after": "2026-02-15T20:17:27",
    "serial_number": "05b5680bd59a34bf909d60af15c3ec7c79d1",
    "result_count": 1
  },
  {
    "issuer_ca_id": 295817,
    "issuer_name": "C=US, O=Let's Encrypt, CN=R13",
    "name_value": "arc.ntu.edu.tw",
    "id": 22547107848,
    "entry_timestamp": "2025-11-17T21:15:58.367",
    "not_before": "2025-11-17T20:17:28",
    "not_after": "2026-02-15T20:17:27",
    "serial_number": "05b5680bd59a34bf909d60af15c3ec7c79d1",
    "result_count": 1
  },
  {
    "issuer_ca_id": 295809,
    "issuer_name": "C=US, O=Let's Encrypt, CN=E8",
    "name_value": "pineapple.iam.ntu.edu.tw",
    "id": 22543470941,
    "entry_timestamp": "2025-11-17T17:25:43.277",
    "not_before": "2025-11-17T16:27:13",
    "not_after": "2026-02-15T16:27:12",
    "serial_number": "05a6af4107c468b81dad2bdaa35edb14a9b2",
    "result_count": 1
  },
  {
    "issuer_ca_id": 295809,
    "issuer_name": "C=US, O=Let's Encrypt, CN=E8",
    "name_value": "pineapple.iam.ntu.edu.tw",
    "id": 22543450403,
    "entry_timestamp": "2025-11-17T17:25:43.046",
    "not_before": "2025-11-17T16:27:13",
    "not_after": "2026-02-15T16:27:12",
    "serial_number": "05a6af4107c468b81dad2bdaa35edb14a9b2",
    "result_count": 1
  },
  {
    "issuer_ca_id": 295817,
    "issuer_name": "C=US, O=Let's Encrypt, CN=R13",
    "name_value": "pineapple.iam.ntu.edu.tw",
    "id": 22543467568,
    "entry_timestamp": "2025-11-17T17:25:39.026",
    "not_before": "2025-11-17T16:27:08",
    "not_after": "2026-02-15T16:27:07",
    "serial_number": "05da842d359b96ef6b58876f1a36a2e67559",
    "result_count": 1
  },
  {
    "issuer_ca_id": 295817,
    "issuer_name": "C=US, O=Let's Encrypt, CN=R13",
    "name_value": "pineapple.iam.ntu.edu.tw",
    "id": 22543449946,
    "entry_timestamp": "2025-11-17T17:25:38.714",
    "not_before": "2025-11-17T16:27:08",
    "not_after": "2026-02-15T16:27:07",
    "serial_number": "05da842d359b96ef6b58876f1a36a2e67559",
    "result_count": 1
  },
  {
    "issuer_ca_id": 295816,
    "issuer_name": "C=US, O=Let's Encrypt, CN=R12",
    "name_value": "www.e.hydro.as.ntu.edu.tw",
    "id": 22540278834,
    "entry_timestamp": "2025-11-17T14:38:47.377",
    "not_before": "2025-11-17T13:40:16",
    "not_after": "2026-02-15T13:40:15",
    "serial_number": "055c92e4f5b553acd494ac59257cf867d729",
    "result_count": 1
  },
  {
    "issuer_ca_id": 295816,
    "issuer_name": "C=US, O=Let's Encrypt, CN=R12",
    "name_value": "www.e.hydro.as.ntu.edu.tw",
    "id": 22540258711,
    "entry_timestamp": "2025-11-17T14:38:47.164",
    "not_before": "2025-11-17T13:40:16",
    "not_after": "2026-02-15T13:40:15",
    "serial_number": "055c92e4f5b553acd494ac59257cf867d729",
    "result_count": 1
  },
  {
    "issuer_ca_id": 295809,
    "issuer_name": "C=US, O=Let's Encrypt, CN=E8",
    "name_value": "mozart.ee.ntu.edu.tw",
    "id": 22534990065,
    "entry_timestamp": "2025-11-17T10:17:15.844",
    "not_before": "2025-11-17T09:18:45",
    "not_after": "2026-02-15T09:18:44",
    "serial_number": "06128d5da65692445f92ad82c4f93373a005",
    "result_count": 1
  },
  {
    "issuer_ca_id": 295809,
    "issuer_name": "C=US, O=Let's Encrypt, CN=E8",
    "name_value": "mozart.ee.ntu.edu.tw",
    "id": 22534985492,
    "entry_timestamp": "2025-11-17T10:17:15.649",
    "not_before": "2025-11-17T09:18:45",
    "not_after": "2026-02-15T09:18:44",
    "serial_number": "06128d5da65692445f92ad82c4f93373a005",
    "result_count": 1
  },
  {
    "issuer_ca_id": 286244,
    "issuer_name": "C=US, O=Google Trust Services, CN=WR3",
    "name_value": "ceos.phys.ntu.edu.tw",
    "id": 22532358598,
    "entry_timestamp": "2025-11-17T08:14:56.255",
    "not_before": "2025-11-17T07:14:55",
    "not_after": "2026-02-15T08:03:45",
    "serial_number": "41a58ee92fe146a909f065f446f36514",
    "result_count": 1
  },
  {
    "issuer_ca_id": 295809,
    "issuer_name": "C=US, O=Let's Encrypt, CN=E8",
    "name_value": "aprumh2024.wcdr.ntu.edu.tw",
    "id": 22530871610,
    "entry_timestamp": "2025-11-17T06:48:57.694",
    "not_before": "2025-11-17T05:50:27",
    "not_after": "2026-02-15T05:50:26",
    "serial_number": "051e5fef730b55c78bdbafbec16f6f066bc9",
    "result_count": 1
  },
  {
    "issuer_ca_id": 295809,
    "issuer_name": "C=US, O=Let's Encrypt, CN=E8",
    "name_value": "aprumh2024.wcdr.ntu.edu.tw",
    "id": 22530849530,
    "entry_timestamp": "2025-11-17T06:48:57.609",
    "not_before": "2025-11-17T05:50:27",
    "not_after": "2026-02-15T05:50:26",
    "serial_number": "051e5fef730b55c78bdbafbec16f6f066bc9",
    "result_count": 1
  },
  {
    "issuer_ca_id": 295817,
    "issuer_name": "C=US, O=Let's Encrypt, CN=R13",
    "name_value": "aprumh2024.wcdr.ntu.edu.tw",
    "id": 22530853054,
    "entry_timestamp": "2025-11-17T06:48:53.33",
    "not_before": "2025-11-17T05:50:23",
    "not_after": "2026-02-15T05:50:22",
    "serial_number": "05b73c0e93a4ec8d26b1cf2219c26419cefb",
    "result_count": 1
  },
  {
    "issuer_ca_id": 295817,
    "issuer_name": "C=US, O=Let's Encrypt, CN=R13",
    "name_value": "aprumh2024.wcdr.ntu.edu.tw",
    "id": 22530845754,
    "entry_timestamp": "2025-11-17T06:48:53.245",
    "not_before": "2025-11-17T05:50:23",
    "not_after": "2026-02-15T05:50:22",
    "serial_number": "05b73c0e93a4ec8d26b1cf2219c26419cefb",
    "result_count": 1
  },
  {
    "issuer_ca_id": 295813,
    "issuer_name": "C=US, O=Let's Encrypt, CN=E7",
    "name_value": "mcsop.ee.ntu.edu.tw",
    "id": 22530048211,
    "entry_timestamp": "2025-11-17T06:04:23.114",
    "not_before": "2025-11-17T05:05:52",
    "not_after": "2026-02-15T05:05:51",
    "serial_number": "052c2911a3ba481afe8b0c00c9f97e007eee",
    "result_count": 1
  },
  {
    "issuer_ca_id": 295813,
    "issuer_name": "C=US, O=Let's Encrypt, CN=E7",
    "name_value": "mcsop.ee.ntu.edu.tw",
    "id": 22530031877,
    "entry_timestamp": "2025-11-17T06:04:22.982",
    "not_before": "2025-11-17T05:05:52",
    "not_after": "2026-02-15T05:05:51",
    "serial_number": "052c2911a3ba481afe8b0c00c9f97e007eee",
    "result_count": 1
  },
  {
    "issuer_ca_id": 295816,
    "issuer_name": "C=US, O=Let's Encrypt, CN=R12",
    "name_value": "mcsop.ee.ntu.edu.tw",
    "id": 22530048375,
    "entry_timestamp": "2025-11-17T06:04:19",
    "not_before": "2025-11-17T05:05:46",
    "not_after": "2026-02-15T05:05:45",
    "serial_number": "059e2fd66571591c6c7836932a272ae4ef8f",
    "result_count": 1
  },
  {
    "issuer_ca_id": 295816,
    "issuer_name": "C=US, O=Let's Encrypt, CN=R12",
    "name_value": "mcsop.ee.ntu.edu.tw",
    "id": 22530030341,
    "entry_timestamp": "2025-11-17T06:04:16.887",
    "not_before": "2025-11-17T05:05:46",
    "not_after": "2026-02-15T05:05:45",
    "serial_number": "059e2fd66571591c6c7836932a272ae4ef8f",
    "result_count": 1
  },
  {
    "issuer_ca_id": 295813,
    "issuer_name": "C=US, O=Let's Encrypt, CN=E7",
    "name_value": "g1pc2n170.g1.ntu.edu.tw",
    "id": 22529694032,
    "entry_timestamp": "2025-11-17T05:45:21.556",
    "not_before": "2025-11-17T04:46:51",
    "not_after": "2026-02-15T04:46:50",
    "serial_number": "05dbb3b3c1a119af1c5aeb598d63870c6546",
    "result_count": 1
  },
  {
    "issuer_ca_id": 295813,
    "issuer_name": "C=US, O=Let's Encrypt, CN=E7",
    "name_value": "g1pc2n170.g1.ntu.edu.tw",
    "id": 22529671050,
    "entry_timestamp": "2025-11-17T05:45:21.307",
    "not_before": "2025-11-17T04:46:51",
    "not_after": "2026-02-15T04:46:50",
    "serial_number": "05dbb3b3c1a119af1c5aeb598d63870c6546",
    "result_count": 1
  },
  {
    "issuer_ca_id": 176209,
    "issuer_name": "C=US, O=DigiCert Inc, CN=GeoTrust EV RSA CA G2",
    "name_value": "www.science.ntu.edu.tw",
    "id": 22523312319,
    "entry_timestamp": "2025-11-16T23:49:23.89",
    "not_before": "2025-07-19T00:00:00",
    "not_after": "2026-07-30T23:59:59",
    "serial_number": "0843b06bf2314d53cc660e3cc89a6b3e",
    "result_count": 1
  },
  {
    "issuer_ca_id": 295817,
    "issuer_name": "C=US, O=Let's Encrypt, CN=R13",
    "name_value": "tims.ntu.edu.tw",
    "id": 22520991667,
    "entry_timestamp": "2025-11-16T21:48:21.434",
    "not_before": "2025-11-16T20:49:51",
    "not_after": "2026-02-14T20:49:50",
    "serial_number": "05cba21752e85dab62eb29ea717afa1a6c0d",
    "result_count": 1
  },
  {
    "issuer_ca_id": 295817,
    "issuer_name": "C=US, O=Let's Encrypt, CN=R13",
    "name_value": "tims.ntu.edu.tw",
    "id": 22520991917,
    "entry_timestamp": "2025-11-16T21:48:21.175",
    "not_before": "2025-11-16T20:49:51",
    "not_after": "2026-02-14T20:49:50",
    "serial_number": "05cba21752e85dab62eb29ea717afa1a6c0d",
    "result_count": 1
  },
  {
    "issuer_ca_id": 295816,
    "issuer_name": "C=US, O=Let's Encrypt, CN=R12",
    "name_value": "hep1.phys.ntu.edu.tw",
    "id": 22518356943,
    "entry_timestamp": "2025-11-16T19:34:32.458",
    "not_before": "2025-11-16T18:36:02",
    "not_after": "2026-02-14T18:36:01",
    "serial_number": "058f07713e93058b8f581313af6cddb666e5",
    "result_count": 1
  },
  {
    "issuer_ca_id": 295816,
    "issuer_name": "C=US, O=Let's Encrypt, CN=R12",
    "name_value": "hep1.phys.ntu.edu.tw",
    "id": 22518346598,
    "entry_timestamp": "2025-11-16T19:34:32.366",
    "not_before": "2025-11-16T18:36:02",
    "not_after": "2026-02-14T18:36:01",
    "serial_number": "058f07713e93058b8f581313af6cddb666e5",
    "result_count": 1
  },
  {
    "issuer_ca_id": 295816,
    "issuer_name": "C=US, O=Let's Encrypt, CN=R12",
    "name_value": "esrpc.oc.ntu.edu.tw",
    "id": 22517951568,
    "entry_timestamp": "2025-11-16T19:13:23.187",
    "not_before": "2025-11-16T18:14:53",
    "not_after": "2026-02-14T18:14:52",
    "serial_number": "05bfb34a3da34c7f9e07f4d8413e043b91ba",
    "result_count": 1
  },
  {
    "issuer_ca_id": 295816,
    "issuer_name": "C=US, O=Let's Encrypt, CN=R12",
    "name_value": "esrpc.oc.ntu.edu.tw",
    "id": 22517941263,
    "entry_timestamp": "2025-11-16T19:13:23.077",
    "not_before": "2025-11-16T18:14:53",
    "not_after": "2026-02-14T18:14:52",
    "serial_number": "05bfb34a3da34c7f9e07f4d8413e043b91ba",
    "result_count": 1
  },
  {
    "issuer_ca_id": 295817,
    "issuer_name": "C=US, O=Let's Encrypt, CN=R13",
    "name_value": "*.lang.ntu.edu.tw",
    "id": 22513098612,
    "entry_timestamp": "2025-11-16T13:59:57.58",
    "not_before": "2025-11-16T13:01:27",
    "not_after": "2026-02-14T13:01:26",
    "serial_number": "05eca078fa76ef8dde6829b1ae029ab68c82",
    "result_count": 1
  },
  {
    "issuer_ca_id": 295817,
    "issuer_name": "C=US, O=Let's Encrypt, CN=R13",
    "name_value": "*.lang.ntu.edu.tw",
    "id": 22513084186,
    "entry_timestamp": "2025-11-16T13:59:57.27",
    "not_before": "2025-11-16T13:01:27",
    "not_after": "2026-02-14T13:01:26",
    "serial_number": "05eca078fa76ef8dde6829b1ae029ab68c82",
    "result_count": 1
  },
  {
    "issuer_ca_id": 295809,
    "issuer_name": "C=US, O=Let's Encrypt, CN=E8",
    "name_value": "www.che.ntu.edu.tw",
    "id": 22508295054,
    "entry_timestamp": "2025-11-16T09:08:49.1",
    "not_before": "2025-11-16T08:10:18",
    "not_after": "2026-02-14T08:10:17",
    "serial_number": "06a738d11927f05e23f1b179551068ebac3b",
    "result_count": 1
  },
  {
    "issuer_ca_id": 295809,
    "issuer_name": "C=US, O=Let's Encrypt, CN=E8",
    "name_value": "www.che.ntu.edu.tw",
    "id": 22508273100,
    "entry_timestamp": "2025-11-16T09:08:48.732",
    "not_before": "2025-11-16T08:10:18",
    "not_after": "2026-02-14T08:10:17",
    "serial_number": "06a738d11927f05e23f1b179551068ebac3b",
    "result_count": 1
  },
  {
    "issuer_ca_id": 279003,
    "issuer_name": "C=TW, O=TAIWAN-CA, CN=TWCA Secure SSL Certification Authority",
    "name_value": "isesea-10.ntu.edu.tw",
    "id": 22507325061,
    "entry_timestamp": "2025-11-16T08:13:03.835",
    "not_before": "2025-02-11T07:48:39",
    "not_after": "2026-02-11T15:59:59",
    "serial_number": "47e900000007b2fc01db25543a7bc025",
    "result_count": 1
  },
  {
    "issuer_ca_id": 279003,
    "issuer_name": "C=TW, O=TAIWAN-CA, CN=TWCA Secure SSL Certification Authority",
    "name_value": "mf.ntu.edu.tw",
    "id": 22504764586,
    "entry_timestamp": "2025-11-16T05:45:16.804",
    "not_before": "2025-01-24T02:03:26",
    "not_after": "2026-02-11T15:59:59",
    "serial_number": "47e900000007ad6c0a08e0d140304a64",
    "result_count": 1
  },
  {
    "issuer_ca_id": 295817,
    "issuer_name": "C=US, O=Let's Encrypt, CN=R13",
    "name_value": "hydro.as.ntu.edu.tw",
    "id": 22504733527,
    "entry_timestamp": "2025-11-16T05:42:25.996",
    "not_before": "2025-11-16T04:43:55",
    "not_after": "2026-02-14T04:43:54",
    "serial_number": "0611e23797aeb6b13df2d17788e39b479981",
    "result_count": 1
  },
  {
    "issuer_ca_id": 295817,
    "issuer_name": "C=US, O=Let's Encrypt, CN=R13",
    "name_value": "hydro.as.ntu.edu.tw",
    "id": 22504733035,
    "entry_timestamp": "2025-11-16T05:42:25.572",
    "not_before": "2025-11-16T04:43:55",
    "not_after": "2026-02-14T04:43:54",
    "serial_number": "0611e23797aeb6b13df2d17788e39b479981",
    "result_count": 1
  },
  {
    "issuer_ca_id": 272008,
    "issuer_name": "C=TW, O=TAIWAN-CA, OU=Secure SSL Sub-CA, CN=TWCA Secure SSL Certification Authority",
    "name_value": "course.ntu.edu.tw",
    "id": 22504386906,
    "entry_timestamp": "2025-11-16T05:24:29.348",
    "not_before": "2025-01-22T08:07:54",
    "not_after": "2026-02-21T15:59:59",
    "serial_number": "47e900000007acd273e52f4dd267ceaf",
    "result_count": 1
  },
  {
    "issuer_ca_id": 272008,
    "issuer_name": "C=TW, O=TAIWAN-CA, OU=Secure SSL Sub-CA, CN=TWCA Secure SSL Certification Authority",
    "name_value": "api.course.ntu.edu.tw",
    "id": 22504281905,
    "entry_timestamp": "2025-11-16T05:18:32.414",
    "not_before": "2025-01-21T22:57:33",
    "not_after": "2026-02-21T15:59:59",
    "serial_number": "47e900000007acb2556f5e792325b2ac",
    "result_count": 1
  },
  {
    "issuer_ca_id": 295817,
    "issuer_name": "C=US, O=Let's Encrypt, CN=R13",
    "name_value": "eco.odb.ntu.edu.tw",
    "id": 22504009547,
    "entry_timestamp": "2025-11-16T05:02:35.605",
    "not_before": "2025-11-16T04:04:03",
    "not_after": "2026-02-14T04:04:02",
    "serial_number": "05f334675189b277837992ab6f73c026a7f2",
    "result_count": 1
  },
  {
    "issuer_ca_id": 295817,
    "issuer_name": "C=US, O=Let's Encrypt, CN=R13",
    "name_value": "eco.odb.ntu.edu.tw",
    "id": 22504006499,
    "entry_timestamp": "2025-11-16T05:02:33.497",
    "not_before": "2025-11-16T04:04:03",
    "not_after": "2026-02-14T04:04:02",
    "serial_number": "05f334675189b277837992ab6f73c026a7f2",
    "result_count": 1
  },
  {
    "issuer_ca_id": 279003,
    "issuer_name": "C=TW, O=TAIWAN-CA, CN=TWCA Secure SSL Certification Authority",
    "name_value": "master.pe.ntu.edu.tw",
    "id": 22503463629,
    "entry_timestamp": "2025-11-16T04:34:37.646",
    "not_before": "2025-01-15T08:18:24",
    "not_after": "2026-01-18T15:59:59",
    "serial_number": "47e900000007aa9f1658d88bba5d456b",
    "result_count": 1
  },
  {
    "issuer_ca_id": 279003,
    "issuer_name": "C=TW, O=TAIWAN-CA, CN=TWCA Secure SSL Certification Authority",
    "name_value": "rent.pe.ntu.edu.tw",
    "id": 22503464228,
    "entry_timestamp": "2025-11-16T04:34:35.512",
    "not_before": "2025-01-15T08:17:58",
    "not_after": "2026-02-14T15:59:59",
    "serial_number": "47e900000007aa9e03ec86af45979938",
    "result_count": 1
  },
  {
    "issuer_ca_id": 295813,
    "issuer_name": "C=US, O=Let's Encrypt, CN=E7",
    "name_value": "lhcp2025.phys.ntu.edu.tw",
    "id": 22503126952,
    "entry_timestamp": "2025-11-16T04:12:56.143",
    "not_before": "2025-11-16T03:14:25",
    "not_after": "2026-02-14T03:14:24",
    "serial_number": "05684783cb8de951fbf8f6588bebe0e68e9a",
    "result_count": 1
  },
  {
    "issuer_ca_id": 295813,
    "issuer_name": "C=US, O=Let's Encrypt, CN=E7",
    "name_value": "lhcp2025.phys.ntu.edu.tw",
    "id": 22503105258,
    "entry_timestamp": "2025-11-16T04:12:55.893",
    "not_before": "2025-11-16T03:14:25",
    "not_after": "2026-02-14T03:14:24",
    "serial_number": "05684783cb8de951fbf8f6588bebe0e68e9a",
    "result_count": 1
  },
  {
    "issuer_ca_id": 295817,
    "issuer_name": "C=US, O=Let's Encrypt, CN=R13",
    "name_value": "gcrc.ntu.edu.tw",
    "id": 22501576109,
    "entry_timestamp": "2025-11-16T02:39:00.227",
    "not_before": "2025-11-16T01:40:27",
    "not_after": "2026-02-14T01:40:26",
    "serial_number": "05fe6c3e69e5ccec976c3f0126d0676b3367",
    "result_count": 1
  },
  {
    "issuer_ca_id": 295817,
    "issuer_name": "C=US, O=Let's Encrypt, CN=R13",
    "name_value": "gcrc.ntu.edu.tw",
    "id": 22501550979,
    "entry_timestamp": "2025-11-16T02:38:57.92",
    "not_before": "2025-11-16T01:40:27",
    "not_after": "2026-02-14T01:40:26",
    "serial_number": "05fe6c3e69e5ccec976c3f0126d0676b3367",
    "result_count": 1
  },
  {
    "issuer_ca_id": 279003,
    "issuer_name": "C=TW, O=TAIWAN-CA, CN=TWCA Secure SSL Certification Authority",
    "name_value": "booking.aca.ntu.edu.tw",
    "id": 22499857370,
    "entry_timestamp": "2025-11-16T00:58:18.477",
    "not_before": "2024-11-07T10:00:34",
    "not_after": "2025-11-22T15:59:59",
    "serial_number": "47e80000000790f62ba8c1e603d1cd2c",
    "result_count": 1
  },
  {
    "issuer_ca_id": 295816,
    "issuer_name": "C=US, O=Let's Encrypt, CN=R12",
    "name_value": "theatre.ntu.edu.tw",
    "id": 22499584952,
    "entry_timestamp": "2025-11-16T00:40:28.264",
    "not_before": "2025-11-15T23:41:57",
    "not_after": "2026-02-13T23:41:56",
    "serial_number": "06e9116b9b7e47ed8c33545f414e7bfd82fe",
    "result_count": 1
  },
  {
    "issuer_ca_id": 295816,
    "issuer_name": "C=US, O=Let's Encrypt, CN=R12",
    "name_value": "theatre.ntu.edu.tw",
    "id": 22499580093,
    "entry_timestamp": "2025-11-16T00:40:28.076",
    "not_before": "2025-11-15T23:41:57",
    "not_after": "2026-02-13T23:41:56",
    "serial_number": "06e9116b9b7e47ed8c33545f414e7bfd82fe",
    "result_count": 1
  },
  {
    "issuer_ca_id": 295809,
    "issuer_name": "C=US, O=Let's Encrypt, CN=E8",
    "name_value": "go.studyabroad.ntu.edu.tw",
    "id": 22499216631,
    "entry_timestamp": "2025-11-16T00:18:28.612",
    "not_before": "2025-11-15T23:19:58",
    "not_after": "2026-02-13T23:19:57",
    "serial_number": "05ca2d53be6ec07c4db399d28282eaa875ba",
    "result_count": 1
  },
  {
    "issuer_ca_id": 295809,
    "issuer_name": "C=US, O=Let's Encrypt, CN=E8",
    "name_value": "go.studyabroad.ntu.edu.tw",
    "id": 22499209521,
    "entry_timestamp": "2025-11-16T00:18:28.316",
    "not_before": "2025-11-15T23:19:58",
    "not_after": "2026-02-13T23:19:57",
    "serial_number": "05ca2d53be6ec07c4db399d28282eaa875ba",
    "result_count": 1
  },
  {
    "issuer_ca_id": 295813,
    "issuer_name": "C=US, O=Let's Encrypt, CN=E7",
    "name_value": "cloud.fgcn.csie.ntu.edu.tw",
    "id": 22497497107,
    "entry_timestamp": "2025-11-15T21:57:02.348",
    "not_before": "2025-11-15T20:58:30",
    "not_after": "2026-02-13T20:58:29",
    "serial_number": "050e4ae46d7fa8d564a69dd9ccd5a9f8a18d",
    "result_count": 1
  },
  {
    "issuer_ca_id": 295813,
    "issuer_name": "C=US, O=Let's Encrypt, CN=E7",
    "name_value": "cloud.fgcn.csie.ntu.edu.tw",
    "id": 22496982909,
    "entry_timestamp": "2025-11-15T21:57:00.08",
    "not_before": "2025-11-15T20:58:30",
    "not_after": "2026-02-13T20:58:29",
    "serial_number": "050e4ae46d7fa8d564a69dd9ccd5a9f8a18d",
    "result_count": 1
  },
  {
    "issuer_ca_id": 295816,
    "issuer_name": "C=US, O=Let's Encrypt, CN=R12",
    "name_value": "app.bebi.ntu.edu.tw",
    "id": 22482991739,
    "entry_timestamp": "2025-11-15T07:39:51.013",
    "not_before": "2025-11-15T06:41:20",
    "not_after": "2026-02-13T06:41:19",
    "serial_number": "05e3257cf5dba2db0d14966ad6ec0b1ac690",
    "result_count": 1
  },
  {
    "issuer_ca_id": 295816,
    "issuer_name": "C=US, O=Let's Encrypt, CN=R12",
    "name_value": "app.bebi.ntu.edu.tw",
    "id": 22482975644,
    "entry_timestamp": "2025-11-15T07:39:50.746",
    "not_before": "2025-11-15T06:41:20",
    "not_after": "2026-02-13T06:41:19",
    "serial_number": "05e3257cf5dba2db0d14966ad6ec0b1ac690",
    "result_count": 1
  },
  {
    "issuer_ca_id": 295817,
    "issuer_name": "C=US, O=Let's Encrypt, CN=R13",
    "name_value": "ciel.ntu.edu.tw",
    "id": 22476590521,
    "entry_timestamp": "2025-11-15T01:24:27.5",
    "not_before": "2025-11-15T00:25:57",
    "not_after": "2026-02-13T00:25:56",
    "serial_number": "0513f5a4a020dfa88cca76202e09c2fe791b",
    "result_count": 1
  },
  {
    "issuer_ca_id": 295817,
    "issuer_name": "C=US, O=Let's Encrypt, CN=R13",
    "name_value": "ciel.ntu.edu.tw",
    "id": 22476591405,
    "entry_timestamp": "2025-11-15T01:24:27.296",
    "not_before": "2025-11-15T00:25:57",
    "not_after": "2026-02-13T00:25:56",
    "serial_number": "0513f5a4a020dfa88cca76202e09c2fe791b",
    "result_count": 1
  },
  {
    "issuer_ca_id": 295816,
    "issuer_name": "C=US, O=Let's Encrypt, CN=R12",
    "name_value": "sustainable.ntu.edu.tw",
    "id": 22475811106,
    "entry_timestamp": "2025-11-15T00:41:12.507",
    "not_before": "2025-11-14T23:42:42",
    "not_after": "2026-02-12T23:42:41",
    "serial_number": "055e8c1dc3b9f2bb1678c7ad1089a4224652",
    "result_count": 1
  },
  {
    "issuer_ca_id": 295816,
    "issuer_name": "C=US, O=Let's Encrypt, CN=R12",
    "name_value": "sustainable.ntu.edu.tw",
    "id": 22475795153,
    "entry_timestamp": "2025-11-15T00:41:12.387",
    "not_before": "2025-11-14T23:42:42",
    "not_after": "2026-02-12T23:42:41",
    "serial_number": "055e8c1dc3b9f2bb1678c7ad1089a4224652",
    "result_count": 1
  },
  {
    "issuer_ca_id": 295817,
    "issuer_name": "C=US, O=Let's Encrypt, CN=R13",
    "name_value": "hpsc.ntu.edu.tw",
    "id": 22474904756,
    "entry_timestamp": "2025-11-14T23:50:01.482",
    "not_before": "2025-11-14T22:51:30",
    "not_after": "2026-02-12T22:51:29",
    "serial_number": "06a26c0a73ba9dde6e4afc1f71e14e54f8a1",
    "result_count": 1
  },
  {
    "issuer_ca_id": 295817,
    "issuer_name": "C=US, O=Let's Encrypt, CN=R13",
    "name_value": "hpsc.ntu.edu.tw",
    "id": 22474903171,
    "entry_timestamp": "2025-11-14T23:50:01.157",
    "not_before": "2025-11-14T22:51:30",
    "not_after": "2026-02-12T22:51:29",
    "serial_number": "06a26c0a73ba9dde6e4afc1f71e14e54f8a1",
    "result_count": 1
  },
  {
    "issuer_ca_id": 295816,
    "issuer_name": "C=US, O=Let's Encrypt, CN=R12",
    "name_value": "www.esoe.ntu.edu.tw",
    "id": 22471139072,
    "entry_timestamp": "2025-11-14T19:42:47.916",
    "not_before": "2025-11-14T18:44:17",
    "not_after": "2026-02-12T18:44:16",
    "serial_number": "05f3acc1ca3ef87dced1d4494d2ce88df457",
    "result_count": 1
  },
  {
    "issuer_ca_id": 295816,
    "issuer_name": "C=US, O=Let's Encrypt, CN=R12",
    "name_value": "www.esoe.ntu.edu.tw",
    "id": 22471121191,
    "entry_timestamp": "2025-11-14T19:42:47.609",
    "not_before": "2025-11-14T18:44:17",
    "not_after": "2026-02-12T18:44:16",
    "serial_number": "05f3acc1ca3ef87dced1d4494d2ce88df457",
    "result_count": 1
  },
  {
    "issuer_ca_id": 295813,
    "issuer_name": "C=US, O=Let's Encrypt, CN=E7",
    "name_value": "earthcup.as.ntu.edu.tw",
    "id": 22471059870,
    "entry_timestamp": "2025-11-14T19:38:00.169",
    "not_before": "2025-11-14T18:39:28",
    "not_after": "2026-02-12T18:39:27",
    "serial_number": "05ea2117de0bfe92573a831057517ccdf046",
    "result_count": 1
  },
  {
    "issuer_ca_id": 295813,
    "issuer_name": "C=US, O=Let's Encrypt, CN=E7",
    "name_value": "earthcup.as.ntu.edu.tw",
    "id": 22471046548,
    "entry_timestamp": "2025-11-14T19:37:58.053",
    "not_before": "2025-11-14T18:39:28",
    "not_after": "2026-02-12T18:39:27",
    "serial_number": "05ea2117de0bfe92573a831057517ccdf046",
    "result_count": 1
  },
  {
    "issuer_ca_id": 295817,
    "issuer_name": "C=US, O=Let's Encrypt, CN=R13",
    "name_value": "stride-c.ntu.edu.tw",
    "id": 22470566506,
    "entry_timestamp": "2025-11-14T19:08:00.421",
    "not_before": "2025-11-14T18:09:29",
    "not_after": "2026-02-12T18:09:28",
    "serial_number": "062c11ab8f7a9646e3440af239f77d773be9",
    "result_count": 1
  },
  {
    "issuer_ca_id": 295817,
    "issuer_name": "C=US, O=Let's Encrypt, CN=R13",
    "name_value": "stride-c.ntu.edu.tw",
    "id": 22470550884,
    "entry_timestamp": "2025-11-14T19:08:00.044",
    "not_before": "2025-11-14T18:09:29",
    "not_after": "2026-02-12T18:09:28",
    "serial_number": "062c11ab8f7a9646e3440af239f77d773be9",
    "result_count": 1
  },
  {
    "issuer_ca_id": 279003,
    "issuer_name": "C=TW, O=TAIWAN-CA, CN=TWCA Secure SSL Certification Authority",
    "name_value": "*.cmlab.csie.ntu.edu.tw",
    "id": 22458524497,
    "entry_timestamp": "2025-11-14T08:43:53.022",
    "not_before": "2025-11-14T08:43:51",
    "not_after": "2026-12-14T15:59:59",
    "serial_number": "47e900000008a091627cec733d102432",
    "result_count": 1
  },
  {
    "issuer_ca_id": 279003,
    "issuer_name": "C=TW, O=TAIWAN-CA, CN=TWCA Secure SSL Certification Authority",
    "name_value": "*.cmlab.csie.ntu.edu.tw",
    "id": 22458525020,
    "entry_timestamp": "2025-11-14T08:43:52.64",
    "not_before": "2025-11-14T08:43:51",
    "not_after": "2026-12-14T15:59:59",
    "serial_number": "47e900000008a091627cec733d102432",
    "result_count": 1
  },
  {
    "issuer_ca_id": 279003,
    "issuer_name": "C=TW, O=TAIWAN-CA, CN=TWCA Secure SSL Certification Authority",
    "name_value": "booking.aca.ntu.edu.tw",
    "id": 22458500809,
    "entry_timestamp": "2025-11-14T08:43:01.549",
    "not_before": "2025-11-14T08:43:00",
    "not_after": "2026-11-22T15:59:59",
    "serial_number": "47e900000008a09035eba9800e7b462f",
    "result_count": 1
  },
  {
    "issuer_ca_id": 279003,
    "issuer_name": "C=TW, O=TAIWAN-CA, CN=TWCA Secure SSL Certification Authority",
    "name_value": "booking.aca.ntu.edu.tw",
    "id": 22458501877,
    "entry_timestamp": "2025-11-14T08:43:01.173",
    "not_before": "2025-11-14T08:43:00",
    "not_after": "2026-11-22T15:59:59",
    "serial_number": "47e900000008a09035eba9800e7b462f",
    "result_count": 1
  },
  {
    "issuer_ca_id": 295816,
    "issuer_name": "C=US, O=Let's Encrypt, CN=R12",
    "name_value": "www.me.ntu.edu.tw",
    "id": 22456936972,
    "entry_timestamp": "2025-11-14T07:12:41.54",
    "not_before": "2025-11-14T06:14:11",
    "not_after": "2026-02-12T06:14:10",
    "serial_number": "0690b19874673ca77cc7643b28caec5f0a4f",
    "result_count": 1
  },
  {
    "issuer_ca_id": 295816,
    "issuer_name": "C=US, O=Let's Encrypt, CN=R12",
    "name_value": "www.me.ntu.edu.tw",
    "id": 22456927437,
    "entry_timestamp": "2025-11-14T07:12:41.353",
    "not_before": "2025-11-14T06:14:11",
    "not_after": "2026-02-12T06:14:10",
    "serial_number": "0690b19874673ca77cc7643b28caec5f0a4f",
    "result_count": 1
  },
  {
    "issuer_ca_id": 295816,
    "issuer_name": "C=US, O=Let's Encrypt, CN=R12",
    "name_value": "gmo.agron.ntu.edu.tw",
    "id": 22451709691,
    "entry_timestamp": "2025-11-14T02:15:29.293",
    "not_before": "2025-11-14T01:16:59",
    "not_after": "2026-02-12T01:16:58",
    "serial_number": "0542dd88346f1337629f7451ddc7c9a2f637",
    "result_count": 1
  },
  {
    "issuer_ca_id": 295816,
    "issuer_name": "C=US, O=Let's Encrypt, CN=R12",
    "name_value": "gmo.agron.ntu.edu.tw",
    "id": 22451692529,
    "entry_timestamp": "2025-11-14T02:15:29.217",
    "not_before": "2025-11-14T01:16:59",
    "not_after": "2026-02-12T01:16:58",
    "serial_number": "0542dd88346f1337629f7451ddc7c9a2f637",
    "result_count": 1
  },
  {
    "issuer_ca_id": 295817,
    "issuer_name": "C=US, O=Let's Encrypt, CN=R13",
    "name_value": "seed.agron.ntu.edu.tw",
    "id": 22451704483,
    "entry_timestamp": "2025-11-14T02:15:09.458",
    "not_before": "2025-11-14T01:16:39",
    "not_after": "2026-02-12T01:16:38",
    "serial_number": "05631cfd30499cc8512f6553be4726bada53",
    "result_count": 1
  },
  {
    "issuer_ca_id": 295817,
    "issuer_name": "C=US, O=Let's Encrypt, CN=R13",
    "name_value": "seed.agron.ntu.edu.tw",
    "id": 22451686983,
    "entry_timestamp": "2025-11-14T02:15:09.235",
    "not_before": "2025-11-14T01:16:39",
    "not_after": "2026-02-12T01:16:38",
    "serial_number": "05631cfd30499cc8512f6553be4726bada53",
    "result_count": 1
  },
  {
    "issuer_ca_id": 286244,
    "issuer_name": "C=US, O=Google Trust Services, CN=WR3",
    "name_value": "pin-jung-chiu.phys.ntu.edu.tw",
    "id": 22448851869,
    "entry_timestamp": "2025-11-13T23:14:10.302",
    "not_before": "2025-11-13T22:14:09",
    "not_after": "2026-02-11T23:03:19",
    "serial_number": "60d492902b5bd86c120198faea68f290",
    "result_count": 1
  },
  {
    "issuer_ca_id": 295817,
    "issuer_name": "C=US, O=Let's Encrypt, CN=R13",
    "name_value": "nanosioe.ee.ntu.edu.tw",
    "id": 22444089380,
    "entry_timestamp": "2025-11-13T16:33:53.106",
    "not_before": "2025-11-13T15:35:22",
    "not_after": "2026-02-11T15:35:21",
    "serial_number": "0553899aac74eea3305fa155357667c82ab9",
    "result_count": 1
  },
  {
    "issuer_ca_id": 295817,
    "issuer_name": "C=US, O=Let's Encrypt, CN=R13",
    "name_value": "nanosioe.ee.ntu.edu.tw",
    "id": 22442837930,
    "entry_timestamp": "2025-11-13T16:33:52.87",
    "not_before": "2025-11-13T15:35:22",
    "not_after": "2026-02-11T15:35:21",
    "serial_number": "0553899aac74eea3305fa155357667c82ab9",
    "result_count": 1
  },
  {
    "issuer_ca_id": 295816,
    "issuer_name": "C=US, O=Let's Encrypt, CN=R12",
    "name_value": "newor1.oc.ntu.edu.tw",
    "id": 22443905032,
    "entry_timestamp": "2025-11-13T16:06:35.713",
    "not_before": "2025-11-13T15:08:05",
    "not_after": "2026-02-11T15:08:04",
    "serial_number": "0596e30ee03c55058c59d0007c1b2d8f4f32",
    "result_count": 1
  },
  {
    "issuer_ca_id": 295816,
    "issuer_name": "C=US, O=Let's Encrypt, CN=R12",
    "name_value": "newor1.oc.ntu.edu.tw",
    "id": 22442544277,
    "entry_timestamp": "2025-11-13T16:06:35.631",
    "not_before": "2025-11-13T15:08:05",
    "not_after": "2026-02-11T15:08:04",
    "serial_number": "0596e30ee03c55058c59d0007c1b2d8f4f32",
    "result_count": 1
  },
  {
    "issuer_ca_id": 295809,
    "issuer_name": "C=US, O=Let's Encrypt, CN=E8",
    "name_value": "pc202.ee.ntu.edu.tw",
    "id": 22440523751,
    "entry_timestamp": "2025-11-13T13:44:01.383",
    "not_before": "2025-11-13T12:45:28",
    "not_after": "2026-02-11T12:45:27",
    "serial_number": "06409e93bd69726568b279680952e60c9843",
    "result_count": 1
  },
  {
    "issuer_ca_id": 295809,
    "issuer_name": "C=US, O=Let's Encrypt, CN=E8",
    "name_value": "pc202.ee.ntu.edu.tw",
    "id": 22440503493,
    "entry_timestamp": "2025-11-13T13:43:59.073",
    "not_before": "2025-11-13T12:45:28",
    "not_after": "2026-02-11T12:45:27",
    "serial_number": "06409e93bd69726568b279680952e60c9843",
    "result_count": 1
  },
  {
    "issuer_ca_id": 286244,
    "issuer_name": "C=US, O=Google Trust Services, CN=WR3",
    "name_value": "cacib.ntu.edu.tw",
    "id": 22440180063,
    "entry_timestamp": "2025-11-13T13:24:53.66",
    "not_before": "2025-11-13T12:24:53",
    "not_after": "2026-02-11T13:13:43",
    "serial_number": "22005d73273512230a0f460ead2227b0",
    "result_count": 1
  },
  {
    "issuer_ca_id": 295817,
    "issuer_name": "C=US, O=Let's Encrypt, CN=R13",
    "name_value": "univj.lib.ntu.edu.tw",
    "id": 22433965088,
    "entry_timestamp": "2025-11-13T08:28:13.616",
    "not_before": "2025-11-13T07:29:43",
    "not_after": "2026-02-11T07:29:42",
    "serial_number": "06830a3880eaf9c1dee4f7710068d1bbb6d9",
    "result_count": 1
  },
  {
    "issuer_ca_id": 295817,
    "issuer_name": "C=US, O=Let's Encrypt, CN=R13",
    "name_value": "univj.lib.ntu.edu.tw",
    "id": 22433972729,
    "entry_timestamp": "2025-11-13T08:28:13.291",
    "not_before": "2025-11-13T07:29:43",
    "not_after": "2026-02-11T07:29:42",
    "serial_number": "06830a3880eaf9c1dee4f7710068d1bbb6d9",
    "result_count": 1
  },
  {
    "issuer_ca_id": 295816,
    "issuer_name": "C=US, O=Let's Encrypt, CN=R12",
    "name_value": "speccoll.lib.ntu.edu.tw",
    "id": 22433994907,
    "entry_timestamp": "2025-11-13T08:28:01.805",
    "not_before": "2025-11-13T07:29:31",
    "not_after": "2026-02-11T07:29:30",
    "serial_number": "05bdc8521eafa6938d885e123f60fef91eeb",
    "result_count": 1
  },
  {
    "issuer_ca_id": 295816,
    "issuer_name": "C=US, O=Let's Encrypt, CN=R12",
    "name_value": "speccoll.lib.ntu.edu.tw",
    "id": 22433987382,
    "entry_timestamp": "2025-11-13T08:28:01.53",
    "not_before": "2025-11-13T07:29:31",
    "not_after": "2026-02-11T07:29:30",
    "serial_number": "05bdc8521eafa6938d885e123f60fef91eeb",
    "result_count": 1
  },
  {
    "issuer_ca_id": 295816,
    "issuer_name": "C=US, O=Let's Encrypt, CN=R12",
    "name_value": "ntucollections.lib.ntu.edu.tw",
    "id": 22433986422,
    "entry_timestamp": "2025-11-13T08:27:54.361",
    "not_before": "2025-11-13T07:29:24",
    "not_after": "2026-02-11T07:29:23",
    "serial_number": "0545c5775cf0a6e74df1210d20f8ef98d988",
    "result_count": 1
  },
  {
    "issuer_ca_id": 295816,
    "issuer_name": "C=US, O=Let's Encrypt, CN=R12",
    "name_value": "ntucollections.lib.ntu.edu.tw",
    "id": 22433967451,
    "entry_timestamp": "2025-11-13T08:27:54.101",
    "not_before": "2025-11-13T07:29:24",
    "not_after": "2026-02-11T07:29:23",
    "serial_number": "0545c5775cf0a6e74df1210d20f8ef98d988",
    "result_count": 1
  },
  {
    "issuer_ca_id": 295816,
    "issuer_name": "C=US, O=Let's Encrypt, CN=R12",
    "name_value": "newsletter.lib.ntu.edu.tw",
    "id": 22433982511,
    "entry_timestamp": "2025-11-13T08:27:45.466",
    "not_before": "2025-11-13T07:29:14",
    "not_after": "2026-02-11T07:29:13",
    "serial_number": "06a028ecb5b445df63c2918e60f2f2ec6238",
    "result_count": 1
  },
  {
    "issuer_ca_id": 295816,
    "issuer_name": "C=US, O=Let's Encrypt, CN=R12",
    "name_value": "newsletter.lib.ntu.edu.tw",
    "id": 22433951430,
    "entry_timestamp": "2025-11-13T08:27:45.006",
    "not_before": "2025-11-13T07:29:14",
    "not_after": "2026-02-11T07:29:13",
    "serial_number": "06a028ecb5b445df63c2918e60f2f2ec6238",
    "result_count": 1
  },
  {
    "issuer_ca_id": 279003,
    "issuer_name": "C=TW, O=TAIWAN-CA, CN=TWCA Secure SSL Certification Authority",
    "name_value": "intensepo2023.ntu.edu.tw",
    "id": 22432889993,
    "entry_timestamp": "2025-11-13T07:25:18.9",
    "not_before": "2025-11-13T07:25:17",
    "not_after": "2026-12-03T15:59:59",
    "serial_number": "47e9000000089fdd404a47b4349bf8b6",
    "result_count": 1
  },
  {
    "issuer_ca_id": 279003,
    "issuer_name": "C=TW, O=TAIWAN-CA, CN=TWCA Secure SSL Certification Authority",
    "name_value": "intensepo2023.ntu.edu.tw",
    "id": 22432889605,
    "entry_timestamp": "2025-11-13T07:25:18.534",
    "not_before": "2025-11-13T07:25:17",
    "not_after": "2026-12-03T15:59:59",
    "serial_number": "47e9000000089fdd404a47b4349bf8b6",
    "result_count": 1
  },
  {
    "issuer_ca_id": 279003,
    "issuer_name": "C=TW, O=TAIWAN-CA, CN=TWCA Secure SSL Certification Authority",
    "name_value": "office.space.ntu.edu.tw",
    "id": 22431953509,
    "entry_timestamp": "2025-11-13T06:32:51.145",
    "not_before": "2025-11-13T06:32:49",
    "not_after": "2026-12-13T15:59:59",
    "serial_number": "47e9000000089fd043620ba4b8295d1f",
    "result_count": 1
  },
  {
    "issuer_ca_id": 279003,
    "issuer_name": "C=TW, O=TAIWAN-CA, CN=TWCA Secure SSL Certification Authority",
    "name_value": "office.space.ntu.edu.tw",
    "id": 22431953147,
    "entry_timestamp": "2025-11-13T06:32:50.769",
    "not_before": "2025-11-13T06:32:49",
    "not_after": "2026-12-13T15:59:59",
    "serial_number": "47e9000000089fd043620ba4b8295d1f",
    "result_count": 1
  },
  {
    "issuer_ca_id": 295816,
    "issuer_name": "C=US, O=Let's Encrypt, CN=R12",
    "name_value": "mln.lib.ntu.edu.tw",
    "id": 22429440676,
    "entry_timestamp": "2025-11-13T04:21:32.22",
    "not_before": "2025-11-13T03:23:01",
    "not_after": "2026-02-11T03:23:00",
    "serial_number": "06d922e42a20726002cfe0e39ac3932fd549",
    "result_count": 1
  },
  {
    "issuer_ca_id": 295816,
    "issuer_name": "C=US, O=Let's Encrypt, CN=R12",
    "name_value": "mln.lib.ntu.edu.tw",
    "id": 22429442461,
    "entry_timestamp": "2025-11-13T04:21:31.862",
    "not_before": "2025-11-13T03:23:01",
    "not_after": "2026-02-11T03:23:00",
    "serial_number": "06d922e42a20726002cfe0e39ac3932fd549",
    "result_count": 1
  },
  {
    "issuer_ca_id": 295816,
    "issuer_name": "C=US, O=Let's Encrypt, CN=R12",
    "name_value": "lostfound.lib.ntu.edu.tw",
    "id": 22429420958,
    "entry_timestamp": "2025-11-13T04:21:22.631",
    "not_before": "2025-11-13T03:22:52",
    "not_after": "2026-02-11T03:22:51",
    "serial_number": "06727a1adb8e936566e580afa1c6258a6549",
    "result_count": 1
  },
  {
    "issuer_ca_id": 295816,
    "issuer_name": "C=US, O=Let's Encrypt, CN=R12",
    "name_value": "lostfound.lib.ntu.edu.tw",
    "id": 22429414746,
    "entry_timestamp": "2025-11-13T04:21:22.381",
    "not_before": "2025-11-13T03:22:52",
    "not_after": "2026-02-11T03:22:51",
    "serial_number": "06727a1adb8e936566e580afa1c6258a6549",
    "result_count": 1
  },
  {
    "issuer_ca_id": 295809,
    "issuer_name": "C=US, O=Let's Encrypt, CN=E8",
    "name_value": "iedolab.im.ntu.edu.tw",
    "id": 22428434473,
    "entry_timestamp": "2025-11-13T03:28:32.402",
    "not_before": "2025-11-13T02:30:00",
    "not_after": "2026-02-11T02:29:59",
    "serial_number": "06dae1ba2f87935603d0da1b47cafc783fa9",
    "result_count": 1
  },
  {
    "issuer_ca_id": 295809,
    "issuer_name": "C=US, O=Let's Encrypt, CN=E8",
    "name_value": "iedolab.im.ntu.edu.tw",
    "id": 22428407101,
    "entry_timestamp": "2025-11-13T03:28:30.178",
    "not_before": "2025-11-13T02:30:00",
    "not_after": "2026-02-11T02:29:59",
    "serial_number": "06dae1ba2f87935603d0da1b47cafc783fa9",
    "result_count": 1
  },
  {
    "issuer_ca_id": 295816,
    "issuer_name": "C=US, O=Let's Encrypt, CN=R12",
    "name_value": "www.ipcs.ntu.edu.tw",
    "id": 22428397203,
    "entry_timestamp": "2025-11-13T03:26:48.236",
    "not_before": "2025-11-13T02:28:17",
    "not_after": "2026-02-11T02:28:16",
    "serial_number": "05baec531520c611a986b2ec0da1d40efd64",
    "result_count": 1
  },
  {
    "issuer_ca_id": 295816,
    "issuer_name": "C=US, O=Let's Encrypt, CN=R12",
    "name_value": "www.ipcs.ntu.edu.tw",
    "id": 22428375261,
    "entry_timestamp": "2025-11-13T03:26:47.948",
    "not_before": "2025-11-13T02:28:17",
    "not_after": "2026-02-11T02:28:16",
    "serial_number": "05baec531520c611a986b2ec0da1d40efd64",
    "result_count": 1
  },
  {
    "issuer_ca_id": 295817,
    "issuer_name": "C=US, O=Let's Encrypt, CN=R13",
    "name_value": "soc.ee.ntu.edu.tw",
    "id": 22426814565,
    "entry_timestamp": "2025-11-13T02:05:04.37",
    "not_before": "2025-11-13T01:06:34",
    "not_after": "2026-02-11T01:06:33",
    "serial_number": "05c8d5e34c4ac8aa71368f3ab31d11608ca8",
    "result_count": 1
  },
  {
    "issuer_ca_id": 295817,
    "issuer_name": "C=US, O=Let's Encrypt, CN=R13",
    "name_value": "soc.ee.ntu.edu.tw",
    "id": 22426813959,
    "entry_timestamp": "2025-11-13T02:05:04.245",
    "not_before": "2025-11-13T01:06:34",
    "not_after": "2026-02-11T01:06:33",
    "serial_number": "05c8d5e34c4ac8aa71368f3ab31d11608ca8",
    "result_count": 1
  },
  {
    "issuer_ca_id": 295816,
    "issuer_name": "C=US, O=Let's Encrypt, CN=R12",
    "name_value": "taiwania.ntu.edu.tw",
    "id": 22426633134,
    "entry_timestamp": "2025-11-13T01:54:17.518",
    "not_before": "2025-11-13T00:55:46",
    "not_after": "2026-02-11T00:55:45",
    "serial_number": "06e44a150766dd48d1118000a424c16c021d",
    "result_count": 1
  },
  {
    "issuer_ca_id": 295816,
    "issuer_name": "C=US, O=Let's Encrypt, CN=R12",
    "name_value": "taiwania.ntu.edu.tw",
    "id": 22426598956,
    "entry_timestamp": "2025-11-13T01:54:17.188",
    "not_before": "2025-11-13T00:55:46",
    "not_after": "2026-02-11T00:55:45",
    "serial_number": "06e44a150766dd48d1118000a424c16c021d",
    "result_count": 1
  },
  {
    "issuer_ca_id": 295816,
    "issuer_name": "C=US, O=Let's Encrypt, CN=R12",
    "name_value": "app05.odb.ntu.edu.tw",
    "id": 22425782948,
    "entry_timestamp": "2025-11-13T01:13:52.219",
    "not_before": "2025-11-13T00:15:21",
    "not_after": "2026-02-11T00:15:20",
    "serial_number": "05d956e574729f001ed8f4f1c55fd011c8ee",
    "result_count": 1
  },
  {
    "issuer_ca_id": 295816,
    "issuer_name": "C=US, O=Let's Encrypt, CN=R12",
    "name_value": "app05.odb.ntu.edu.tw",
    "id": 22425755812,
    "entry_timestamp": "2025-11-13T01:13:51.877",
    "not_before": "2025-11-13T00:15:21",
    "not_after": "2026-02-11T00:15:20",
    "serial_number": "05d956e574729f001ed8f4f1c55fd011c8ee",
    "result_count": 1
  },
  {
    "issuer_ca_id": 286244,
    "issuer_name": "C=US, O=Google Trust Services, CN=WR3",
    "name_value": "wifi.ntusa.ntu.edu.tw",
    "id": 22424982075,
    "entry_timestamp": "2025-11-13T00:34:29.406",
    "not_before": "2025-11-12T22:45:40",
    "not_after": "2026-02-10T23:44:51",
    "serial_number": "00c0f0b87aedb591bd12163e2d13868030",
    "result_count": 1
  },
  {
    "issuer_ca_id": 158800,
    "issuer_name": "C=AT, O=ZeroSSL, CN=ZeroSSL RSA Domain Secure Site CA",
    "name_value": "cdn.tscsp.ntu.edu.tw",
    "id": 22424353868,
    "entry_timestamp": "2025-11-13T00:02:46.245",
    "not_before": "2025-11-13T00:00:00",
    "not_after": "2026-02-11T23:59:59",
    "serial_number": "00bc9d168da79a275a8def7193870942df",
    "result_count": 1
  },
  {
    "issuer_ca_id": 158800,
    "issuer_name": "C=AT, O=ZeroSSL, CN=ZeroSSL RSA Domain Secure Site CA",
    "name_value": "cdn.tscsp.ntu.edu.tw",
    "id": 22424354768,
    "entry_timestamp": "2025-11-13T00:02:44.859",
    "not_before": "2025-11-13T00:00:00",
    "not_after": "2026-02-11T23:59:59",
    "serial_number": "00bc9d168da79a275a8def7193870942df",
    "result_count": 1
  },
  {
    "issuer_ca_id": 158800,
    "issuer_name": "C=AT, O=ZeroSSL, CN=ZeroSSL RSA Domain Secure Site CA",
    "name_value": "backend.tscsp.ntu.edu.tw",
    "id": 22424347911,
    "entry_timestamp": "2025-11-13T00:02:24.47",
    "not_before": "2025-11-13T00:00:00",
    "not_after": "2026-02-11T23:59:59",
    "serial_number": "62b602d1998f2f6f805564edf97acf61",
    "result_count": 1
  },
  {
    "issuer_ca_id": 158800,
    "issuer_name": "C=AT, O=ZeroSSL, CN=ZeroSSL RSA Domain Secure Site CA",
    "name_value": "backend.tscsp.ntu.edu.tw",
    "id": 22424350809,
    "entry_timestamp": "2025-11-13T00:02:23.734",
    "not_before": "2025-11-13T00:00:00",
    "not_after": "2026-02-11T23:59:59",
    "serial_number": "62b602d1998f2f6f805564edf97acf61",
    "result_count": 1
  },
  {
    "issuer_ca_id": 158800,
    "issuer_name": "C=AT, O=ZeroSSL, CN=ZeroSSL RSA Domain Secure Site CA",
    "name_value": "backend.ntusystem.ntu.edu.tw",
    "id": 22424346950,
    "entry_timestamp": "2025-11-13T00:02:04.81",
    "not_before": "2025-11-13T00:00:00",
    "not_after": "2026-02-11T23:59:59",
    "serial_number": "00f6871e7cd279aba9e35fe38043d0ea6f",
    "result_count": 1
  },
  {
    "issuer_ca_id": 158800,
    "issuer_name": "C=AT, O=ZeroSSL, CN=ZeroSSL RSA Domain Secure Site CA",
    "name_value": "backend.ntusystem.ntu.edu.tw",
    "id": 22424332939,
    "entry_timestamp": "2025-11-13T00:02:03.984",
    "not_before": "2025-11-13T00:00:00",
    "not_after": "2026-02-11T23:59:59",
    "serial_number": "00f6871e7cd279aba9e35fe38043d0ea6f",
    "result_count": 1
  },
  {
    "issuer_ca_id": 158800,
    "issuer_name": "C=AT, O=ZeroSSL, CN=ZeroSSL RSA Domain Secure Site CA",
    "name_value": "cdn.ntusystem.ntu.edu.tw",
    "id": 22424329890,
    "entry_timestamp": "2025-11-13T00:01:44.325",
    "not_before": "2025-11-13T00:00:00",
    "not_after": "2026-02-11T23:59:59",
    "serial_number": "0f88d49bb6c7cf7052db5b91a7fa5605",
    "result_count": 1
  },
  {
    "issuer_ca_id": 158800,
    "issuer_name": "C=AT, O=ZeroSSL, CN=ZeroSSL RSA Domain Secure Site CA",
    "name_value": "cdn.ntusystem.ntu.edu.tw",
    "id": 22424331605,
    "entry_timestamp": "2025-11-13T00:01:43.843",
    "not_before": "2025-11-13T00:00:00",
    "not_after": "2026-02-11T23:59:59",
    "serial_number": "0f88d49bb6c7cf7052db5b91a7fa5605",
    "result_count": 1
  },
  {
    "issuer_ca_id": 158800,
    "issuer_name": "C=AT, O=ZeroSSL, CN=ZeroSSL RSA Domain Secure Site CA",
    "name_value": "api.ntusystem.ntu.edu.tw",
    "id": 22424326010,
    "entry_timestamp": "2025-11-13T00:01:26.014",
    "not_before": "2025-11-13T00:00:00",
    "not_after": "2026-02-11T23:59:59",
    "serial_number": "00b7c3867987631f760bd054dc72617915",
    "result_count": 1
  },
  {
    "issuer_ca_id": 158800,
    "issuer_name": "C=AT, O=ZeroSSL, CN=ZeroSSL RSA Domain Secure Site CA",
    "name_value": "api.ntusystem.ntu.edu.tw",
    "id": 22424327481,
    "entry_timestamp": "2025-11-13T00:01:24.891",
    "not_before": "2025-11-13T00:00:00",
    "not_after": "2026-02-11T23:59:59",
    "serial_number": "00b7c3867987631f760bd054dc72617915",
    "result_count": 1
  },
  {
    "issuer_ca_id": 158800,
    "issuer_name": "C=AT, O=ZeroSSL, CN=ZeroSSL RSA Domain Secure Site CA",
    "name_value": "api.tscsp.ntu.edu.tw",
    "id": 22424307513,
    "entry_timestamp": "2025-11-13T00:01:05.545",
    "not_before": "2025-11-13T00:00:00",
    "not_after": "2026-02-11T23:59:59",
    "serial_number": "008dbd6c8fe86ec5a14808b49ea7897812",
    "result_count": 1
  },
  {
    "issuer_ca_id": 158800,
    "issuer_name": "C=AT, O=ZeroSSL, CN=ZeroSSL RSA Domain Secure Site CA",
    "name_value": "api.tscsp.ntu.edu.tw",
    "id": 22424307811,
    "entry_timestamp": "2025-11-13T00:01:04.3",
    "not_before": "2025-11-13T00:00:00",
    "not_after": "2026-02-11T23:59:59",
    "serial_number": "008dbd6c8fe86ec5a14808b49ea7897812",
    "result_count": 1
  },
  {
    "issuer_ca_id": 158800,
    "issuer_name": "C=AT, O=ZeroSSL, CN=ZeroSSL RSA Domain Secure Site CA",
    "name_value": "ntusystem.ntu.edu.tw",
    "id": 22424298855,
    "entry_timestamp": "2025-11-13T00:00:41.633",
    "not_before": "2025-11-13T00:00:00",
    "not_after": "2026-02-11T23:59:59",
    "serial_number": "00c93eb2bda9db85ed6180c2516c725491",
    "result_count": 1
  },
  {
    "issuer_ca_id": 158800,
    "issuer_name": "C=AT, O=ZeroSSL, CN=ZeroSSL RSA Domain Secure Site CA",
    "name_value": "ntusystem.ntu.edu.tw",
    "id": 22424300849,
    "entry_timestamp": "2025-11-13T00:00:40.056",
    "not_before": "2025-11-13T00:00:00",
    "not_after": "2026-02-11T23:59:59",
    "serial_number": "00c93eb2bda9db85ed6180c2516c725491",
    "result_count": 1
  },
  {
    "issuer_ca_id": 286244,
    "issuer_name": "C=US, O=Google Trust Services, CN=WR3",
    "name_value": "wifi.ntusa.ntu.edu.tw",
    "id": 22424210284,
    "entry_timestamp": "2025-11-12T23:45:41.175",
    "not_before": "2025-11-12T22:45:40",
    "not_after": "2026-02-10T23:44:51",
    "serial_number": "00c0f0b87aedb591bd12163e2d13868030",
    "result_count": 1
  },
  {
    "issuer_ca_id": 286244,
    "issuer_name": "C=US, O=Google Trust Services, CN=WR3",
    "name_value": "pse.che.ntu.edu.tw",
    "id": 22422746143,
    "entry_timestamp": "2025-11-12T22:43:22.779",
    "not_before": "2025-11-12T21:43:22",
    "not_after": "2026-02-10T22:35:34",
    "serial_number": "34c8ef8beb16207a10cace6bacc0f7dc",
    "result_count": 1
  },
  {
    "issuer_ca_id": 286244,
    "issuer_name": "C=US, O=Google Trust Services, CN=WR3",
    "name_value": "wifi.ntusa.ntu.edu.tw",
    "id": 22419708980,
    "entry_timestamp": "2025-11-12T19:31:36.146",
    "not_before": "2025-11-12T18:31:35",
    "not_after": "2026-02-10T18:55:14",
    "serial_number": "00d98b9b6dbc187029103a6166796e2332",
    "result_count": 1
  },
  {
    "issuer_ca_id": 247119,
    "issuer_name": "C=US, O=Amazon, CN=Amazon RSA 2048 M04",
    "name_value": "access.ee.ntu.edu.tw",
    "id": 22409053242,
    "entry_timestamp": "2025-11-12T08:51:25.615",
    "not_before": "2025-11-12T00:00:00",
    "not_after": "2026-12-11T23:59:59",
    "serial_number": "0621721243ed7592cc8773a5c1b54514",
    "result_count": 1
  },
  {
    "issuer_ca_id": 279003,
    "issuer_name": "C=TW, O=TAIWAN-CA, CN=TWCA Secure SSL Certification Authority",
    "name_value": "www.space.ntu.edu.tw",
    "id": 22407837076,
    "entry_timestamp": "2025-11-12T07:38:17.214",
    "not_before": "2025-11-12T07:38:16",
    "not_after": "2026-11-28T15:59:59",
    "serial_number": "47e9000000089f276fd374e48734489c",
    "result_count": 1
  },
  {
    "issuer_ca_id": 279003,
    "issuer_name": "C=TW, O=TAIWAN-CA, CN=TWCA Secure SSL Certification Authority",
    "name_value": "www.space.ntu.edu.tw",
    "id": 22407837458,
    "entry_timestamp": "2025-11-12T07:38:16.868",
    "not_before": "2025-11-12T07:38:16",
    "not_after": "2026-11-28T15:59:59",
    "serial_number": "47e9000000089f276fd374e48734489c",
    "result_count": 1
  },
  {
    "issuer_ca_id": 247119,
    "issuer_name": "C=US, O=Amazon, CN=Amazon RSA 2048 M04",
    "name_value": "access.ee.ntu.edu.tw",
    "id": 22407785646,
    "entry_timestamp": "2025-11-12T07:34:34.683",
    "not_before": "2025-11-12T00:00:00",
    "not_after": "2026-12-11T23:59:59",
    "serial_number": "05d70f78a382c56f5405161cc164dd9d",
    "result_count": 1
  },
  {
    "issuer_ca_id": 246719,
    "issuer_name": "C=US, O=Amazon, CN=Amazon RSA 2048 M01",
    "name_value": "access.ee.ntu.edu.tw",
    "id": 22407786101,
    "entry_timestamp": "2025-11-12T07:34:34.371",
    "not_before": "2025-11-12T00:00:00",
    "not_after": "2026-12-11T23:59:59",
    "serial_number": "0df178667bd055d569e4fc5832154b9c",
    "result_count": 1
  },
  {
    "issuer_ca_id": 246719,
    "issuer_name": "C=US, O=Amazon, CN=Amazon RSA 2048 M01",
    "name_value": "access.ee.ntu.edu.tw",
    "id": 22407786063,
    "entry_timestamp": "2025-11-12T07:34:34.354",
    "not_before": "2025-11-12T00:00:00",
    "not_after": "2026-12-11T23:59:59",
    "serial_number": "060c724b986c6dc94fac500521d377a0",
    "result_count": 1
  },
  {
    "issuer_ca_id": 246719,
    "issuer_name": "C=US, O=Amazon, CN=Amazon RSA 2048 M01",
    "name_value": "access.ee.ntu.edu.tw",
    "id": 22407785814,
    "entry_timestamp": "2025-11-12T07:34:32.851",
    "not_before": "2025-11-12T00:00:00",
    "not_after": "2026-12-11T23:59:59",
    "serial_number": "0945774a2568d75b8a8f7e8d9480dc24",
    "result_count": 1
  },
  {
    "issuer_ca_id": 279003,
    "issuer_name": "C=TW, O=TAIWAN-CA, CN=TWCA Secure SSL Certification Authority",
    "name_value": "ntuanthdb.ntu.edu.tw",
    "id": 22407730549,
    "entry_timestamp": "2025-11-12T07:31:45.136",
    "not_before": "2025-11-12T07:31:42",
    "not_after": "2026-11-17T15:59:59",
    "serial_number": "47e9000000089f2336fdbfc2e9d942c4",
    "result_count": 1
  },
  {
    "issuer_ca_id": 279003,
    "issuer_name": "C=TW, O=TAIWAN-CA, CN=TWCA Secure SSL Certification Authority",
    "name_value": "ntuanthdb.ntu.edu.tw",
    "id": 22407730426,
    "entry_timestamp": "2025-11-12T07:31:44.122",
    "not_before": "2025-11-12T07:31:42",
    "not_after": "2026-11-17T15:59:59",
    "serial_number": "47e9000000089f2336fdbfc2e9d942c4",
    "result_count": 1
  },
  {
    "issuer_ca_id": 295809,
    "issuer_name": "C=US, O=Let's Encrypt, CN=E8",
    "name_value": "mail.msa.math.ntu.edu.tw",
    "id": 22404842546,
    "entry_timestamp": "2025-11-12T04:46:55.297",
    "not_before": "2025-11-12T03:48:24",
    "not_after": "2026-02-10T03:48:23",
    "serial_number": "05954a127c4f31f95090b79ed0bb4e6ca3af",
    "result_count": 1
  },
  {
    "issuer_ca_id": 295809,
    "issuer_name": "C=US, O=Let's Encrypt, CN=E8",
    "name_value": "mail.msa.math.ntu.edu.tw",
    "id": 22404828259,
    "entry_timestamp": "2025-11-12T04:46:54.994",
    "not_before": "2025-11-12T03:48:24",
    "not_after": "2026-02-10T03:48:23",
    "serial_number": "05954a127c4f31f95090b79ed0bb4e6ca3af",
    "result_count": 1
  },
  {
    "issuer_ca_id": 295809,
    "issuer_name": "C=US, O=Let's Encrypt, CN=E8",
    "name_value": "coda.oc.ntu.edu.tw",
    "id": 22403521866,
    "entry_timestamp": "2025-11-12T03:22:58.415",
    "not_before": "2025-11-12T02:24:28",
    "not_after": "2026-02-10T02:24:27",
    "serial_number": "0586970866b0face13005885efc250bd956c",
    "result_count": 1
  },
  {
    "issuer_ca_id": 295809,
    "issuer_name": "C=US, O=Let's Encrypt, CN=E8",
    "name_value": "coda.oc.ntu.edu.tw",
    "id": 22403504120,
    "entry_timestamp": "2025-11-12T03:22:58.124",
    "not_before": "2025-11-12T02:24:28",
    "not_after": "2026-02-10T02:24:27",
    "serial_number": "0586970866b0face13005885efc250bd956c",
    "result_count": 1
  },
  {
    "issuer_ca_id": 295817,
    "issuer_name": "C=US, O=Let's Encrypt, CN=R13",
    "name_value": "tigpbio.ntu.edu.tw",
    "id": 22398896441,
    "entry_timestamp": "2025-11-11T22:31:28.899",
    "not_before": "2025-11-11T21:32:58",
    "not_after": "2026-02-09T21:32:57",
    "serial_number": "0598ee384eb93f3b77c868181b6daaecc3ee",
    "result_count": 1
  },
  {
    "issuer_ca_id": 295817,
    "issuer_name": "C=US, O=Let's Encrypt, CN=R13",
    "name_value": "tigpbio.ntu.edu.tw",
    "id": 22398902125,
    "entry_timestamp": "2025-11-11T22:31:28.634",
    "not_before": "2025-11-11T21:32:58",
    "not_after": "2026-02-09T21:32:57",
    "serial_number": "0598ee384eb93f3b77c868181b6daaecc3ee",
    "result_count": 1
  },
  {
    "issuer_ca_id": 295817,
    "issuer_name": "C=US, O=Let's Encrypt, CN=R13",
    "name_value": "ce13078.ce.ntu.edu.tw",
    "id": 22398384589,
    "entry_timestamp": "2025-11-11T22:05:47.276",
    "not_before": "2025-11-11T21:07:16",
    "not_after": "2026-02-09T21:07:15",
    "serial_number": "06cb84e1d04b4f03e3f9bc530a2324da8647",
    "result_count": 1
  },
  {
    "issuer_ca_id": 295817,
    "issuer_name": "C=US, O=Let's Encrypt, CN=R13",
    "name_value": "ce13078.ce.ntu.edu.tw",
    "id": 22398361615,
    "entry_timestamp": "2025-11-11T22:05:47.069",
    "not_before": "2025-11-11T21:07:16",
    "not_after": "2026-02-09T21:07:15",
    "serial_number": "06cb84e1d04b4f03e3f9bc530a2324da8647",
    "result_count": 1
  },
  {
    "issuer_ca_id": 286244,
    "issuer_name": "C=US, O=Google Trust Services, CN=WR3",
    "name_value": "www.smslab.esoe.ntu.edu.tw",
    "id": 22397482966,
    "entry_timestamp": "2025-11-11T21:20:21.94",
    "not_before": "2025-11-11T20:20:21",
    "not_after": "2026-02-09T21:09:31",
    "serial_number": "00b06093a1a9f2827912283a1d3cc506c3",
    "result_count": 1
  },
  {
    "issuer_ca_id": 295813,
    "issuer_name": "C=US, O=Let's Encrypt, CN=E7",
    "name_value": "drive.im.ntu.edu.tw",
    "id": 22394576331,
    "entry_timestamp": "2025-11-11T18:10:43.891",
    "not_before": "2025-11-11T17:12:13",
    "not_after": "2026-02-09T17:12:12",
    "serial_number": "05b82ff8aa7218aa75f2555f6b42674af336",
    "result_count": 1
  },
  {
    "issuer_ca_id": 295813,
    "issuer_name": "C=US, O=Let's Encrypt, CN=E7",
    "name_value": "drive.im.ntu.edu.tw",
    "id": 22394557238,
    "entry_timestamp": "2025-11-11T18:10:43.759",
    "not_before": "2025-11-11T17:12:13",
    "not_after": "2026-02-09T17:12:12",
    "serial_number": "05b82ff8aa7218aa75f2555f6b42674af336",
    "result_count": 1
  },
  {
    "issuer_ca_id": 295817,
    "issuer_name": "C=US, O=Let's Encrypt, CN=R13",
    "name_value": "drive.im.ntu.edu.tw",
    "id": 22394571902,
    "entry_timestamp": "2025-11-11T18:10:38.525",
    "not_before": "2025-11-11T17:12:08",
    "not_after": "2026-02-09T17:12:07",
    "serial_number": "06120c7e3fc94ffd785f0883092b87f1e5de",
    "result_count": 1
  },
  {
    "issuer_ca_id": 295817,
    "issuer_name": "C=US, O=Let's Encrypt, CN=R13",
    "name_value": "drive.im.ntu.edu.tw",
    "id": 22394555750,
    "entry_timestamp": "2025-11-11T18:10:38.34",
    "not_before": "2025-11-11T17:12:08",
    "not_after": "2026-02-09T17:12:07",
    "serial_number": "06120c7e3fc94ffd785f0883092b87f1e5de",
    "result_count": 1
  },
  {
    "issuer_ca_id": 295809,
    "issuer_name": "C=US, O=Let's Encrypt, CN=E8",
    "name_value": "ws.ldap.im.ntu.edu.tw",
    "id": 22394553746,
    "entry_timestamp": "2025-11-11T18:09:28.962",
    "not_before": "2025-11-11T17:10:58",
    "not_after": "2026-02-09T17:10:57",
    "serial_number": "05ec0de7762e9de5d2a1be32ac1f8d584d5d",
    "result_count": 1
  },
  {
    "issuer_ca_id": 295809,
    "issuer_name": "C=US, O=Let's Encrypt, CN=E8",
    "name_value": "ws.ldap.im.ntu.edu.tw",
    "id": 22394537201,
    "entry_timestamp": "2025-11-11T18:09:28.719",
    "not_before": "2025-11-11T17:10:58",
    "not_after": "2026-02-09T17:10:57",
    "serial_number": "05ec0de7762e9de5d2a1be32ac1f8d584d5d",
    "result_count": 1
  },
  {
    "issuer_ca_id": 295816,
    "issuer_name": "C=US, O=Let's Encrypt, CN=R12",
    "name_value": "ws.ldap.im.ntu.edu.tw",
    "id": 22394549084,
    "entry_timestamp": "2025-11-11T18:09:24.246",
    "not_before": "2025-11-11T17:10:53",
    "not_after": "2026-02-09T17:10:52",
    "serial_number": "067ba540ce6ec9f84a8eab4840d619198881",
    "result_count": 1
  },
  {
    "issuer_ca_id": 295816,
    "issuer_name": "C=US, O=Let's Encrypt, CN=R12",
    "name_value": "ws.ldap.im.ntu.edu.tw",
    "id": 22394533441,
    "entry_timestamp": "2025-11-11T18:09:23.454",
    "not_before": "2025-11-11T17:10:53",
    "not_after": "2026-02-09T17:10:52",
    "serial_number": "067ba540ce6ec9f84a8eab4840d619198881",
    "result_count": 1
  },
  {
    "issuer_ca_id": 295816,
    "issuer_name": "C=US, O=Let's Encrypt, CN=R12",
    "name_value": "www.ntulc.ntu.edu.tw",
    "id": 22393214599,
    "entry_timestamp": "2025-11-11T16:54:38.407",
    "not_before": "2025-11-11T15:56:07",
    "not_after": "2026-02-09T15:56:06",
    "serial_number": "061e99a78c74029083c5387a7cf579bd96d9",
    "result_count": 1
  },
  {
    "issuer_ca_id": 295816,
    "issuer_name": "C=US, O=Let's Encrypt, CN=R12",
    "name_value": "www.ntulc.ntu.edu.tw",
    "id": 22393193540,
    "entry_timestamp": "2025-11-11T16:54:38.048",
    "not_before": "2025-11-11T15:56:07",
    "not_after": "2026-02-09T15:56:06",
    "serial_number": "061e99a78c74029083c5387a7cf579bd96d9",
    "result_count": 1
  },
  {
    "issuer_ca_id": 295813,
    "issuer_name": "C=US, O=Let's Encrypt, CN=E7",
    "name_value": "pc214.ee.ntu.edu.tw",
    "id": 22390527188,
    "entry_timestamp": "2025-11-11T14:44:19.164",
    "not_before": "2025-11-11T13:45:46",
    "not_after": "2026-02-09T13:45:45",
    "serial_number": "06001dddfb37754f3844ede9e2190f2d3e39",
    "result_count": 1
  },
  {
    "issuer_ca_id": 295813,
    "issuer_name": "C=US, O=Let's Encrypt, CN=E7",
    "name_value": "pc214.ee.ntu.edu.tw",
    "id": 22390525027,
    "entry_timestamp": "2025-11-11T14:44:16.976",
    "not_before": "2025-11-11T13:45:46",
    "not_after": "2026-02-09T13:45:45",
    "serial_number": "06001dddfb37754f3844ede9e2190f2d3e39",
    "result_count": 1
  },
  {
    "issuer_ca_id": 286236,
    "issuer_name": "C=US, O=Google Trust Services, CN=WE1",
    "name_value": "ocw.aca.ntu.edu.tw",
    "id": 22387921209,
    "entry_timestamp": "2025-11-11T12:29:30.064",
    "not_before": "2025-11-11T11:29:29",
    "not_after": "2026-02-09T12:29:23",
    "serial_number": "6385b012ba5c63f90e279e283123614e",
    "result_count": 1
  },
  {
    "issuer_ca_id": 286242,
    "issuer_name": "C=US, O=Google Trust Services, CN=WR1",
    "name_value": "ocw.aca.ntu.edu.tw",
    "id": 22387953717,
    "entry_timestamp": "2025-11-11T12:29:18.107",
    "not_before": "2025-11-11T11:29:17",
    "not_after": "2026-02-09T12:28:02",
    "serial_number": "42eba8d73bcfe18b1192db7401a82f59",
    "result_count": 1
  },
  {
    "issuer_ca_id": 295816,
    "issuer_name": "C=US, O=Let's Encrypt, CN=R12",
    "name_value": "api.linguistics.ntu.edu.tw",
    "id": 22381932450,
    "entry_timestamp": "2025-11-11T07:31:55.717",
    "not_before": "2025-11-11T06:33:25",
    "not_after": "2026-02-09T06:33:24",
    "serial_number": "0524e6c4b5191b3ac904fef758c4973d7fcf",
    "result_count": 1
  },
  {
    "issuer_ca_id": 295816,
    "issuer_name": "C=US, O=Let's Encrypt, CN=R12",
    "name_value": "api.linguistics.ntu.edu.tw",
    "id": 22381930496,
    "entry_timestamp": "2025-11-11T07:31:55.487",
    "not_before": "2025-11-11T06:33:25",
    "not_after": "2026-02-09T06:33:24",
    "serial_number": "0524e6c4b5191b3ac904fef758c4973d7fcf",
    "result_count": 1
  },
  {
    "issuer_ca_id": 295813,
    "issuer_name": "C=US, O=Let's Encrypt, CN=E7",
    "name_value": "perc.ntu.edu.tw",
    "id": 22379315125,
    "entry_timestamp": "2025-11-11T05:20:08.607",
    "not_before": "2025-11-11T04:21:38",
    "not_after": "2026-02-09T04:21:37",
    "serial_number": "057d199879be30b73b9d379ca2e8ba5a701c",
    "result_count": 1
  },
  {
    "issuer_ca_id": 295813,
    "issuer_name": "C=US, O=Let's Encrypt, CN=E7",
    "name_value": "perc.ntu.edu.tw",
    "id": 22379320290,
    "entry_timestamp": "2025-11-11T05:20:08.329",
    "not_before": "2025-11-11T04:21:38",
    "not_after": "2026-02-09T04:21:37",
    "serial_number": "057d199879be30b73b9d379ca2e8ba5a701c",
    "result_count": 1
  },
  {
    "issuer_ca_id": 295817,
    "issuer_name": "C=US, O=Let's Encrypt, CN=R13",
    "name_value": "ntuplus.ntu.edu.tw",
    "id": 22370114606,
    "entry_timestamp": "2025-11-10T21:24:30.119",
    "not_before": "2025-11-10T20:25:59",
    "not_after": "2026-02-08T20:25:58",
    "serial_number": "0602c57afe627b8d2e0b4ed78b3ad56e0a77",
    "result_count": 1
  },
  {
    "issuer_ca_id": 295817,
    "issuer_name": "C=US, O=Let's Encrypt, CN=R13",
    "name_value": "ntuplus.ntu.edu.tw",
    "id": 22370107495,
    "entry_timestamp": "2025-11-10T21:24:29.911",
    "not_before": "2025-11-10T20:25:59",
    "not_after": "2026-02-08T20:25:58",
    "serial_number": "0602c57afe627b8d2e0b4ed78b3ad56e0a77",
    "result_count": 1
  },
  {
    "issuer_ca_id": 295817,
    "issuer_name": "C=US, O=Let's Encrypt, CN=R13",
    "name_value": "en.tcsl.ntu.edu.tw",
    "id": 22368872051,
    "entry_timestamp": "2025-11-10T20:17:35.35",
    "not_before": "2025-11-10T19:19:04",
    "not_after": "2026-02-08T19:19:03",
    "serial_number": "06e88e69e55d0732bc34106bce92b0604a31",
    "result_count": 1
  },
  {
    "issuer_ca_id": 295817,
    "issuer_name": "C=US, O=Let's Encrypt, CN=R13",
    "name_value": "en.tcsl.ntu.edu.tw",
    "id": 22368871485,
    "entry_timestamp": "2025-11-10T20:17:35.066",
    "not_before": "2025-11-10T19:19:04",
    "not_after": "2026-02-08T19:19:03",
    "serial_number": "06e88e69e55d0732bc34106bce92b0604a31",
    "result_count": 1
  },
  {
    "issuer_ca_id": 295817,
    "issuer_name": "C=US, O=Let's Encrypt, CN=R13",
    "name_value": "arbor.ee.ntu.edu.tw",
    "id": 22367507032,
    "entry_timestamp": "2025-11-10T19:03:29.084",
    "not_before": "2025-11-10T18:04:58",
    "not_after": "2026-02-08T18:04:57",
    "serial_number": "06cd612ea758b1a6e702b860f27e5e699b30",
    "result_count": 1
  },
  {
    "issuer_ca_id": 295817,
    "issuer_name": "C=US, O=Let's Encrypt, CN=R13",
    "name_value": "arbor.ee.ntu.edu.tw",
    "id": 22367490581,
    "entry_timestamp": "2025-11-10T19:03:28.817",
    "not_before": "2025-11-10T18:04:58",
    "not_after": "2026-02-08T18:04:57",
    "serial_number": "06cd612ea758b1a6e702b860f27e5e699b30",
    "result_count": 1
  },
  {
    "issuer_ca_id": 295813,
    "issuer_name": "C=US, O=Let's Encrypt, CN=E7",
    "name_value": "wjchen.cph.ntu.edu.tw",
    "id": 22361309515,
    "entry_timestamp": "2025-11-10T13:45:43.422",
    "not_before": "2025-11-10T12:47:12",
    "not_after": "2026-02-08T12:47:11",
    "serial_number": "063b49f98d426a9c9b3a383c94a9d0b2651c",
    "result_count": 1
  },
  {
    "issuer_ca_id": 295813,
    "issuer_name": "C=US, O=Let's Encrypt, CN=E7",
    "name_value": "wjchen.cph.ntu.edu.tw",
    "id": 22361309516,
    "entry_timestamp": "2025-11-10T13:45:43.096",
    "not_before": "2025-11-10T12:47:12",
    "not_after": "2026-02-08T12:47:11",
    "serial_number": "063b49f98d426a9c9b3a383c94a9d0b2651c",
    "result_count": 1
  },
  {
    "issuer_ca_id": 295817,
    "issuer_name": "C=US, O=Let's Encrypt, CN=R13",
    "name_value": "wjchen.cph.ntu.edu.tw",
    "id": 22361287035,
    "entry_timestamp": "2025-11-10T13:45:38.445",
    "not_before": "2025-11-10T12:47:08",
    "not_after": "2026-02-08T12:47:07",
    "serial_number": "052b9eb34cb8c4e7b37582e562a92d458f39",
    "result_count": 1
  },
  {
    "issuer_ca_id": 295817,
    "issuer_name": "C=US, O=Let's Encrypt, CN=R13",
    "name_value": "wjchen.cph.ntu.edu.tw",
    "id": 22361279040,
    "entry_timestamp": "2025-11-10T13:45:38.195",
    "not_before": "2025-11-10T12:47:08",
    "not_after": "2026-02-08T12:47:07",
    "serial_number": "052b9eb34cb8c4e7b37582e562a92d458f39",
    "result_count": 1
  },
  {
    "issuer_ca_id": 295809,
    "issuer_name": "C=US, O=Let's Encrypt, CN=E8",
    "name_value": "misystem.cgm.ntu.edu.tw",
    "id": 22352053147,
    "entry_timestamp": "2025-11-10T05:40:09.222",
    "not_before": "2025-11-10T04:41:38",
    "not_after": "2026-02-08T04:41:37",
    "serial_number": "05c5d9225090da7cdc2020768233a717d0dc",
    "result_count": 1
  },
  {
    "issuer_ca_id": 295809,
    "issuer_name": "C=US, O=Let's Encrypt, CN=E8",
    "name_value": "misystem.cgm.ntu.edu.tw",
    "id": 22352072802,
    "entry_timestamp": "2025-11-10T05:40:08.978",
    "not_before": "2025-11-10T04:41:38",
    "not_after": "2026-02-08T04:41:37",
    "serial_number": "05c5d9225090da7cdc2020768233a717d0dc",
    "result_count": 1
  },
  {
    "issuer_ca_id": 295813,
    "issuer_name": "C=US, O=Let's Encrypt, CN=E7",
    "name_value": "*.cgm.ntu.edu.tw",
    "id": 22351973180,
    "entry_timestamp": "2025-11-10T05:33:41.315",
    "not_before": "2025-11-10T04:35:10",
    "not_after": "2026-02-08T04:35:09",
    "serial_number": "06a00768b04bf6cbbc4bc47a1e2d081420cd",
    "result_count": 1
  },
  {
    "issuer_ca_id": 295813,
    "issuer_name": "C=US, O=Let's Encrypt, CN=E7",
    "name_value": "*.cgm.ntu.edu.tw",
    "id": 22351970601,
    "entry_timestamp": "2025-11-10T05:33:41.012",
    "not_before": "2025-11-10T04:35:10",
    "not_after": "2026-02-08T04:35:09",
    "serial_number": "06a00768b04bf6cbbc4bc47a1e2d081420cd",
    "result_count": 1
  },
  {
    "issuer_ca_id": 295809,
    "issuer_name": "C=US, O=Let's Encrypt, CN=E8",
    "name_value": "formosanbank.linguistics.ntu.edu.tw",
    "id": 22351822046,
    "entry_timestamp": "2025-11-10T05:26:45.556",
    "not_before": "2025-11-10T04:28:15",
    "not_after": "2026-02-08T04:28:14",
    "serial_number": "058a0699ca89bedd8f3aae5f6ac638f4b722",
    "result_count": 1
  },
  {
    "issuer_ca_id": 295809,
    "issuer_name": "C=US, O=Let's Encrypt, CN=E8",
    "name_value": "formosanbank.linguistics.ntu.edu.tw",
    "id": 22351816424,
    "entry_timestamp": "2025-11-10T05:26:45.317",
    "not_before": "2025-11-10T04:28:15",
    "not_after": "2026-02-08T04:28:14",
    "serial_number": "058a0699ca89bedd8f3aae5f6ac638f4b722",
    "result_count": 1
  },
  {
    "issuer_ca_id": 295816,
    "issuer_name": "C=US, O=Let's Encrypt, CN=R12",
    "name_value": "kiki.ee.ntu.edu.tw",
    "id": 22351096759,
    "entry_timestamp": "2025-11-10T04:41:14.946",
    "not_before": "2025-11-10T03:42:44",
    "not_after": "2026-02-08T03:42:43",
    "serial_number": "056786f9cc6b50a6fd163b4f012a103a8901",
    "result_count": 1
  },
  {
    "issuer_ca_id": 295816,
    "issuer_name": "C=US, O=Let's Encrypt, CN=R12",
    "name_value": "kiki.ee.ntu.edu.tw",
    "id": 22351098007,
    "entry_timestamp": "2025-11-10T04:41:14.696",
    "not_before": "2025-11-10T03:42:44",
    "not_after": "2026-02-08T03:42:43",
    "serial_number": "056786f9cc6b50a6fd163b4f012a103a8901",
    "result_count": 1
  },
  {
    "issuer_ca_id": 279003,
    "issuer_name": "C=TW, O=TAIWAN-CA, CN=TWCA Secure SSL Certification Authority",
    "name_value": "netmng.cc.ntu.edu.tw",
    "id": 22348925055,
    "entry_timestamp": "2025-11-10T02:28:19.022",
    "not_before": "2025-11-10T02:28:17",
    "not_after": "2026-12-06T15:59:59",
    "serial_number": "47e9000000089da0085b807d3c5571d6",
    "result_count": 1
  },
  {
    "issuer_ca_id": 279003,
    "issuer_name": "C=TW, O=TAIWAN-CA, CN=TWCA Secure SSL Certification Authority",
    "name_value": "netmng.cc.ntu.edu.tw",
    "id": 22348925556,
    "entry_timestamp": "2025-11-10T02:28:17.96",
    "not_before": "2025-11-10T02:28:17",
    "not_after": "2026-12-06T15:59:59",
    "serial_number": "47e9000000089da0085b807d3c5571d6",
    "result_count": 1
  },
  {
    "issuer_ca_id": 295816,
    "issuer_name": "C=US, O=Let's Encrypt, CN=R12",
    "name_value": "iol2025reg.linguistics.ntu.edu.tw",
    "id": 22348350439,
    "entry_timestamp": "2025-11-10T01:54:29.47",
    "not_before": "2025-11-10T00:55:59",
    "not_after": "2026-02-08T00:55:58",
    "serial_number": "05abe7bf72e7b2460c31dfc27b9d40995cbe",
    "result_count": 1
  },
  {
    "issuer_ca_id": 295816,
    "issuer_name": "C=US, O=Let's Encrypt, CN=R12",
    "name_value": "iol2025reg.linguistics.ntu.edu.tw",
    "id": 22348354424,
    "entry_timestamp": "2025-11-10T01:54:29.27",
    "not_before": "2025-11-10T00:55:59",
    "not_after": "2026-02-08T00:55:58",
    "serial_number": "05abe7bf72e7b2460c31dfc27b9d40995cbe",
    "result_count": 1
  },
  {
    "issuer_ca_id": 295817,
    "issuer_name": "C=US, O=Let's Encrypt, CN=R13",
    "name_value": "cbme.ntu.edu.tw",
    "id": 22348221020,
    "entry_timestamp": "2025-11-10T01:46:45.234",
    "not_before": "2025-11-10T00:48:14",
    "not_after": "2026-02-08T00:48:13",
    "serial_number": "05acf7a25c33652cb39150c78bf77cf20674",
    "result_count": 1
  },
  {
    "issuer_ca_id": 295817,
    "issuer_name": "C=US, O=Let's Encrypt, CN=R13",
    "name_value": "cbme.ntu.edu.tw",
    "id": 22348221936,
    "entry_timestamp": "2025-11-10T01:46:44.989",
    "not_before": "2025-11-10T00:48:14",
    "not_after": "2026-02-08T00:48:13",
    "serial_number": "05acf7a25c33652cb39150c78bf77cf20674",
    "result_count": 1
  },
  {
    "issuer_ca_id": 286236,
    "issuer_name": "C=US, O=Google Trust Services, CN=WE1",
    "name_value": "lecospa.ntu.edu.tw",
    "id": 22346607209,
    "entry_timestamp": "2025-11-10T00:06:08.741",
    "not_before": "2025-11-09T23:06:08",
    "not_after": "2026-02-08T00:06:03",
    "serial_number": "79bd7a7ac5b95c10110318b73cde34b7",
    "result_count": 1
  },
  {
    "issuer_ca_id": 286242,
    "issuer_name": "C=US, O=Google Trust Services, CN=WR1",
    "name_value": "lecospa.ntu.edu.tw",
    "id": 22346584849,
    "entry_timestamp": "2025-11-10T00:05:57.828",
    "not_before": "2025-11-09T23:05:57",
    "not_after": "2026-02-08T00:04:43",
    "serial_number": "00d384281fa8ed12d21362205ffa95d41e",
    "result_count": 1
  },
  {
    "issuer_ca_id": 295809,
    "issuer_name": "C=US, O=Let's Encrypt, CN=E8",
    "name_value": "pailab.csie.ntu.edu.tw",
    "id": 22336998956,
    "entry_timestamp": "2025-11-09T13:27:11.893",
    "not_before": "2025-11-09T12:28:41",
    "not_after": "2026-02-07T12:28:40",
    "serial_number": "06795cb35aecc27c24b2736fd460d5a32ff4",
    "result_count": 1
  },
  {
    "issuer_ca_id": 295809,
    "issuer_name": "C=US, O=Let's Encrypt, CN=E8",
    "name_value": "pailab.csie.ntu.edu.tw",
    "id": 22336995972,
    "entry_timestamp": "2025-11-09T13:27:11.593",
    "not_before": "2025-11-09T12:28:41",
    "not_after": "2026-02-07T12:28:40",
    "serial_number": "06795cb35aecc27c24b2736fd460d5a32ff4",
    "result_count": 1
  },
  {
    "issuer_ca_id": 797,
    "issuer_name": "C=US, ST=Arizona, L=Scottsdale, O=\"Starfield Technologies, Inc.\", OU=http://certs.starfieldtech.com/repository/, CN=Starfield Secure Certificate Authority - G2",
    "name_value": "garc.ntu.edu.tw",
    "id": 22331498404,
    "entry_timestamp": "2025-11-09T08:22:00.098",
    "not_before": "2024-12-08T19:20:24",
    "not_after": "2025-12-08T19:20:24",
    "serial_number": "0097c3587213359824",
    "result_count": 1
  },
  {
    "issuer_ca_id": 797,
    "issuer_name": "C=US, ST=Arizona, L=Scottsdale, O=\"Starfield Technologies, Inc.\", OU=http://certs.starfieldtech.com/repository/, CN=Starfield Secure Certificate Authority - G2",
    "name_value": "garc.ntu.edu.tw",
    "id": 22331492743,
    "entry_timestamp": "2025-11-09T08:21:42.732",
    "not_before": "2025-11-09T08:21:42",
    "not_after": "2026-02-07T08:21:42",
    "serial_number": "00f960e54d6f429300",
    "result_count": 1
  },
  {
    "issuer_ca_id": 286236,
    "issuer_name": "C=US, O=Google Trust Services, CN=WE1",
    "name_value": "ingoacademy.ntu.edu.tw",
    "id": 22327071784,
    "entry_timestamp": "2025-11-09T04:03:07.19",
    "not_before": "2025-11-09T03:03:06",
    "not_after": "2026-02-07T04:02:58",
    "serial_number": "640ddd6348d454dd0d48a9e53f8bc73c",
    "result_count": 1
  },
  {
    "issuer_ca_id": 286242,
    "issuer_name": "C=US, O=Google Trust Services, CN=WR1",
    "name_value": "ingoacademy.ntu.edu.tw",
    "id": 22327047527,
    "entry_timestamp": "2025-11-09T04:02:53.306",
    "not_before": "2025-11-09T03:02:52",
    "not_after": "2026-02-07T04:01:33",
    "serial_number": "2337abb16175e8a60e8eb664359b5b26",
    "result_count": 1
  },
  {
    "issuer_ca_id": 295816,
    "issuer_name": "C=US, O=Let's Encrypt, CN=R12",
    "name_value": "ttlin.bime.ntu.edu.tw",
    "id": 22325329978,
    "entry_timestamp": "2025-11-09T02:15:05.512",
    "not_before": "2025-11-09T01:16:35",
    "not_after": "2026-02-07T01:16:34",
    "serial_number": "06ef73de7be740a4de450f5e43a44d53644a",
    "result_count": 1
  },
  {
    "issuer_ca_id": 295816,
    "issuer_name": "C=US, O=Let's Encrypt, CN=R12",
    "name_value": "ttlin.bime.ntu.edu.tw",
    "id": 22325331650,
    "entry_timestamp": "2025-11-09T02:15:05.286",
    "not_before": "2025-11-09T01:16:35",
    "not_after": "2026-02-07T01:16:34",
    "serial_number": "06ef73de7be740a4de450f5e43a44d53644a",
    "result_count": 1
  },
  {
    "issuer_ca_id": 295816,
    "issuer_name": "C=US, O=Let's Encrypt, CN=R12",
    "name_value": "www.tcsl.ntu.edu.tw",
    "id": 22325296457,
    "entry_timestamp": "2025-11-09T02:12:02.718",
    "not_before": "2025-11-09T01:13:30",
    "not_after": "2026-02-07T01:13:29",
    "serial_number": "0696cee3674535a605200904681aa48b7acc",
    "result_count": 1
  },
  {
    "issuer_ca_id": 295816,
    "issuer_name": "C=US, O=Let's Encrypt, CN=R12",
    "name_value": "www.tcsl.ntu.edu.tw",
    "id": 22325293104,
    "entry_timestamp": "2025-11-09T02:12:00.527",
    "not_before": "2025-11-09T01:13:30",
    "not_after": "2026-02-07T01:13:29",
    "serial_number": "0696cee3674535a605200904681aa48b7acc",
    "result_count": 1
  },
  {
    "issuer_ca_id": 295816,
    "issuer_name": "C=US, O=Let's Encrypt, CN=R12",
    "name_value": "citd.ntu.edu.tw",
    "id": 22324381104,
    "entry_timestamp": "2025-11-09T01:11:47.402",
    "not_before": "2025-11-09T00:13:14",
    "not_after": "2026-02-07T00:13:13",
    "serial_number": "069802909478b4a855d9be69083e1a99b576",
    "result_count": 1
  },
  {
    "issuer_ca_id": 295816,
    "issuer_name": "C=US, O=Let's Encrypt, CN=R12",
    "name_value": "citd.ntu.edu.tw",
    "id": 22324381562,
    "entry_timestamp": "2025-11-09T01:11:45.054",
    "not_before": "2025-11-09T00:13:14",
    "not_after": "2026-02-07T00:13:13",
    "serial_number": "069802909478b4a855d9be69083e1a99b576",
    "result_count": 1
  },
  {
    "issuer_ca_id": 295817,
    "issuer_name": "C=US, O=Let's Encrypt, CN=R13",
    "name_value": "www.csbb.ntu.edu.tw",
    "id": 22309139846,
    "entry_timestamp": "2025-11-08T11:15:47.984",
    "not_before": "2025-11-08T10:17:17",
    "not_after": "2026-02-06T10:17:16",
    "serial_number": "05b013706f3c210d98778de5a4063ba1be0f",
    "result_count": 1
  },
  {
    "issuer_ca_id": 295817,
    "issuer_name": "C=US, O=Let's Encrypt, CN=R13",
    "name_value": "www.csbb.ntu.edu.tw",
    "id": 22309151200,
    "entry_timestamp": "2025-11-08T11:15:47.719",
    "not_before": "2025-11-08T10:17:17",
    "not_after": "2026-02-06T10:17:16",
    "serial_number": "05b013706f3c210d98778de5a4063ba1be0f",
    "result_count": 1
  },
  {
    "issuer_ca_id": 295809,
    "issuer_name": "C=US, O=Let's Encrypt, CN=E8",
    "name_value": "circuit.esoe.ntu.edu.tw",
    "id": 22305617946,
    "entry_timestamp": "2025-11-08T08:14:08.777",
    "not_before": "2025-11-08T07:15:38",
    "not_after": "2026-02-06T07:15:37",
    "serial_number": "052faa1086dbfd83fd04f6ef3000fabd73f9",
    "result_count": 1
  },
  {
    "issuer_ca_id": 295809,
    "issuer_name": "C=US, O=Let's Encrypt, CN=E8",
    "name_value": "circuit.esoe.ntu.edu.tw",
    "id": 22305622443,
    "entry_timestamp": "2025-11-08T08:14:08.664",
    "not_before": "2025-11-08T07:15:38",
    "not_after": "2026-02-06T07:15:37",
    "serial_number": "052faa1086dbfd83fd04f6ef3000fabd73f9",
    "result_count": 1
  },
  {
    "issuer_ca_id": 286236,
    "issuer_name": "C=US, O=Google Trust Services, CN=WE1",
    "name_value": "www.ingoacademy.ntu.edu.tw",
    "id": 22303961979,
    "entry_timestamp": "2025-11-08T06:44:59.027",
    "not_before": "2025-11-08T05:44:58",
    "not_after": "2026-02-06T06:44:45",
    "serial_number": "2b75a23718ede8eb0e27bd2105c24c97",
    "result_count": 1
  },
  {
    "issuer_ca_id": 286242,
    "issuer_name": "C=US, O=Google Trust Services, CN=WR1",
    "name_value": "www.ingoacademy.ntu.edu.tw",
    "id": 22303961092,
    "entry_timestamp": "2025-11-08T06:44:39.818",
    "not_before": "2025-11-08T05:44:39",
    "not_after": "2026-02-06T06:43:24",
    "serial_number": "352ec85b3dd29a3d0ed87ba43f07cfef",
    "result_count": 1
  },
  {
    "issuer_ca_id": 295813,
    "issuer_name": "C=US, O=Let's Encrypt, CN=E7",
    "name_value": "tswp.wcdr.ntu.edu.tw",
    "id": 22300914784,
    "entry_timestamp": "2025-11-08T03:57:35.865",
    "not_before": "2025-11-08T02:59:05",
    "not_after": "2026-02-06T02:59:04",
    "serial_number": "057693250bc83b75423f17064f3be3181493",
    "result_count": 1
  },
  {
    "issuer_ca_id": 295813,
    "issuer_name": "C=US, O=Let's Encrypt, CN=E7",
    "name_value": "tswp.wcdr.ntu.edu.tw",
    "id": 22300914858,
    "entry_timestamp": "2025-11-08T03:57:35.762",
    "not_before": "2025-11-08T02:59:05",
    "not_after": "2026-02-06T02:59:04",
    "serial_number": "057693250bc83b75423f17064f3be3181493",
    "result_count": 1
  },
  {
    "issuer_ca_id": 295816,
    "issuer_name": "C=US, O=Let's Encrypt, CN=R12",
    "name_value": "wei.mc.ntu.edu.tw",
    "id": 22300384419,
    "entry_timestamp": "2025-11-08T03:26:36.529",
    "not_before": "2025-11-08T02:28:06",
    "not_after": "2026-02-06T02:28:05",
    "serial_number": "063273495e24454c00daea26a3e0762f5fc5",
    "result_count": 1
  },
  {
    "issuer_ca_id": 295816,
    "issuer_name": "C=US, O=Let's Encrypt, CN=R12",
    "name_value": "wei.mc.ntu.edu.tw",
    "id": 22300356199,
    "entry_timestamp": "2025-11-08T03:26:36.215",
    "not_before": "2025-11-08T02:28:06",
    "not_after": "2026-02-06T02:28:05",
    "serial_number": "063273495e24454c00daea26a3e0762f5fc5",
    "result_count": 1
  },
  {
    "issuer_ca_id": 295813,
    "issuer_name": "C=US, O=Let's Encrypt, CN=E7",
    "name_value": "mil.ee.ntu.edu.tw",
    "id": 22298779138,
    "entry_timestamp": "2025-11-08T02:00:20.863",
    "not_before": "2025-11-08T01:01:48",
    "not_after": "2026-02-06T01:01:47",
    "serial_number": "06e32d6c2e613a4a3d8724b43300489c7736",
    "result_count": 1
  },
  {
    "issuer_ca_id": 295813,
    "issuer_name": "C=US, O=Let's Encrypt, CN=E7",
    "name_value": "mil.ee.ntu.edu.tw",
    "id": 22298750931,
    "entry_timestamp": "2025-11-08T02:00:18.678",
    "not_before": "2025-11-08T01:01:48",
    "not_after": "2026-02-06T01:01:47",
    "serial_number": "06e32d6c2e613a4a3d8724b43300489c7736",
    "result_count": 1
  },
  {
    "issuer_ca_id": 295816,
    "issuer_name": "C=US, O=Let's Encrypt, CN=R12",
    "name_value": "fanyi.gpti.ntu.edu.tw",
    "id": 22297706220,
    "entry_timestamp": "2025-11-08T01:02:23.863",
    "not_before": "2025-11-08T00:03:53",
    "not_after": "2026-02-06T00:03:52",
    "serial_number": "060e420c3f4604b72b58e29fa046f2f06511",
    "result_count": 1
  },
  {
    "issuer_ca_id": 295816,
    "issuer_name": "C=US, O=Let's Encrypt, CN=R12",
    "name_value": "fanyi.gpti.ntu.edu.tw",
    "id": 22297685071,
    "entry_timestamp": "2025-11-08T01:02:23.187",
    "not_before": "2025-11-08T00:03:53",
    "not_after": "2026-02-06T00:03:52",
    "serial_number": "060e420c3f4604b72b58e29fa046f2f06511",
    "result_count": 1
  },
  {
    "issuer_ca_id": 295809,
    "issuer_name": "C=US, O=Let's Encrypt, CN=E8",
    "name_value": "circuit.esoe.ntu.edu.tw",
    "id": 22296920108,
    "entry_timestamp": "2025-11-08T00:22:42.954",
    "not_before": "2025-11-07T23:24:10",
    "not_after": "2026-02-05T23:24:09",
    "serial_number": "05fc6ac201ea239b6a254bfe041cf5f27780",
    "result_count": 1
  },
  {
    "issuer_ca_id": 295809,
    "issuer_name": "C=US, O=Let's Encrypt, CN=E8",
    "name_value": "circuit.esoe.ntu.edu.tw",
    "id": 22296890679,
    "entry_timestamp": "2025-11-08T00:22:40.844",
    "not_before": "2025-11-07T23:24:10",
    "not_after": "2026-02-05T23:24:09",
    "serial_number": "05fc6ac201ea239b6a254bfe041cf5f27780",
    "result_count": 1
  },
  {
    "issuer_ca_id": 295817,
    "issuer_name": "C=US, O=Let's Encrypt, CN=R13",
    "name_value": "link.ying.forex.ntu.edu.tw",
    "id": 22295283239,
    "entry_timestamp": "2025-11-07T22:57:52.847",
    "not_before": "2025-11-07T21:59:22",
    "not_after": "2026-02-05T21:59:21",
    "serial_number": "0564af062e15f9419f56444d37c29de61d05",
    "result_count": 1
  },
  {
    "issuer_ca_id": 295817,
    "issuer_name": "C=US, O=Let's Encrypt, CN=R13",
    "name_value": "link.ying.forex.ntu.edu.tw",
    "id": 22295285807,
    "entry_timestamp": "2025-11-07T22:57:52.58",
    "not_before": "2025-11-07T21:59:22",
    "not_after": "2026-02-05T21:59:21",
    "serial_number": "0564af062e15f9419f56444d37c29de61d05",
    "result_count": 1
  },
  {
    "issuer_ca_id": 295817,
    "issuer_name": "C=US, O=Let's Encrypt, CN=R13",
    "name_value": "molecular.ntu.edu.tw",
    "id": 22294196573,
    "entry_timestamp": "2025-11-07T22:02:21.6",
    "not_before": "2025-11-07T21:03:51",
    "not_after": "2026-02-05T21:03:50",
    "serial_number": "0675e1a9072f095cbf5caa12ae4ee3de1245",
    "result_count": 1
  },
  {
    "issuer_ca_id": 295817,
    "issuer_name": "C=US, O=Let's Encrypt, CN=R13",
    "name_value": "molecular.ntu.edu.tw",
    "id": 22294189978,
    "entry_timestamp": "2025-11-07T22:02:21.426",
    "not_before": "2025-11-07T21:03:51",
    "not_after": "2026-02-05T21:03:50",
    "serial_number": "0675e1a9072f095cbf5caa12ae4ee3de1245",
    "result_count": 1
  },
  {
    "issuer_ca_id": 295809,
    "issuer_name": "C=US, O=Let's Encrypt, CN=E8",
    "name_value": "muse.csie.ntu.edu.tw",
    "id": 22292198745,
    "entry_timestamp": "2025-11-07T20:15:29.21",
    "not_before": "2025-11-07T19:16:58",
    "not_after": "2026-02-05T19:16:57",
    "serial_number": "06a588fb50104430f1e397325b321d899b81",
    "result_count": 1
  },
  {
    "issuer_ca_id": 295809,
    "issuer_name": "C=US, O=Let's Encrypt, CN=E8",
    "name_value": "muse.csie.ntu.edu.tw",
    "id": 22292161028,
    "entry_timestamp": "2025-11-07T20:15:28.835",
    "not_before": "2025-11-07T19:16:58",
    "not_after": "2026-02-05T19:16:57",
    "serial_number": "06a588fb50104430f1e397325b321d899b81",
    "result_count": 1
  },
  {
    "issuer_ca_id": 295816,
    "issuer_name": "C=US, O=Let's Encrypt, CN=R12",
    "name_value": "politics.ntu.edu.tw",
    "id": 22278150960,
    "entry_timestamp": "2025-11-07T08:32:34.098",
    "not_before": "2025-11-07T07:34:01",
    "not_after": "2026-02-05T07:34:00",
    "serial_number": "0678979e509fcf0f932565abdba6d7c9715e",
    "result_count": 1
  },
  {
    "issuer_ca_id": 295816,
    "issuer_name": "C=US, O=Let's Encrypt, CN=R12",
    "name_value": "politics.ntu.edu.tw",
    "id": 22278118046,
    "entry_timestamp": "2025-11-07T08:32:31.933",
    "not_before": "2025-11-07T07:34:01",
    "not_after": "2026-02-05T07:34:00",
    "serial_number": "0678979e509fcf0f932565abdba6d7c9715e",
    "result_count": 1
  },
  {
    "issuer_ca_id": 295813,
    "issuer_name": "C=US, O=Let's Encrypt, CN=E7",
    "name_value": "ntusa.ntu.edu.tw",
    "id": 22273918256,
    "entry_timestamp": "2025-11-07T04:47:29.172",
    "not_before": "2025-11-07T03:48:59",
    "not_after": "2026-02-05T03:48:58",
    "serial_number": "05664f79e80d6ef48d664c1cfc7a6e46ca3e",
    "result_count": 1
  },
  {
    "issuer_ca_id": 295813,
    "issuer_name": "C=US, O=Let's Encrypt, CN=E7",
    "name_value": "ntusa.ntu.edu.tw",
    "id": 22273891669,
    "entry_timestamp": "2025-11-07T04:47:29.052",
    "not_before": "2025-11-07T03:48:59",
    "not_after": "2026-02-05T03:48:58",
    "serial_number": "05664f79e80d6ef48d664c1cfc7a6e46ca3e",
    "result_count": 1
  },
  {
    "issuer_ca_id": 286236,
    "issuer_name": "C=US, O=Google Trust Services, CN=WE1",
    "name_value": "mastertalk.oia.ntu.edu.tw",
    "id": 22271773170,
    "entry_timestamp": "2025-11-07T02:49:26.945",
    "not_before": "2025-11-07T01:49:26",
    "not_after": "2026-02-05T02:49:22",
    "serial_number": "00bd2202976a3cef8413029fb339d28560",
    "result_count": 1
  },
  {
    "issuer_ca_id": 286242,
    "issuer_name": "C=US, O=Google Trust Services, CN=WR1",
    "name_value": "mastertalk.oia.ntu.edu.tw",
    "id": 22271770260,
    "entry_timestamp": "2025-11-07T02:49:16.978",
    "not_before": "2025-11-07T01:49:05",
    "not_after": "2026-02-05T02:47:53",
    "serial_number": "23171e26e44e838b13e7eda014f4b216",
    "result_count": 1
  },
  {
    "issuer_ca_id": 295816,
    "issuer_name": "C=US, O=Let's Encrypt, CN=R12",
    "name_value": "ctf.nslab.csie.ntu.edu.tw",
    "id": 22268603255,
    "entry_timestamp": "2025-11-06T23:52:01.948",
    "not_before": "2025-11-06T22:53:31",
    "not_after": "2026-02-04T22:53:30",
    "serial_number": "06f59ab757375b0d31eb7ef89b93f8e36ac1",
    "result_count": 1
  },
  {
    "issuer_ca_id": 295816,
    "issuer_name": "C=US, O=Let's Encrypt, CN=R12",
    "name_value": "ctf.nslab.csie.ntu.edu.tw",
    "id": 22268585740,
    "entry_timestamp": "2025-11-06T23:52:01.714",
    "not_before": "2025-11-06T22:53:31",
    "not_after": "2026-02-04T22:53:30",
    "serial_number": "06f59ab757375b0d31eb7ef89b93f8e36ac1",
    "result_count": 1
  },
  {
    "issuer_ca_id": 295813,
    "issuer_name": "C=US, O=Let's Encrypt, CN=E7",
    "name_value": "service.spec.ntu.edu.tw",
    "id": 22256302373,
    "entry_timestamp": "2025-11-06T13:13:18.937",
    "not_before": "2025-11-06T12:14:48",
    "not_after": "2026-02-04T12:14:47",
    "serial_number": "069bba6c9f307362c5e85a5a99b5ab506f03",
    "result_count": 1
  },
  {
    "issuer_ca_id": 295813,
    "issuer_name": "C=US, O=Let's Encrypt, CN=E7",
    "name_value": "service.spec.ntu.edu.tw",
    "id": 22256297559,
    "entry_timestamp": "2025-11-06T13:13:18.724",
    "not_before": "2025-11-06T12:14:48",
    "not_after": "2026-02-04T12:14:47",
    "serial_number": "069bba6c9f307362c5e85a5a99b5ab506f03",
    "result_count": 1
  },
  {
    "issuer_ca_id": 295809,
    "issuer_name": "C=US, O=Let's Encrypt, CN=E8",
    "name_value": "gibms.mc.ntu.edu.tw",
    "id": 22253243269,
    "entry_timestamp": "2025-11-06T10:43:23.79",
    "not_before": "2025-11-06T09:44:53",
    "not_after": "2026-02-04T09:44:52",
    "serial_number": "06daba5a3b0560b26661d07e36c3617d5b7b",
    "result_count": 1
  },
  {
    "issuer_ca_id": 295809,
    "issuer_name": "C=US, O=Let's Encrypt, CN=E8",
    "name_value": "gibms.mc.ntu.edu.tw",
    "id": 22253226977,
    "entry_timestamp": "2025-11-06T10:43:23.536",
    "not_before": "2025-11-06T09:44:53",
    "not_after": "2026-02-04T09:44:52",
    "serial_number": "06daba5a3b0560b26661d07e36c3617d5b7b",
    "result_count": 1
  },
  {
    "issuer_ca_id": 295816,
    "issuer_name": "C=US, O=Let's Encrypt, CN=R12",
    "name_value": "www.vm.ntu.edu.tw",
    "id": 22248444105,
    "entry_timestamp": "2025-11-06T06:42:01.488",
    "not_before": "2025-11-06T05:43:30",
    "not_after": "2026-02-04T05:43:29",
    "serial_number": "06644edb040f5612fd41e460e1e62b2285ec",
    "result_count": 1
  },
  {
    "issuer_ca_id": 295816,
    "issuer_name": "C=US, O=Let's Encrypt, CN=R12",
    "name_value": "www.vm.ntu.edu.tw",
    "id": 22248418268,
    "entry_timestamp": "2025-11-06T06:42:00.433",
    "not_before": "2025-11-06T05:43:30",
    "not_after": "2026-02-04T05:43:29",
    "serial_number": "06644edb040f5612fd41e460e1e62b2285ec",
    "result_count": 1
  },
  {
    "issuer_ca_id": 295813,
    "issuer_name": "C=US, O=Let's Encrypt, CN=E7",
    "name_value": "eda.ee.ntu.edu.tw",
    "id": 22246099222,
    "entry_timestamp": "2025-11-06T04:41:11.045",
    "not_before": "2025-11-06T03:42:40",
    "not_after": "2026-02-04T03:42:39",
    "serial_number": "05f48c8e9776fc3084899867543336702591",
    "result_count": 1
  },
  {
    "issuer_ca_id": 295813,
    "issuer_name": "C=US, O=Let's Encrypt, CN=E7",
    "name_value": "eda.ee.ntu.edu.tw",
    "id": 22246085389,
    "entry_timestamp": "2025-11-06T04:41:10.723",
    "not_before": "2025-11-06T03:42:40",
    "not_after": "2026-02-04T03:42:39",
    "serial_number": "05f48c8e9776fc3084899867543336702591",
    "result_count": 1
  },
  {
    "issuer_ca_id": 295809,
    "issuer_name": "C=US, O=Let's Encrypt, CN=E8",
    "name_value": "enrollment.oc.ntu.edu.tw",
    "id": 22245609596,
    "entry_timestamp": "2025-11-06T04:17:06.916",
    "not_before": "2025-11-06T03:18:36",
    "not_after": "2026-02-04T03:18:35",
    "serial_number": "06b1eaa41c35bcc9e1f590cb9705139c96af",
    "result_count": 1
  },
  {
    "issuer_ca_id": 295809,
    "issuer_name": "C=US, O=Let's Encrypt, CN=E8",
    "name_value": "enrollment.oc.ntu.edu.tw",
    "id": 22245612768,
    "entry_timestamp": "2025-11-06T04:17:06.656",
    "not_before": "2025-11-06T03:18:36",
    "not_after": "2026-02-04T03:18:35",
    "serial_number": "06b1eaa41c35bcc9e1f590cb9705139c96af",
    "result_count": 1
  },
  {
    "issuer_ca_id": 295813,
    "issuer_name": "C=US, O=Let's Encrypt, CN=E7",
    "name_value": "enrollment.oc.ntu.edu.tw",
    "id": 22245383448,
    "entry_timestamp": "2025-11-06T04:07:02.687",
    "not_before": "2025-11-06T03:08:32",
    "not_after": "2026-02-04T03:08:31",
    "serial_number": "05101f02a5b8ca6c0f75522bfb1e944d428e",
    "result_count": 1
  },
  {
    "issuer_ca_id": 295813,
    "issuer_name": "C=US, O=Let's Encrypt, CN=E7",
    "name_value": "enrollment.oc.ntu.edu.tw",
    "id": 22245378107,
    "entry_timestamp": "2025-11-06T04:07:02.552",
    "not_before": "2025-11-06T03:08:32",
    "not_after": "2026-02-04T03:08:31",
    "serial_number": "05101f02a5b8ca6c0f75522bfb1e944d428e",
    "result_count": 1
  },
  {
    "issuer_ca_id": 286236,
    "issuer_name": "C=US, O=Google Trust Services, CN=WE1",
    "name_value": "announcement.aca.ntu.edu.tw",
    "id": 22244261642,
    "entry_timestamp": "2025-11-06T03:04:52.642",
    "not_before": "2025-11-06T02:04:52",
    "not_after": "2026-02-04T03:04:46",
    "serial_number": "5944c47554ad094b11bbf574beb8309a",
    "result_count": 1
  },
  {
    "issuer_ca_id": 286242,
    "issuer_name": "C=US, O=Google Trust Services, CN=WR1",
    "name_value": "announcement.aca.ntu.edu.tw",
    "id": 22244284397,
    "entry_timestamp": "2025-11-06T03:04:41.201",
    "not_before": "2025-11-06T02:04:40",
    "not_after": "2026-02-04T03:03:24",
    "serial_number": "27aac5f3c0b8b31f0d0869c52a713a4c",
    "result_count": 1
  },
  {
    "issuer_ca_id": 295816,
    "issuer_name": "C=US, O=Let's Encrypt, CN=R12",
    "name_value": "git.nslab.csie.ntu.edu.tw",
    "id": 22242949517,
    "entry_timestamp": "2025-11-06T01:56:16.513",
    "not_before": "2025-11-06T00:57:46",
    "not_after": "2026-02-04T00:57:45",
    "serial_number": "056bb27178315395d4fa00cfaedd16410284",
    "result_count": 1
  },
  {
    "issuer_ca_id": 295816,
    "issuer_name": "C=US, O=Let's Encrypt, CN=R12",
    "name_value": "git.nslab.csie.ntu.edu.tw",
    "id": 22242947993,
    "entry_timestamp": "2025-11-06T01:56:16.219",
    "not_before": "2025-11-06T00:57:46",
    "not_after": "2026-02-04T00:57:45",
    "serial_number": "056bb27178315395d4fa00cfaedd16410284",
    "result_count": 1
  },
  {
    "issuer_ca_id": 295817,
    "issuer_name": "C=US, O=Let's Encrypt, CN=R13",
    "name_value": "cep.ntu.edu.tw",
    "id": 22241583364,
    "entry_timestamp": "2025-11-06T00:49:09.406",
    "not_before": "2025-11-05T23:50:39",
    "not_after": "2026-02-03T23:50:38",
    "serial_number": "0555a879aa7a071d8884fd8b4194a670cff5",
    "result_count": 1
  },
  {
    "issuer_ca_id": 295817,
    "issuer_name": "C=US, O=Let's Encrypt, CN=R13",
    "name_value": "cep.ntu.edu.tw",
    "id": 22241570990,
    "entry_timestamp": "2025-11-06T00:49:09.281",
    "not_before": "2025-11-05T23:50:39",
    "not_after": "2026-02-03T23:50:38",
    "serial_number": "0555a879aa7a071d8884fd8b4194a670cff5",
    "result_count": 1
  },
  {
    "issuer_ca_id": 295817,
    "issuer_name": "C=US, O=Let's Encrypt, CN=R13",
    "name_value": "eem.bime.ntu.edu.tw",
    "id": 22240762467,
    "entry_timestamp": "2025-11-06T00:07:48.563",
    "not_before": "2025-11-05T23:09:18",
    "not_after": "2026-02-03T23:09:17",
    "serial_number": "064beffcee482399c586c18bf9873c714a89",
    "result_count": 1
  },
  {
    "issuer_ca_id": 295817,
    "issuer_name": "C=US, O=Let's Encrypt, CN=R13",
    "name_value": "eem.bime.ntu.edu.tw",
    "id": 22240767299,
    "entry_timestamp": "2025-11-06T00:07:48.359",
    "not_before": "2025-11-05T23:09:18",
    "not_after": "2026-02-03T23:09:17",
    "serial_number": "064beffcee482399c586c18bf9873c714a89",
    "result_count": 1
  },
  {
    "issuer_ca_id": 295809,
    "issuer_name": "C=US, O=Let's Encrypt, CN=E8",
    "name_value": "xdn20o193.ee.ntu.edu.tw",
    "id": 22239496624,
    "entry_timestamp": "2025-11-05T22:59:35.22",
    "not_before": "2025-11-05T22:01:04",
    "not_after": "2026-02-03T22:01:03",
    "serial_number": "061e5adf5e893628dd76738681c88a8de0ef",
    "result_count": 1
  },
  {
    "issuer_ca_id": 295809,
    "issuer_name": "C=US, O=Let's Encrypt, CN=E8",
    "name_value": "xdn20o193.ee.ntu.edu.tw",
    "id": 22239497138,
    "entry_timestamp": "2025-11-05T22:59:34.953",
    "not_before": "2025-11-05T22:01:04",
    "not_after": "2026-02-03T22:01:03",
    "serial_number": "061e5adf5e893628dd76738681c88a8de0ef",
    "result_count": 1
  },
  {
    "issuer_ca_id": 295817,
    "issuer_name": "C=US, O=Let's Encrypt, CN=R13",
    "name_value": "xdn20o193.ee.ntu.edu.tw",
    "id": 22239519937,
    "entry_timestamp": "2025-11-05T22:59:28.543",
    "not_before": "2025-11-05T22:00:58",
    "not_after": "2026-02-03T22:00:57",
    "serial_number": "056e99048effb04a2675330e73c6d1669f29",
    "result_count": 1
  },
  {
    "issuer_ca_id": 295817,
    "issuer_name": "C=US, O=Let's Encrypt, CN=R13",
    "name_value": "xdn20o193.ee.ntu.edu.tw",
    "id": 22239520417,
    "entry_timestamp": "2025-11-05T22:59:28.26",
    "not_before": "2025-11-05T22:00:58",
    "not_after": "2026-02-03T22:00:57",
    "serial_number": "056e99048effb04a2675330e73c6d1669f29",
    "result_count": 1
  },
  {
    "issuer_ca_id": 295809,
    "issuer_name": "C=US, O=Let's Encrypt, CN=E8",
    "name_value": "mcwasn2025.ntu.edu.tw",
    "id": 22237748437,
    "entry_timestamp": "2025-11-05T21:24:33.227",
    "not_before": "2025-11-05T20:26:02",
    "not_after": "2026-02-03T20:26:01",
    "serial_number": "06462d9a9f8dfa76323fe812ab39b328f4e3",
    "result_count": 1
  },
  {
    "issuer_ca_id": 295809,
    "issuer_name": "C=US, O=Let's Encrypt, CN=E8",
    "name_value": "mcwasn2025.ntu.edu.tw",
    "id": 22237747579,
    "entry_timestamp": "2025-11-05T21:24:33.032",
    "not_before": "2025-11-05T20:26:02",
    "not_after": "2026-02-03T20:26:01",
    "serial_number": "06462d9a9f8dfa76323fe812ab39b328f4e3",
    "result_count": 1
  },
  {
    "issuer_ca_id": 295813,
    "issuer_name": "C=US, O=Let's Encrypt, CN=E7",
    "name_value": "yrwu-wk.ee.ntu.edu.tw",
    "id": 22237341133,
    "entry_timestamp": "2025-11-05T21:02:26.247",
    "not_before": "2025-11-05T20:03:55",
    "not_after": "2026-02-03T20:03:54",
    "serial_number": "05ff41aae31c8614431e78e7c586c29940f7",
    "result_count": 1
  },
  {
    "issuer_ca_id": 295813,
    "issuer_name": "C=US, O=Let's Encrypt, CN=E7",
    "name_value": "yrwu-wk.ee.ntu.edu.tw",
    "id": 22237334105,
    "entry_timestamp": "2025-11-05T21:02:25.997",
    "not_before": "2025-11-05T20:03:55",
    "not_after": "2026-02-03T20:03:54",
    "serial_number": "05ff41aae31c8614431e78e7c586c29940f7",
    "result_count": 1
  },
  {
    "issuer_ca_id": 286244,
    "issuer_name": "C=US, O=Google Trust Services, CN=WR3",
    "name_value": "mpb.ntu.edu.tw",
    "id": 22233272857,
    "entry_timestamp": "2025-11-05T17:19:20.251",
    "not_before": "2025-10-24T22:18:00",
    "not_after": "2026-01-22T23:07:10",
    "serial_number": "37ae76c41794dbf409334ab305d532ef",
    "result_count": 1
  },
  {
    "issuer_ca_id": 295817,
    "issuer_name": "C=US, O=Let's Encrypt, CN=R13",
    "name_value": "course.lib.ntu.edu.tw",
    "id": 22231976520,
    "entry_timestamp": "2025-11-05T16:14:17.818",
    "not_before": "2025-11-05T15:15:45",
    "not_after": "2026-02-03T15:15:44",
    "serial_number": "0526481d97cc4d81c16c0b9cdaf571c0b015",
    "result_count": 1
  },
  {
    "issuer_ca_id": 295817,
    "issuer_name": "C=US, O=Let's Encrypt, CN=R13",
    "name_value": "course.lib.ntu.edu.tw",
    "id": 22231948397,
    "entry_timestamp": "2025-11-05T16:14:15.382",
    "not_before": "2025-11-05T15:15:45",
    "not_after": "2026-02-03T15:15:44",
    "serial_number": "0526481d97cc4d81c16c0b9cdaf571c0b015",
    "result_count": 1
  },
  {
    "issuer_ca_id": 295816,
    "issuer_name": "C=US, O=Let's Encrypt, CN=R12",
    "name_value": "spmtdb.phys.ntu.edu.tw",
    "id": 22230928075,
    "entry_timestamp": "2025-11-05T15:21:23.07",
    "not_before": "2025-11-05T14:22:52",
    "not_after": "2026-02-03T14:22:51",
    "serial_number": "068af196850594cb4ab731d32cb6688a4438",
    "result_count": 1
  },
  {
    "issuer_ca_id": 295816,
    "issuer_name": "C=US, O=Let's Encrypt, CN=R12",
    "name_value": "spmtdb.phys.ntu.edu.tw",
    "id": 22230922417,
    "entry_timestamp": "2025-11-05T15:21:22.953",
    "not_before": "2025-11-05T14:22:52",
    "not_after": "2026-02-03T14:22:51",
    "serial_number": "068af196850594cb4ab731d32cb6688a4438",
    "result_count": 1
  },
  {
    "issuer_ca_id": 295817,
    "issuer_name": "C=US, O=Let's Encrypt, CN=R13",
    "name_value": "admission.im.ntu.edu.tw",
    "id": 22229229368,
    "entry_timestamp": "2025-11-05T13:58:51.609",
    "not_before": "2025-11-05T13:00:19",
    "not_after": "2026-02-03T13:00:18",
    "serial_number": "05626bdc5dc0180ce8d5ebc5452a3b2dc7ca",
    "result_count": 1
  },
  {
    "issuer_ca_id": 295817,
    "issuer_name": "C=US, O=Let's Encrypt, CN=R13",
    "name_value": "admission.im.ntu.edu.tw",
    "id": 22229227731,
    "entry_timestamp": "2025-11-05T13:58:49.43",
    "not_before": "2025-11-05T13:00:19",
    "not_after": "2026-02-03T13:00:18",
    "serial_number": "05626bdc5dc0180ce8d5ebc5452a3b2dc7ca",
    "result_count": 1
  },
  {
    "issuer_ca_id": 295816,
    "issuer_name": "C=US, O=Let's Encrypt, CN=R12",
    "name_value": "intranet.im.ntu.edu.tw",
    "id": 22229222782,
    "entry_timestamp": "2025-11-05T13:58:38.228",
    "not_before": "2025-11-05T13:00:05",
    "not_after": "2026-02-03T13:00:04",
    "serial_number": "05d917b23100e68641198d5ca0679baf8cba",
    "result_count": 1
  },
  {
    "issuer_ca_id": 295816,
    "issuer_name": "C=US, O=Let's Encrypt, CN=R12",
    "name_value": "intranet.im.ntu.edu.tw",
    "id": 22229219533,
    "entry_timestamp": "2025-11-05T13:58:35.814",
    "not_before": "2025-11-05T13:00:05",
    "not_after": "2026-02-03T13:00:04",
    "serial_number": "05d917b23100e68641198d5ca0679baf8cba",
    "result_count": 1
  },
  {
    "issuer_ca_id": 295817,
    "issuer_name": "C=US, O=Let's Encrypt, CN=R13",
    "name_value": "admission.im.ntu.edu.tw",
    "id": 22228936797,
    "entry_timestamp": "2025-11-05T13:41:54.3",
    "not_before": "2025-11-05T12:43:23",
    "not_after": "2026-02-03T12:43:22",
    "serial_number": "0539cee6b2adbdcb996c677a8427970af2a8",
    "result_count": 1
  },
  {
    "issuer_ca_id": 295817,
    "issuer_name": "C=US, O=Let's Encrypt, CN=R13",
    "name_value": "admission.im.ntu.edu.tw",
    "id": 22228909821,
    "entry_timestamp": "2025-11-05T13:41:53.986",
    "not_before": "2025-11-05T12:43:23",
    "not_after": "2026-02-03T12:43:22",
    "serial_number": "0539cee6b2adbdcb996c677a8427970af2a8",
    "result_count": 1
  },
  {
    "issuer_ca_id": 295817,
    "issuer_name": "C=US, O=Let's Encrypt, CN=R13",
    "name_value": "intranet.im.ntu.edu.tw",
    "id": 22228935590,
    "entry_timestamp": "2025-11-05T13:41:34.552",
    "not_before": "2025-11-05T12:43:04",
    "not_after": "2026-02-03T12:43:03",
    "serial_number": "0514a02af77489338789060e2972dc5a51e4",
    "result_count": 1
  },
  {
    "issuer_ca_id": 295817,
    "issuer_name": "C=US, O=Let's Encrypt, CN=R13",
    "name_value": "intranet.im.ntu.edu.tw",
    "id": 22228936760,
    "entry_timestamp": "2025-11-05T13:41:34.169",
    "not_before": "2025-11-05T12:43:04",
    "not_after": "2026-02-03T12:43:03",
    "serial_number": "0514a02af77489338789060e2972dc5a51e4",
    "result_count": 1
  },
  {
    "issuer_ca_id": 295816,
    "issuer_name": "C=US, O=Let's Encrypt, CN=R12",
    "name_value": "theses.im.ntu.edu.tw",
    "id": 22228079021,
    "entry_timestamp": "2025-11-05T12:57:37.706",
    "not_before": "2025-11-05T11:59:05",
    "not_after": "2026-02-03T11:59:04",
    "serial_number": "06c6addc92a88d70512fbd47f530e342de6e",
    "result_count": 1
  },
  {
    "issuer_ca_id": 295816,
    "issuer_name": "C=US, O=Let's Encrypt, CN=R12",
    "name_value": "theses.im.ntu.edu.tw",
    "id": 22228081384,
    "entry_timestamp": "2025-11-05T12:57:35.365",
    "not_before": "2025-11-05T11:59:05",
    "not_after": "2026-02-03T11:59:04",
    "serial_number": "06c6addc92a88d70512fbd47f530e342de6e",
    "result_count": 1
  },
  {
    "issuer_ca_id": 295816,
    "issuer_name": "C=US, O=Let's Encrypt, CN=R12",
    "name_value": "theses.im.ntu.edu.tw",
    "id": 22227733112,
    "entry_timestamp": "2025-11-05T12:40:27.086",
    "not_before": "2025-11-05T11:41:56",
    "not_after": "2026-02-03T11:41:55",
    "serial_number": "0539ad6c4f1bcdd46a71e0949be0b834f399",
    "result_count": 1
  },
  {
    "issuer_ca_id": 295816,
    "issuer_name": "C=US, O=Let's Encrypt, CN=R12",
    "name_value": "theses.im.ntu.edu.tw",
    "id": 22227728213,
    "entry_timestamp": "2025-11-05T12:40:26.758",
    "not_before": "2025-11-05T11:41:56",
    "not_after": "2026-02-03T11:41:55",
    "serial_number": "0539ad6c4f1bcdd46a71e0949be0b834f399",
    "result_count": 1
  },
  {
    "issuer_ca_id": 295816,
    "issuer_name": "C=US, O=Let's Encrypt, CN=R12",
    "name_value": "www.me.ntu.edu.tw",
    "id": 22225349091,
    "entry_timestamp": "2025-11-05T10:37:41.747",
    "not_before": "2025-11-05T09:39:11",
    "not_after": "2026-02-03T09:39:10",
    "serial_number": "0688cac99c25ff6ec6af76b317e83022dfdb",
    "result_count": 1
  },
  {
    "issuer_ca_id": 295816,
    "issuer_name": "C=US, O=Let's Encrypt, CN=R12",
    "name_value": "www.me.ntu.edu.tw",
    "id": 22225330027,
    "entry_timestamp": "2025-11-05T10:37:41.459",
    "not_before": "2025-11-05T09:39:11",
    "not_after": "2026-02-03T09:39:10",
    "serial_number": "0688cac99c25ff6ec6af76b317e83022dfdb",
    "result_count": 1
  },
  {
    "issuer_ca_id": 286244,
    "issuer_name": "C=US, O=Google Trust Services, CN=WR3",
    "name_value": "mdr3.ntu.edu.tw",
    "id": 22225197415,
    "entry_timestamp": "2025-11-05T10:31:12.406",
    "not_before": "2025-11-05T09:31:11",
    "not_after": "2026-02-03T10:21:43",
    "serial_number": "00c450234c5778d2de0a3846fec80f0938",
    "result_count": 1
  },
  {
    "issuer_ca_id": 295816,
    "issuer_name": "C=US, O=Let's Encrypt, CN=R12",
    "name_value": "www.me.ntu.edu.tw",
    "id": 22225061716,
    "entry_timestamp": "2025-11-05T10:24:43.513",
    "not_before": "2025-11-05T09:26:13",
    "not_after": "2026-02-03T09:26:12",
    "serial_number": "05027b299ec4236b97fbb81dcb82e904adf0",
    "result_count": 1
  },
  {
    "issuer_ca_id": 295816,
    "issuer_name": "C=US, O=Let's Encrypt, CN=R12",
    "name_value": "www.me.ntu.edu.tw",
    "id": 22225059418,
    "entry_timestamp": "2025-11-05T10:24:43.3",
    "not_before": "2025-11-05T09:26:13",
    "not_after": "2026-02-03T09:26:12",
    "serial_number": "05027b299ec4236b97fbb81dcb82e904adf0",
    "result_count": 1
  },
  {
    "issuer_ca_id": 295817,
    "issuer_name": "C=US, O=Let's Encrypt, CN=R13",
    "name_value": "www.me.ntu.edu.tw",
    "id": 22224988267,
    "entry_timestamp": "2025-11-05T10:19:35.871",
    "not_before": "2025-11-05T09:21:05",
    "not_after": "2026-02-03T09:21:04",
    "serial_number": "05288daec697ea628dee1ccfddd7cc4d7fac",
    "result_count": 1
  },
  {
    "issuer_ca_id": 295817,
    "issuer_name": "C=US, O=Let's Encrypt, CN=R13",
    "name_value": "www.me.ntu.edu.tw",
    "id": 22224988375,
    "entry_timestamp": "2025-11-05T10:19:35.618",
    "not_before": "2025-11-05T09:21:05",
    "not_after": "2026-02-03T09:21:04",
    "serial_number": "05288daec697ea628dee1ccfddd7cc4d7fac",
    "result_count": 1
  },
  {
    "issuer_ca_id": 295816,
    "issuer_name": "C=US, O=Let's Encrypt, CN=R12",
    "name_value": "www.me.ntu.edu.tw",
    "id": 22224888221,
    "entry_timestamp": "2025-11-05T10:15:09.138",
    "not_before": "2025-11-05T09:16:38",
    "not_after": "2026-02-03T09:16:37",
    "serial_number": "05aaf79740dc8d8e16057ab86770e66e58c3",
    "result_count": 1
  },
  {
    "issuer_ca_id": 295816,
    "issuer_name": "C=US, O=Let's Encrypt, CN=R12",
    "name_value": "www.me.ntu.edu.tw",
    "id": 22224886871,
    "entry_timestamp": "2025-11-05T10:15:08.952",
    "not_before": "2025-11-05T09:16:38",
    "not_after": "2026-02-03T09:16:37",
    "serial_number": "05aaf79740dc8d8e16057ab86770e66e58c3",
    "result_count": 1
  },
  {
    "issuer_ca_id": 295816,
    "issuer_name": "C=US, O=Let's Encrypt, CN=R12",
    "name_value": "pages.im.ntu.edu.tw",
    "id": 22224497536,
    "entry_timestamp": "2025-11-05T09:56:04.499",
    "not_before": "2025-11-05T08:57:34",
    "not_after": "2026-02-03T08:57:33",
    "serial_number": "06f9e3969fa3fd923b9c8f45368e2f775e07",
    "result_count": 1
  },
  {
    "issuer_ca_id": 295816,
    "issuer_name": "C=US, O=Let's Encrypt, CN=R12",
    "name_value": "pages.im.ntu.edu.tw",
    "id": 22224497415,
    "entry_timestamp": "2025-11-05T09:56:04.233",
    "not_before": "2025-11-05T08:57:34",
    "not_after": "2026-02-03T08:57:33",
    "serial_number": "06f9e3969fa3fd923b9c8f45368e2f775e07",
    "result_count": 1
  },
  {
    "issuer_ca_id": 295817,
    "issuer_name": "C=US, O=Let's Encrypt, CN=R13",
    "name_value": "admin.print.im.ntu.edu.tw",
    "id": 22224489038,
    "entry_timestamp": "2025-11-05T09:55:38.428",
    "not_before": "2025-11-05T08:57:08",
    "not_after": "2026-02-03T08:57:07",
    "serial_number": "061cc88c7aeb5c3ef7fc1ac97642149301f6",
    "result_count": 1
  },
  {
    "issuer_ca_id": 295817,
    "issuer_name": "C=US, O=Let's Encrypt, CN=R13",
    "name_value": "admin.print.im.ntu.edu.tw",
    "id": 22224492606,
    "entry_timestamp": "2025-11-05T09:55:38.187",
    "not_before": "2025-11-05T08:57:08",
    "not_after": "2026-02-03T08:57:07",
    "serial_number": "061cc88c7aeb5c3ef7fc1ac97642149301f6",
    "result_count": 1
  },
  {
    "issuer_ca_id": 295817,
    "issuer_name": "C=US, O=Let's Encrypt, CN=R13",
    "name_value": "print.im.ntu.edu.tw",
    "id": 22224487438,
    "entry_timestamp": "2025-11-05T09:55:27.042",
    "not_before": "2025-11-05T08:56:56",
    "not_after": "2026-02-03T08:56:55",
    "serial_number": "0528af41ffa3940a1e4192a13802d608bce4",
    "result_count": 1
  },
  {
    "issuer_ca_id": 295817,
    "issuer_name": "C=US, O=Let's Encrypt, CN=R13",
    "name_value": "print.im.ntu.edu.tw",
    "id": 22224490093,
    "entry_timestamp": "2025-11-05T09:55:26.717",
    "not_before": "2025-11-05T08:56:56",
    "not_after": "2026-02-03T08:56:55",
    "serial_number": "0528af41ffa3940a1e4192a13802d608bce4",
    "result_count": 1
  },
  {
    "issuer_ca_id": 295816,
    "issuer_name": "C=US, O=Let's Encrypt, CN=R12",
    "name_value": "www.me.ntu.edu.tw",
    "id": 22224365349,
    "entry_timestamp": "2025-11-05T09:48:18.396",
    "not_before": "2025-11-05T08:49:46",
    "not_after": "2026-02-03T08:49:45",
    "serial_number": "067adb4492ae2fd99446cb9740e7591c0599",
    "result_count": 1
  },
  {
    "issuer_ca_id": 295816,
    "issuer_name": "C=US, O=Let's Encrypt, CN=R12",
    "name_value": "www.me.ntu.edu.tw",
    "id": 22224361534,
    "entry_timestamp": "2025-11-05T09:48:16.278",
    "not_before": "2025-11-05T08:49:46",
    "not_after": "2026-02-03T08:49:45",
    "serial_number": "067adb4492ae2fd99446cb9740e7591c0599",
    "result_count": 1
  },
  {
    "issuer_ca_id": 295816,
    "issuer_name": "C=US, O=Let's Encrypt, CN=R12",
    "name_value": "pages.im.ntu.edu.tw",
    "id": 22224187148,
    "entry_timestamp": "2025-11-05T09:39:06.961",
    "not_before": "2025-11-05T08:40:36",
    "not_after": "2026-02-03T08:40:35",
    "serial_number": "05b189b31109a6682216e0be34d3af311a7f",
    "result_count": 1
  },
  {
    "issuer_ca_id": 295816,
    "issuer_name": "C=US, O=Let's Encrypt, CN=R12",
    "name_value": "pages.im.ntu.edu.tw",
    "id": 22224184922,
    "entry_timestamp": "2025-11-05T09:39:06.798",
    "not_before": "2025-11-05T08:40:36",
    "not_after": "2026-02-03T08:40:35",
    "serial_number": "05b189b31109a6682216e0be34d3af311a7f",
    "result_count": 1
  },
  {
    "issuer_ca_id": 295817,
    "issuer_name": "C=US, O=Let's Encrypt, CN=R13",
    "name_value": "admin.print.im.ntu.edu.tw",
    "id": 22224179933,
    "entry_timestamp": "2025-11-05T09:38:33.863",
    "not_before": "2025-11-05T08:40:01",
    "not_after": "2026-02-03T08:40:00",
    "serial_number": "05f6b59f7c8f8b50de52b6cee1ca28955797",
    "result_count": 1
  },
  {
    "issuer_ca_id": 295817,
    "issuer_name": "C=US, O=Let's Encrypt, CN=R13",
    "name_value": "admin.print.im.ntu.edu.tw",
    "id": 22224169702,
    "entry_timestamp": "2025-11-05T09:38:31.663",
    "not_before": "2025-11-05T08:40:01",
    "not_after": "2026-02-03T08:40:00",
    "serial_number": "05f6b59f7c8f8b50de52b6cee1ca28955797",
    "result_count": 1
  },
  {
    "issuer_ca_id": 295816,
    "issuer_name": "C=US, O=Let's Encrypt, CN=R12",
    "name_value": "print.im.ntu.edu.tw",
    "id": 22224188246,
    "entry_timestamp": "2025-11-05T09:38:09.747",
    "not_before": "2025-11-05T08:39:39",
    "not_after": "2026-02-03T08:39:38",
    "serial_number": "05d1a55edbc110c6b345b3c04530182e9fae",
    "result_count": 1
  },
  {
    "issuer_ca_id": 295816,
    "issuer_name": "C=US, O=Let's Encrypt, CN=R12",
    "name_value": "print.im.ntu.edu.tw",
    "id": 22224188253,
    "entry_timestamp": "2025-11-05T09:38:09.413",
    "not_before": "2025-11-05T08:39:39",
    "not_after": "2026-02-03T08:39:38",
    "serial_number": "05d1a55edbc110c6b345b3c04530182e9fae",
    "result_count": 1
  },
  {
    "issuer_ca_id": 295817,
    "issuer_name": "C=US, O=Let's Encrypt, CN=R13",
    "name_value": "rain.as.ntu.edu.tw",
    "id": 22221934027,
    "entry_timestamp": "2025-11-05T07:42:33.015",
    "not_before": "2025-11-05T06:44:02",
    "not_after": "2026-02-03T06:44:01",
    "serial_number": "05a404da1bedcd7b9a7ceb804bab5a2b5796",
    "result_count": 1
  },
  {
    "issuer_ca_id": 295817,
    "issuer_name": "C=US, O=Let's Encrypt, CN=R13",
    "name_value": "rain.as.ntu.edu.tw",
    "id": 22221933971,
    "entry_timestamp": "2025-11-05T07:42:32.812",
    "not_before": "2025-11-05T06:44:02",
    "not_after": "2026-02-03T06:44:01",
    "serial_number": "05a404da1bedcd7b9a7ceb804bab5a2b5796",
    "result_count": 1
  },
  {
    "issuer_ca_id": 295809,
    "issuer_name": "C=US, O=Let's Encrypt, CN=E8",
    "name_value": "pc201.ee.ntu.edu.tw",
    "id": 22219160200,
    "entry_timestamp": "2025-11-05T05:08:50.342",
    "not_before": "2025-11-05T04:10:20",
    "not_after": "2026-02-03T04:10:19",
    "serial_number": "06d9a202e1a0ff7b392c898db0ab67a45e1a",
    "result_count": 1
  },
  {
    "issuer_ca_id": 295809,
    "issuer_name": "C=US, O=Let's Encrypt, CN=E8",
    "name_value": "pc201.ee.ntu.edu.tw",
    "id": 22219165517,
    "entry_timestamp": "2025-11-05T05:08:50.087",
    "not_before": "2025-11-05T04:10:20",
    "not_after": "2026-02-03T04:10:19",
    "serial_number": "06d9a202e1a0ff7b392c898db0ab67a45e1a",
    "result_count": 1
  },
  {
    "issuer_ca_id": 295817,
    "issuer_name": "C=US, O=Let's Encrypt, CN=R13",
    "name_value": "robotlab.csie.ntu.edu.tw",
    "id": 22214926019,
    "entry_timestamp": "2025-11-05T01:24:03.225",
    "not_before": "2025-11-05T00:25:32",
    "not_after": "2026-02-03T00:25:31",
    "serial_number": "05cc4ea4c1e2e443340d2e1a9f83c4357550",
    "result_count": 1
  },
  {
    "issuer_ca_id": 295817,
    "issuer_name": "C=US, O=Let's Encrypt, CN=R13",
    "name_value": "robotlab.csie.ntu.edu.tw",
    "id": 22214917203,
    "entry_timestamp": "2025-11-05T01:24:02.993",
    "not_before": "2025-11-05T00:25:32",
    "not_after": "2026-02-03T00:25:31",
    "serial_number": "05cc4ea4c1e2e443340d2e1a9f83c4357550",
    "result_count": 1
  },
  {
    "issuer_ca_id": 295813,
    "issuer_name": "C=US, O=Let's Encrypt, CN=E7",
    "name_value": "bio.odb.ntu.edu.tw",
    "id": 22199097583,
    "entry_timestamp": "2025-11-04T11:07:48.32",
    "not_before": "2025-11-04T10:09:17",
    "not_after": "2026-02-02T10:09:16",
    "serial_number": "0514fa9f22ca129fc920a9a194222e46996f",
    "result_count": 1
  },
  {
    "issuer_ca_id": 295813,
    "issuer_name": "C=US, O=Let's Encrypt, CN=E7",
    "name_value": "bio.odb.ntu.edu.tw",
    "id": 22199100740,
    "entry_timestamp": "2025-11-04T11:07:47.951",
    "not_before": "2025-11-04T10:09:17",
    "not_after": "2026-02-02T10:09:16",
    "serial_number": "0514fa9f22ca129fc920a9a194222e46996f",
    "result_count": 1
  },
  {
    "issuer_ca_id": 295817,
    "issuer_name": "C=US, O=Let's Encrypt, CN=R13",
    "name_value": "twph-vote.ntu.edu.tw",
    "id": 22198510686,
    "entry_timestamp": "2025-11-04T10:31:41.759",
    "not_before": "2025-11-04T09:33:11",
    "not_after": "2026-02-02T09:33:10",
    "serial_number": "051f82f048268cb68813a6308f14bb7c9824",
    "result_count": 1
  },
  {
    "issuer_ca_id": 295817,
    "issuer_name": "C=US, O=Let's Encrypt, CN=R13",
    "name_value": "twph-vote.ntu.edu.tw",
    "id": 22198512251,
    "entry_timestamp": "2025-11-04T10:31:41.386",
    "not_before": "2025-11-04T09:33:11",
    "not_after": "2026-02-02T09:33:10",
    "serial_number": "051f82f048268cb68813a6308f14bb7c9824",
    "result_count": 1
  },
  {
    "issuer_ca_id": 286236,
    "issuer_name": "C=US, O=Google Trust Services, CN=WE1",
    "name_value": "announcement.dlc.ntu.edu.tw",
    "id": 22198262878,
    "entry_timestamp": "2025-11-04T10:15:08.795",
    "not_before": "2025-11-04T09:15:08",
    "not_after": "2026-02-02T10:15:00",
    "serial_number": "40ba95ee1ee39dfb13bdf998eafe6fe2",
    "result_count": 1
  },
  {
    "issuer_ca_id": 286242,
    "issuer_name": "C=US, O=Google Trust Services, CN=WR1",
    "name_value": "announcement.dlc.ntu.edu.tw",
    "id": 22198258777,
    "entry_timestamp": "2025-11-04T10:14:54.622",
    "not_before": "2025-11-04T09:14:53",
    "not_after": "2026-02-02T10:13:39",
    "serial_number": "4a494fbc61f235d811ea46f0ac9b304a",
    "result_count": 1
  },
  {
    "issuer_ca_id": 295816,
    "issuer_name": "C=US, O=Let's Encrypt, CN=R12",
    "name_value": "ctld.ntu.edu.tw",
    "id": 22196575734,
    "entry_timestamp": "2025-11-04T08:18:55.489",
    "not_before": "2025-11-04T07:20:25",
    "not_after": "2026-02-02T07:20:24",
    "serial_number": "064c7c652c660a680c5d639b1c7a62bc25f3",
    "result_count": 1
  },
  {
    "issuer_ca_id": 295816,
    "issuer_name": "C=US, O=Let's Encrypt, CN=R12",
    "name_value": "ctld.ntu.edu.tw",
    "id": 22196574804,
    "entry_timestamp": "2025-11-04T08:18:55.343",
    "not_before": "2025-11-04T07:20:25",
    "not_after": "2026-02-02T07:20:24",
    "serial_number": "064c7c652c660a680c5d639b1c7a62bc25f3",
    "result_count": 1
  },
  {
    "issuer_ca_id": 295816,
    "issuer_name": "C=US, O=Let's Encrypt, CN=R12",
    "name_value": "globalalumni.ntu.edu.tw",
    "id": 22195513540,
    "entry_timestamp": "2025-11-04T07:06:35.342",
    "not_before": "2025-11-04T06:08:04",
    "not_after": "2026-02-02T06:08:03",
    "serial_number": "068dad46917e20ca40aa7870ac73a3a3db7f",
    "result_count": 1
  },
  {
    "issuer_ca_id": 295816,
    "issuer_name": "C=US, O=Let's Encrypt, CN=R12",
    "name_value": "globalalumni.ntu.edu.tw",
    "id": 22195514531,
    "entry_timestamp": "2025-11-04T07:06:35.025",
    "not_before": "2025-11-04T06:08:04",
    "not_after": "2026-02-02T06:08:03",
    "serial_number": "068dad46917e20ca40aa7870ac73a3a3db7f",
    "result_count": 1
  },
  {
    "issuer_ca_id": 295813,
    "issuer_name": "C=US, O=Let's Encrypt, CN=E7",
    "name_value": "typhoon.as.ntu.edu.tw",
    "id": 22194968383,
    "entry_timestamp": "2025-11-04T06:29:58.457",
    "not_before": "2025-11-04T05:31:28",
    "not_after": "2026-02-02T05:31:27",
    "serial_number": "0656f9192d919c7c7b1100772081fad420ea",
    "result_count": 1
  },
  {
    "issuer_ca_id": 295813,
    "issuer_name": "C=US, O=Let's Encrypt, CN=E7",
    "name_value": "typhoon.as.ntu.edu.tw",
    "id": 22194977596,
    "entry_timestamp": "2025-11-04T06:29:58.188",
    "not_before": "2025-11-04T05:31:28",
    "not_after": "2026-02-02T05:31:27",
    "serial_number": "0656f9192d919c7c7b1100772081fad420ea",
    "result_count": 1
  },
  {
    "issuer_ca_id": 295813,
    "issuer_name": "C=US, O=Let's Encrypt, CN=E7",
    "name_value": "api.odb.ntu.edu.tw",
    "id": 22191453017,
    "entry_timestamp": "2025-11-04T02:38:20.501",
    "not_before": "2025-11-04T01:39:49",
    "not_after": "2026-02-02T01:39:48",
    "serial_number": "0547607290547b22cab59f3330e5083acd25",
    "result_count": 1
  },
  {
    "issuer_ca_id": 295813,
    "issuer_name": "C=US, O=Let's Encrypt, CN=E7",
    "name_value": "api.odb.ntu.edu.tw",
    "id": 22191448552,
    "entry_timestamp": "2025-11-04T02:38:20.109",
    "not_before": "2025-11-04T01:39:49",
    "not_after": "2026-02-02T01:39:48",
    "serial_number": "0547607290547b22cab59f3330e5083acd25",
    "result_count": 1
  },
  {
    "issuer_ca_id": 286244,
    "issuer_name": "C=US, O=Google Trust Services, CN=WR3",
    "name_value": "www.ntuaal.ee.ntu.edu.tw",
    "id": 22188517711,
    "entry_timestamp": "2025-11-03T23:13:29.76",
    "not_before": "2025-11-03T22:13:29",
    "not_after": "2026-02-01T23:04:20",
    "serial_number": "622dfc13bcb4c692124d1a067c15de25",
    "result_count": 1
  },
  {
    "issuer_ca_id": 295817,
    "issuer_name": "C=US, O=Let's Encrypt, CN=R13",
    "name_value": "www.ch.ntu.edu.tw",
    "id": 22187982754,
    "entry_timestamp": "2025-11-03T22:42:23.873",
    "not_before": "2025-11-03T21:43:53",
    "not_after": "2026-02-01T21:43:52",
    "serial_number": "05158e08ed123f294847b3bcc3a24d178db0",
    "result_count": 1
  },
  {
    "issuer_ca_id": 295817,
    "issuer_name": "C=US, O=Let's Encrypt, CN=R13",
    "name_value": "www.ch.ntu.edu.tw",
    "id": 22187981027,
    "entry_timestamp": "2025-11-03T22:42:23.546",
    "not_before": "2025-11-03T21:43:53",
    "not_after": "2026-02-01T21:43:52",
    "serial_number": "05158e08ed123f294847b3bcc3a24d178db0",
    "result_count": 1
  },
  {
    "issuer_ca_id": 295817,
    "issuer_name": "C=US, O=Let's Encrypt, CN=R13",
    "name_value": "nlg14.csie.ntu.edu.tw",
    "id": 22178663670,
    "entry_timestamp": "2025-11-03T11:57:45.657",
    "not_before": "2025-11-03T10:59:15",
    "not_after": "2026-02-01T10:59:14",
    "serial_number": "063f7071c4b015c15d16958f67a8d0afcf15",
    "result_count": 1
  },
  {
    "issuer_ca_id": 295817,
    "issuer_name": "C=US, O=Let's Encrypt, CN=R13",
    "name_value": "nlg14.csie.ntu.edu.tw",
    "id": 22178664981,
    "entry_timestamp": "2025-11-03T11:57:45.507",
    "not_before": "2025-11-03T10:59:15",
    "not_after": "2026-02-01T10:59:14",
    "serial_number": "063f7071c4b015c15d16958f67a8d0afcf15",
    "result_count": 1
  },
  {
    "issuer_ca_id": 295817,
    "issuer_name": "C=US, O=Let's Encrypt, CN=R13",
    "name_value": "catd.cph.ntu.edu.tw",
    "id": 22175487383,
    "entry_timestamp": "2025-11-03T08:03:19.064",
    "not_before": "2025-11-03T07:04:46",
    "not_after": "2026-02-01T07:04:45",
    "serial_number": "067467c01ef1b8f2f6d486af411a698d20bc",
    "result_count": 1
  },
  {
    "issuer_ca_id": 295817,
    "issuer_name": "C=US, O=Let's Encrypt, CN=R13",
    "name_value": "catd.cph.ntu.edu.tw",
    "id": 22175486688,
    "entry_timestamp": "2025-11-03T08:03:16.969",
    "not_before": "2025-11-03T07:04:46",
    "not_after": "2026-02-01T07:04:45",
    "serial_number": "067467c01ef1b8f2f6d486af411a698d20bc",
    "result_count": 1
  },
  {
    "issuer_ca_id": 295817,
    "issuer_name": "C=US, O=Let's Encrypt, CN=R13",
    "name_value": "ntusod.mc.ntu.edu.tw",
    "id": 22175236150,
    "entry_timestamp": "2025-11-03T07:46:49.515",
    "not_before": "2025-11-03T06:48:19",
    "not_after": "2026-02-01T06:48:18",
    "serial_number": "06e05bd34e0601ccf9163655c34e1ef00668",
    "result_count": 1
  },
  {
    "issuer_ca_id": 295817,
    "issuer_name": "C=US, O=Let's Encrypt, CN=R13",
    "name_value": "ntusod.mc.ntu.edu.tw",
    "id": 22175236256,
    "entry_timestamp": "2025-11-03T07:46:49.381",
    "not_before": "2025-11-03T06:48:19",
    "not_after": "2026-02-01T06:48:18",
    "serial_number": "06e05bd34e0601ccf9163655c34e1ef00668",
    "result_count": 1
  },
  {
    "issuer_ca_id": 295816,
    "issuer_name": "C=US, O=Let's Encrypt, CN=R12",
    "name_value": "insight.ntu.edu.tw",
    "id": 22174742666,
    "entry_timestamp": "2025-11-03T07:12:33.821",
    "not_before": "2025-11-03T06:14:03",
    "not_after": "2026-02-01T06:14:02",
    "serial_number": "053c4df66731691e8a56125ada0c3c4dd799",
    "result_count": 1
  },
  {
    "issuer_ca_id": 295816,
    "issuer_name": "C=US, O=Let's Encrypt, CN=R12",
    "name_value": "insight.ntu.edu.tw",
    "id": 22174742685,
    "entry_timestamp": "2025-11-03T07:12:33.608",
    "not_before": "2025-11-03T06:14:03",
    "not_after": "2026-02-01T06:14:02",
    "serial_number": "053c4df66731691e8a56125ada0c3c4dd799",
    "result_count": 1
  },
  {
    "issuer_ca_id": 295816,
    "issuer_name": "C=US, O=Let's Encrypt, CN=R12",
    "name_value": "ntusod.mc.ntu.edu.tw",
    "id": 22173846131,
    "entry_timestamp": "2025-11-03T06:08:31.554",
    "not_before": "2025-11-03T05:10:01",
    "not_after": "2026-02-01T05:10:00",
    "serial_number": "06d9a9457101fedcd70180a95be35ced4258",
    "result_count": 1
  },
  {
    "issuer_ca_id": 295816,
    "issuer_name": "C=US, O=Let's Encrypt, CN=R12",
    "name_value": "ntusod.mc.ntu.edu.tw",
    "id": 22173846078,
    "entry_timestamp": "2025-11-03T06:08:31.32",
    "not_before": "2025-11-03T05:10:01",
    "not_after": "2026-02-01T05:10:00",
    "serial_number": "06d9a9457101fedcd70180a95be35ced4258",
    "result_count": 1
  },
  {
    "issuer_ca_id": 295817,
    "issuer_name": "C=US, O=Let's Encrypt, CN=R13",
    "name_value": "pharmacyedu.mc.ntu.edu.tw",
    "id": 22172201206,
    "entry_timestamp": "2025-11-03T04:11:06.08",
    "not_before": "2025-11-03T03:12:35",
    "not_after": "2026-02-01T03:12:34",
    "serial_number": "05867f1d68fa804b212d0d51fbe0f38e9cd7",
    "result_count": 1
  },
  {
    "issuer_ca_id": 295817,
    "issuer_name": "C=US, O=Let's Encrypt, CN=R13",
    "name_value": "pharmacyedu.mc.ntu.edu.tw",
    "id": 22172195781,
    "entry_timestamp": "2025-11-03T04:11:05.873",
    "not_before": "2025-11-03T03:12:35",
    "not_after": "2026-02-01T03:12:34",
    "serial_number": "05867f1d68fa804b212d0d51fbe0f38e9cd7",
    "result_count": 1
  },
  {
    "issuer_ca_id": 295817,
    "issuer_name": "C=US, O=Let's Encrypt, CN=R13",
    "name_value": "www.alumni.ntu.edu.tw",
    "id": 22170707909,
    "entry_timestamp": "2025-11-03T02:27:07.491",
    "not_before": "2025-11-03T01:28:37",
    "not_after": "2026-02-01T01:28:36",
    "serial_number": "05d22bed02afa29c1f19c421dffb3ac42a97",
    "result_count": 1
  },
  {
    "issuer_ca_id": 295817,
    "issuer_name": "C=US, O=Let's Encrypt, CN=R13",
    "name_value": "www.alumni.ntu.edu.tw",
    "id": 22170706882,
    "entry_timestamp": "2025-11-03T02:27:07.292",
    "not_before": "2025-11-03T01:28:37",
    "not_after": "2026-02-01T01:28:36",
    "serial_number": "05d22bed02afa29c1f19c421dffb3ac42a97",
    "result_count": 1
  },
  {
    "issuer_ca_id": 295813,
    "issuer_name": "C=US, O=Let's Encrypt, CN=E7",
    "name_value": "mtkntu.ntu.edu.tw",
    "id": 22169297355,
    "entry_timestamp": "2025-11-03T00:45:35.383",
    "not_before": "2025-11-02T23:47:05",
    "not_after": "2026-01-31T23:47:04",
    "serial_number": "0548f994ed45394f638a8795dbb63bbba469",
    "result_count": 1
  },
  {
    "issuer_ca_id": 295813,
    "issuer_name": "C=US, O=Let's Encrypt, CN=E7",
    "name_value": "mtkntu.ntu.edu.tw",
    "id": 22169295526,
    "entry_timestamp": "2025-11-03T00:45:35.206",
    "not_before": "2025-11-02T23:47:05",
    "not_after": "2026-01-31T23:47:04",
    "serial_number": "0548f994ed45394f638a8795dbb63bbba469",
    "result_count": 1
  },
  {
    "issuer_ca_id": 295817,
    "issuer_name": "C=US, O=Let's Encrypt, CN=R13",
    "name_value": "mtkntu.ntu.edu.tw",
    "id": 22169297219,
    "entry_timestamp": "2025-11-03T00:45:27.311",
    "not_before": "2025-11-02T23:46:56",
    "not_after": "2026-01-31T23:46:55",
    "serial_number": "056a6d42d5bc6bf0f82a8c6c2fe38c97cee6",
    "result_count": 1
  },
  {
    "issuer_ca_id": 295817,
    "issuer_name": "C=US, O=Let's Encrypt, CN=R13",
    "name_value": "mtkntu.ntu.edu.tw",
    "id": 22169294042,
    "entry_timestamp": "2025-11-03T00:45:27.024",
    "not_before": "2025-11-02T23:46:56",
    "not_after": "2026-01-31T23:46:55",
    "serial_number": "056a6d42d5bc6bf0f82a8c6c2fe38c97cee6",
    "result_count": 1
  },
  {
    "issuer_ca_id": 295816,
    "issuer_name": "C=US, O=Let's Encrypt, CN=R12",
    "name_value": "www.alumni.ntu.edu.tw",
    "id": 22166939073,
    "entry_timestamp": "2025-11-02T21:51:40.749",
    "not_before": "2025-11-02T20:53:10",
    "not_after": "2026-01-31T20:53:09",
    "serial_number": "052978e1f1a7ec14793779ec9dacdbbc05cf",
    "result_count": 1
  },
  {
    "issuer_ca_id": 295816,
    "issuer_name": "C=US, O=Let's Encrypt, CN=R12",
    "name_value": "www.alumni.ntu.edu.tw",
    "id": 22166941956,
    "entry_timestamp": "2025-11-02T21:51:40.552",
    "not_before": "2025-11-02T20:53:10",
    "not_after": "2026-01-31T20:53:09",
    "serial_number": "052978e1f1a7ec14793779ec9dacdbbc05cf",
    "result_count": 1
  },
  {
    "issuer_ca_id": 295813,
    "issuer_name": "C=US, O=Let's Encrypt, CN=E7",
    "name_value": "rcfben.bioagri.ntu.edu.tw",
    "id": 22164697303,
    "entry_timestamp": "2025-11-02T19:11:31.418",
    "not_before": "2025-11-02T18:13:01",
    "not_after": "2026-01-31T18:13:00",
    "serial_number": "06395ac419be2b3f8947b9c1cd06ea9360c4",
    "result_count": 1
  },
  {
    "issuer_ca_id": 295813,
    "issuer_name": "C=US, O=Let's Encrypt, CN=E7",
    "name_value": "rcfben.bioagri.ntu.edu.tw",
    "id": 22164699360,
    "entry_timestamp": "2025-11-02T19:11:31.149",
    "not_before": "2025-11-02T18:13:01",
    "not_after": "2026-01-31T18:13:00",
    "serial_number": "06395ac419be2b3f8947b9c1cd06ea9360c4",
    "result_count": 1
  },
  {
    "issuer_ca_id": 295813,
    "issuer_name": "C=US, O=Let's Encrypt, CN=E7",
    "name_value": "rcfb.bioagri.ntu.edu.tw",
    "id": 22164694495,
    "entry_timestamp": "2025-11-02T19:11:15.402",
    "not_before": "2025-11-02T18:12:45",
    "not_after": "2026-01-31T18:12:44",
    "serial_number": "063f9c30939d026fc8caf0bde18c57357176",
    "result_count": 1
  },
  {
    "issuer_ca_id": 295813,
    "issuer_name": "C=US, O=Let's Encrypt, CN=E7",
    "name_value": "rcfb.bioagri.ntu.edu.tw",
    "id": 22164674262,
    "entry_timestamp": "2025-11-02T19:11:15.256",
    "not_before": "2025-11-02T18:12:45",
    "not_after": "2026-01-31T18:12:44",
    "serial_number": "063f9c30939d026fc8caf0bde18c57357176",
    "result_count": 1
  },
  {
    "issuer_ca_id": 295813,
    "issuer_name": "C=US, O=Let's Encrypt, CN=E7",
    "name_value": "ncfser.ntu.edu.tw",
    "id": 22164693908,
    "entry_timestamp": "2025-11-02T19:10:49.47",
    "not_before": "2025-11-02T18:12:19",
    "not_after": "2026-01-31T18:12:18",
    "serial_number": "06fc48a515d81a5b7d66247453a7a83c847a",
    "result_count": 1
  },
  {
    "issuer_ca_id": 295813,
    "issuer_name": "C=US, O=Let's Encrypt, CN=E7",
    "name_value": "ncfser.ntu.edu.tw",
    "id": 22164669843,
    "entry_timestamp": "2025-11-02T19:10:49.331",
    "not_before": "2025-11-02T18:12:19",
    "not_after": "2026-01-31T18:12:18",
    "serial_number": "06fc48a515d81a5b7d66247453a7a83c847a",
    "result_count": 1
  },
  {
    "issuer_ca_id": 295816,
    "issuer_name": "C=US, O=Let's Encrypt, CN=R12",
    "name_value": "rx.mc.ntu.edu.tw",
    "id": 22159800870,
    "entry_timestamp": "2025-11-02T13:12:05.187",
    "not_before": "2025-11-02T12:13:34",
    "not_after": "2026-01-31T12:13:33",
    "serial_number": "0639dcfe3a411631dd99c2a1661ef819db8d",
    "result_count": 1
  },
  {
    "issuer_ca_id": 295816,
    "issuer_name": "C=US, O=Let's Encrypt, CN=R12",
    "name_value": "rx.mc.ntu.edu.tw",
    "id": 22159801505,
    "entry_timestamp": "2025-11-02T13:12:04.948",
    "not_before": "2025-11-02T12:13:34",
    "not_after": "2026-01-31T12:13:33",
    "serial_number": "0639dcfe3a411631dd99c2a1661ef819db8d",
    "result_count": 1
  },
  {
    "issuer_ca_id": 295816,
    "issuer_name": "C=US, O=Let's Encrypt, CN=R12",
    "name_value": "sp.mc.ntu.edu.tw",
    "id": 22154256646,
    "entry_timestamp": "2025-11-02T07:12:48.752",
    "not_before": "2025-11-02T06:14:18",
    "not_after": "2026-01-31T06:14:17",
    "serial_number": "05507053235ccb65e1bd00bd78397108a223",
    "result_count": 1
  },
  {
    "issuer_ca_id": 295816,
    "issuer_name": "C=US, O=Let's Encrypt, CN=R12",
    "name_value": "sp.mc.ntu.edu.tw",
    "id": 22154260906,
    "entry_timestamp": "2025-11-02T07:12:48.371",
    "not_before": "2025-11-02T06:14:18",
    "not_after": "2026-01-31T06:14:17",
    "serial_number": "05507053235ccb65e1bd00bd78397108a223",
    "result_count": 1
  },
  {
    "issuer_ca_id": 295816,
    "issuer_name": "C=US, O=Let's Encrypt, CN=R12",
    "name_value": "bfn.ntu.edu.tw",
    "id": 22149859586,
    "entry_timestamp": "2025-11-02T02:25:40.322",
    "not_before": "2025-11-02T01:27:09",
    "not_after": "2026-01-31T01:27:08",
    "serial_number": "05d58a664877a9c3006b91d9e76624392c70",
    "result_count": 1
  },
  {
    "issuer_ca_id": 295816,
    "issuer_name": "C=US, O=Let's Encrypt, CN=R12",
    "name_value": "bfn.ntu.edu.tw",
    "id": 22149859752,
    "entry_timestamp": "2025-11-02T02:25:40.106",
    "not_before": "2025-11-02T01:27:09",
    "not_after": "2026-01-31T01:27:08",
    "serial_number": "05d58a664877a9c3006b91d9e76624392c70",
    "result_count": 1
  },
  {
    "issuer_ca_id": 295816,
    "issuer_name": "C=US, O=Let's Encrypt, CN=R12",
    "name_value": "ntuio.oc.ntu.edu.tw",
    "id": 22140447175,
    "entry_timestamp": "2025-11-01T15:22:13.459",
    "not_before": "2025-11-01T14:23:43",
    "not_after": "2026-01-30T14:23:42",
    "serial_number": "061a36280582c4871ee4adf1938cde8a724a",
    "result_count": 1
  },
  {
    "issuer_ca_id": 295816,
    "issuer_name": "C=US, O=Let's Encrypt, CN=R12",
    "name_value": "ntuio.oc.ntu.edu.tw",
    "id": 22140424870,
    "entry_timestamp": "2025-11-01T15:22:13.192",
    "not_before": "2025-11-01T14:23:43",
    "not_after": "2026-01-30T14:23:42",
    "serial_number": "061a36280582c4871ee4adf1938cde8a724a",
    "result_count": 1
  },
  {
    "issuer_ca_id": 295817,
    "issuer_name": "C=US, O=Let's Encrypt, CN=R13",
    "name_value": "epaper.mc.ntu.edu.tw",
    "id": 22130621636,
    "entry_timestamp": "2025-11-01T02:53:24.624",
    "not_before": "2025-11-01T01:54:52",
    "not_after": "2026-01-30T01:54:51",
    "serial_number": "057e5fff6aa5593bcd68d2e43f072840bd43",
    "result_count": 1
  },
  {
    "issuer_ca_id": 295817,
    "issuer_name": "C=US, O=Let's Encrypt, CN=R13",
    "name_value": "epaper.mc.ntu.edu.tw",
    "id": 22130607398,
    "entry_timestamp": "2025-11-01T02:53:22.361",
    "not_before": "2025-11-01T01:54:52",
    "not_after": "2026-01-30T01:54:51",
    "serial_number": "057e5fff6aa5593bcd68d2e43f072840bd43",
    "result_count": 1
  },
  {
    "issuer_ca_id": 295816,
    "issuer_name": "C=US, O=Let's Encrypt, CN=R12",
    "name_value": "rd.mc.ntu.edu.tw",
    "id": 22130551688,
    "entry_timestamp": "2025-11-01T02:47:18.985",
    "not_before": "2025-11-01T01:48:48",
    "not_after": "2026-01-30T01:48:47",
    "serial_number": "0598b1bf6387b1ed56004caf1ed7f65badbc",
    "result_count": 1
  },
  {
    "issuer_ca_id": 295816,
    "issuer_name": "C=US, O=Let's Encrypt, CN=R12",
    "name_value": "rd.mc.ntu.edu.tw",
    "id": 22130538891,
    "entry_timestamp": "2025-11-01T02:47:18.793",
    "not_before": "2025-11-01T01:48:48",
    "not_after": "2026-01-30T01:48:47",
    "serial_number": "0598b1bf6387b1ed56004caf1ed7f65badbc",
    "result_count": 1
  },
  {
    "issuer_ca_id": 295817,
    "issuer_name": "C=US, O=Let's Encrypt, CN=R13",
    "name_value": "studyabroad.ntu.edu.tw",
    "id": 22125557563,
    "entry_timestamp": "2025-10-31T19:52:27.524",
    "not_before": "2025-10-31T18:53:56",
    "not_after": "2026-01-29T18:53:55",
    "serial_number": "05ec92d25b277ad5a26b22a7c9fbbc50d3e0",
    "result_count": 1
  },
  {
    "issuer_ca_id": 295817,
    "issuer_name": "C=US, O=Let's Encrypt, CN=R13",
    "name_value": "studyabroad.ntu.edu.tw",
    "id": 22125543491,
    "entry_timestamp": "2025-10-31T19:52:27.213",
    "not_before": "2025-10-31T18:53:56",
    "not_after": "2026-01-29T18:53:55",
    "serial_number": "05ec92d25b277ad5a26b22a7c9fbbc50d3e0",
    "result_count": 1
  },
  {
    "issuer_ca_id": 295816,
    "issuer_name": "C=US, O=Let's Encrypt, CN=R12",
    "name_value": "ochre.gl.ntu.edu.tw",
    "id": 22125008405,
    "entry_timestamp": "2025-10-31T19:04:29.767",
    "not_before": "2025-10-31T18:05:59",
    "not_after": "2026-01-29T18:05:58",
    "serial_number": "05efc9dbfe1103d13c298f14bc3919d50560",
    "result_count": 1
  },
  {
    "issuer_ca_id": 295816,
    "issuer_name": "C=US, O=Let's Encrypt, CN=R12",
    "name_value": "ochre.gl.ntu.edu.tw",
    "id": 22125007695,
    "entry_timestamp": "2025-10-31T19:04:29.448",
    "not_before": "2025-10-31T18:05:59",
    "not_after": "2026-01-29T18:05:58",
    "serial_number": "05efc9dbfe1103d13c298f14bc3919d50560",
    "result_count": 1
  },
  {
    "issuer_ca_id": 295817,
    "issuer_name": "C=US, O=Let's Encrypt, CN=R13",
    "name_value": "www.acc.ntu.edu.tw",
    "id": 22122857928,
    "entry_timestamp": "2025-10-31T16:05:23.001",
    "not_before": "2025-10-31T15:06:52",
    "not_after": "2026-01-29T15:06:51",
    "serial_number": "051a917ae0d811d6a0dff349aa5b3ace03a9",
    "result_count": 1
  },
  {
    "issuer_ca_id": 295817,
    "issuer_name": "C=US, O=Let's Encrypt, CN=R13",
    "name_value": "www.acc.ntu.edu.tw",
    "id": 22122835796,
    "entry_timestamp": "2025-10-31T16:05:22.367",
    "not_before": "2025-10-31T15:06:52",
    "not_after": "2026-01-29T15:06:51",
    "serial_number": "051a917ae0d811d6a0dff349aa5b3ace03a9",
    "result_count": 1
  },
  {
    "issuer_ca_id": 295816,
    "issuer_name": "C=US, O=Let's Encrypt, CN=R12",
    "name_value": "www.eerc.ntu.edu.tw",
    "id": 22121908485,
    "entry_timestamp": "2025-10-31T14:52:44.009",
    "not_before": "2025-10-31T13:54:13",
    "not_after": "2026-01-29T13:54:12",
    "serial_number": "06f0b02e6ab291dad1b04d4d278b8c8e1138",
    "result_count": 1
  },
  {
    "issuer_ca_id": 295816,
    "issuer_name": "C=US, O=Let's Encrypt, CN=R12",
    "name_value": "www.eerc.ntu.edu.tw",
    "id": 22121890799,
    "entry_timestamp": "2025-10-31T14:52:43.894",
    "not_before": "2025-10-31T13:54:13",
    "not_after": "2026-01-29T13:54:12",
    "serial_number": "06f0b02e6ab291dad1b04d4d278b8c8e1138",
    "result_count": 1
  },
  {
    "issuer_ca_id": 286244,
    "issuer_name": "C=US, O=Google Trust Services, CN=WR3",
    "name_value": "colloquium.phys.ntu.edu.tw",
    "id": 22116185629,
    "entry_timestamp": "2025-10-31T07:33:51.27",
    "not_before": "2025-10-31T06:33:50",
    "not_after": "2026-01-29T07:22:20",
    "serial_number": "36a3af3a17fcae4c1005cf1e638298d7",
    "result_count": 1
  },
  {
    "issuer_ca_id": 295816,
    "issuer_name": "C=US, O=Let's Encrypt, CN=R12",
    "name_value": "alcom.ee.ntu.edu.tw",
    "id": 22113668707,
    "entry_timestamp": "2025-10-31T04:09:59.706",
    "not_before": "2025-10-31T03:11:29",
    "not_after": "2026-01-29T03:11:28",
    "serial_number": "06d26ff5a844354f786ae37369b76b2a6c80",
    "result_count": 1
  },
  {
    "issuer_ca_id": 295816,
    "issuer_name": "C=US, O=Let's Encrypt, CN=R12",
    "name_value": "alcom.ee.ntu.edu.tw",
    "id": 22113656246,
    "entry_timestamp": "2025-10-31T04:09:59.474",
    "not_before": "2025-10-31T03:11:29",
    "not_after": "2026-01-29T03:11:28",
    "serial_number": "06d26ff5a844354f786ae37369b76b2a6c80",
    "result_count": 1
  },
  {
    "issuer_ca_id": 295809,
    "issuer_name": "C=US, O=Let's Encrypt, CN=E8",
    "name_value": "biomech.bme.ntu.edu.tw",
    "id": 22113529895,
    "entry_timestamp": "2025-10-31T03:58:24.675",
    "not_before": "2025-10-31T02:59:54",
    "not_after": "2026-01-29T02:59:53",
    "serial_number": "06950ea191934fd76836e8c9fe2f0d4106c1",
    "result_count": 1
  },
  {
    "issuer_ca_id": 295809,
    "issuer_name": "C=US, O=Let's Encrypt, CN=E8",
    "name_value": "biomech.bme.ntu.edu.tw",
    "id": 22113514881,
    "entry_timestamp": "2025-10-31T03:58:24.539",
    "not_before": "2025-10-31T02:59:54",
    "not_after": "2026-01-29T02:59:53",
    "serial_number": "06950ea191934fd76836e8c9fe2f0d4106c1",
    "result_count": 1
  },
  {
    "issuer_ca_id": 295817,
    "issuer_name": "C=US, O=Let's Encrypt, CN=R13",
    "name_value": "dev.comm.ntu.edu.tw",
    "id": 22113108131,
    "entry_timestamp": "2025-10-31T03:17:59.122",
    "not_before": "2025-10-31T02:19:28",
    "not_after": "2026-01-29T02:19:27",
    "serial_number": "05ac64c674cdc2c6b383577fa123eac3a361",
    "result_count": 1
  },
  {
    "issuer_ca_id": 295817,
    "issuer_name": "C=US, O=Let's Encrypt, CN=R13",
    "name_value": "dev.comm.ntu.edu.tw",
    "id": 22113102574,
    "entry_timestamp": "2025-10-31T03:17:58.827",
    "not_before": "2025-10-31T02:19:28",
    "not_after": "2026-01-29T02:19:27",
    "serial_number": "05ac64c674cdc2c6b383577fa123eac3a361",
    "result_count": 1
  },
  {
    "issuer_ca_id": 295817,
    "issuer_name": "C=US, O=Let's Encrypt, CN=R13",
    "name_value": "yvtsai.gpti.ntu.edu.tw",
    "id": 22112686814,
    "entry_timestamp": "2025-10-31T02:39:41.053",
    "not_before": "2025-10-31T01:41:10",
    "not_after": "2026-01-29T01:41:09",
    "serial_number": "05905ef5282f14dca04f3fd61ff60272460e",
    "result_count": 1
  },
  {
    "issuer_ca_id": 295817,
    "issuer_name": "C=US, O=Let's Encrypt, CN=R13",
    "name_value": "yvtsai.gpti.ntu.edu.tw",
    "id": 22112674432,
    "entry_timestamp": "2025-10-31T02:39:40.731",
    "not_before": "2025-10-31T01:41:10",
    "not_after": "2026-01-29T01:41:09",
    "serial_number": "05905ef5282f14dca04f3fd61ff60272460e",
    "result_count": 1
  },
  {
    "issuer_ca_id": 295817,
    "issuer_name": "C=US, O=Let's Encrypt, CN=R13",
    "name_value": "rpis.mc.ntu.edu.tw",
    "id": 22112567031,
    "entry_timestamp": "2025-10-31T02:28:34.72",
    "not_before": "2025-10-31T01:30:02",
    "not_after": "2026-01-29T01:30:01",
    "serial_number": "06bfed152b0830a91cdbcea64c75dfea6f7e",
    "result_count": 1
  },
  {
    "issuer_ca_id": 295817,
    "issuer_name": "C=US, O=Let's Encrypt, CN=R13",
    "name_value": "rpis.mc.ntu.edu.tw",
    "id": 22112549958,
    "entry_timestamp": "2025-10-31T02:28:32.568",
    "not_before": "2025-10-31T01:30:02",
    "not_after": "2026-01-29T01:30:01",
    "serial_number": "06bfed152b0830a91cdbcea64c75dfea6f7e",
    "result_count": 1
  },
  {
    "issuer_ca_id": 295816,
    "issuer_name": "C=US, O=Let's Encrypt, CN=R12",
    "name_value": "www.ce.ntu.edu.tw",
    "id": 22112446021,
    "entry_timestamp": "2025-10-31T02:19:30.454",
    "not_before": "2025-10-31T01:20:57",
    "not_after": "2026-01-29T01:20:56",
    "serial_number": "053d77a620fa28f5468d44a08223cdc70463",
    "result_count": 1
  },
  {
    "issuer_ca_id": 295816,
    "issuer_name": "C=US, O=Let's Encrypt, CN=R12",
    "name_value": "www.ce.ntu.edu.tw",
    "id": 22112440789,
    "entry_timestamp": "2025-10-31T02:19:28.158",
    "not_before": "2025-10-31T01:20:57",
    "not_after": "2026-01-29T01:20:56",
    "serial_number": "053d77a620fa28f5468d44a08223cdc70463",
    "result_count": 1
  },
  {
    "issuer_ca_id": 158800,
    "issuer_name": "C=AT, O=ZeroSSL, CN=ZeroSSL RSA Domain Secure Site CA",
    "name_value": "dodger.ee.ntu.edu.tw",
    "id": 22112243833,
    "entry_timestamp": "2025-10-31T02:02:24.391",
    "not_before": "2025-10-31T00:00:00",
    "not_after": "2026-01-29T23:59:59",
    "serial_number": "51144536b7dd98f4f9d012d439bc8250",
    "result_count": 1
  },
  {
    "issuer_ca_id": 158800,
    "issuer_name": "C=AT, O=ZeroSSL, CN=ZeroSSL RSA Domain Secure Site CA",
    "name_value": "dodger.ee.ntu.edu.tw",
    "id": 22112244900,
    "entry_timestamp": "2025-10-31T02:02:24.01",
    "not_before": "2025-10-31T00:00:00",
    "not_after": "2026-01-29T23:59:59",
    "serial_number": "51144536b7dd98f4f9d012d439bc8250",
    "result_count": 1
  },
  {
    "issuer_ca_id": 295816,
    "issuer_name": "C=US, O=Let's Encrypt, CN=R12",
    "name_value": "ntubeyondborders.ntu.edu.tw",
    "id": 22110985357,
    "entry_timestamp": "2025-10-31T00:13:06.165",
    "not_before": "2025-10-30T23:14:35",
    "not_after": "2026-01-28T23:14:34",
    "serial_number": "05b1f0b962f38b6007ab4074a2049be29c97",
    "result_count": 1
  },
  {
    "issuer_ca_id": 295816,
    "issuer_name": "C=US, O=Let's Encrypt, CN=R12",
    "name_value": "ntubeyondborders.ntu.edu.tw",
    "id": 22110968371,
    "entry_timestamp": "2025-10-31T00:13:05.884",
    "not_before": "2025-10-30T23:14:35",
    "not_after": "2026-01-28T23:14:34",
    "serial_number": "05b1f0b962f38b6007ab4074a2049be29c97",
    "result_count": 1
  },
  {
    "issuer_ca_id": 295817,
    "issuer_name": "C=US, O=Let's Encrypt, CN=R13",
    "name_value": "physiology.mc.ntu.edu.tw",
    "id": 22109511373,
    "entry_timestamp": "2025-10-30T22:01:54.269",
    "not_before": "2025-10-30T21:03:23",
    "not_after": "2026-01-28T21:03:22",
    "serial_number": "066bd9b7aff30b55acf50d0b0e56a014426c",
    "result_count": 1
  },
  {
    "issuer_ca_id": 295817,
    "issuer_name": "C=US, O=Let's Encrypt, CN=R13",
    "name_value": "physiology.mc.ntu.edu.tw",
    "id": 22109496276,
    "entry_timestamp": "2025-10-30T22:01:54.035",
    "not_before": "2025-10-30T21:03:23",
    "not_after": "2026-01-28T21:03:22",
    "serial_number": "066bd9b7aff30b55acf50d0b0e56a014426c",
    "result_count": 1
  },
  {
    "issuer_ca_id": 295813,
    "issuer_name": "C=US, O=Let's Encrypt, CN=E7",
    "name_value": "wmnlab.ee.ntu.edu.tw",
    "id": 22105207769,
    "entry_timestamp": "2025-10-30T15:48:14.681",
    "not_before": "2025-10-30T14:49:44",
    "not_after": "2026-01-28T14:49:43",
    "serial_number": "0516cfb16646759aa76b6b9d05c03bca252c",
    "result_count": 1
  },
  {
    "issuer_ca_id": 295813,
    "issuer_name": "C=US, O=Let's Encrypt, CN=E7",
    "name_value": "wmnlab.ee.ntu.edu.tw",
    "id": 22105194537,
    "entry_timestamp": "2025-10-30T15:48:14.308",
    "not_before": "2025-10-30T14:49:44",
    "not_after": "2026-01-28T14:49:43",
    "serial_number": "0516cfb16646759aa76b6b9d05c03bca252c",
    "result_count": 1
  },
  {
    "issuer_ca_id": 295809,
    "issuer_name": "C=US, O=Let's Encrypt, CN=E8",
    "name_value": "www.tassel.econ.ntu.edu.tw",
    "id": 22104278447,
    "entry_timestamp": "2025-10-30T14:36:07.047",
    "not_before": "2025-10-30T13:37:34",
    "not_after": "2026-01-28T13:37:33",
    "serial_number": "05292e4218af15a1b5344474ca28ca16946c",
    "result_count": 1
  },
  {
    "issuer_ca_id": 295809,
    "issuer_name": "C=US, O=Let's Encrypt, CN=E8",
    "name_value": "www.tassel.econ.ntu.edu.tw",
    "id": 22104263220,
    "entry_timestamp": "2025-10-30T14:36:04.772",
    "not_before": "2025-10-30T13:37:34",
    "not_after": "2026-01-28T13:37:33",
    "serial_number": "05292e4218af15a1b5344474ca28ca16946c",
    "result_count": 1
  },
  {
    "issuer_ca_id": 279003,
    "issuer_name": "C=TW, O=TAIWAN-CA, CN=TWCA Secure SSL Certification Authority",
    "name_value": "www.lib.ntu.edu.tw",
    "id": 22100653235,
    "entry_timestamp": "2025-10-30T09:57:35.582",
    "not_before": "2025-02-04T06:25:01",
    "not_after": "2026-02-07T15:59:59",
    "serial_number": "47e900000007b03939a64f5be99cf03c",
    "result_count": 1
  },
  {
    "issuer_ca_id": 279003,
    "issuer_name": "C=TW, O=TAIWAN-CA, CN=TWCA Secure SSL Certification Authority",
    "name_value": "*.lib.ntu.edu.tw",
    "id": 22100596215,
    "entry_timestamp": "2025-10-30T09:54:59.558",
    "not_before": "2025-10-30T09:54:57",
    "not_after": "2026-10-30T15:59:59",
    "serial_number": "47e900000008977031a4a4b4124dbdbe",
    "result_count": 1
  },
  {
    "issuer_ca_id": 279003,
    "issuer_name": "C=TW, O=TAIWAN-CA, CN=TWCA Secure SSL Certification Authority",
    "name_value": "*.lib.ntu.edu.tw",
    "id": 22100596214,
    "entry_timestamp": "2025-10-30T09:54:58.567",
    "not_before": "2025-10-30T09:54:57",
    "not_after": "2026-10-30T15:59:59",
    "serial_number": "47e900000008977031a4a4b4124dbdbe",
    "result_count": 1
  },
  {
    "issuer_ca_id": 295817,
    "issuer_name": "C=US, O=Let's Encrypt, CN=R13",
    "name_value": "orange.toolmen.bime.ntu.edu.tw",
    "id": 22098962388,
    "entry_timestamp": "2025-10-30T07:48:15.03",
    "not_before": "2025-10-30T06:49:44",
    "not_after": "2026-01-28T06:49:43",
    "serial_number": "06c7bcefebed42fa01a98a6475a587ee51b3",
    "result_count": 1
  },
  {
    "issuer_ca_id": 295817,
    "issuer_name": "C=US, O=Let's Encrypt, CN=R13",
    "name_value": "orange.toolmen.bime.ntu.edu.tw",
    "id": 22098942744,
    "entry_timestamp": "2025-10-30T07:48:14.924",
    "not_before": "2025-10-30T06:49:44",
    "not_after": "2026-01-28T06:49:43",
    "serial_number": "06c7bcefebed42fa01a98a6475a587ee51b3",
    "result_count": 1
  },
  {
    "issuer_ca_id": 158800,
    "issuer_name": "C=AT, O=ZeroSSL, CN=ZeroSSL RSA Domain Secure Site CA",
    "name_value": "ntur.lib.ntu.edu.tw",
    "id": 22097404802,
    "entry_timestamp": "2025-10-30T05:43:55.398",
    "not_before": "2025-10-30T00:00:00",
    "not_after": "2026-01-28T23:59:59",
    "serial_number": "7339de55e47bd54fde9cc692fbd2474c",
    "result_count": 1
  },
  {
    "issuer_ca_id": 158800,
    "issuer_name": "C=AT, O=ZeroSSL, CN=ZeroSSL RSA Domain Secure Site CA",
    "name_value": "ntur.lib.ntu.edu.tw",
    "id": 22097396333,
    "entry_timestamp": "2025-10-30T05:43:54.768",
    "not_before": "2025-10-30T00:00:00",
    "not_after": "2026-01-28T23:59:59",
    "serial_number": "7339de55e47bd54fde9cc692fbd2474c",
    "result_count": 1
  },
  {
    "issuer_ca_id": 286244,
    "issuer_name": "C=US, O=Google Trust Services, CN=WR3",
    "name_value": "gups.ntu.edu.tw",
    "id": 22094470686,
    "entry_timestamp": "2025-10-30T01:55:41.227",
    "not_before": "2025-10-30T00:55:40",
    "not_after": "2026-01-28T01:45:10",
    "serial_number": "00939a457f16e71655091753ac7033521e",
    "result_count": 1
  },
  {
    "issuer_ca_id": 158800,
    "issuer_name": "C=AT, O=ZeroSSL, CN=ZeroSSL RSA Domain Secure Site CA",
    "name_value": "openhouse.ntu.edu.tw",
    "id": 22093057900,
    "entry_timestamp": "2025-10-30T00:04:47.225",
    "not_before": "2025-10-30T00:00:00",
    "not_after": "2026-01-28T23:59:59",
    "serial_number": "00c1d2333da407061442c2487701dfc8c5",
    "result_count": 1
  },
  {
    "issuer_ca_id": 158800,
    "issuer_name": "C=AT, O=ZeroSSL, CN=ZeroSSL RSA Domain Secure Site CA",
    "name_value": "openhouse.ntu.edu.tw",
    "id": 22093057452,
    "entry_timestamp": "2025-10-30T00:04:46.453",
    "not_before": "2025-10-30T00:00:00",
    "not_after": "2026-01-28T23:59:59",
    "serial_number": "00c1d2333da407061442c2487701dfc8c5",
    "result_count": 1
  },
  {
    "issuer_ca_id": 158800,
    "issuer_name": "C=AT, O=ZeroSSL, CN=ZeroSSL RSA Domain Secure Site CA",
    "name_value": "cdn.openhouse.ntu.edu.tw",
    "id": 22093004725,
    "entry_timestamp": "2025-10-30T00:01:20.616",
    "not_before": "2025-10-30T00:00:00",
    "not_after": "2026-01-28T23:59:59",
    "serial_number": "00852ec6c5dcde1ef7e271c2cdb60f6c1b",
    "result_count": 1
  },
  {
    "issuer_ca_id": 158800,
    "issuer_name": "C=AT, O=ZeroSSL, CN=ZeroSSL RSA Domain Secure Site CA",
    "name_value": "cdn.openhouse.ntu.edu.tw",
    "id": 22093008120,
    "entry_timestamp": "2025-10-30T00:01:19.146",
    "not_before": "2025-10-30T00:00:00",
    "not_after": "2026-01-28T23:59:59",
    "serial_number": "00852ec6c5dcde1ef7e271c2cdb60f6c1b",
    "result_count": 1
  },
  {
    "issuer_ca_id": 158800,
    "issuer_name": "C=AT, O=ZeroSSL, CN=ZeroSSL RSA Domain Secure Site CA",
    "name_value": "api.openhouse.ntu.edu.tw",
    "id": 22092991923,
    "entry_timestamp": "2025-10-30T00:00:48.363",
    "not_before": "2025-10-30T00:00:00",
    "not_after": "2026-01-28T23:59:59",
    "serial_number": "00cb0fceaedbda15d56f58de566a42e687",
    "result_count": 1
  },
  {
    "issuer_ca_id": 158800,
    "issuer_name": "C=AT, O=ZeroSSL, CN=ZeroSSL RSA Domain Secure Site CA",
    "name_value": "api.openhouse.ntu.edu.tw",
    "id": 22092994059,
    "entry_timestamp": "2025-10-30T00:00:47.568",
    "not_before": "2025-10-30T00:00:00",
    "not_after": "2026-01-28T23:59:59",
    "serial_number": "00cb0fceaedbda15d56f58de566a42e687",
    "result_count": 1
  },
  {
    "issuer_ca_id": 158800,
    "issuer_name": "C=AT, O=ZeroSSL, CN=ZeroSSL RSA Domain Secure Site CA",
    "name_value": "backend.openhouse.ntu.edu.tw",
    "id": 22092989372,
    "entry_timestamp": "2025-10-30T00:00:28.806",
    "not_before": "2025-10-30T00:00:00",
    "not_after": "2026-01-28T23:59:59",
    "serial_number": "322313b8b06c31617a5946b10372775f",
    "result_count": 1
  },
  {
    "issuer_ca_id": 158800,
    "issuer_name": "C=AT, O=ZeroSSL, CN=ZeroSSL RSA Domain Secure Site CA",
    "name_value": "backend.openhouse.ntu.edu.tw",
    "id": 22092989670,
    "entry_timestamp": "2025-10-30T00:00:27.641",
    "not_before": "2025-10-30T00:00:00",
    "not_after": "2026-01-28T23:59:59",
    "serial_number": "322313b8b06c31617a5946b10372775f",
    "result_count": 1
  },
  {
    "issuer_ca_id": 295813,
    "issuer_name": "C=US, O=Let's Encrypt, CN=E7",
    "name_value": "edna.oc.ntu.edu.tw",
    "id": 22092611801,
    "entry_timestamp": "2025-10-29T23:27:15.796",
    "not_before": "2025-10-29T22:28:45",
    "not_after": "2026-01-27T22:28:44",
    "serial_number": "0664a3d20e170e5759462de29f649bf40651",
    "result_count": 1
  },
  {
    "issuer_ca_id": 295813,
    "issuer_name": "C=US, O=Let's Encrypt, CN=E7",
    "name_value": "edna.oc.ntu.edu.tw",
    "id": 22092600451,
    "entry_timestamp": "2025-10-29T23:27:15.535",
    "not_before": "2025-10-29T22:28:45",
    "not_after": "2026-01-27T22:28:44",
    "serial_number": "0664a3d20e170e5759462de29f649bf40651",
    "result_count": 1
  },
  {
    "issuer_ca_id": 295809,
    "issuer_name": "C=US, O=Let's Encrypt, CN=E8",
    "name_value": "cveinfo.cc.ntu.edu.tw",
    "id": 22091712119,
    "entry_timestamp": "2025-10-29T22:06:04.845",
    "not_before": "2025-10-29T21:07:34",
    "not_after": "2026-01-27T21:07:33",
    "serial_number": "061cb91353266fc606f3ddcb3519fa767920",
    "result_count": 1
  },
  {
    "issuer_ca_id": 295809,
    "issuer_name": "C=US, O=Let's Encrypt, CN=E8",
    "name_value": "cveinfo.cc.ntu.edu.tw",
    "id": 22091697703,
    "entry_timestamp": "2025-10-29T22:06:04.672",
    "not_before": "2025-10-29T21:07:34",
    "not_after": "2026-01-27T21:07:33",
    "serial_number": "061cb91353266fc606f3ddcb3519fa767920",
    "result_count": 1
  },
  {
    "issuer_ca_id": 295817,
    "issuer_name": "C=US, O=Let's Encrypt, CN=R13",
    "name_value": "lcdm.as.ntu.edu.tw",
    "id": 22089660127,
    "entry_timestamp": "2025-10-29T19:05:39.239",
    "not_before": "2025-10-29T18:07:08",
    "not_after": "2026-01-27T18:07:07",
    "serial_number": "0530ded1910a9651641ae764624ab8acbc2f",
    "result_count": 1
  },
  {
    "issuer_ca_id": 295817,
    "issuer_name": "C=US, O=Let's Encrypt, CN=R13",
    "name_value": "lcdm.as.ntu.edu.tw",
    "id": 22089644133,
    "entry_timestamp": "2025-10-29T19:05:39.03",
    "not_before": "2025-10-29T18:07:08",
    "not_after": "2026-01-27T18:07:07",
    "serial_number": "0530ded1910a9651641ae764624ab8acbc2f",
    "result_count": 1
  },
  {
    "issuer_ca_id": 295816,
    "issuer_name": "C=US, O=Let's Encrypt, CN=R12",
    "name_value": "ael.as.ntu.edu.tw",
    "id": 22089642576,
    "entry_timestamp": "2025-10-29T19:05:21.997",
    "not_before": "2025-10-29T18:06:49",
    "not_after": "2026-01-27T18:06:48",
    "serial_number": "06bcf9040ade15bad62e60690563325116c1",
    "result_count": 1
  },
  {
    "issuer_ca_id": 295816,
    "issuer_name": "C=US, O=Let's Encrypt, CN=R12",
    "name_value": "ael.as.ntu.edu.tw",
    "id": 22089642344,
    "entry_timestamp": "2025-10-29T19:05:19.825",
    "not_before": "2025-10-29T18:06:49",
    "not_after": "2026-01-27T18:06:48",
    "serial_number": "06bcf9040ade15bad62e60690563325116c1",
    "result_count": 1
  },
  {
    "issuer_ca_id": 295809,
    "issuer_name": "C=US, O=Let's Encrypt, CN=E8",
    "name_value": "access.ee.ntu.edu.tw",
    "id": 22078624195,
    "entry_timestamp": "2025-10-29T07:06:22.526",
    "not_before": "2025-10-29T06:07:52",
    "not_after": "2026-01-27T06:07:51",
    "serial_number": "063920c19e0bcd481b41ce6909fafe6cc53e",
    "result_count": 1
  },
  {
    "issuer_ca_id": 295809,
    "issuer_name": "C=US, O=Let's Encrypt, CN=E8",
    "name_value": "access.ee.ntu.edu.tw",
    "id": 22078609941,
    "entry_timestamp": "2025-10-29T07:06:22.373",
    "not_before": "2025-10-29T06:07:52",
    "not_after": "2026-01-27T06:07:51",
    "serial_number": "063920c19e0bcd481b41ce6909fafe6cc53e",
    "result_count": 1
  },
  {
    "issuer_ca_id": 295809,
    "issuer_name": "C=US, O=Let's Encrypt, CN=E8",
    "name_value": "hanshi.cl.ntu.edu.tw",
    "id": 22075338059,
    "entry_timestamp": "2025-10-29T03:37:23.481",
    "not_before": "2025-10-29T02:38:51",
    "not_after": "2026-01-27T02:38:50",
    "serial_number": "0675c5bc5dbdde4d74fb4a5ebbd81edfec8b",
    "result_count": 1
  },
  {
    "issuer_ca_id": 295809,
    "issuer_name": "C=US, O=Let's Encrypt, CN=E8",
    "name_value": "hanshi.cl.ntu.edu.tw",
    "id": 22075336590,
    "entry_timestamp": "2025-10-29T03:37:21.23",
    "not_before": "2025-10-29T02:38:51",
    "not_after": "2026-01-27T02:38:50",
    "serial_number": "0675c5bc5dbdde4d74fb4a5ebbd81edfec8b",
    "result_count": 1
  },
  {
    "issuer_ca_id": 295817,
    "issuer_name": "C=US, O=Let's Encrypt, CN=R13",
    "name_value": "speech.ee.ntu.edu.tw",
    "id": 22074522877,
    "entry_timestamp": "2025-10-29T02:44:57.769",
    "not_before": "2025-10-29T01:46:27",
    "not_after": "2026-01-27T01:46:26",
    "serial_number": "051c874cd1f94751f4a270872b116a255a44",
    "result_count": 1
  },
  {
    "issuer_ca_id": 295817,
    "issuer_name": "C=US, O=Let's Encrypt, CN=R13",
    "name_value": "speech.ee.ntu.edu.tw",
    "id": 22074521647,
    "entry_timestamp": "2025-10-29T02:44:57.493",
    "not_before": "2025-10-29T01:46:27",
    "not_after": "2026-01-27T01:46:26",
    "serial_number": "051c874cd1f94751f4a270872b116a255a44",
    "result_count": 1
  },
  {
    "issuer_ca_id": 158800,
    "issuer_name": "C=AT, O=ZeroSSL, CN=ZeroSSL RSA Domain Secure Site CA",
    "name_value": "www.studyabroadexpo.ntu.edu.tw",
    "id": 22071909262,
    "entry_timestamp": "2025-10-29T00:01:21.144",
    "not_before": "2025-10-29T00:00:00",
    "not_after": "2026-01-27T23:59:59",
    "serial_number": "5e66c76065ab813db903aeb92efe044d",
    "result_count": 1
  },
  {
    "issuer_ca_id": 158800,
    "issuer_name": "C=AT, O=ZeroSSL, CN=ZeroSSL RSA Domain Secure Site CA",
    "name_value": "www.studyabroadexpo.ntu.edu.tw",
    "id": 22071906457,
    "entry_timestamp": "2025-10-29T00:01:20.337",
    "not_before": "2025-10-29T00:00:00",
    "not_after": "2026-01-27T23:59:59",
    "serial_number": "5e66c76065ab813db903aeb92efe044d",
    "result_count": 1
  },
  {
    "issuer_ca_id": 158800,
    "issuer_name": "C=AT, O=ZeroSSL, CN=ZeroSSL RSA Domain Secure Site CA",
    "name_value": "studyabroadexpo.ntu.edu.tw",
    "id": 22071900253,
    "entry_timestamp": "2025-10-29T00:01:07.554",
    "not_before": "2025-10-29T00:00:00",
    "not_after": "2026-01-27T23:59:59",
    "serial_number": "0082ea74d66170a43bf83e21e0733d0fcd",
    "result_count": 1
  },
  {
    "issuer_ca_id": 158800,
    "issuer_name": "C=AT, O=ZeroSSL, CN=ZeroSSL RSA Domain Secure Site CA",
    "name_value": "studyabroadexpo.ntu.edu.tw",
    "id": 22071893301,
    "entry_timestamp": "2025-10-29T00:01:06.647",
    "not_before": "2025-10-29T00:00:00",
    "not_after": "2026-01-27T23:59:59",
    "serial_number": "0082ea74d66170a43bf83e21e0733d0fcd",
    "result_count": 1
  },
  {
    "issuer_ca_id": 158799,
    "issuer_name": "C=AT, O=ZeroSSL, CN=ZeroSSL ECC Domain Secure Site CA",
    "name_value": "djj.ee.ntu.edu.tw",
    "id": 22070950940,
    "entry_timestamp": "2025-10-28T22:42:38.163",
    "not_before": "2025-10-28T00:00:00",
    "not_after": "2026-01-26T23:59:59",
    "serial_number": "00d9392b401fac89426726b5f93eeae78a",
    "result_count": 1
  },
  {
    "issuer_ca_id": 158799,
    "issuer_name": "C=AT, O=ZeroSSL, CN=ZeroSSL ECC Domain Secure Site CA",
    "name_value": "djj.ee.ntu.edu.tw",
    "id": 22070947853,
    "entry_timestamp": "2025-10-28T22:42:37.41",
    "not_before": "2025-10-28T00:00:00",
    "not_after": "2026-01-26T23:59:59",
    "serial_number": "00d9392b401fac89426726b5f93eeae78a",
    "result_count": 1
  },
  {
    "issuer_ca_id": 295816,
    "issuer_name": "C=US, O=Let's Encrypt, CN=R12",
    "name_value": "docs.dzoo.ntu.edu.tw",
    "id": 22066062857,
    "entry_timestamp": "2025-10-28T17:21:59.737",
    "not_before": "2025-10-28T16:23:29",
    "not_after": "2026-01-26T16:23:28",
    "serial_number": "051ac8b17f7dfc48459c3611256ec580b863",
    "result_count": 1
  },
  {
    "issuer_ca_id": 295816,
    "issuer_name": "C=US, O=Let's Encrypt, CN=R12",
    "name_value": "docs.dzoo.ntu.edu.tw",
    "id": 22066050962,
    "entry_timestamp": "2025-10-28T17:21:59.556",
    "not_before": "2025-10-28T16:23:29",
    "not_after": "2026-01-26T16:23:28",
    "serial_number": "051ac8b17f7dfc48459c3611256ec580b863",
    "result_count": 1
  },
  {
    "issuer_ca_id": 295817,
    "issuer_name": "C=US, O=Let's Encrypt, CN=R13",
    "name_value": "hpc.psy.ntu.edu.tw",
    "id": 22064822633,
    "entry_timestamp": "2025-10-28T15:53:22.786",
    "not_before": "2025-10-28T14:54:52",
    "not_after": "2026-01-26T14:54:51",
    "serial_number": "054360c95ae4e233f0d9966b59aa52c22621",
    "result_count": 1
  },
  {
    "issuer_ca_id": 295817,
    "issuer_name": "C=US, O=Let's Encrypt, CN=R13",
    "name_value": "hpc.psy.ntu.edu.tw",
    "id": 22064809167,
    "entry_timestamp": "2025-10-28T15:53:22.445",
    "not_before": "2025-10-28T14:54:52",
    "not_after": "2026-01-26T14:54:51",
    "serial_number": "054360c95ae4e233f0d9966b59aa52c22621",
    "result_count": 1
  },
  {
    "issuer_ca_id": 295817,
    "issuer_name": "C=US, O=Let's Encrypt, CN=R13",
    "name_value": "cpanel.iiipo.eecs.ntu.edu.tw",
    "id": 22063400373,
    "entry_timestamp": "2025-10-28T14:24:28.725",
    "not_before": "2025-10-28T13:25:58",
    "not_after": "2026-01-26T13:25:57",
    "serial_number": "063d71d329b56d6b87ad34f19e93d71473f6",
    "result_count": 1
  },
  {
    "issuer_ca_id": 295817,
    "issuer_name": "C=US, O=Let's Encrypt, CN=R13",
    "name_value": "cpanel.iiipo.eecs.ntu.edu.tw",
    "id": 22063380775,
    "entry_timestamp": "2025-10-28T14:24:28.442",
    "not_before": "2025-10-28T13:25:58",
    "not_after": "2026-01-26T13:25:57",
    "serial_number": "063d71d329b56d6b87ad34f19e93d71473f6",
    "result_count": 1
  },
  {
    "issuer_ca_id": 904,
    "issuer_name": "C=US, ST=Arizona, L=Scottsdale, O=\"GoDaddy.com, Inc.\", OU=http://certs.godaddy.com/repository/, CN=Go Daddy Secure Certificate Authority - G2",
    "name_value": "aicdm.ntu.edu.tw",
    "id": 22056005106,
    "entry_timestamp": "2025-10-28T06:47:27.211",
    "not_before": "2025-10-28T06:47:26",
    "not_after": "2026-10-27T00:11:57",
    "serial_number": "00bff5299503d9b523",
    "result_count": 1
  },
  {
    "issuer_ca_id": 295809,
    "issuer_name": "C=US, O=Let's Encrypt, CN=E8",
    "name_value": "www.mse.ntu.edu.tw",
    "id": 22055109539,
    "entry_timestamp": "2025-10-28T05:51:13.985",
    "not_before": "2025-10-28T04:52:43",
    "not_after": "2026-01-26T04:52:42",
    "serial_number": "067bad94249b83dc9e2e1249fe3519d50ff7",
    "result_count": 1
  },
  {
    "issuer_ca_id": 295809,
    "issuer_name": "C=US, O=Let's Encrypt, CN=E8",
    "name_value": "www.mse.ntu.edu.tw",
    "id": 22055095610,
    "entry_timestamp": "2025-10-28T05:51:13.884",
    "not_before": "2025-10-28T04:52:43",
    "not_after": "2026-01-26T04:52:42",
    "serial_number": "067bad94249b83dc9e2e1249fe3519d50ff7",
    "result_count": 1
  },
  {
    "issuer_ca_id": 279003,
    "issuer_name": "C=TW, O=TAIWAN-CA, CN=TWCA Secure SSL Certification Authority",
    "name_value": "dev2.lib.ntu.edu.tw",
    "id": 22052447291,
    "entry_timestamp": "2025-10-28T02:54:07.901",
    "not_before": "2025-10-28T02:54:05",
    "not_after": "2026-11-25T15:59:59",
    "serial_number": "47e90000000895f61a85dc1723345957",
    "result_count": 1
  },
  {
    "issuer_ca_id": 279003,
    "issuer_name": "C=TW, O=TAIWAN-CA, CN=TWCA Secure SSL Certification Authority",
    "name_value": "dev2.lib.ntu.edu.tw",
    "id": 22052447690,
    "entry_timestamp": "2025-10-28T02:54:06.918",
    "not_before": "2025-10-28T02:54:05",
    "not_after": "2026-11-25T15:59:59",
    "serial_number": "47e90000000895f61a85dc1723345957",
    "result_count": 1
  },
  {
    "issuer_ca_id": 279003,
    "issuer_name": "C=TW, O=TAIWAN-CA, CN=TWCA Secure SSL Certification Authority",
    "name_value": "webarchive.lib.ntu.edu.tw",
    "id": 22051972119,
    "entry_timestamp": "2025-10-28T02:20:20.689",
    "not_before": "2025-10-28T02:20:18",
    "not_after": "2026-11-11T15:59:59",
    "serial_number": "47e90000000895ed2d82a0a4dbd85ae3",
    "result_count": 1
  },
  {
    "issuer_ca_id": 279003,
    "issuer_name": "C=TW, O=TAIWAN-CA, CN=TWCA Secure SSL Certification Authority",
    "name_value": "webarchive.lib.ntu.edu.tw",
    "id": 22051972382,
    "entry_timestamp": "2025-10-28T02:20:19.701",
    "not_before": "2025-10-28T02:20:18",
    "not_after": "2026-11-11T15:59:59",
    "serial_number": "47e90000000895ed2d82a0a4dbd85ae3",
    "result_count": 1
  },
  {
    "issuer_ca_id": 295816,
    "issuer_name": "C=US, O=Let's Encrypt, CN=R12",
    "name_value": "rdcmd.ntu.edu.tw",
    "id": 22051518281,
    "entry_timestamp": "2025-10-28T01:44:37.314",
    "not_before": "2025-10-28T00:46:06",
    "not_after": "2026-01-26T00:46:05",
    "serial_number": "062393d0324128ada879660073d769e4acb2",
    "result_count": 1
  },
  {
    "issuer_ca_id": 295816,
    "issuer_name": "C=US, O=Let's Encrypt, CN=R12",
    "name_value": "rdcmd.ntu.edu.tw",
    "id": 22051504092,
    "entry_timestamp": "2025-10-28T01:44:37.045",
    "not_before": "2025-10-28T00:46:06",
    "not_after": "2026-01-26T00:46:05",
    "serial_number": "062393d0324128ada879660073d769e4acb2",
    "result_count": 1
  },
  {
    "issuer_ca_id": 158800,
    "issuer_name": "C=AT, O=ZeroSSL, CN=ZeroSSL RSA Domain Secure Site CA",
    "name_value": "cdn.studyabroadexpo.ntu.edu.tw",
    "id": 22049948813,
    "entry_timestamp": "2025-10-28T00:01:07.948",
    "not_before": "2025-10-28T00:00:00",
    "not_after": "2026-01-26T23:59:59",
    "serial_number": "00e35f6b1a3ad6d61836edb9110ef0c0ef",
    "result_count": 1
  },
  {
    "issuer_ca_id": 158800,
    "issuer_name": "C=AT, O=ZeroSSL, CN=ZeroSSL RSA Domain Secure Site CA",
    "name_value": "cdn.studyabroadexpo.ntu.edu.tw",
    "id": 22049949205,
    "entry_timestamp": "2025-10-28T00:01:07.502",
    "not_before": "2025-10-28T00:00:00",
    "not_after": "2026-01-26T23:59:59",
    "serial_number": "00e35f6b1a3ad6d61836edb9110ef0c0ef",
    "result_count": 1
  },
  {
    "issuer_ca_id": 158800,
    "issuer_name": "C=AT, O=ZeroSSL, CN=ZeroSSL RSA Domain Secure Site CA",
    "name_value": "backend.studyabroadexpo.ntu.edu.tw",
    "id": 22049948575,
    "entry_timestamp": "2025-10-28T00:00:56.135",
    "not_before": "2025-10-28T00:00:00",
    "not_after": "2026-01-26T23:59:59",
    "serial_number": "00d4e9ecb1c29129a6553cb01820af397b",
    "result_count": 1
  },
  {
    "issuer_ca_id": 158800,
    "issuer_name": "C=AT, O=ZeroSSL, CN=ZeroSSL RSA Domain Secure Site CA",
    "name_value": "backend.studyabroadexpo.ntu.edu.tw",
    "id": 22049948566,
    "entry_timestamp": "2025-10-28T00:00:55.566",
    "not_before": "2025-10-28T00:00:00",
    "not_after": "2026-01-26T23:59:59",
    "serial_number": "00d4e9ecb1c29129a6553cb01820af397b",
    "result_count": 1
  },
  {
    "issuer_ca_id": 158800,
    "issuer_name": "C=AT, O=ZeroSSL, CN=ZeroSSL RSA Domain Secure Site CA",
    "name_value": "api.studyabroadexpo.ntu.edu.tw",
    "id": 22049944854,
    "entry_timestamp": "2025-10-28T00:00:36.725",
    "not_before": "2025-10-28T00:00:00",
    "not_after": "2026-01-26T23:59:59",
    "serial_number": "00d88a6d1b8e7d8d4065ba68b6fbd87f5c",
    "result_count": 1
  },
  {
    "issuer_ca_id": 158800,
    "issuer_name": "C=AT, O=ZeroSSL, CN=ZeroSSL RSA Domain Secure Site CA",
    "name_value": "api.studyabroadexpo.ntu.edu.tw",
    "id": 22049944883,
    "entry_timestamp": "2025-10-28T00:00:35.336",
    "not_before": "2025-10-28T00:00:00",
    "not_after": "2026-01-26T23:59:59",
    "serial_number": "00d88a6d1b8e7d8d4065ba68b6fbd87f5c",
    "result_count": 1
  },
  {
    "issuer_ca_id": 295817,
    "issuer_name": "C=US, O=Let's Encrypt, CN=R13",
    "name_value": "www.hicl.hy.ntu.edu.tw",
    "id": 22043315737,
    "entry_timestamp": "2025-10-27T16:10:38.619",
    "not_before": "2025-10-27T15:12:08",
    "not_after": "2026-01-25T15:12:07",
    "serial_number": "05810d6203c1fd26052fc3b49deabac7cf46",
    "result_count": 1
  },
  {
    "issuer_ca_id": 295817,
    "issuer_name": "C=US, O=Let's Encrypt, CN=R13",
    "name_value": "www.hicl.hy.ntu.edu.tw",
    "id": 22043316998,
    "entry_timestamp": "2025-10-27T16:10:38.316",
    "not_before": "2025-10-27T15:12:08",
    "not_after": "2026-01-25T15:12:07",
    "serial_number": "05810d6203c1fd26052fc3b49deabac7cf46",
    "result_count": 1
  },
  {
    "issuer_ca_id": 295816,
    "issuer_name": "C=US, O=Let's Encrypt, CN=R12",
    "name_value": "rgcl.hy.ntu.edu.tw",
    "id": 22043308815,
    "entry_timestamp": "2025-10-27T16:10:21.204",
    "not_before": "2025-10-27T15:11:50",
    "not_after": "2026-01-25T15:11:49",
    "serial_number": "063851a1c2e1c542112100387689846890b7",
    "result_count": 1
  },
  {
    "issuer_ca_id": 295816,
    "issuer_name": "C=US, O=Let's Encrypt, CN=R12",
    "name_value": "rgcl.hy.ntu.edu.tw",
    "id": 22043309735,
    "entry_timestamp": "2025-10-27T16:10:20.947",
    "not_before": "2025-10-27T15:11:50",
    "not_after": "2026-01-25T15:11:49",
    "serial_number": "063851a1c2e1c542112100387689846890b7",
    "result_count": 1
  },
  {
    "issuer_ca_id": 295816,
    "issuer_name": "C=US, O=Let's Encrypt, CN=R12",
    "name_value": "labspotlight.ntu.edu.tw",
    "id": 22040780987,
    "entry_timestamp": "2025-10-27T13:44:56.341",
    "not_before": "2025-10-27T12:46:26",
    "not_after": "2026-01-25T12:46:25",
    "serial_number": "069cc35c0e7cce7aa4dfef7a7218fb96d015",
    "result_count": 1
  },
  {
    "issuer_ca_id": 295816,
    "issuer_name": "C=US, O=Let's Encrypt, CN=R12",
    "name_value": "labspotlight.ntu.edu.tw",
    "id": 22040753807,
    "entry_timestamp": "2025-10-27T13:44:56.143",
    "not_before": "2025-10-27T12:46:26",
    "not_after": "2026-01-25T12:46:25",
    "serial_number": "069cc35c0e7cce7aa4dfef7a7218fb96d015",
    "result_count": 1
  },
  {
    "issuer_ca_id": 295809,
    "issuer_name": "C=US, O=Let's Encrypt, CN=E8",
    "name_value": "ycflab.cph.ntu.edu.tw",
    "id": 22040335164,
    "entry_timestamp": "2025-10-27T13:20:30.272",
    "not_before": "2025-10-27T12:21:59",
    "not_after": "2026-01-25T12:21:58",
    "serial_number": "05e378c3cf421eeb160e7317dd5f4da89410",
    "result_count": 1
  },
  {
    "issuer_ca_id": 295809,
    "issuer_name": "C=US, O=Let's Encrypt, CN=E8",
    "name_value": "ycflab.cph.ntu.edu.tw",
    "id": 22040311835,
    "entry_timestamp": "2025-10-27T13:20:30.103",
    "not_before": "2025-10-27T12:21:59",
    "not_after": "2026-01-25T12:21:58",
    "serial_number": "05e378c3cf421eeb160e7317dd5f4da89410",
    "result_count": 1
  },
  {
    "issuer_ca_id": 295817,
    "issuer_name": "C=US, O=Let's Encrypt, CN=R13",
    "name_value": "ycflab.cph.ntu.edu.tw",
    "id": 22040333359,
    "entry_timestamp": "2025-10-27T13:20:26.292",
    "not_before": "2025-10-27T12:21:56",
    "not_after": "2026-01-25T12:21:55",
    "serial_number": "066d4abc55c4c68244cca3573f4ed4ee7aa0",
    "result_count": 1
  },
  {
    "issuer_ca_id": 295817,
    "issuer_name": "C=US, O=Let's Encrypt, CN=R13",
    "name_value": "ycflab.cph.ntu.edu.tw",
    "id": 22040312640,
    "entry_timestamp": "2025-10-27T13:20:26.064",
    "not_before": "2025-10-27T12:21:56",
    "not_after": "2026-01-25T12:21:55",
    "serial_number": "066d4abc55c4c68244cca3573f4ed4ee7aa0",
    "result_count": 1
  },
  {
    "issuer_ca_id": 286236,
    "issuer_name": "C=US, O=Google Trust Services, CN=WE1",
    "name_value": "sdl.bse.ntu.edu.tw",
    "id": 22036834346,
    "entry_timestamp": "2025-10-27T09:59:39.239",
    "not_before": "2025-10-27T08:57:28",
    "not_after": "2026-01-25T09:57:24",
    "serial_number": "4a9fa9899c8432550e600b27996b72cc",
    "result_count": 1
  },
  {
    "issuer_ca_id": 286236,
    "issuer_name": "C=US, O=Google Trust Services, CN=WE1",
    "name_value": "sdl.bse.ntu.edu.tw",
    "id": 22036800631,
    "entry_timestamp": "2025-10-27T09:57:39.519",
    "not_before": "2025-10-27T08:57:28",
    "not_after": "2026-01-25T09:57:24",
    "serial_number": "4a9fa9899c8432550e600b27996b72cc",
    "result_count": 1
  },
  {
    "issuer_ca_id": 286242,
    "issuer_name": "C=US, O=Google Trust Services, CN=WR1",
    "name_value": "sdl.bse.ntu.edu.tw",
    "id": 22036797397,
    "entry_timestamp": "2025-10-27T09:57:19.532",
    "not_before": "2025-10-27T08:57:18",
    "not_after": "2026-01-24T04:43:11",
    "serial_number": "00e918b9c57a8cbde011360be064e366e0",
    "result_count": 1
  },
  {
    "issuer_ca_id": 279003,
    "issuer_name": "C=TW, O=TAIWAN-CA, CN=TWCA Secure SSL Certification Authority",
    "name_value": "*.aca.ntu.edu.tw",
    "id": 22036452942,
    "entry_timestamp": "2025-10-27T09:39:54.089",
    "not_before": "2025-10-27T09:39:52",
    "not_after": "2026-11-25T15:59:59",
    "serial_number": "47e90000000895893f547c9454d5eb2c",
    "result_count": 1
  },
  {
    "issuer_ca_id": 279003,
    "issuer_name": "C=TW, O=TAIWAN-CA, CN=TWCA Secure SSL Certification Authority",
    "name_value": "*.aca.ntu.edu.tw",
    "id": 22036453005,
    "entry_timestamp": "2025-10-27T09:39:53.661",
    "not_before": "2025-10-27T09:39:52",
    "not_after": "2026-11-25T15:59:59",
    "serial_number": "47e90000000895893f547c9454d5eb2c",
    "result_count": 1
  },
  {
    "issuer_ca_id": 295816,
    "issuer_name": "C=US, O=Let's Encrypt, CN=R12",
    "name_value": "wp.lis.ntu.edu.tw",
    "id": 22031273585,
    "entry_timestamp": "2025-10-27T04:42:05.304",
    "not_before": "2025-10-27T03:43:34",
    "not_after": "2026-01-25T03:43:33",
    "serial_number": "056eba3e70dd4f3e9f2157c7a93adbdf36a2",
    "result_count": 1
  },
  {
    "issuer_ca_id": 295816,
    "issuer_name": "C=US, O=Let's Encrypt, CN=R12",
    "name_value": "wp.lis.ntu.edu.tw",
    "id": 22031257730,
    "entry_timestamp": "2025-10-27T04:42:05.1",
    "not_before": "2025-10-27T03:43:34",
    "not_after": "2026-01-25T03:43:33",
    "serial_number": "056eba3e70dd4f3e9f2157c7a93adbdf36a2",
    "result_count": 1
  },
  {
    "issuer_ca_id": 286244,
    "issuer_name": "C=US, O=Google Trust Services, CN=WR3",
    "name_value": "www.idssp.ee.ntu.edu.tw",
    "id": 22029274983,
    "entry_timestamp": "2025-10-27T02:47:57.841",
    "not_before": "2025-10-27T01:47:57",
    "not_after": "2026-01-25T02:38:49",
    "serial_number": "00af69dd653e6368da0956cf22b58b9bfd",
    "result_count": 1
  },
  {
    "issuer_ca_id": 295817,
    "issuer_name": "C=US, O=Let's Encrypt, CN=R13",
    "name_value": "hep4.phys.ntu.edu.tw",
    "id": 22027371793,
    "entry_timestamp": "2025-10-27T00:53:52.288",
    "not_before": "2025-10-26T23:55:21",
    "not_after": "2026-01-24T23:55:20",
    "serial_number": "05a84559b713913e9827e09cc7f366921b5f",
    "result_count": 1
  },
  {
    "issuer_ca_id": 295817,
    "issuer_name": "C=US, O=Let's Encrypt, CN=R13",
    "name_value": "hep4.phys.ntu.edu.tw",
    "id": 22027362001,
    "entry_timestamp": "2025-10-27T00:53:52.075",
    "not_before": "2025-10-26T23:55:21",
    "not_after": "2026-01-24T23:55:20",
    "serial_number": "05a84559b713913e9827e09cc7f366921b5f",
    "result_count": 1
  },
  {
    "issuer_ca_id": 295816,
    "issuer_name": "C=US, O=Let's Encrypt, CN=R12",
    "name_value": "cris7dev.lib.ntu.edu.tw",
    "id": 22026657471,
    "entry_timestamp": "2025-10-27T00:06:16.168",
    "not_before": "2025-10-26T23:07:45",
    "not_after": "2026-01-24T23:07:44",
    "serial_number": "06f6490ee8a3ff47462775f600cc3cf5c938",
    "result_count": 1
  },
  {
    "issuer_ca_id": 295816,
    "issuer_name": "C=US, O=Let's Encrypt, CN=R12",
    "name_value": "cris7dev.lib.ntu.edu.tw",
    "id": 22026649571,
    "entry_timestamp": "2025-10-27T00:06:16.038",
    "not_before": "2025-10-26T23:07:45",
    "not_after": "2026-01-24T23:07:44",
    "serial_number": "06f6490ee8a3ff47462775f600cc3cf5c938",
    "result_count": 1
  },
  {
    "issuer_ca_id": 295816,
    "issuer_name": "C=US, O=Let's Encrypt, CN=R12",
    "name_value": "gitlab.comm.ntu.edu.tw",
    "id": 22024650018,
    "entry_timestamp": "2025-10-26T21:45:33.968",
    "not_before": "2025-10-26T20:47:03",
    "not_after": "2026-01-24T20:47:02",
    "serial_number": "05ce5f0198f63c560f22aa3b802b7d39684a",
    "result_count": 1
  },
  {
    "issuer_ca_id": 295816,
    "issuer_name": "C=US, O=Let's Encrypt, CN=R12",
    "name_value": "gitlab.comm.ntu.edu.tw",
    "id": 22024629421,
    "entry_timestamp": "2025-10-26T21:45:33.801",
    "not_before": "2025-10-26T20:47:03",
    "not_after": "2026-01-24T20:47:02",
    "serial_number": "05ce5f0198f63c560f22aa3b802b7d39684a",
    "result_count": 1
  },
  {
    "issuer_ca_id": 295817,
    "issuer_name": "C=US, O=Let's Encrypt, CN=R13",
    "name_value": "code.comm.ntu.edu.tw",
    "id": 22024647610,
    "entry_timestamp": "2025-10-26T21:45:16.758",
    "not_before": "2025-10-26T20:46:46",
    "not_after": "2026-01-24T20:46:45",
    "serial_number": "06bed40562eee8234eb190b2fbb18f28fc36",
    "result_count": 1
  },
  {
    "issuer_ca_id": 295817,
    "issuer_name": "C=US, O=Let's Encrypt, CN=R13",
    "name_value": "code.comm.ntu.edu.tw",
    "id": 22024631124,
    "entry_timestamp": "2025-10-26T21:45:16.392",
    "not_before": "2025-10-26T20:46:46",
    "not_after": "2026-01-24T20:46:45",
    "serial_number": "06bed40562eee8234eb190b2fbb18f28fc36",
    "result_count": 1
  },
  {
    "issuer_ca_id": 295817,
    "issuer_name": "C=US, O=Let's Encrypt, CN=R13",
    "name_value": "scplus-iot.ipcs.ntu.edu.tw",
    "id": 22014848856,
    "entry_timestamp": "2025-10-26T11:18:56.661",
    "not_before": "2025-10-26T10:20:26",
    "not_after": "2026-01-24T10:20:25",
    "serial_number": "05471291f1fdfb8c4e9ce0bf3b91b2611ce0",
    "result_count": 1
  },
  {
    "issuer_ca_id": 295817,
    "issuer_name": "C=US, O=Let's Encrypt, CN=R13",
    "name_value": "scplus-iot.ipcs.ntu.edu.tw",
    "id": 22014850005,
    "entry_timestamp": "2025-10-26T11:18:56.379",
    "not_before": "2025-10-26T10:20:26",
    "not_after": "2026-01-24T10:20:25",
    "serial_number": "05471291f1fdfb8c4e9ce0bf3b91b2611ce0",
    "result_count": 1
  },
  {
    "issuer_ca_id": 295813,
    "issuer_name": "C=US, O=Let's Encrypt, CN=E7",
    "name_value": "bernoulli.iam.ntu.edu.tw",
    "id": 22005417496,
    "entry_timestamp": "2025-10-26T00:50:13.35",
    "not_before": "2025-10-25T23:51:42",
    "not_after": "2026-01-23T23:51:41",
    "serial_number": "05d7b88da4fad99aca1a1d694b4981693a0c",
    "result_count": 1
  },
  {
    "issuer_ca_id": 295813,
    "issuer_name": "C=US, O=Let's Encrypt, CN=E7",
    "name_value": "bernoulli.iam.ntu.edu.tw",
    "id": 22005414262,
    "entry_timestamp": "2025-10-26T00:50:13.186",
    "not_before": "2025-10-25T23:51:42",
    "not_after": "2026-01-23T23:51:41",
    "serial_number": "05d7b88da4fad99aca1a1d694b4981693a0c",
    "result_count": 1
  },
  {
    "issuer_ca_id": 295816,
    "issuer_name": "C=US, O=Let's Encrypt, CN=R12",
    "name_value": "bernoulli.iam.ntu.edu.tw",
    "id": 22005416302,
    "entry_timestamp": "2025-10-26T00:50:09.164",
    "not_before": "2025-10-25T23:51:38",
    "not_after": "2026-01-23T23:51:37",
    "serial_number": "05654f527ebbaa9e245646b0b53d3c0584f1",
    "result_count": 1
  },
  {
    "issuer_ca_id": 295816,
    "issuer_name": "C=US, O=Let's Encrypt, CN=R12",
    "name_value": "bernoulli.iam.ntu.edu.tw",
    "id": 22005413138,
    "entry_timestamp": "2025-10-26T00:50:08.881",
    "not_before": "2025-10-25T23:51:38",
    "not_after": "2026-01-23T23:51:37",
    "serial_number": "05654f527ebbaa9e245646b0b53d3c0584f1",
    "result_count": 1
  },
  {
    "issuer_ca_id": 295809,
    "issuer_name": "C=US, O=Let's Encrypt, CN=E8",
    "name_value": "bdsrc.ntu.edu.tw",
    "id": 21994322774,
    "entry_timestamp": "2025-10-25T12:32:39.409",
    "not_before": "2025-10-25T11:34:09",
    "not_after": "2026-01-23T11:34:08",
    "serial_number": "06fd6ccef7a0e23f4cc8a82d1bd198c8c210",
    "result_count": 1
  },
  {
    "issuer_ca_id": 295809,
    "issuer_name": "C=US, O=Let's Encrypt, CN=E8",
    "name_value": "bdsrc.ntu.edu.tw",
    "id": 21994320732,
    "entry_timestamp": "2025-10-25T12:32:39.206",
    "not_before": "2025-10-25T11:34:09",
    "not_after": "2026-01-23T11:34:08",
    "serial_number": "06fd6ccef7a0e23f4cc8a82d1bd198c8c210",
    "result_count": 1
  },
  {
    "issuer_ca_id": 295816,
    "issuer_name": "C=US, O=Let's Encrypt, CN=R12",
    "name_value": "datajournalism.ntu.edu.tw",
    "id": 21994187829,
    "entry_timestamp": "2025-10-25T12:25:49.584",
    "not_before": "2025-10-25T11:27:19",
    "not_after": "2026-01-23T11:27:18",
    "serial_number": "05157c105a491e66df43faaa4027141bb9ea",
    "result_count": 1
  },
  {
    "issuer_ca_id": 295816,
    "issuer_name": "C=US, O=Let's Encrypt, CN=R12",
    "name_value": "datajournalism.ntu.edu.tw",
    "id": 21994192035,
    "entry_timestamp": "2025-10-25T12:25:49.3",
    "not_before": "2025-10-25T11:27:19",
    "not_after": "2026-01-23T11:27:18",
    "serial_number": "05157c105a491e66df43faaa4027141bb9ea",
    "result_count": 1
  },
  {
    "issuer_ca_id": 295813,
    "issuer_name": "C=US, O=Let's Encrypt, CN=E7",
    "name_value": "tjn.ntu.edu.tw",
    "id": 21993238761,
    "entry_timestamp": "2025-10-25T11:27:19.01",
    "not_before": "2025-10-25T10:28:48",
    "not_after": "2026-01-23T10:28:47",
    "serial_number": "062ca94afab801c8401399c87a6a059135a1",
    "result_count": 1
  },
  {
    "issuer_ca_id": 295813,
    "issuer_name": "C=US, O=Let's Encrypt, CN=E7",
    "name_value": "tjn.ntu.edu.tw",
    "id": 21993238902,
    "entry_timestamp": "2025-10-25T11:27:18.9",
    "not_before": "2025-10-25T10:28:48",
    "not_after": "2026-01-23T10:28:47",
    "serial_number": "062ca94afab801c8401399c87a6a059135a1",
    "result_count": 1
  },
  {
    "issuer_ca_id": 286244,
    "issuer_name": "C=US, O=Google Trust Services, CN=WR3",
    "name_value": "easse2025.ntu.edu.tw",
    "id": 21983966670,
    "entry_timestamp": "2025-10-25T02:08:07.495",
    "not_before": "2025-10-25T01:08:06",
    "not_after": "2026-01-23T01:59:38",
    "serial_number": "00913198f4cb11101d109c9199a915ec4d",
    "result_count": 1
  },
  {
    "issuer_ca_id": 295816,
    "issuer_name": "C=US, O=Let's Encrypt, CN=R12",
    "name_value": "mis.cph.ntu.edu.tw",
    "id": 21983440560,
    "entry_timestamp": "2025-10-25T01:41:20.83",
    "not_before": "2025-10-25T00:42:48",
    "not_after": "2026-01-23T00:42:47",
    "serial_number": "06084407b0686462967fcfb1ba2c8c78ecfe",
    "result_count": 1
  },
  {
    "issuer_ca_id": 295816,
    "issuer_name": "C=US, O=Let's Encrypt, CN=R12",
    "name_value": "mis.cph.ntu.edu.tw",
    "id": 21983435567,
    "entry_timestamp": "2025-10-25T01:41:18.587",
    "not_before": "2025-10-25T00:42:48",
    "not_after": "2026-01-23T00:42:47",
    "serial_number": "06084407b0686462967fcfb1ba2c8c78ecfe",
    "result_count": 1
  },
  {
    "issuer_ca_id": 286244,
    "issuer_name": "C=US, O=Google Trust Services, CN=WR3",
    "name_value": "mpb.ntu.edu.tw",
    "id": 21980948504,
    "entry_timestamp": "2025-10-24T23:18:01.093",
    "not_before": "2025-10-24T22:18:00",
    "not_after": "2026-01-22T23:07:10",
    "serial_number": "37ae76c41794dbf409334ab305d532ef",
    "result_count": 1
  },
  {
    "issuer_ca_id": 295813,
    "issuer_name": "C=US, O=Let's Encrypt, CN=E7",
    "name_value": "sslab.csie.ntu.edu.tw",
    "id": 21979449746,
    "entry_timestamp": "2025-10-24T21:08:48.045",
    "not_before": "2025-10-24T20:10:17",
    "not_after": "2026-01-22T20:10:16",
    "serial_number": "05d1197511bd0816ca6182d02ecb11ba1ca3",
    "result_count": 1
  },
  {
    "issuer_ca_id": 295813,
    "issuer_name": "C=US, O=Let's Encrypt, CN=E7",
    "name_value": "sslab.csie.ntu.edu.tw",
    "id": 21980371093,
    "entry_timestamp": "2025-10-24T21:08:47.737",
    "not_before": "2025-10-24T20:10:17",
    "not_after": "2026-01-22T20:10:16",
    "serial_number": "05d1197511bd0816ca6182d02ecb11ba1ca3",
    "result_count": 1
  },
  {
    "issuer_ca_id": 295816,
    "issuer_name": "C=US, O=Let's Encrypt, CN=R12",
    "name_value": "app.oc.ntu.edu.tw",
    "id": 21977804871,
    "entry_timestamp": "2025-10-24T19:41:20.488",
    "not_before": "2025-10-24T18:42:50",
    "not_after": "2026-01-22T18:42:49",
    "serial_number": "0627460fc169c5028e27db7caf5390c45d69",
    "result_count": 1
  },
  {
    "issuer_ca_id": 295816,
    "issuer_name": "C=US, O=Let's Encrypt, CN=R12",
    "name_value": "app.oc.ntu.edu.tw",
    "id": 21976877048,
    "entry_timestamp": "2025-10-24T19:41:20.37",
    "not_before": "2025-10-24T18:42:50",
    "not_after": "2026-01-22T18:42:49",
    "serial_number": "0627460fc169c5028e27db7caf5390c45d69",
    "result_count": 1
  },
  {
    "issuer_ca_id": 295816,
    "issuer_name": "C=US, O=Let's Encrypt, CN=R12",
    "name_value": "venus.phys.ntu.edu.tw",
    "id": 21977177623,
    "entry_timestamp": "2025-10-24T19:04:58.666",
    "not_before": "2025-10-24T18:06:28",
    "not_after": "2026-01-22T18:06:27",
    "serial_number": "05bcd22d58d6651c51518980cb1a02b94026",
    "result_count": 1
  },
  {
    "issuer_ca_id": 295816,
    "issuer_name": "C=US, O=Let's Encrypt, CN=R12",
    "name_value": "venus.phys.ntu.edu.tw",
    "id": 21976595274,
    "entry_timestamp": "2025-10-24T19:04:58.302",
    "not_before": "2025-10-24T18:06:28",
    "not_after": "2026-01-22T18:06:27",
    "serial_number": "05bcd22d58d6651c51518980cb1a02b94026",
    "result_count": 1
  },
  {
    "issuer_ca_id": 295809,
    "issuer_name": "C=US, O=Let's Encrypt, CN=E8",
    "name_value": "cc.cl.ntu.edu.tw",
    "id": 21976580369,
    "entry_timestamp": "2025-10-24T18:31:48.586",
    "not_before": "2025-10-24T17:33:17",
    "not_after": "2026-01-22T17:33:16",
    "serial_number": "05bfc2308d99f645289b484832ed57540813",
    "result_count": 1
  },
  {
    "issuer_ca_id": 295809,
    "issuer_name": "C=US, O=Let's Encrypt, CN=E8",
    "name_value": "cc.cl.ntu.edu.tw",
    "id": 21976045956,
    "entry_timestamp": "2025-10-24T18:31:48.189",
    "not_before": "2025-10-24T17:33:17",
    "not_after": "2026-01-22T17:33:16",
    "serial_number": "05bfc2308d99f645289b484832ed57540813",
    "result_count": 1
  },
  {
    "issuer_ca_id": 295817,
    "issuer_name": "C=US, O=Let's Encrypt, CN=R13",
    "name_value": "nbsc.cbt.ntu.edu.tw",
    "id": 21967770626,
    "entry_timestamp": "2025-10-24T11:18:08.088",
    "not_before": "2025-10-24T10:19:35",
    "not_after": "2026-01-22T10:19:34",
    "serial_number": "05df7084b18caff42982f2f39edf5ee95687",
    "result_count": 1
  },
  {
    "issuer_ca_id": 295817,
    "issuer_name": "C=US, O=Let's Encrypt, CN=R13",
    "name_value": "nbsc.cbt.ntu.edu.tw",
    "id": 21967762848,
    "entry_timestamp": "2025-10-24T11:18:05.935",
    "not_before": "2025-10-24T10:19:35",
    "not_after": "2026-01-22T10:19:34",
    "serial_number": "05df7084b18caff42982f2f39edf5ee95687",
    "result_count": 1
  },
  {
    "issuer_ca_id": 295813,
    "issuer_name": "C=US, O=Let's Encrypt, CN=E7",
    "name_value": "ibp.bime.ntu.edu.tw",
    "id": 21967693519,
    "entry_timestamp": "2025-10-24T11:13:46.124",
    "not_before": "2025-10-24T10:15:13",
    "not_after": "2026-01-22T10:15:12",
    "serial_number": "05181ed27cd9d09355c5b40deebfb46a1a1b",
    "result_count": 1
  },
  {
    "issuer_ca_id": 295813,
    "issuer_name": "C=US, O=Let's Encrypt, CN=E7",
    "name_value": "ibp.bime.ntu.edu.tw",
    "id": 21967690604,
    "entry_timestamp": "2025-10-24T11:13:43.809",
    "not_before": "2025-10-24T10:15:13",
    "not_after": "2026-01-22T10:15:12",
    "serial_number": "05181ed27cd9d09355c5b40deebfb46a1a1b",
    "result_count": 1
  },
  {
    "issuer_ca_id": 295816,
    "issuer_name": "C=US, O=Let's Encrypt, CN=R12",
    "name_value": "po.oc.ntu.edu.tw",
    "id": 21962661457,
    "entry_timestamp": "2025-10-24T07:10:13.932",
    "not_before": "2025-10-24T06:11:43",
    "not_after": "2026-01-22T06:11:42",
    "serial_number": "05f5b19b28bdbf44d97f3e4394457d42d631",
    "result_count": 1
  },
  {
    "issuer_ca_id": 295816,
    "issuer_name": "C=US, O=Let's Encrypt, CN=R12",
    "name_value": "po.oc.ntu.edu.tw",
    "id": 21962662410,
    "entry_timestamp": "2025-10-24T07:10:13.647",
    "not_before": "2025-10-24T06:11:43",
    "not_after": "2026-01-22T06:11:42",
    "serial_number": "05f5b19b28bdbf44d97f3e4394457d42d631",
    "result_count": 1
  },
  {
    "issuer_ca_id": 295817,
    "issuer_name": "C=US, O=Let's Encrypt, CN=R13",
    "name_value": "cecf.csbb.ntu.edu.tw",
    "id": 21956824395,
    "entry_timestamp": "2025-10-24T02:18:04.594",
    "not_before": "2025-10-24T01:19:34",
    "not_after": "2026-01-22T01:19:33",
    "serial_number": "058ed8a9cf88b68d2a6b6759f9e1d8fa3770",
    "result_count": 1
  },
  {
    "issuer_ca_id": 295817,
    "issuer_name": "C=US, O=Let's Encrypt, CN=R13",
    "name_value": "cecf.csbb.ntu.edu.tw",
    "id": 21956817022,
    "entry_timestamp": "2025-10-24T02:18:04.404",
    "not_before": "2025-10-24T01:19:34",
    "not_after": "2026-01-22T01:19:33",
    "serial_number": "058ed8a9cf88b68d2a6b6759f9e1d8fa3770",
    "result_count": 1
  },
  {
    "issuer_ca_id": 295809,
    "issuer_name": "C=US, O=Let's Encrypt, CN=E8",
    "name_value": "lp-nas17.ntu-ccms.ntu.edu.tw",
    "id": 21950383080,
    "entry_timestamp": "2025-10-23T20:21:11.385",
    "not_before": "2025-10-23T19:22:40",
    "not_after": "2026-01-21T19:22:39",
    "serial_number": "05454d5320493e3a75338c91e675bbad87ad",
    "result_count": 1
  },
  {
    "issuer_ca_id": 295809,
    "issuer_name": "C=US, O=Let's Encrypt, CN=E8",
    "name_value": "lp-nas17.ntu-ccms.ntu.edu.tw",
    "id": 21950379962,
    "entry_timestamp": "2025-10-23T20:21:11.18",
    "not_before": "2025-10-23T19:22:40",
    "not_after": "2026-01-21T19:22:39",
    "serial_number": "05454d5320493e3a75338c91e675bbad87ad",
    "result_count": 1
  },
  {
    "issuer_ca_id": 295816,
    "issuer_name": "C=US, O=Let's Encrypt, CN=R12",
    "name_value": "lp-nas17.ntu-ccms.ntu.edu.tw",
    "id": 21950381945,
    "entry_timestamp": "2025-10-23T20:21:08.364",
    "not_before": "2025-10-23T19:22:38",
    "not_after": "2026-01-21T19:22:37",
    "serial_number": "056eb5ff73608cbe31624786c279b178ac38",
    "result_count": 1
  },
  {
    "issuer_ca_id": 295816,
    "issuer_name": "C=US, O=Let's Encrypt, CN=R12",
    "name_value": "lp-nas17.ntu-ccms.ntu.edu.tw",
    "id": 21950379659,
    "entry_timestamp": "2025-10-23T20:21:08.195",
    "not_before": "2025-10-23T19:22:38",
    "not_after": "2026-01-21T19:22:37",
    "serial_number": "056eb5ff73608cbe31624786c279b178ac38",
    "result_count": 1
  },
  {
    "issuer_ca_id": 295816,
    "issuer_name": "C=US, O=Let's Encrypt, CN=R12",
    "name_value": "minio.toolmen.bime.ntu.edu.tw",
    "id": 21944430899,
    "entry_timestamp": "2025-10-23T14:59:49.357",
    "not_before": "2025-10-23T14:01:18",
    "not_after": "2026-01-21T14:01:17",
    "serial_number": "05a963008f64986e2ec8d6d9b84272eac3f7",
    "result_count": 1
  },
  {
    "issuer_ca_id": 295817,
    "issuer_name": "C=US, O=Let's Encrypt, CN=R13",
    "name_value": "minio-tenant.toolmen.bime.ntu.edu.tw",
    "id": 21944449201,
    "entry_timestamp": "2025-10-23T14:59:49.19",
    "not_before": "2025-10-23T14:01:18",
    "not_after": "2026-01-21T14:01:17",
    "serial_number": "058219a7d7d4f11bb2667850f348741e10d9",
    "result_count": 1
  },
  {
    "issuer_ca_id": 295816,
    "issuer_name": "C=US, O=Let's Encrypt, CN=R12",
    "name_value": "minio.toolmen.bime.ntu.edu.tw",
    "id": 21944425743,
    "entry_timestamp": "2025-10-23T14:59:49.07",
    "not_before": "2025-10-23T14:01:18",
    "not_after": "2026-01-21T14:01:17",
    "serial_number": "05a963008f64986e2ec8d6d9b84272eac3f7",
    "result_count": 1
  },
  {
    "issuer_ca_id": 295817,
    "issuer_name": "C=US, O=Let's Encrypt, CN=R13",
    "name_value": "minio-tenant.toolmen.bime.ntu.edu.tw",
    "id": 21944424066,
    "entry_timestamp": "2025-10-23T14:59:48.867",
    "not_before": "2025-10-23T14:01:18",
    "not_after": "2026-01-21T14:01:17",
    "serial_number": "058219a7d7d4f11bb2667850f348741e10d9",
    "result_count": 1
  },
  {
    "issuer_ca_id": 295817,
    "issuer_name": "C=US, O=Let's Encrypt, CN=R13",
    "name_value": "minio.toolmen.bime.ntu.edu.tw",
    "id": 21944295543,
    "entry_timestamp": "2025-10-23T14:53:22.372",
    "not_before": "2025-10-23T13:54:51",
    "not_after": "2026-01-21T13:54:50",
    "serial_number": "0519c6a9b2bd0a35a75ea2a0b117b08eb15b",
    "result_count": 1
  },
  {
    "issuer_ca_id": 295817,
    "issuer_name": "C=US, O=Let's Encrypt, CN=R13",
    "name_value": "minio.toolmen.bime.ntu.edu.tw",
    "id": 21944295628,
    "entry_timestamp": "2025-10-23T14:53:22.138",
    "not_before": "2025-10-23T13:54:51",
    "not_after": "2026-01-21T13:54:50",
    "serial_number": "0519c6a9b2bd0a35a75ea2a0b117b08eb15b",
    "result_count": 1
  },
  {
    "issuer_ca_id": 295813,
    "issuer_name": "C=US, O=Let's Encrypt, CN=E7",
    "name_value": "www.cl.ntu.edu.tw",
    "id": 21942129433,
    "entry_timestamp": "2025-10-23T13:07:13.101",
    "not_before": "2025-10-23T12:08:42",
    "not_after": "2026-01-21T12:08:41",
    "serial_number": "06b898d4afb77a5a6911bb76e39bb7f336fc",
    "result_count": 1
  },
  {
    "issuer_ca_id": 295813,
    "issuer_name": "C=US, O=Let's Encrypt, CN=E7",
    "name_value": "www.cl.ntu.edu.tw",
    "id": 21942137231,
    "entry_timestamp": "2025-10-23T13:07:12.889",
    "not_before": "2025-10-23T12:08:42",
    "not_after": "2026-01-21T12:08:41",
    "serial_number": "06b898d4afb77a5a6911bb76e39bb7f336fc",
    "result_count": 1
  },
  {
    "issuer_ca_id": 295817,
    "issuer_name": "C=US, O=Let's Encrypt, CN=R13",
    "name_value": "s3.toolmen.bime.ntu.edu.tw",
    "id": 21942084703,
    "entry_timestamp": "2025-10-23T13:04:16.766",
    "not_before": "2025-10-23T12:05:46",
    "not_after": "2026-01-21T12:05:45",
    "serial_number": "0545015cec6339e9f35e47aa4b640826aa1d",
    "result_count": 1
  },
  {
    "issuer_ca_id": 295817,
    "issuer_name": "C=US, O=Let's Encrypt, CN=R13",
    "name_value": "s3.toolmen.bime.ntu.edu.tw",
    "id": 21942087323,
    "entry_timestamp": "2025-10-23T13:04:16.523",
    "not_before": "2025-10-23T12:05:46",
    "not_after": "2026-01-21T12:05:45",
    "serial_number": "0545015cec6339e9f35e47aa4b640826aa1d",
    "result_count": 1
  },
  {
    "issuer_ca_id": 295809,
    "issuer_name": "C=US, O=Let's Encrypt, CN=E8",
    "name_value": "nat1.as.ntu.edu.tw",
    "id": 21940710451,
    "entry_timestamp": "2025-10-23T12:02:02.611",
    "not_before": "2025-10-23T11:03:32",
    "not_after": "2026-01-21T11:03:31",
    "serial_number": "0555d0134836a31c3bf72d0aa9bc3d9504c6",
    "result_count": 1
  },
  {
    "issuer_ca_id": 295809,
    "issuer_name": "C=US, O=Let's Encrypt, CN=E8",
    "name_value": "nat1.as.ntu.edu.tw",
    "id": 21940679065,
    "entry_timestamp": "2025-10-23T12:02:02.279",
    "not_before": "2025-10-23T11:03:32",
    "not_after": "2026-01-21T11:03:31",
    "serial_number": "0555d0134836a31c3bf72d0aa9bc3d9504c6",
    "result_count": 1
  },
  {
    "issuer_ca_id": 295816,
    "issuer_name": "C=US, O=Let's Encrypt, CN=R12",
    "name_value": "minio-tenant.toolmen.bime.ntu.edu.tw",
    "id": 21940098151,
    "entry_timestamp": "2025-10-23T11:32:10.53",
    "not_before": "2025-10-23T10:33:40",
    "not_after": "2026-01-21T10:33:39",
    "serial_number": "06f255395f4c1ba07d1d1b5aeca7f9bf6f68",
    "result_count": 1
  },
  {
    "issuer_ca_id": 295816,
    "issuer_name": "C=US, O=Let's Encrypt, CN=R12",
    "name_value": "minio-tenant.toolmen.bime.ntu.edu.tw",
    "id": 21940111186,
    "entry_timestamp": "2025-10-23T11:32:10.294",
    "not_before": "2025-10-23T10:33:40",
    "not_after": "2026-01-21T10:33:39",
    "serial_number": "06f255395f4c1ba07d1d1b5aeca7f9bf6f68",
    "result_count": 1
  },
  {
    "issuer_ca_id": 295817,
    "issuer_name": "C=US, O=Let's Encrypt, CN=R13",
    "name_value": "minio-tenant.toolmen.bime.ntu.edu.tw",
    "id": 21938798811,
    "entry_timestamp": "2025-10-23T10:20:55.695",
    "not_before": "2025-10-23T09:22:25",
    "not_after": "2026-01-21T09:22:24",
    "serial_number": "067686016adfb8be2e29ea1bb889e03e5be5",
    "result_count": 1
  },
  {
    "issuer_ca_id": 295817,
    "issuer_name": "C=US, O=Let's Encrypt, CN=R13",
    "name_value": "minio-tenant.toolmen.bime.ntu.edu.tw",
    "id": 21938797255,
    "entry_timestamp": "2025-10-23T10:20:55.455",
    "not_before": "2025-10-23T09:22:25",
    "not_after": "2026-01-21T09:22:24",
    "serial_number": "067686016adfb8be2e29ea1bb889e03e5be5",
    "result_count": 1
  },
  {
    "issuer_ca_id": 295816,
    "issuer_name": "C=US, O=Let's Encrypt, CN=R12",
    "name_value": "pmsl.bime.ntu.edu.tw",
    "id": 21937559634,
    "entry_timestamp": "2025-10-23T09:15:52.747",
    "not_before": "2025-10-23T08:17:22",
    "not_after": "2026-01-21T08:17:21",
    "serial_number": "06620c3f1419885194cba1b08103d6263d3d",
    "result_count": 1
  },
  {
    "issuer_ca_id": 295816,
    "issuer_name": "C=US, O=Let's Encrypt, CN=R12",
    "name_value": "pmsl.bime.ntu.edu.tw",
    "id": 21937561321,
    "entry_timestamp": "2025-10-23T09:15:52.534",
    "not_before": "2025-10-23T08:17:22",
    "not_after": "2026-01-21T08:17:21",
    "serial_number": "06620c3f1419885194cba1b08103d6263d3d",
    "result_count": 1
  },
  {
    "issuer_ca_id": 295817,
    "issuer_name": "C=US, O=Let's Encrypt, CN=R13",
    "name_value": "minio-console.toolmen.bime.ntu.edu.tw",
    "id": 21935286612,
    "entry_timestamp": "2025-10-23T07:19:43.407",
    "not_before": "2025-10-23T06:21:12",
    "not_after": "2026-01-21T06:21:11",
    "serial_number": "05acae0676a72e17905007d640ea425fa27e",
    "result_count": 1
  },
  {
    "issuer_ca_id": 295817,
    "issuer_name": "C=US, O=Let's Encrypt, CN=R13",
    "name_value": "minio-console.toolmen.bime.ntu.edu.tw",
    "id": 21935277932,
    "entry_timestamp": "2025-10-23T07:19:42.967",
    "not_before": "2025-10-23T06:21:12",
    "not_after": "2026-01-21T06:21:11",
    "serial_number": "05acae0676a72e17905007d640ea425fa27e",
    "result_count": 1
  },
  {
    "issuer_ca_id": 295816,
    "issuer_name": "C=US, O=Let's Encrypt, CN=R12",
    "name_value": "www.statedu.ntu.edu.tw",
    "id": 21930750671,
    "entry_timestamp": "2025-10-23T03:27:40.267",
    "not_before": "2025-10-23T02:29:09",
    "not_after": "2026-01-21T02:29:08",
    "serial_number": "062fa229ebd4be113e972ed180b5004bedd3",
    "result_count": 1
  },
  {
    "issuer_ca_id": 295816,
    "issuer_name": "C=US, O=Let's Encrypt, CN=R12",
    "name_value": "www.statedu.ntu.edu.tw",
    "id": 21930758253,
    "entry_timestamp": "2025-10-23T03:27:40.067",
    "not_before": "2025-10-23T02:29:09",
    "not_after": "2026-01-21T02:29:08",
    "serial_number": "062fa229ebd4be113e972ed180b5004bedd3",
    "result_count": 1
  },
  {
    "issuer_ca_id": 295817,
    "issuer_name": "C=US, O=Let's Encrypt, CN=R13",
    "name_value": "app05.odb.ntu.edu.tw",
    "id": 21929700186,
    "entry_timestamp": "2025-10-23T02:34:42.726",
    "not_before": "2025-10-23T01:36:12",
    "not_after": "2026-01-21T01:36:11",
    "serial_number": "065006473a134dd1ed58fa12dbe55dc7cdab",
    "result_count": 1
  },
  {
    "issuer_ca_id": 295817,
    "issuer_name": "C=US, O=Let's Encrypt, CN=R13",
    "name_value": "app05.odb.ntu.edu.tw",
    "id": 21929676095,
    "entry_timestamp": "2025-10-23T02:34:42.601",
    "not_before": "2025-10-23T01:36:12",
    "not_after": "2026-01-21T01:36:11",
    "serial_number": "065006473a134dd1ed58fa12dbe55dc7cdab",
    "result_count": 1
  },
  {
    "issuer_ca_id": 295816,
    "issuer_name": "C=US, O=Let's Encrypt, CN=R12",
    "name_value": "app05.odb.ntu.edu.tw",
    "id": 21929700811,
    "entry_timestamp": "2025-10-23T02:34:39.71",
    "not_before": "2025-10-23T01:36:07",
    "not_after": "2026-01-21T01:36:06",
    "serial_number": "06900403d8b41e3c5df77fe75b8901226b1f",
    "result_count": 1
  },
  {
    "issuer_ca_id": 295816,
    "issuer_name": "C=US, O=Let's Encrypt, CN=R12",
    "name_value": "app05.odb.ntu.edu.tw",
    "id": 21929700387,
    "entry_timestamp": "2025-10-23T02:34:37.607",
    "not_before": "2025-10-23T01:36:07",
    "not_after": "2026-01-21T01:36:06",
    "serial_number": "06900403d8b41e3c5df77fe75b8901226b1f",
    "result_count": 1
  },
  {
    "issuer_ca_id": 295816,
    "issuer_name": "C=US, O=Let's Encrypt, CN=R12",
    "name_value": "mail.ccsun53.cc.ntu.edu.tw",
    "id": 21929509939,
    "entry_timestamp": "2025-10-23T02:24:29.141",
    "not_before": "2025-10-23T01:25:58",
    "not_after": "2026-01-21T01:25:57",
    "serial_number": "05829c51a8bef25fa8aa5e11187ef2426508",
    "result_count": 1
  },
  {
    "issuer_ca_id": 295816,
    "issuer_name": "C=US, O=Let's Encrypt, CN=R12",
    "name_value": "mail.ccsun53.cc.ntu.edu.tw",
    "id": 21929484483,
    "entry_timestamp": "2025-10-23T02:24:28.913",
    "not_before": "2025-10-23T01:25:58",
    "not_after": "2026-01-21T01:25:57",
    "serial_number": "05829c51a8bef25fa8aa5e11187ef2426508",
    "result_count": 1
  },
  {
    "issuer_ca_id": 295817,
    "issuer_name": "C=US, O=Let's Encrypt, CN=R13",
    "name_value": "minio-console.toolmen.bime.ntu.edu.tw",
    "id": 21923421536,
    "entry_timestamp": "2025-10-22T21:34:37.869",
    "not_before": "2025-10-22T20:36:07",
    "not_after": "2026-01-20T20:36:06",
    "serial_number": "05d01adb2b8aa81d4f57056e091839749be5",
    "result_count": 1
  },
  {
    "issuer_ca_id": 295817,
    "issuer_name": "C=US, O=Let's Encrypt, CN=R13",
    "name_value": "minio-console.toolmen.bime.ntu.edu.tw",
    "id": 21923397873,
    "entry_timestamp": "2025-10-22T21:34:37.683",
    "not_before": "2025-10-22T20:36:07",
    "not_after": "2026-01-20T20:36:06",
    "serial_number": "05d01adb2b8aa81d4f57056e091839749be5",
    "result_count": 1
  },
  {
    "issuer_ca_id": 295817,
    "issuer_name": "C=US, O=Let's Encrypt, CN=R13",
    "name_value": "cool.ntu.edu.tw",
    "id": 21922026028,
    "entry_timestamp": "2025-10-22T20:10:33.703",
    "not_before": "2025-10-22T19:12:03",
    "not_after": "2026-01-20T19:12:02",
    "serial_number": "06fea30663d49c6548e29f43bd1ee6c91156",
    "result_count": 1
  },
  {
    "issuer_ca_id": 295817,
    "issuer_name": "C=US, O=Let's Encrypt, CN=R13",
    "name_value": "cool.ntu.edu.tw",
    "id": 21922005743,
    "entry_timestamp": "2025-10-22T20:10:33.578",
    "not_before": "2025-10-22T19:12:03",
    "not_after": "2026-01-20T19:12:02",
    "serial_number": "06fea30663d49c6548e29f43bd1ee6c91156",
    "result_count": 1
  },
  {
    "issuer_ca_id": 295817,
    "issuer_name": "C=US, O=Let's Encrypt, CN=R13",
    "name_value": "minio-operator.toolmen.bime.ntu.edu.tw",
    "id": 21921708533,
    "entry_timestamp": "2025-10-22T19:50:10.933",
    "not_before": "2025-10-22T18:51:40",
    "not_after": "2026-01-20T18:51:39",
    "serial_number": "06eb1bdac3f21f032a075c16de54318d9947",
    "result_count": 1
  },
  {
    "issuer_ca_id": 295817,
    "issuer_name": "C=US, O=Let's Encrypt, CN=R13",
    "name_value": "minio-operator.toolmen.bime.ntu.edu.tw",
    "id": 21921703097,
    "entry_timestamp": "2025-10-22T19:50:10.733",
    "not_before": "2025-10-22T18:51:40",
    "not_after": "2026-01-20T18:51:39",
    "serial_number": "06eb1bdac3f21f032a075c16de54318d9947",
    "result_count": 1
  },
  {
    "issuer_ca_id": 295813,
    "issuer_name": "C=US, O=Let's Encrypt, CN=E7",
    "name_value": "nems.ntu.edu.tw",
    "id": 21920405915,
    "entry_timestamp": "2025-10-22T18:26:58.17",
    "not_before": "2025-10-22T17:28:27",
    "not_after": "2026-01-20T17:28:26",
    "serial_number": "05b5eb7d9b06959d5945e5c1791df22fcb55",
    "result_count": 1
  },
  {
    "issuer_ca_id": 295813,
    "issuer_name": "C=US, O=Let's Encrypt, CN=E7",
    "name_value": "nems.ntu.edu.tw",
    "id": 21920409848,
    "entry_timestamp": "2025-10-22T18:26:57.815",
    "not_before": "2025-10-22T17:28:27",
    "not_after": "2026-01-20T17:28:26",
    "serial_number": "05b5eb7d9b06959d5945e5c1791df22fcb55",
    "result_count": 1
  },
  {
    "issuer_ca_id": 295817,
    "issuer_name": "C=US, O=Let's Encrypt, CN=R13",
    "name_value": "mattermost.toolmen.bime.ntu.edu.tw",
    "id": 21920331934,
    "entry_timestamp": "2025-10-22T18:21:36.899",
    "not_before": "2025-10-22T17:23:06",
    "not_after": "2026-01-20T17:23:05",
    "serial_number": "06c65b8dd194b07d7442f8ab3cae7af1443b",
    "result_count": 1
  },
  {
    "issuer_ca_id": 295817,
    "issuer_name": "C=US, O=Let's Encrypt, CN=R13",
    "name_value": "mattermost.toolmen.bime.ntu.edu.tw",
    "id": 21920329324,
    "entry_timestamp": "2025-10-22T18:21:36.773",
    "not_before": "2025-10-22T17:23:06",
    "not_after": "2026-01-20T17:23:05",
    "serial_number": "06c65b8dd194b07d7442f8ab3cae7af1443b",
    "result_count": 1
  },
  {
    "issuer_ca_id": 204406,
    "issuer_name": "C=GB, O=Sectigo Limited, CN=Sectigo Public Server Authentication CA DV R36",
    "name_value": "imd.mc.ntu.edu.tw",
    "id": 21914428691,
    "entry_timestamp": "2025-10-22T12:32:01.448",
    "not_before": "2025-10-22T00:00:00",
    "not_after": "2026-10-23T23:59:59",
    "serial_number": "7c445574293cb0f0eb945091b8b1ec66",
    "result_count": 1
  },
  {
    "issuer_ca_id": 204406,
    "issuer_name": "C=GB, O=Sectigo Limited, CN=Sectigo Public Server Authentication CA DV R36",
    "name_value": "imd.mc.ntu.edu.tw",
    "id": 21914404730,
    "entry_timestamp": "2025-10-22T12:32:00.502",
    "not_before": "2025-10-22T00:00:00",
    "not_after": "2026-10-23T23:59:59",
    "serial_number": "7c445574293cb0f0eb945091b8b1ec66",
    "result_count": 1
  },
  {
    "issuer_ca_id": 295817,
    "issuer_name": "C=US, O=Let's Encrypt, CN=R13",
    "name_value": "ld.ncl.lib.ntu.edu.tw",
    "id": 21905669957,
    "entry_timestamp": "2025-10-22T05:31:37.625",
    "not_before": "2025-10-22T04:33:07",
    "not_after": "2026-01-20T04:33:06",
    "serial_number": "06fd23a886beadc94e3be6181e1c21b8d69e",
    "result_count": 1
  },
  {
    "issuer_ca_id": 295817,
    "issuer_name": "C=US, O=Let's Encrypt, CN=R13",
    "name_value": "ld.ncl.lib.ntu.edu.tw",
    "id": 21905639298,
    "entry_timestamp": "2025-10-22T05:31:37.511",
    "not_before": "2025-10-22T04:33:07",
    "not_after": "2026-01-20T04:33:06",
    "serial_number": "06fd23a886beadc94e3be6181e1c21b8d69e",
    "result_count": 1
  },
  {
    "issuer_ca_id": 295809,
    "issuer_name": "C=US, O=Let's Encrypt, CN=E8",
    "name_value": "emha.coph.ntu.edu.tw",
    "id": 21904918787,
    "entry_timestamp": "2025-10-22T04:50:16.424",
    "not_before": "2025-10-22T03:51:45",
    "not_after": "2026-01-20T03:51:44",
    "serial_number": "06154c77ce16872f0f65a4cbb7b540ed5ed1",
    "result_count": 1
  },
  {
    "issuer_ca_id": 295809,
    "issuer_name": "C=US, O=Let's Encrypt, CN=E8",
    "name_value": "emha.coph.ntu.edu.tw",
    "id": 21904897560,
    "entry_timestamp": "2025-10-22T04:50:15.668",
    "not_before": "2025-10-22T03:51:45",
    "not_after": "2026-01-20T03:51:44",
    "serial_number": "06154c77ce16872f0f65a4cbb7b540ed5ed1",
    "result_count": 1
  },
  {
    "issuer_ca_id": 295809,
    "issuer_name": "C=US, O=Let's Encrypt, CN=E8",
    "name_value": "stemlab.bse.ntu.edu.tw",
    "id": 21903824816,
    "entry_timestamp": "2025-10-22T03:48:06.575",
    "not_before": "2025-10-22T02:49:36",
    "not_after": "2026-01-20T02:49:35",
    "serial_number": "05100665105b56b89ef7a264e20cd775e1d2",
    "result_count": 1
  },
  {
    "issuer_ca_id": 295809,
    "issuer_name": "C=US, O=Let's Encrypt, CN=E8",
    "name_value": "stemlab.bse.ntu.edu.tw",
    "id": 21903820438,
    "entry_timestamp": "2025-10-22T03:48:06.369",
    "not_before": "2025-10-22T02:49:36",
    "not_after": "2026-01-20T02:49:35",
    "serial_number": "05100665105b56b89ef7a264e20cd775e1d2",
    "result_count": 1
  },
  {
    "issuer_ca_id": 295817,
    "issuer_name": "C=US, O=Let's Encrypt, CN=R13",
    "name_value": "stemlab.bse.ntu.edu.tw",
    "id": 21903836948,
    "entry_timestamp": "2025-10-22T03:47:56.972",
    "not_before": "2025-10-22T02:49:26",
    "not_after": "2026-01-20T02:49:25",
    "serial_number": "058cbcb055630ff26bb4e08477e72b2030a5",
    "result_count": 1
  },
  {
    "issuer_ca_id": 295817,
    "issuer_name": "C=US, O=Let's Encrypt, CN=R13",
    "name_value": "stemlab.bse.ntu.edu.tw",
    "id": 21903822737,
    "entry_timestamp": "2025-10-22T03:47:56.721",
    "not_before": "2025-10-22T02:49:26",
    "not_after": "2026-01-20T02:49:25",
    "serial_number": "058cbcb055630ff26bb4e08477e72b2030a5",
    "result_count": 1
  },
  {
    "issuer_ca_id": 295813,
    "issuer_name": "C=US, O=Let's Encrypt, CN=E7",
    "name_value": "hep5.phys.ntu.edu.tw",
    "id": 21903161912,
    "entry_timestamp": "2025-10-22T03:02:36.779",
    "not_before": "2025-10-22T02:04:06",
    "not_after": "2026-01-20T02:04:05",
    "serial_number": "05a6e7b2d21f1e478a0bd212cdfff35681fd",
    "result_count": 1
  },
  {
    "issuer_ca_id": 295813,
    "issuer_name": "C=US, O=Let's Encrypt, CN=E7",
    "name_value": "hep5.phys.ntu.edu.tw",
    "id": 21903141995,
    "entry_timestamp": "2025-10-22T03:02:36.599",
    "not_before": "2025-10-22T02:04:06",
    "not_after": "2026-01-20T02:04:05",
    "serial_number": "05a6e7b2d21f1e478a0bd212cdfff35681fd",
    "result_count": 1
  },
  {
    "issuer_ca_id": 295813,
    "issuer_name": "C=US, O=Let's Encrypt, CN=E7",
    "name_value": "hisp.ntu.edu.tw",
    "id": 21888909602,
    "entry_timestamp": "2025-10-21T16:04:29.606",
    "not_before": "2025-10-21T15:05:59",
    "not_after": "2026-01-19T15:05:58",
    "serial_number": "056f012446e13bec00ae838542ef94b23e2d",
    "result_count": 1
  },
  {
    "issuer_ca_id": 295813,
    "issuer_name": "C=US, O=Let's Encrypt, CN=E7",
    "name_value": "hisp.ntu.edu.tw",
    "id": 21888896682,
    "entry_timestamp": "2025-10-21T16:04:29.264",
    "not_before": "2025-10-21T15:05:59",
    "not_after": "2026-01-19T15:05:58",
    "serial_number": "056f012446e13bec00ae838542ef94b23e2d",
    "result_count": 1
  },
  {
    "issuer_ca_id": 295809,
    "issuer_name": "C=US, O=Let's Encrypt, CN=E8",
    "name_value": "nblab.im.ntu.edu.tw",
    "id": 21885722139,
    "entry_timestamp": "2025-10-21T13:35:27.013",
    "not_before": "2025-10-21T12:36:56",
    "not_after": "2026-01-19T12:36:55",
    "serial_number": "05189c957b828b7600e93cbf98d7f703c972",
    "result_count": 1
  },
  {
    "issuer_ca_id": 295809,
    "issuer_name": "C=US, O=Let's Encrypt, CN=E8",
    "name_value": "nblab.im.ntu.edu.tw",
    "id": 21885723315,
    "entry_timestamp": "2025-10-21T13:35:26.63",
    "not_before": "2025-10-21T12:36:56",
    "not_after": "2026-01-19T12:36:55",
    "serial_number": "05189c957b828b7600e93cbf98d7f703c972",
    "result_count": 1
  },
  {
    "issuer_ca_id": 295817,
    "issuer_name": "C=US, O=Let's Encrypt, CN=R13",
    "name_value": "ld.ncl.lib.ntu.edu.tw",
    "id": 21880921999,
    "entry_timestamp": "2025-10-21T10:18:22.403",
    "not_before": "2025-10-21T09:19:51",
    "not_after": "2026-01-19T09:19:50",
    "serial_number": "0598da08702044756988e8b1170ab58209ce",
    "result_count": 1
  },
  {
    "issuer_ca_id": 295817,
    "issuer_name": "C=US, O=Let's Encrypt, CN=R13",
    "name_value": "ld.ncl.lib.ntu.edu.tw",
    "id": 21880888112,
    "entry_timestamp": "2025-10-21T10:18:22.081",
    "not_before": "2025-10-21T09:19:51",
    "not_after": "2026-01-19T09:19:50",
    "serial_number": "0598da08702044756988e8b1170ab58209ce",
    "result_count": 1
  },
  {
    "issuer_ca_id": 295816,
    "issuer_name": "C=US, O=Let's Encrypt, CN=R12",
    "name_value": "www.stat.ntu.edu.tw",
    "id": 21878411380,
    "entry_timestamp": "2025-10-21T08:30:42.5",
    "not_before": "2025-10-21T07:32:11",
    "not_after": "2026-01-19T07:32:10",
    "serial_number": "05d0f8ff28873e5f32aa5e944e6fe950de36",
    "result_count": 1
  },
  {
    "issuer_ca_id": 295816,
    "issuer_name": "C=US, O=Let's Encrypt, CN=R12",
    "name_value": "www.stat.ntu.edu.tw",
    "id": 21878381637,
    "entry_timestamp": "2025-10-21T08:30:42.159",
    "not_before": "2025-10-21T07:32:11",
    "not_after": "2026-01-19T07:32:10",
    "serial_number": "05d0f8ff28873e5f32aa5e944e6fe950de36",
    "result_count": 1
  },
  {
    "issuer_ca_id": 295817,
    "issuer_name": "C=US, O=Let's Encrypt, CN=R13",
    "name_value": "dev2.lib.ntu.edu.tw",
    "id": 21876890545,
    "entry_timestamp": "2025-10-21T07:30:41.96",
    "not_before": "2025-10-21T06:32:11",
    "not_after": "2026-01-19T06:32:10",
    "serial_number": "0684fbdd4839cf23cbab05469831488d6f8e",
    "result_count": 1
  },
  {
    "issuer_ca_id": 295817,
    "issuer_name": "C=US, O=Let's Encrypt, CN=R13",
    "name_value": "dev2.lib.ntu.edu.tw",
    "id": 21876831848,
    "entry_timestamp": "2025-10-21T07:30:41.73",
    "not_before": "2025-10-21T06:32:11",
    "not_after": "2026-01-19T06:32:10",
    "serial_number": "0684fbdd4839cf23cbab05469831488d6f8e",
    "result_count": 1
  },
  {
    "issuer_ca_id": 204406,
    "issuer_name": "C=GB, O=Sectigo Limited, CN=Sectigo Public Server Authentication CA DV R36",
    "name_value": "*.management.ntu.edu.tw",
    "id": 21876137397,
    "entry_timestamp": "2025-10-21T06:58:17.116",
    "not_before": "2025-10-21T00:00:00",
    "not_after": "2026-11-20T23:59:59",
    "serial_number": "31db27116bc6728f36071dc582a4d218",
    "result_count": 1
  },
  {
    "issuer_ca_id": 204406,
    "issuer_name": "C=GB, O=Sectigo Limited, CN=Sectigo Public Server Authentication CA DV R36",
    "name_value": "*.management.ntu.edu.tw",
    "id": 21876118616,
    "entry_timestamp": "2025-10-21T06:58:15.484",
    "not_before": "2025-10-21T00:00:00",
    "not_after": "2026-11-20T23:59:59",
    "serial_number": "31db27116bc6728f36071dc582a4d218",
    "result_count": 1
  },
  {
    "issuer_ca_id": 295816,
    "issuer_name": "C=US, O=Let's Encrypt, CN=R12",
    "name_value": "mail.ccsun53.cc.ntu.edu.tw",
    "id": 21869831639,
    "entry_timestamp": "2025-10-21T02:32:26.932",
    "not_before": "2025-10-21T01:33:54",
    "not_after": "2026-01-19T01:33:53",
    "serial_number": "057609a91c4d6f256345ffe66d69e0cc5ba1",
    "result_count": 1
  },
  {
    "issuer_ca_id": 295816,
    "issuer_name": "C=US, O=Let's Encrypt, CN=R12",
    "name_value": "mail.ccsun53.cc.ntu.edu.tw",
    "id": 21869797723,
    "entry_timestamp": "2025-10-21T02:32:24.483",
    "not_before": "2025-10-21T01:33:54",
    "not_after": "2026-01-19T01:33:53",
    "serial_number": "057609a91c4d6f256345ffe66d69e0cc5ba1",
    "result_count": 1
  },
  {
    "issuer_ca_id": 295809,
    "issuer_name": "C=US, O=Let's Encrypt, CN=E8",
    "name_value": "tec.ntu.edu.tw",
    "id": 21866577224,
    "entry_timestamp": "2025-10-21T00:08:01.115",
    "not_before": "2025-10-20T23:09:30",
    "not_after": "2026-01-18T23:09:29",
    "serial_number": "06f7c60a0e8db4537d0ef77f976c67d2632d",
    "result_count": 1
  },
  {
    "issuer_ca_id": 295809,
    "issuer_name": "C=US, O=Let's Encrypt, CN=E8",
    "name_value": "tec.ntu.edu.tw",
    "id": 21866540781,
    "entry_timestamp": "2025-10-21T00:08:00.945",
    "not_before": "2025-10-20T23:09:30",
    "not_after": "2026-01-18T23:09:29",
    "serial_number": "06f7c60a0e8db4537d0ef77f976c67d2632d",
    "result_count": 1
  },
  {
    "issuer_ca_id": 295813,
    "issuer_name": "C=US, O=Let's Encrypt, CN=E7",
    "name_value": "ntpcrtp.wcdr.ntu.edu.tw",
    "id": 21860367828,
    "entry_timestamp": "2025-10-20T18:32:31.279",
    "not_before": "2025-10-20T17:34:00",
    "not_after": "2026-01-18T17:33:59",
    "serial_number": "05c2686a4df1e5eb3965a159cfecef283c6d",
    "result_count": 1
  },
  {
    "issuer_ca_id": 295813,
    "issuer_name": "C=US, O=Let's Encrypt, CN=E7",
    "name_value": "ntpcrtp.wcdr.ntu.edu.tw",
    "id": 21860366359,
    "entry_timestamp": "2025-10-20T18:32:30.986",
    "not_before": "2025-10-20T17:34:00",
    "not_after": "2026-01-18T17:33:59",
    "serial_number": "05c2686a4df1e5eb3965a159cfecef283c6d",
    "result_count": 1
  },
  {
    "issuer_ca_id": 295813,
    "issuer_name": "C=US, O=Let's Encrypt, CN=E7",
    "name_value": "election.ntusa.ntu.edu.tw",
    "id": 21859747540,
    "entry_timestamp": "2025-10-20T18:00:57.533",
    "not_before": "2025-10-20T17:02:26",
    "not_after": "2026-01-18T17:02:25",
    "serial_number": "05d3e4b289a90b7e1d3ff7d926e16e9c49bf",
    "result_count": 1
  },
  {
    "issuer_ca_id": 295813,
    "issuer_name": "C=US, O=Let's Encrypt, CN=E7",
    "name_value": "election.ntusa.ntu.edu.tw",
    "id": 21859732738,
    "entry_timestamp": "2025-10-20T18:00:57.146",
    "not_before": "2025-10-20T17:02:26",
    "not_after": "2026-01-18T17:02:25",
    "serial_number": "05d3e4b289a90b7e1d3ff7d926e16e9c49bf",
    "result_count": 1
  },
  {
    "issuer_ca_id": 286236,
    "issuer_name": "C=US, O=Google Trust Services, CN=WE1",
    "name_value": "speech.ntu.edu.tw",
    "id": 21859064845,
    "entry_timestamp": "2025-10-20T17:22:51.845",
    "not_before": "2025-10-20T16:22:20",
    "not_after": "2026-01-18T17:22:11",
    "serial_number": "752fdc02e26327500d8e28c427c037bd",
    "result_count": 1
  },
  {
    "issuer_ca_id": 286236,
    "issuer_name": "C=US, O=Google Trust Services, CN=WE1",
    "name_value": "speech.ntu.edu.tw",
    "id": 21859073828,
    "entry_timestamp": "2025-10-20T17:22:20.692",
    "not_before": "2025-10-20T16:22:20",
    "not_after": "2026-01-18T17:22:11",
    "serial_number": "752fdc02e26327500d8e28c427c037bd",
    "result_count": 1
  },
  {
    "issuer_ca_id": 286242,
    "issuer_name": "C=US, O=Google Trust Services, CN=WR1",
    "name_value": "speech.ntu.edu.tw",
    "id": 21859034619,
    "entry_timestamp": "2025-10-20T17:22:05.708",
    "not_before": "2025-10-20T16:22:05",
    "not_after": "2026-01-18T17:20:45",
    "serial_number": "3ff4a26d9c6cfaff11e750256c051db9",
    "result_count": 1
  },
  {
    "issuer_ca_id": 295809,
    "issuer_name": "C=US, O=Let's Encrypt, CN=E8",
    "name_value": "fo164.fo.ntu.edu.tw",
    "id": 21858226539,
    "entry_timestamp": "2025-10-20T16:36:33.819",
    "not_before": "2025-10-20T15:38:01",
    "not_after": "2026-01-18T15:38:00",
    "serial_number": "0627cec82f36546ffe70046257985010495d",
    "result_count": 1
  },
  {
    "issuer_ca_id": 295809,
    "issuer_name": "C=US, O=Let's Encrypt, CN=E8",
    "name_value": "fo164.fo.ntu.edu.tw",
    "id": 21858218670,
    "entry_timestamp": "2025-10-20T16:36:31.592",
    "not_before": "2025-10-20T15:38:01",
    "not_after": "2026-01-18T15:38:00",
    "serial_number": "0627cec82f36546ffe70046257985010495d",
    "result_count": 1
  },
  {
    "issuer_ca_id": 295817,
    "issuer_name": "C=US, O=Let's Encrypt, CN=R13",
    "name_value": "fo164.fo.ntu.edu.tw",
    "id": 21858226260,
    "entry_timestamp": "2025-10-20T16:36:28.506",
    "not_before": "2025-10-20T15:37:58",
    "not_after": "2026-01-18T15:37:57",
    "serial_number": "0641d9bef2426d2762c2b50e6b5b67710e0f",
    "result_count": 1
  },
  {
    "issuer_ca_id": 295817,
    "issuer_name": "C=US, O=Let's Encrypt, CN=R13",
    "name_value": "fo164.fo.ntu.edu.tw",
    "id": 21858218539,
    "entry_timestamp": "2025-10-20T16:36:28.277",
    "not_before": "2025-10-20T15:37:58",
    "not_after": "2026-01-18T15:37:57",
    "serial_number": "0641d9bef2426d2762c2b50e6b5b67710e0f",
    "result_count": 1
  },
  {
    "issuer_ca_id": 295817,
    "issuer_name": "C=US, O=Let's Encrypt, CN=R13",
    "name_value": "ssltest.lib.ntu.edu.tw",
    "id": 21850004610,
    "entry_timestamp": "2025-10-20T09:48:45.971",
    "not_before": "2025-10-20T08:50:15",
    "not_after": "2026-01-18T08:50:14",
    "serial_number": "06c6f991fc3a8e7c85926624533b54b96b60",
    "result_count": 1
  },
  {
    "issuer_ca_id": 295817,
    "issuer_name": "C=US, O=Let's Encrypt, CN=R13",
    "name_value": "ssltest.lib.ntu.edu.tw",
    "id": 21849973941,
    "entry_timestamp": "2025-10-20T09:48:45.776",
    "not_before": "2025-10-20T08:50:15",
    "not_after": "2026-01-18T08:50:14",
    "serial_number": "06c6f991fc3a8e7c85926624533b54b96b60",
    "result_count": 1
  },
  {
    "issuer_ca_id": 295813,
    "issuer_name": "C=US, O=Let's Encrypt, CN=E7",
    "name_value": "service.oc.ntu.edu.tw",
    "id": 21832139867,
    "entry_timestamp": "2025-10-19T17:15:10.619",
    "not_before": "2025-10-19T16:16:38",
    "not_after": "2026-01-17T16:16:37",
    "serial_number": "052cfcbaaa688a74a3d5162d23ae86c22086",
    "result_count": 1
  },
  {
    "issuer_ca_id": 295813,
    "issuer_name": "C=US, O=Let's Encrypt, CN=E7",
    "name_value": "service.oc.ntu.edu.tw",
    "id": 21832140419,
    "entry_timestamp": "2025-10-19T17:15:08.439",
    "not_before": "2025-10-19T16:16:38",
    "not_after": "2026-01-17T16:16:37",
    "serial_number": "052cfcbaaa688a74a3d5162d23ae86c22086",
    "result_count": 1
  },
  {
    "issuer_ca_id": 295817,
    "issuer_name": "C=US, O=Let's Encrypt, CN=R13",
    "name_value": "mrbs.cph.ntu.edu.tw",
    "id": 21830999755,
    "entry_timestamp": "2025-10-19T16:02:54.401",
    "not_before": "2025-10-19T15:04:24",
    "not_after": "2026-01-17T15:04:23",
    "serial_number": "06a3e04c36446272b4fab2de8db9833078ac",
    "result_count": 1
  },
  {
    "issuer_ca_id": 295817,
    "issuer_name": "C=US, O=Let's Encrypt, CN=R13",
    "name_value": "mrbs.cph.ntu.edu.tw",
    "id": 21830991963,
    "entry_timestamp": "2025-10-19T16:02:54.17",
    "not_before": "2025-10-19T15:04:24",
    "not_after": "2026-01-17T15:04:23",
    "serial_number": "06a3e04c36446272b4fab2de8db9833078ac",
    "result_count": 1
  },
  {
    "issuer_ca_id": 295816,
    "issuer_name": "C=US, O=Let's Encrypt, CN=R12",
    "name_value": "bblab.bime.ntu.edu.tw",
    "id": 21827622307,
    "entry_timestamp": "2025-10-19T12:43:06.716",
    "not_before": "2025-10-19T11:44:36",
    "not_after": "2026-01-17T11:44:35",
    "serial_number": "0666652a5cad2108645a495e4c1968fa32b3",
    "result_count": 1
  },
  {
    "issuer_ca_id": 295816,
    "issuer_name": "C=US, O=Let's Encrypt, CN=R12",
    "name_value": "bblab.bime.ntu.edu.tw",
    "id": 21827614046,
    "entry_timestamp": "2025-10-19T12:43:06.303",
    "not_before": "2025-10-19T11:44:36",
    "not_after": "2026-01-17T11:44:35",
    "serial_number": "0666652a5cad2108645a495e4c1968fa32b3",
    "result_count": 1
  },
  {
    "issuer_ca_id": 286236,
    "issuer_name": "C=US, O=Google Trust Services, CN=WE1",
    "name_value": "www.lecospa.ntu.edu.tw",
    "id": 21826943392,
    "entry_timestamp": "2025-10-19T12:01:45.981",
    "not_before": "2025-10-11T08:36:25",
    "not_after": "2026-01-09T09:36:20",
    "serial_number": "00ffb3760aa0efd0ae0e8d9cbdd11b3c0e",
    "result_count": 1
  },
  {
    "issuer_ca_id": 295809,
    "issuer_name": "C=US, O=Let's Encrypt, CN=E8",
    "name_value": "lp-hpz840.ntu-ccms.ntu.edu.tw",
    "id": 21824641966,
    "entry_timestamp": "2025-10-19T09:52:17.974",
    "not_before": "2025-10-19T08:53:45",
    "not_after": "2026-01-17T08:53:44",
    "serial_number": "069fd531c7b6835cd678b30eaa9f59111fe4",
    "result_count": 1
  },
  {
    "issuer_ca_id": 295809,
    "issuer_name": "C=US, O=Let's Encrypt, CN=E8",
    "name_value": "lp-hpz840.ntu-ccms.ntu.edu.tw",
    "id": 21824638591,
    "entry_timestamp": "2025-10-19T09:52:15.869",
    "not_before": "2025-10-19T08:53:45",
    "not_after": "2026-01-17T08:53:44",
    "serial_number": "069fd531c7b6835cd678b30eaa9f59111fe4",
    "result_count": 1
  },
  {
    "issuer_ca_id": 295816,
    "issuer_name": "C=US, O=Let's Encrypt, CN=R12",
    "name_value": "kubesphere.toolmen.bime.ntu.edu.tw",
    "id": 21824576797,
    "entry_timestamp": "2025-10-19T08:53:10.974",
    "not_before": "2025-10-19T07:54:40",
    "not_after": "2026-01-17T07:54:39",
    "serial_number": "06e53b04b94e5a273afe29afe5e484460ce9",
    "result_count": 1
  },
  {
    "issuer_ca_id": 295816,
    "issuer_name": "C=US, O=Let's Encrypt, CN=R12",
    "name_value": "kubesphere.toolmen.bime.ntu.edu.tw",
    "id": 21823451349,
    "entry_timestamp": "2025-10-19T08:53:10.761",
    "not_before": "2025-10-19T07:54:40",
    "not_after": "2026-01-17T07:54:39",
    "serial_number": "06e53b04b94e5a273afe29afe5e484460ce9",
    "result_count": 1
  },
  {
    "issuer_ca_id": 295816,
    "issuer_name": "C=US, O=Let's Encrypt, CN=R12",
    "name_value": "www.ai-crop.toolmen.bime.ntu.edu.tw",
    "id": 21823857927,
    "entry_timestamp": "2025-10-19T08:52:08.464",
    "not_before": "2025-10-19T07:53:38",
    "not_after": "2026-01-17T07:53:37",
    "serial_number": "06877a1779b49ddbc226e3050890008618cd",
    "result_count": 1
  },
  {
    "issuer_ca_id": 295816,
    "issuer_name": "C=US, O=Let's Encrypt, CN=R12",
    "name_value": "www.ai-crop.toolmen.bime.ntu.edu.tw",
    "id": 21823427872,
    "entry_timestamp": "2025-10-19T08:52:08.227",
    "not_before": "2025-10-19T07:53:38",
    "not_after": "2026-01-17T07:53:37",
    "serial_number": "06877a1779b49ddbc226e3050890008618cd",
    "result_count": 1
  },
  {
    "issuer_ca_id": 295817,
    "issuer_name": "C=US, O=Let's Encrypt, CN=R13",
    "name_value": "ai-crop.toolmen.bime.ntu.edu.tw",
    "id": 21824565449,
    "entry_timestamp": "2025-10-19T08:52:07.089",
    "not_before": "2025-10-19T07:53:36",
    "not_after": "2026-01-17T07:53:35",
    "serial_number": "065fc1c9a4249f0b77ce84930c9b868e25de",
    "result_count": 1
  },
  {
    "issuer_ca_id": 295817,
    "issuer_name": "C=US, O=Let's Encrypt, CN=R13",
    "name_value": "ai-crop.toolmen.bime.ntu.edu.tw",
    "id": 21823430867,
    "entry_timestamp": "2025-10-19T08:52:06.851",
    "not_before": "2025-10-19T07:53:36",
    "not_after": "2026-01-17T07:53:35",
    "serial_number": "065fc1c9a4249f0b77ce84930c9b868e25de",
    "result_count": 1
  },
  {
    "issuer_ca_id": 295816,
    "issuer_name": "C=US, O=Let's Encrypt, CN=R12",
    "name_value": "rufipogon.toolmen.bime.ntu.edu.tw",
    "id": 21823406876,
    "entry_timestamp": "2025-10-19T08:50:36.153",
    "not_before": "2025-10-19T07:52:05",
    "not_after": "2026-01-17T07:52:04",
    "serial_number": "0641e265880dac6a52cb04de4c8cc1ba7041",
    "result_count": 1
  },
  {
    "issuer_ca_id": 295816,
    "issuer_name": "C=US, O=Let's Encrypt, CN=R12",
    "name_value": "rufipogon.toolmen.bime.ntu.edu.tw",
    "id": 21823403335,
    "entry_timestamp": "2025-10-19T08:50:36.053",
    "not_before": "2025-10-19T07:52:05",
    "not_after": "2026-01-17T07:52:04",
    "serial_number": "0641e265880dac6a52cb04de4c8cc1ba7041",
    "result_count": 1
  },
  {
    "issuer_ca_id": 295816,
    "issuer_name": "C=US, O=Let's Encrypt, CN=R12",
    "name_value": "ml-tunaotolith.toolmenlab.bime.ntu.edu.tw",
    "id": 21823803309,
    "entry_timestamp": "2025-10-19T08:49:12.398",
    "not_before": "2025-10-19T07:50:40",
    "not_after": "2026-01-17T07:50:39",
    "serial_number": "0691bb68a639fed2fea2b25f8fa9e09e15b8",
    "result_count": 1
  },
  {
    "issuer_ca_id": 295816,
    "issuer_name": "C=US, O=Let's Encrypt, CN=R12",
    "name_value": "ml-tunaotolith.toolmenlab.bime.ntu.edu.tw",
    "id": 21823368266,
    "entry_timestamp": "2025-10-19T08:49:10.183",
    "not_before": "2025-10-19T07:50:40",
    "not_after": "2026-01-17T07:50:39",
    "serial_number": "0691bb68a639fed2fea2b25f8fa9e09e15b8",
    "result_count": 1
  },
  {
    "issuer_ca_id": 295817,
    "issuer_name": "C=US, O=Let's Encrypt, CN=R13",
    "name_value": "www.ml-tunaotolith.toolmenlab.bime.ntu.edu.tw",
    "id": 21824546861,
    "entry_timestamp": "2025-10-19T08:49:07.083",
    "not_before": "2025-10-19T07:50:36",
    "not_after": "2026-01-17T07:50:35",
    "serial_number": "06d2f937b8fd965dedc2fa658683246404a9",
    "result_count": 1
  },
  {
    "issuer_ca_id": 295817,
    "issuer_name": "C=US, O=Let's Encrypt, CN=R13",
    "name_value": "www.ml-tunaotolith.toolmenlab.bime.ntu.edu.tw",
    "id": 21823372407,
    "entry_timestamp": "2025-10-19T08:49:06.852",
    "not_before": "2025-10-19T07:50:36",
    "not_after": "2026-01-17T07:50:35",
    "serial_number": "06d2f937b8fd965dedc2fa658683246404a9",
    "result_count": 1
  },
  {
    "issuer_ca_id": 295817,
    "issuer_name": "C=US, O=Let's Encrypt, CN=R13",
    "name_value": "archive.agent.csie.ntu.edu.tw",
    "id": 21820640160,
    "entry_timestamp": "2025-10-19T05:42:12.277",
    "not_before": "2025-10-19T04:43:40",
    "not_after": "2026-01-17T04:43:39",
    "serial_number": "06322a5e06329af4223a42162382d31fb86b",
    "result_count": 1
  },
  {
    "issuer_ca_id": 295817,
    "issuer_name": "C=US, O=Let's Encrypt, CN=R13",
    "name_value": "archive.agent.csie.ntu.edu.tw",
    "id": 21820620391,
    "entry_timestamp": "2025-10-19T05:42:10.172",
    "not_before": "2025-10-19T04:43:40",
    "not_after": "2026-01-17T04:43:39",
    "serial_number": "06322a5e06329af4223a42162382d31fb86b",
    "result_count": 1
  },
  {
    "issuer_ca_id": 295816,
    "issuer_name": "C=US, O=Let's Encrypt, CN=R12",
    "name_value": "wiki.agent.csie.ntu.edu.tw",
    "id": 21818706267,
    "entry_timestamp": "2025-10-19T03:44:13.332",
    "not_before": "2025-10-19T02:45:42",
    "not_after": "2026-01-17T02:45:41",
    "serial_number": "05b02096178a5a6363b9f58b8cc350f2e85a",
    "result_count": 1
  },
  {
    "issuer_ca_id": 295816,
    "issuer_name": "C=US, O=Let's Encrypt, CN=R12",
    "name_value": "wiki.agent.csie.ntu.edu.tw",
    "id": 21818696501,
    "entry_timestamp": "2025-10-19T03:44:13.063",
    "not_before": "2025-10-19T02:45:42",
    "not_after": "2026-01-17T02:45:41",
    "serial_number": "05b02096178a5a6363b9f58b8cc350f2e85a",
    "result_count": 1
  },
  {
    "issuer_ca_id": 295817,
    "issuer_name": "C=US, O=Let's Encrypt, CN=R13",
    "name_value": "wiki.agent.csie.ntu.edu.tw",
    "id": 21818702137,
    "entry_timestamp": "2025-10-19T03:44:06.892",
    "not_before": "2025-10-19T02:45:36",
    "not_after": "2026-01-17T02:45:35",
    "serial_number": "05e9de4451205e20833fe486aa91f22b66a3",
    "result_count": 1
  },
  {
    "issuer_ca_id": 295817,
    "issuer_name": "C=US, O=Let's Encrypt, CN=R13",
    "name_value": "wiki.agent.csie.ntu.edu.tw",
    "id": 21818695744,
    "entry_timestamp": "2025-10-19T03:44:06.473",
    "not_before": "2025-10-19T02:45:36",
    "not_after": "2026-01-17T02:45:35",
    "serial_number": "05e9de4451205e20833fe486aa91f22b66a3",
    "result_count": 1
  },
  {
    "issuer_ca_id": 295817,
    "issuer_name": "C=US, O=Let's Encrypt, CN=R13",
    "name_value": "svn.agent.csie.ntu.edu.tw",
    "id": 21818699590,
    "entry_timestamp": "2025-10-19T03:43:49.169",
    "not_before": "2025-10-19T02:45:16",
    "not_after": "2026-01-17T02:45:15",
    "serial_number": "054bd7e80d897e5d22d8db3aef3d1f06a2aa",
    "result_count": 1
  },
  {
    "issuer_ca_id": 295817,
    "issuer_name": "C=US, O=Let's Encrypt, CN=R13",
    "name_value": "svn.agent.csie.ntu.edu.tw",
    "id": 21818692785,
    "entry_timestamp": "2025-10-19T03:43:46.938",
    "not_before": "2025-10-19T02:45:16",
    "not_after": "2026-01-17T02:45:15",
    "serial_number": "054bd7e80d897e5d22d8db3aef3d1f06a2aa",
    "result_count": 1
  },
  {
    "issuer_ca_id": 295816,
    "issuer_name": "C=US, O=Let's Encrypt, CN=R12",
    "name_value": "agent.csie.ntu.edu.tw",
    "id": 21818695661,
    "entry_timestamp": "2025-10-19T03:43:29.307",
    "not_before": "2025-10-19T02:44:57",
    "not_after": "2026-01-17T02:44:56",
    "serial_number": "068fda590d69bcd89e4d0dd38529316bddd8",
    "result_count": 1
  },
  {
    "issuer_ca_id": 295816,
    "issuer_name": "C=US, O=Let's Encrypt, CN=R12",
    "name_value": "agent.csie.ntu.edu.tw",
    "id": 21818691912,
    "entry_timestamp": "2025-10-19T03:43:27.221",
    "not_before": "2025-10-19T02:44:57",
    "not_after": "2026-01-17T02:44:56",
    "serial_number": "068fda590d69bcd89e4d0dd38529316bddd8",
    "result_count": 1
  },
  {
    "issuer_ca_id": 295816,
    "issuer_name": "C=US, O=Let's Encrypt, CN=R12",
    "name_value": "garc.ntu.edu.tw",
    "id": 21818676520,
    "entry_timestamp": "2025-10-19T03:42:21.237",
    "not_before": "2025-10-19T02:43:50",
    "not_after": "2026-01-17T02:43:49",
    "serial_number": "062eb775931c50368ec9e7601dddcca4b56f",
    "result_count": 1
  },
  {
    "issuer_ca_id": 295816,
    "issuer_name": "C=US, O=Let's Encrypt, CN=R12",
    "name_value": "garc.ntu.edu.tw",
    "id": 21818676371,
    "entry_timestamp": "2025-10-19T03:42:20.972",
    "not_before": "2025-10-19T02:43:50",
    "not_after": "2026-01-17T02:43:49",
    "serial_number": "062eb775931c50368ec9e7601dddcca4b56f",
    "result_count": 1
  },
  {
    "issuer_ca_id": 295816,
    "issuer_name": "C=US, O=Let's Encrypt, CN=R12",
    "name_value": "tai2.ntu.edu.tw",
    "id": 21817100641,
    "entry_timestamp": "2025-10-19T02:06:57.243",
    "not_before": "2025-10-19T01:08:25",
    "not_after": "2026-01-17T01:08:24",
    "serial_number": "064b41493b60efa59faf7645345f799227db",
    "result_count": 1
  },
  {
    "issuer_ca_id": 295816,
    "issuer_name": "C=US, O=Let's Encrypt, CN=R12",
    "name_value": "tai2.ntu.edu.tw",
    "id": 21817080989,
    "entry_timestamp": "2025-10-19T02:06:55.126",
    "not_before": "2025-10-19T01:08:25",
    "not_after": "2026-01-17T01:08:24",
    "serial_number": "064b41493b60efa59faf7645345f799227db",
    "result_count": 1
  },
  {
    "issuer_ca_id": 295817,
    "issuer_name": "C=US, O=Let's Encrypt, CN=R13",
    "name_value": "www.eng.ntu.edu.tw",
    "id": 21816937193,
    "entry_timestamp": "2025-10-19T01:55:00.588",
    "not_before": "2025-10-19T00:56:30",
    "not_after": "2026-01-17T00:56:29",
    "serial_number": "0634a5978f7bc3d8733203967813201328a8",
    "result_count": 1
  },
  {
    "issuer_ca_id": 295817,
    "issuer_name": "C=US, O=Let's Encrypt, CN=R13",
    "name_value": "www.eng.ntu.edu.tw",
    "id": 21816929977,
    "entry_timestamp": "2025-10-19T01:55:00.152",
    "not_before": "2025-10-19T00:56:30",
    "not_after": "2026-01-17T00:56:29",
    "serial_number": "0634a5978f7bc3d8733203967813201328a8",
    "result_count": 1
  },
  {
    "issuer_ca_id": 295816,
    "issuer_name": "C=US, O=Let's Encrypt, CN=R12",
    "name_value": "mlmvlab.bime.ntu.edu.tw",
    "id": 21816529637,
    "entry_timestamp": "2025-10-19T01:29:02.763",
    "not_before": "2025-10-19T00:30:32",
    "not_after": "2026-01-17T00:30:31",
    "serial_number": "05973b075db40542c3e3c45621e78bdc7fd2",
    "result_count": 1
  },
  {
    "issuer_ca_id": 295816,
    "issuer_name": "C=US, O=Let's Encrypt, CN=R12",
    "name_value": "mlmvlab.bime.ntu.edu.tw",
    "id": 21816503800,
    "entry_timestamp": "2025-10-19T01:29:02.54",
    "not_before": "2025-10-19T00:30:32",
    "not_after": "2026-01-17T00:30:31",
    "serial_number": "05973b075db40542c3e3c45621e78bdc7fd2",
    "result_count": 1
  },
  {
    "issuer_ca_id": 295817,
    "issuer_name": "C=US, O=Let's Encrypt, CN=R13",
    "name_value": "www.forex.ntu.edu.tw",
    "id": 21815153632,
    "entry_timestamp": "2025-10-19T00:04:24.556",
    "not_before": "2025-10-18T23:05:54",
    "not_after": "2026-01-16T23:05:53",
    "serial_number": "0622d6e6255b88dbf8dd7b70fc8281aa4214",
    "result_count": 1
  },
  {
    "issuer_ca_id": 295817,
    "issuer_name": "C=US, O=Let's Encrypt, CN=R13",
    "name_value": "www.forex.ntu.edu.tw",
    "id": 21815131405,
    "entry_timestamp": "2025-10-19T00:04:24.298",
    "not_before": "2025-10-18T23:05:54",
    "not_after": "2026-01-16T23:05:53",
    "serial_number": "0622d6e6255b88dbf8dd7b70fc8281aa4214",
    "result_count": 1
  },
  {
    "issuer_ca_id": 286236,
    "issuer_name": "C=US, O=Google Trust Services, CN=WE1",
    "name_value": "dzoo.ntu.edu.tw",
    "id": 21812267517,
    "entry_timestamp": "2025-10-18T21:17:24.696",
    "not_before": "2025-10-18T20:16:45",
    "not_after": "2026-01-16T21:16:42",
    "serial_number": "5cab5192bb76e8f611e5d99c6e03249b",
    "result_count": 1
  },
  {
    "issuer_ca_id": 286236,
    "issuer_name": "C=US, O=Google Trust Services, CN=WE1",
    "name_value": "dzoo.ntu.edu.tw",
    "id": 21812256181,
    "entry_timestamp": "2025-10-18T21:16:46.422",
    "not_before": "2025-10-18T20:16:45",
    "not_after": "2026-01-16T21:16:42",
    "serial_number": "5cab5192bb76e8f611e5d99c6e03249b",
    "result_count": 1
  },
  {
    "issuer_ca_id": 286242,
    "issuer_name": "C=US, O=Google Trust Services, CN=WR1",
    "name_value": "dzoo.ntu.edu.tw",
    "id": 21812255471,
    "entry_timestamp": "2025-10-18T21:16:37.295",
    "not_before": "2025-10-18T20:16:36",
    "not_after": "2026-01-16T21:15:19",
    "serial_number": "2e6fba8fb1ba676e0db3c4f4f40c8bf8",
    "result_count": 1
  },
  {
    "issuer_ca_id": 295817,
    "issuer_name": "C=US, O=Let's Encrypt, CN=R13",
    "name_value": "iclp.ntu.edu.tw",
    "id": 21809858030,
    "entry_timestamp": "2025-10-18T18:43:56.179",
    "not_before": "2025-10-18T17:45:25",
    "not_after": "2026-01-16T17:45:24",
    "serial_number": "066aef3c2f79526ba0e6bb91b66228060411",
    "result_count": 1
  },
  {
    "issuer_ca_id": 295817,
    "issuer_name": "C=US, O=Let's Encrypt, CN=R13",
    "name_value": "iclp.ntu.edu.tw",
    "id": 21809851225,
    "entry_timestamp": "2025-10-18T18:43:56.064",
    "not_before": "2025-10-18T17:45:25",
    "not_after": "2026-01-16T17:45:24",
    "serial_number": "066aef3c2f79526ba0e6bb91b66228060411",
    "result_count": 1
  },
  {
    "issuer_ca_id": 295817,
    "issuer_name": "C=US, O=Let's Encrypt, CN=R13",
    "name_value": "course.agent.csie.ntu.edu.tw",
    "id": 21809706658,
    "entry_timestamp": "2025-10-18T18:34:25.489",
    "not_before": "2025-10-18T17:35:54",
    "not_after": "2026-01-16T17:35:53",
    "serial_number": "053f74f85706f10f1207140af74fad04cde7",
    "result_count": 1
  },
  {
    "issuer_ca_id": 295817,
    "issuer_name": "C=US, O=Let's Encrypt, CN=R13",
    "name_value": "course.agent.csie.ntu.edu.tw",
    "id": 21809705602,
    "entry_timestamp": "2025-10-18T18:34:25.153",
    "not_before": "2025-10-18T17:35:54",
    "not_after": "2026-01-16T17:35:53",
    "serial_number": "053f74f85706f10f1207140af74fad04cde7",
    "result_count": 1
  },
  {
    "issuer_ca_id": 295816,
    "issuer_name": "C=US, O=Let's Encrypt, CN=R12",
    "name_value": "schen.bime.ntu.edu.tw",
    "id": 21808697415,
    "entry_timestamp": "2025-10-18T17:30:28.494",
    "not_before": "2025-10-18T16:31:58",
    "not_after": "2026-01-16T16:31:57",
    "serial_number": "060a491d01a4eb319d1282885d0303c9df32",
    "result_count": 1
  },
  {
    "issuer_ca_id": 295816,
    "issuer_name": "C=US, O=Let's Encrypt, CN=R12",
    "name_value": "schen.bime.ntu.edu.tw",
    "id": 21808678027,
    "entry_timestamp": "2025-10-18T17:30:28.401",
    "not_before": "2025-10-18T16:31:58",
    "not_after": "2026-01-16T16:31:57",
    "serial_number": "060a491d01a4eb319d1282885d0303c9df32",
    "result_count": 1
  },
  {
    "issuer_ca_id": 295817,
    "issuer_name": "C=US, O=Let's Encrypt, CN=R13",
    "name_value": "www2.bime.ntu.edu.tw",
    "id": 21807510334,
    "entry_timestamp": "2025-10-18T16:22:51.569",
    "not_before": "2025-10-18T15:24:21",
    "not_after": "2026-01-16T15:24:20",
    "serial_number": "0602b1cda863e11c6d6a3a78abe443a702a2",
    "result_count": 1
  },
  {
    "issuer_ca_id": 295817,
    "issuer_name": "C=US, O=Let's Encrypt, CN=R13",
    "name_value": "www2.bime.ntu.edu.tw",
    "id": 21807490996,
    "entry_timestamp": "2025-10-18T16:22:51.343",
    "not_before": "2025-10-18T15:24:21",
    "not_after": "2026-01-16T15:24:20",
    "serial_number": "0602b1cda863e11c6d6a3a78abe443a702a2",
    "result_count": 1
  },
  {
    "issuer_ca_id": 295816,
    "issuer_name": "C=US, O=Let's Encrypt, CN=R12",
    "name_value": "system.ch.ntu.edu.tw",
    "id": 21807147529,
    "entry_timestamp": "2025-10-18T16:06:26.759",
    "not_before": "2025-10-18T15:07:56",
    "not_after": "2026-01-16T15:07:55",
    "serial_number": "06d956f11a2c9e95826f198c090b9f490171",
    "result_count": 1
  },
  {
    "issuer_ca_id": 295816,
    "issuer_name": "C=US, O=Let's Encrypt, CN=R12",
    "name_value": "system.ch.ntu.edu.tw",
    "id": 21807146295,
    "entry_timestamp": "2025-10-18T16:06:26.501",
    "not_before": "2025-10-18T15:07:56",
    "not_after": "2026-01-16T15:07:55",
    "serial_number": "06d956f11a2c9e95826f198c090b9f490171",
    "result_count": 1
  },
  {
    "issuer_ca_id": 295817,
    "issuer_name": "C=US, O=Let's Encrypt, CN=R13",
    "name_value": "seaimage.oc.ntu.edu.tw",
    "id": 21805390665,
    "entry_timestamp": "2025-10-18T14:35:36.285",
    "not_before": "2025-10-18T13:37:05",
    "not_after": "2026-01-16T13:37:04",
    "serial_number": "05836654ca2f748898edb1d9c2230d8d768e",
    "result_count": 1
  },
  {
    "issuer_ca_id": 295817,
    "issuer_name": "C=US, O=Let's Encrypt, CN=R13",
    "name_value": "seaimage.oc.ntu.edu.tw",
    "id": 21805367655,
    "entry_timestamp": "2025-10-18T14:35:35.929",
    "not_before": "2025-10-18T13:37:05",
    "not_after": "2026-01-16T13:37:04",
    "serial_number": "05836654ca2f748898edb1d9c2230d8d768e",
    "result_count": 1
  },
  {
    "issuer_ca_id": 295816,
    "issuer_name": "C=US, O=Let's Encrypt, CN=R12",
    "name_value": "gim.ntu.edu.tw",
    "id": 21804847149,
    "entry_timestamp": "2025-10-18T14:11:57.508",
    "not_before": "2025-10-18T13:13:27",
    "not_after": "2026-01-16T13:13:26",
    "serial_number": "056955eec9f66ffc565c5debdbe9a13e2505",
    "result_count": 1
  },
  {
    "issuer_ca_id": 295816,
    "issuer_name": "C=US, O=Let's Encrypt, CN=R12",
    "name_value": "gim.ntu.edu.tw",
    "id": 21804852945,
    "entry_timestamp": "2025-10-18T14:11:57.248",
    "not_before": "2025-10-18T13:13:27",
    "not_after": "2026-01-16T13:13:26",
    "serial_number": "056955eec9f66ffc565c5debdbe9a13e2505",
    "result_count": 1
  },
  {
    "issuer_ca_id": 295813,
    "issuer_name": "C=US, O=Let's Encrypt, CN=E7",
    "name_value": "ntupharmacy70.mc.ntu.edu.tw",
    "id": 21802279911,
    "entry_timestamp": "2025-10-18T12:14:40.715",
    "not_before": "2025-10-18T11:16:08",
    "not_after": "2026-01-16T11:16:07",
    "serial_number": "069eaf56f0fb68dfd4289b5cd7a1a9d1c3c3",
    "result_count": 1
  },
  {
    "issuer_ca_id": 295813,
    "issuer_name": "C=US, O=Let's Encrypt, CN=E7",
    "name_value": "ntupharmacy70.mc.ntu.edu.tw",
    "id": 21802280585,
    "entry_timestamp": "2025-10-18T12:14:38.492",
    "not_before": "2025-10-18T11:16:08",
    "not_after": "2026-01-16T11:16:07",
    "serial_number": "069eaf56f0fb68dfd4289b5cd7a1a9d1c3c3",
    "result_count": 1
  },
  {
    "issuer_ca_id": 286244,
    "issuer_name": "C=US, O=Google Trust Services, CN=WR3",
    "name_value": "atgs.ntu.edu.tw",
    "id": 21799577689,
    "entry_timestamp": "2025-10-18T09:21:07.316",
    "not_before": "2025-10-18T07:59:32",
    "not_after": "2026-01-16T08:48:02",
    "serial_number": "00d0a72231fba0a9aa10a2deef2cf1abbe",
    "result_count": 1
  },
  {
    "issuer_ca_id": 286244,
    "issuer_name": "C=US, O=Google Trust Services, CN=WR3",
    "name_value": "atgs.ntu.edu.tw",
    "id": 21799287147,
    "entry_timestamp": "2025-10-18T08:59:33.283",
    "not_before": "2025-10-18T07:59:32",
    "not_after": "2026-01-16T08:48:02",
    "serial_number": "00d0a72231fba0a9aa10a2deef2cf1abbe",
    "result_count": 1
  },
  {
    "issuer_ca_id": 295813,
    "issuer_name": "C=US, O=Let's Encrypt, CN=E7",
    "name_value": "www.im.ntu.edu.tw",
    "id": 21797723115,
    "entry_timestamp": "2025-10-18T07:13:28.257",
    "not_before": "2025-10-18T06:14:57",
    "not_after": "2026-01-16T06:14:56",
    "serial_number": "05d337a835acdb4253fbee6e47793a92f157",
    "result_count": 1
  },
  {
    "issuer_ca_id": 295813,
    "issuer_name": "C=US, O=Let's Encrypt, CN=E7",
    "name_value": "www.im.ntu.edu.tw",
    "id": 21797722943,
    "entry_timestamp": "2025-10-18T07:13:27.974",
    "not_before": "2025-10-18T06:14:57",
    "not_after": "2026-01-16T06:14:56",
    "serial_number": "05d337a835acdb4253fbee6e47793a92f157",
    "result_count": 1
  },
  {
    "issuer_ca_id": 295809,
    "issuer_name": "C=US, O=Let's Encrypt, CN=E8",
    "name_value": "ericlab333.ee.ntu.edu.tw",
    "id": 21796978622,
    "entry_timestamp": "2025-10-18T06:22:11.513",
    "not_before": "2025-10-18T05:23:41",
    "not_after": "2026-01-16T05:23:40",
    "serial_number": "05de1faa0c3111cf9f7ba39a2d18d1dbb31e",
    "result_count": 1
  },
  {
    "issuer_ca_id": 295809,
    "issuer_name": "C=US, O=Let's Encrypt, CN=E8",
    "name_value": "ericlab333.ee.ntu.edu.tw",
    "id": 21796980958,
    "entry_timestamp": "2025-10-18T06:22:11.313",
    "not_before": "2025-10-18T05:23:41",
    "not_after": "2026-01-16T05:23:40",
    "serial_number": "05de1faa0c3111cf9f7ba39a2d18d1dbb31e",
    "result_count": 1
  },
  {
    "issuer_ca_id": 295813,
    "issuer_name": "C=US, O=Let's Encrypt, CN=E7",
    "name_value": "im.ntu.edu.tw",
    "id": 21796470470,
    "entry_timestamp": "2025-10-18T05:42:57.221",
    "not_before": "2025-10-18T04:44:26",
    "not_after": "2026-01-16T04:44:25",
    "serial_number": "05898b11733e49157d4931e4cf272cc40853",
    "result_count": 1
  },
  {
    "issuer_ca_id": 295813,
    "issuer_name": "C=US, O=Let's Encrypt, CN=E7",
    "name_value": "im.ntu.edu.tw",
    "id": 21796467398,
    "entry_timestamp": "2025-10-18T05:42:56.894",
    "not_before": "2025-10-18T04:44:26",
    "not_after": "2026-01-16T04:44:25",
    "serial_number": "05898b11733e49157d4931e4cf272cc40853",
    "result_count": 1
  },
  {
    "issuer_ca_id": 286236,
    "issuer_name": "C=US, O=Google Trust Services, CN=WE1",
    "name_value": "api.dzoo.ntu.edu.tw",
    "id": 21795967160,
    "entry_timestamp": "2025-10-18T04:49:55.862",
    "not_before": "2025-10-18T03:46:44",
    "not_after": "2026-01-16T04:46:33",
    "serial_number": "00fb348811df5a441c0ea87c75795439be",
    "result_count": 1
  },
  {
    "issuer_ca_id": 286236,
    "issuer_name": "C=US, O=Google Trust Services, CN=WE1",
    "name_value": "api.dzoo.ntu.edu.tw",
    "id": 21795919187,
    "entry_timestamp": "2025-10-18T04:46:45.172",
    "not_before": "2025-10-18T03:46:44",
    "not_after": "2026-01-16T04:46:33",
    "serial_number": "00fb348811df5a441c0ea87c75795439be",
    "result_count": 1
  },
  {
    "issuer_ca_id": 286242,
    "issuer_name": "C=US, O=Google Trust Services, CN=WR1",
    "name_value": "api.dzoo.ntu.edu.tw",
    "id": 21795936074,
    "entry_timestamp": "2025-10-18T04:46:27.485",
    "not_before": "2025-10-18T03:46:26",
    "not_after": "2026-01-16T04:45:06",
    "serial_number": "13306cdad9b7fc9311c5d4a1f1c16677",
    "result_count": 1
  },
  {
    "issuer_ca_id": 295809,
    "issuer_name": "C=US, O=Let's Encrypt, CN=E8",
    "name_value": "exfo.ntu.edu.tw",
    "id": 21786459267,
    "entry_timestamp": "2025-10-17T16:11:58.95",
    "not_before": "2025-10-17T15:13:28",
    "not_after": "2026-01-15T15:13:27",
    "serial_number": "068d2dd2efbedc4df00e63c38232c9dda288",
    "result_count": 1
  },
  {
    "issuer_ca_id": 295809,
    "issuer_name": "C=US, O=Let's Encrypt, CN=E8",
    "name_value": "exfo.ntu.edu.tw",
    "id": 21786465244,
    "entry_timestamp": "2025-10-17T16:11:58.828",
    "not_before": "2025-10-17T15:13:28",
    "not_after": "2026-01-15T15:13:27",
    "serial_number": "068d2dd2efbedc4df00e63c38232c9dda288",
    "result_count": 1
  },
  {
    "issuer_ca_id": 295816,
    "issuer_name": "C=US, O=Let's Encrypt, CN=R12",
    "name_value": "www.iceira.ntu.edu.tw",
    "id": 21784431890,
    "entry_timestamp": "2025-10-17T13:40:50.344",
    "not_before": "2025-10-17T12:42:19",
    "not_after": "2026-01-15T12:42:18",
    "serial_number": "05aa219c197bfa5746af4b8ed706bb6e56cc",
    "result_count": 1
  },
  {
    "issuer_ca_id": 295816,
    "issuer_name": "C=US, O=Let's Encrypt, CN=R12",
    "name_value": "www.iceira.ntu.edu.tw",
    "id": 21784435816,
    "entry_timestamp": "2025-10-17T13:40:50.018",
    "not_before": "2025-10-17T12:42:19",
    "not_after": "2026-01-15T12:42:18",
    "serial_number": "05aa219c197bfa5746af4b8ed706bb6e56cc",
    "result_count": 1
  },
  {
    "issuer_ca_id": 295817,
    "issuer_name": "C=US, O=Let's Encrypt, CN=R13",
    "name_value": "www.gpti.ntu.edu.tw",
    "id": 21781099527,
    "entry_timestamp": "2025-10-17T09:46:08.919",
    "not_before": "2025-10-17T08:47:36",
    "not_after": "2026-01-15T08:47:35",
    "serial_number": "05b634f1389b40aefd17f31e22fdb474aa00",
    "result_count": 1
  },
  {
    "issuer_ca_id": 295817,
    "issuer_name": "C=US, O=Let's Encrypt, CN=R13",
    "name_value": "www.gpti.ntu.edu.tw",
    "id": 21781081305,
    "entry_timestamp": "2025-10-17T09:46:06.626",
    "not_before": "2025-10-17T08:47:36",
    "not_after": "2026-01-15T08:47:35",
    "serial_number": "05b634f1389b40aefd17f31e22fdb474aa00",
    "result_count": 1
  },
  {
    "issuer_ca_id": 295817,
    "issuer_name": "C=US, O=Let's Encrypt, CN=R13",
    "name_value": "en.ciaeae.ntu.edu.tw",
    "id": 21779918075,
    "entry_timestamp": "2025-10-17T08:41:13.308",
    "not_before": "2025-10-17T07:42:42",
    "not_after": "2026-01-15T07:42:41",
    "serial_number": "05235ff00fa578bfc124090c57a8ce9906ff",
    "result_count": 1
  },
  {
    "issuer_ca_id": 295817,
    "issuer_name": "C=US, O=Let's Encrypt, CN=R13",
    "name_value": "en.ciaeae.ntu.edu.tw",
    "id": 21779920712,
    "entry_timestamp": "2025-10-17T08:41:12.828",
    "not_before": "2025-10-17T07:42:42",
    "not_after": "2026-01-15T07:42:41",
    "serial_number": "05235ff00fa578bfc124090c57a8ce9906ff",
    "result_count": 1
  },
  {
    "issuer_ca_id": 279003,
    "issuer_name": "C=TW, O=TAIWAN-CA, CN=TWCA Secure SSL Certification Authority",
    "name_value": "stadium.mc.ntu.edu.tw",
    "id": 21779786993,
    "entry_timestamp": "2025-10-17T08:33:36.36",
    "not_before": "2025-10-17T08:33:34",
    "not_after": "2026-11-10T15:59:59",
    "serial_number": "47e9000000088fca5aeac11c0ce23469",
    "result_count": 1
  },
  {
    "issuer_ca_id": 279003,
    "issuer_name": "C=TW, O=TAIWAN-CA, CN=TWCA Secure SSL Certification Authority",
    "name_value": "stadium.mc.ntu.edu.tw",
    "id": 21779786223,
    "entry_timestamp": "2025-10-17T08:33:35.32",
    "not_before": "2025-10-17T08:33:34",
    "not_after": "2026-11-10T15:59:59",
    "serial_number": "47e9000000088fca5aeac11c0ce23469",
    "result_count": 1
  },
  {
    "issuer_ca_id": 295817,
    "issuer_name": "C=US, O=Let's Encrypt, CN=R13",
    "name_value": "opensearch.toolmen.bime.ntu.edu.tw",
    "id": 21779687508,
    "entry_timestamp": "2025-10-17T08:26:14.557",
    "not_before": "2025-10-17T07:27:44",
    "not_after": "2026-01-15T07:27:43",
    "serial_number": "060589da65917d2359ef5b4c284a5dc812f8",
    "result_count": 1
  },
  {
    "issuer_ca_id": 295817,
    "issuer_name": "C=US, O=Let's Encrypt, CN=R13",
    "name_value": "opensearch.toolmen.bime.ntu.edu.tw",
    "id": 21779687701,
    "entry_timestamp": "2025-10-17T08:26:14.365",
    "not_before": "2025-10-17T07:27:44",
    "not_after": "2026-01-15T07:27:43",
    "serial_number": "060589da65917d2359ef5b4c284a5dc812f8",
    "result_count": 1
  },
  {
    "issuer_ca_id": 279003,
    "issuer_name": "C=TW, O=TAIWAN-CA, CN=TWCA Secure SSL Certification Authority",
    "name_value": "mip.ord.ntu.edu.tw",
    "id": 21779653501,
    "entry_timestamp": "2025-10-17T08:26:05.388",
    "not_before": "2025-10-17T08:26:04",
    "not_after": "2026-10-25T15:59:59",
    "serial_number": "47e9000000088fc814297404f00a3064",
    "result_count": 1
  },
  {
    "issuer_ca_id": 279003,
    "issuer_name": "C=TW, O=TAIWAN-CA, CN=TWCA Secure SSL Certification Authority",
    "name_value": "mip.ord.ntu.edu.tw",
    "id": 21779653379,
    "entry_timestamp": "2025-10-17T08:26:05.079",
    "not_before": "2025-10-17T08:26:04",
    "not_after": "2026-10-25T15:59:59",
    "serial_number": "47e9000000088fc814297404f00a3064",
    "result_count": 1
  },
  {
    "issuer_ca_id": 158800,
    "issuer_name": "C=AT, O=ZeroSSL, CN=ZeroSSL RSA Domain Secure Site CA",
    "name_value": "mail.nems.ntu.edu.tw",
    "id": 21778395586,
    "entry_timestamp": "2025-10-17T07:17:43.009",
    "not_before": "2025-10-17T00:00:00",
    "not_after": "2026-01-15T23:59:59",
    "serial_number": "0f288d64decaffb6141eb5e3394f2288",
    "result_count": 1
  },
  {
    "issuer_ca_id": 158800,
    "issuer_name": "C=AT, O=ZeroSSL, CN=ZeroSSL RSA Domain Secure Site CA",
    "name_value": "mail.nems.ntu.edu.tw",
    "id": 21778393524,
    "entry_timestamp": "2025-10-17T07:17:41.831",
    "not_before": "2025-10-17T00:00:00",
    "not_after": "2026-01-15T23:59:59",
    "serial_number": "0f288d64decaffb6141eb5e3394f2288",
    "result_count": 1
  },
  {
    "issuer_ca_id": 295816,
    "issuer_name": "C=US, O=Let's Encrypt, CN=R12",
    "name_value": "stemlab.bse.ntu.edu.tw",
    "id": 21777408419,
    "entry_timestamp": "2025-10-17T06:20:51.599",
    "not_before": "2025-10-17T05:22:21",
    "not_after": "2026-01-15T05:22:20",
    "serial_number": "0638d02395d85878a427f147c1bb61f776f0",
    "result_count": 1
  },
  {
    "issuer_ca_id": 295816,
    "issuer_name": "C=US, O=Let's Encrypt, CN=R12",
    "name_value": "stemlab.bse.ntu.edu.tw",
    "id": 21777412014,
    "entry_timestamp": "2025-10-17T06:20:51.508",
    "not_before": "2025-10-17T05:22:21",
    "not_after": "2026-01-15T05:22:20",
    "serial_number": "0638d02395d85878a427f147c1bb61f776f0",
    "result_count": 1
  },
  {
    "issuer_ca_id": 295816,
    "issuer_name": "C=US, O=Let's Encrypt, CN=R12",
    "name_value": "cruise.oc.ntu.edu.tw",
    "id": 21769457696,
    "entry_timestamp": "2025-10-16T22:14:21.467",
    "not_before": "2025-10-16T21:15:48",
    "not_after": "2026-01-14T21:15:47",
    "serial_number": "05f3246462258fea83978be692f0873cf693",
    "result_count": 1
  },
  {
    "issuer_ca_id": 295816,
    "issuer_name": "C=US, O=Let's Encrypt, CN=R12",
    "name_value": "cruise.oc.ntu.edu.tw",
    "id": 21769457709,
    "entry_timestamp": "2025-10-16T22:14:19.22",
    "not_before": "2025-10-16T21:15:48",
    "not_after": "2026-01-14T21:15:47",
    "serial_number": "05f3246462258fea83978be692f0873cf693",
    "result_count": 1
  },
  {
    "issuer_ca_id": 295816,
    "issuer_name": "C=US, O=Let's Encrypt, CN=R12",
    "name_value": "www.nslab.csie.ntu.edu.tw",
    "id": 21764080535,
    "entry_timestamp": "2025-10-16T16:39:14.657",
    "not_before": "2025-10-16T15:40:44",
    "not_after": "2026-01-14T15:40:43",
    "serial_number": "06501f043e01183e1e57c7c7c1b4837404fd",
    "result_count": 1
  },
  {
    "issuer_ca_id": 295816,
    "issuer_name": "C=US, O=Let's Encrypt, CN=R12",
    "name_value": "www.nslab.csie.ntu.edu.tw",
    "id": 21764079865,
    "entry_timestamp": "2025-10-16T16:39:14.468",
    "not_before": "2025-10-16T15:40:44",
    "not_after": "2026-01-14T15:40:43",
    "serial_number": "06501f043e01183e1e57c7c7c1b4837404fd",
    "result_count": 1
  },
  {
    "issuer_ca_id": 295817,
    "issuer_name": "C=US, O=Let's Encrypt, CN=R13",
    "name_value": "overleaf.nslab.csie.ntu.edu.tw",
    "id": 21764072551,
    "entry_timestamp": "2025-10-16T16:38:56.738",
    "not_before": "2025-10-16T15:40:26",
    "not_after": "2026-01-14T15:40:25",
    "serial_number": "059eb53c2e8350ff99498a41242cfdb4560b",
    "result_count": 1
  },
  {
    "issuer_ca_id": 295817,
    "issuer_name": "C=US, O=Let's Encrypt, CN=R13",
    "name_value": "overleaf.nslab.csie.ntu.edu.tw",
    "id": 21764069561,
    "entry_timestamp": "2025-10-16T16:38:56.545",
    "not_before": "2025-10-16T15:40:26",
    "not_after": "2026-01-14T15:40:25",
    "serial_number": "059eb53c2e8350ff99498a41242cfdb4560b",
    "result_count": 1
  },
  {
    "issuer_ca_id": 295817,
    "issuer_name": "C=US, O=Let's Encrypt, CN=R13",
    "name_value": "nslab.csie.ntu.edu.tw",
    "id": 21764070808,
    "entry_timestamp": "2025-10-16T16:38:41.936",
    "not_before": "2025-10-16T15:40:11",
    "not_after": "2026-01-14T15:40:10",
    "serial_number": "06e62dbfdac67e95d1dea0e9ca23bdeb8792",
    "result_count": 1
  },
  {
    "issuer_ca_id": 295817,
    "issuer_name": "C=US, O=Let's Encrypt, CN=R13",
    "name_value": "nslab.csie.ntu.edu.tw",
    "id": 21764069223,
    "entry_timestamp": "2025-10-16T16:38:41.716",
    "not_before": "2025-10-16T15:40:11",
    "not_after": "2026-01-14T15:40:10",
    "serial_number": "06e62dbfdac67e95d1dea0e9ca23bdeb8792",
    "result_count": 1
  },
  {
    "issuer_ca_id": 295817,
    "issuer_name": "C=US, O=Let's Encrypt, CN=R13",
    "name_value": "ntuyih.ntu.edu.tw",
    "id": 21763591704,
    "entry_timestamp": "2025-10-16T16:08:34.575",
    "not_before": "2025-10-16T15:10:04",
    "not_after": "2026-01-14T15:10:03",
    "serial_number": "068df85ec88672e51c4bf397074cea3c53d6",
    "result_count": 1
  },
  {
    "issuer_ca_id": 295817,
    "issuer_name": "C=US, O=Let's Encrypt, CN=R13",
    "name_value": "ntuyih.ntu.edu.tw",
    "id": 21763594084,
    "entry_timestamp": "2025-10-16T16:08:34.446",
    "not_before": "2025-10-16T15:10:04",
    "not_after": "2026-01-14T15:10:03",
    "serial_number": "068df85ec88672e51c4bf397074cea3c53d6",
    "result_count": 1
  },
  {
    "issuer_ca_id": 295817,
    "issuer_name": "C=US, O=Let's Encrypt, CN=R13",
    "name_value": "www.psy.ntu.edu.tw",
    "id": 21757536037,
    "entry_timestamp": "2025-10-16T10:04:09.046",
    "not_before": "2025-10-16T09:05:38",
    "not_after": "2026-01-14T09:05:37",
    "serial_number": "06195d8686e667c9824af1a5dab1ae9a7c19",
    "result_count": 1
  },
  {
    "issuer_ca_id": 295817,
    "issuer_name": "C=US, O=Let's Encrypt, CN=R13",
    "name_value": "www.psy.ntu.edu.tw",
    "id": 21757526526,
    "entry_timestamp": "2025-10-16T10:04:08.817",
    "not_before": "2025-10-16T09:05:38",
    "not_after": "2026-01-14T09:05:37",
    "serial_number": "06195d8686e667c9824af1a5dab1ae9a7c19",
    "result_count": 1
  },
  {
    "issuer_ca_id": 286244,
    "issuer_name": "C=US, O=Google Trust Services, CN=WR3",
    "name_value": "intl.ntu.edu.tw",
    "id": 21757057613,
    "entry_timestamp": "2025-10-16T09:33:22.588",
    "not_before": "2025-10-16T08:26:45",
    "not_after": "2026-01-14T09:16:16",
    "serial_number": "00e4ec2e90bab805d412af4a902363fa6e",
    "result_count": 1
  },
  {
    "issuer_ca_id": 286244,
    "issuer_name": "C=US, O=Google Trust Services, CN=WR3",
    "name_value": "intl.ntu.edu.tw",
    "id": 21756914903,
    "entry_timestamp": "2025-10-16T09:26:46.543",
    "not_before": "2025-10-16T08:26:45",
    "not_after": "2026-01-14T09:16:16",
    "serial_number": "00e4ec2e90bab805d412af4a902363fa6e",
    "result_count": 1
  },
  {
    "issuer_ca_id": 295813,
    "issuer_name": "C=US, O=Let's Encrypt, CN=E7",
    "name_value": "*.mslab.csie.ntu.edu.tw",
    "id": 21755060765,
    "entry_timestamp": "2025-10-16T07:38:33.027",
    "not_before": "2025-10-16T06:40:02",
    "not_after": "2026-01-14T06:40:01",
    "serial_number": "069aba5237575eec4db6f7b43ab9009e56a8",
    "result_count": 1
  },
  {
    "issuer_ca_id": 295813,
    "issuer_name": "C=US, O=Let's Encrypt, CN=E7",
    "name_value": "*.mslab.csie.ntu.edu.tw",
    "id": 21755057058,
    "entry_timestamp": "2025-10-16T07:38:32.801",
    "not_before": "2025-10-16T06:40:02",
    "not_after": "2026-01-14T06:40:01",
    "serial_number": "069aba5237575eec4db6f7b43ab9009e56a8",
    "result_count": 1
  },
  {
    "issuer_ca_id": 279003,
    "issuer_name": "C=TW, O=TAIWAN-CA, CN=TWCA Secure SSL Certification Authority",
    "name_value": "donate.lib.ntu.edu.tw",
    "id": 21753148348,
    "entry_timestamp": "2025-10-16T05:41:33.244",
    "not_before": "2025-10-16T05:41:30",
    "not_after": "2026-10-26T15:59:59",
    "serial_number": "47e9000000088ef5799d01f1ab9fbf2d",
    "result_count": 1
  },
  {
    "issuer_ca_id": 279003,
    "issuer_name": "C=TW, O=TAIWAN-CA, CN=TWCA Secure SSL Certification Authority",
    "name_value": "donate.lib.ntu.edu.tw",
    "id": 21753148582,
    "entry_timestamp": "2025-10-16T05:41:32.295",
    "not_before": "2025-10-16T05:41:30",
    "not_after": "2026-10-26T15:59:59",
    "serial_number": "47e9000000088ef5799d01f1ab9fbf2d",
    "result_count": 1
  },
  {
    "issuer_ca_id": 295817,
    "issuer_name": "C=US, O=Let's Encrypt, CN=R13",
    "name_value": "www.oc.ntu.edu.tw",
    "id": 21752517699,
    "entry_timestamp": "2025-10-16T04:59:30.228",
    "not_before": "2025-10-16T04:00:59",
    "not_after": "2026-01-14T04:00:58",
    "serial_number": "052724adf2ed374cfaa028a9bb02c440e714",
    "result_count": 1
  },
  {
    "issuer_ca_id": 295817,
    "issuer_name": "C=US, O=Let's Encrypt, CN=R13",
    "name_value": "www.oc.ntu.edu.tw",
    "id": 21752520845,
    "entry_timestamp": "2025-10-16T04:59:29.919",
    "not_before": "2025-10-16T04:00:59",
    "not_after": "2026-01-14T04:00:58",
    "serial_number": "052724adf2ed374cfaa028a9bb02c440e714",
    "result_count": 1
  },
  {
    "issuer_ca_id": 295817,
    "issuer_name": "C=US, O=Let's Encrypt, CN=R13",
    "name_value": "epaper.eng.ntu.edu.tw",
    "id": 21752415336,
    "entry_timestamp": "2025-10-16T04:54:18.074",
    "not_before": "2025-10-16T03:55:47",
    "not_after": "2026-01-14T03:55:46",
    "serial_number": "060d04cfe6da93104ddbb027944ac472c61a",
    "result_count": 1
  },
  {
    "issuer_ca_id": 295817,
    "issuer_name": "C=US, O=Let's Encrypt, CN=R13",
    "name_value": "epaper.eng.ntu.edu.tw",
    "id": 21752412463,
    "entry_timestamp": "2025-10-16T04:54:17.853",
    "not_before": "2025-10-16T03:55:47",
    "not_after": "2026-01-14T03:55:46",
    "serial_number": "060d04cfe6da93104ddbb027944ac472c61a",
    "result_count": 1
  },
  {
    "issuer_ca_id": 295816,
    "issuer_name": "C=US, O=Let's Encrypt, CN=R12",
    "name_value": "sidekick2.lu.im.ntu.edu.tw",
    "id": 21751671875,
    "entry_timestamp": "2025-10-16T04:07:06.749",
    "not_before": "2025-10-16T03:08:34",
    "not_after": "2026-01-14T03:08:33",
    "serial_number": "06a77529fed34fec1a5d9fcf62fccc77ff1a",
    "result_count": 1
  },
  {
    "issuer_ca_id": 295816,
    "issuer_name": "C=US, O=Let's Encrypt, CN=R12",
    "name_value": "sidekick2.lu.im.ntu.edu.tw",
    "id": 21751668642,
    "entry_timestamp": "2025-10-16T04:07:04.63",
    "not_before": "2025-10-16T03:08:34",
    "not_after": "2026-01-14T03:08:33",
    "serial_number": "06a77529fed34fec1a5d9fcf62fccc77ff1a",
    "result_count": 1
  },
  {
    "issuer_ca_id": 295809,
    "issuer_name": "C=US, O=Let's Encrypt, CN=E8",
    "name_value": "council.csie.ntu.edu.tw",
    "id": 21750686082,
    "entry_timestamp": "2025-10-16T03:03:46.524",
    "not_before": "2025-10-16T02:05:15",
    "not_after": "2026-01-14T02:05:14",
    "serial_number": "05ef19df1a27c02d7ceb23c81061c1510d72",
    "result_count": 1
  },
  {
    "issuer_ca_id": 295809,
    "issuer_name": "C=US, O=Let's Encrypt, CN=E8",
    "name_value": "council.csie.ntu.edu.tw",
    "id": 21750682751,
    "entry_timestamp": "2025-10-16T03:03:46.196",
    "not_before": "2025-10-16T02:05:15",
    "not_after": "2026-01-14T02:05:14",
    "serial_number": "05ef19df1a27c02d7ceb23c81061c1510d72",
    "result_count": 1
  },
  {
    "issuer_ca_id": 295813,
    "issuer_name": "C=US, O=Let's Encrypt, CN=E7",
    "name_value": "ldap.mslab.csie.ntu.edu.tw",
    "id": 21748541682,
    "entry_timestamp": "2025-10-16T00:52:03.038",
    "not_before": "2025-10-15T23:53:32",
    "not_after": "2026-01-13T23:53:31",
    "serial_number": "068cb996ee96598b7c21bdf8c2c17c5f6137",
    "result_count": 1
  },
  {
    "issuer_ca_id": 295813,
    "issuer_name": "C=US, O=Let's Encrypt, CN=E7",
    "name_value": "ldap.mslab.csie.ntu.edu.tw",
    "id": 21748540924,
    "entry_timestamp": "2025-10-16T00:52:02.828",
    "not_before": "2025-10-15T23:53:32",
    "not_after": "2026-01-13T23:53:31",
    "serial_number": "068cb996ee96598b7c21bdf8c2c17c5f6137",
    "result_count": 1
  },
  {
    "issuer_ca_id": 295809,
    "issuer_name": "C=US, O=Let's Encrypt, CN=E8",
    "name_value": "sunflower.csie.ntu.edu.tw",
    "id": 21746735051,
    "entry_timestamp": "2025-10-15T22:49:11.497",
    "not_before": "2025-10-15T21:50:41",
    "not_after": "2026-01-13T21:50:40",
    "serial_number": "06e107a28ac6a21c4f1571f3b457c111b543",
    "result_count": 1
  },
  {
    "issuer_ca_id": 295809,
    "issuer_name": "C=US, O=Let's Encrypt, CN=E8",
    "name_value": "sunflower.csie.ntu.edu.tw",
    "id": 21746731976,
    "entry_timestamp": "2025-10-15T22:49:11.304",
    "not_before": "2025-10-15T21:50:41",
    "not_after": "2026-01-13T21:50:40",
    "serial_number": "06e107a28ac6a21c4f1571f3b457c111b543",
    "result_count": 1
  },
  {
    "issuer_ca_id": 295816,
    "issuer_name": "C=US, O=Let's Encrypt, CN=R12",
    "name_value": "pve2.mslab.csie.ntu.edu.tw",
    "id": 21744290248,
    "entry_timestamp": "2025-10-15T20:02:25.094",
    "not_before": "2025-10-15T19:03:54",
    "not_after": "2026-01-13T19:03:53",
    "serial_number": "06962e5caef63d8d194f374ba7b5e7e2d29d",
    "result_count": 1
  },
  {
    "issuer_ca_id": 295816,
    "issuer_name": "C=US, O=Let's Encrypt, CN=R12",
    "name_value": "pve2.mslab.csie.ntu.edu.tw",
    "id": 21744292975,
    "entry_timestamp": "2025-10-15T20:02:24.854",
    "not_before": "2025-10-15T19:03:54",
    "not_after": "2026-01-13T19:03:53",
    "serial_number": "06962e5caef63d8d194f374ba7b5e7e2d29d",
    "result_count": 1
  },
  {
    "issuer_ca_id": 295817,
    "issuer_name": "C=US, O=Let's Encrypt, CN=R13",
    "name_value": "pve1.mslab.csie.ntu.edu.tw",
    "id": 21743236638,
    "entry_timestamp": "2025-10-15T18:52:50.963",
    "not_before": "2025-10-15T17:54:20",
    "not_after": "2026-01-13T17:54:19",
    "serial_number": "0520a400a76f109f1ed2102fdeacffd13b3a",
    "result_count": 1
  },
  {
    "issuer_ca_id": 295817,
    "issuer_name": "C=US, O=Let's Encrypt, CN=R13",
    "name_value": "pve1.mslab.csie.ntu.edu.tw",
    "id": 21743231793,
    "entry_timestamp": "2025-10-15T18:52:50.609",
    "not_before": "2025-10-15T17:54:20",
    "not_after": "2026-01-13T17:54:19",
    "serial_number": "0520a400a76f109f1ed2102fdeacffd13b3a",
    "result_count": 1
  },
  {
    "issuer_ca_id": 295813,
    "issuer_name": "C=US, O=Let's Encrypt, CN=E7",
    "name_value": "mrimeg.psy.ntu.edu.tw",
    "id": 21743075728,
    "entry_timestamp": "2025-10-15T18:41:44.181",
    "not_before": "2025-10-15T17:43:13",
    "not_after": "2026-01-13T17:43:12",
    "serial_number": "05a6ae666b850998541494f1a9c2fac586b5",
    "result_count": 1
  },
  {
    "issuer_ca_id": 295813,
    "issuer_name": "C=US, O=Let's Encrypt, CN=E7",
    "name_value": "mrimeg.psy.ntu.edu.tw",
    "id": 21743074701,
    "entry_timestamp": "2025-10-15T18:41:43.866",
    "not_before": "2025-10-15T17:43:13",
    "not_after": "2026-01-13T17:43:12",
    "serial_number": "05a6ae666b850998541494f1a9c2fac586b5",
    "result_count": 1
  },
  {
    "issuer_ca_id": 295817,
    "issuer_name": "C=US, O=Let's Encrypt, CN=R13",
    "name_value": "seaimage.oc.ntu.edu.tw",
    "id": 21735570278,
    "entry_timestamp": "2025-10-15T11:19:54.897",
    "not_before": "2025-10-15T10:21:23",
    "not_after": "2026-01-13T10:21:22",
    "serial_number": "059849aedfa53bc5b9332b041433fad6047e",
    "result_count": 1
  },
  {
    "issuer_ca_id": 295817,
    "issuer_name": "C=US, O=Let's Encrypt, CN=R13",
    "name_value": "seaimage.oc.ntu.edu.tw",
    "id": 21735569810,
    "entry_timestamp": "2025-10-15T11:19:54.59",
    "not_before": "2025-10-15T10:21:23",
    "not_after": "2026-01-13T10:21:22",
    "serial_number": "059849aedfa53bc5b9332b041433fad6047e",
    "result_count": 1
  },
  {
    "issuer_ca_id": 295816,
    "issuer_name": "C=US, O=Let's Encrypt, CN=R12",
    "name_value": "diversifiedhealth.ntu.edu.tw",
    "id": 21730459778,
    "entry_timestamp": "2025-10-15T06:03:42.536",
    "not_before": "2025-10-15T05:05:11",
    "not_after": "2026-01-13T05:05:10",
    "serial_number": "05f4ffe20efabc81f551fa995030964af2c3",
    "result_count": 1
  },
  {
    "issuer_ca_id": 295816,
    "issuer_name": "C=US, O=Let's Encrypt, CN=R12",
    "name_value": "diversifiedhealth.ntu.edu.tw",
    "id": 21730465164,
    "entry_timestamp": "2025-10-15T06:03:42.046",
    "not_before": "2025-10-15T05:05:11",
    "not_after": "2026-01-13T05:05:10",
    "serial_number": "05f4ffe20efabc81f551fa995030964af2c3",
    "result_count": 1
  },
  {
    "issuer_ca_id": 295816,
    "issuer_name": "C=US, O=Let's Encrypt, CN=R12",
    "name_value": "rcfe.ntu.edu.tw",
    "id": 21720810098,
    "entry_timestamp": "2025-10-14T19:08:12.52",
    "not_before": "2025-10-14T18:09:42",
    "not_after": "2026-01-12T18:09:41",
    "serial_number": "0605f08f0718ad12e4dd3d8f657f89d3125d",
    "result_count": 1
  },
  {
    "issuer_ca_id": 295816,
    "issuer_name": "C=US, O=Let's Encrypt, CN=R12",
    "name_value": "rcfe.ntu.edu.tw",
    "id": 21720811104,
    "entry_timestamp": "2025-10-14T19:08:12.398",
    "not_before": "2025-10-14T18:09:42",
    "not_after": "2026-01-12T18:09:41",
    "serial_number": "0605f08f0718ad12e4dd3d8f657f89d3125d",
    "result_count": 1
  },
  {
    "issuer_ca_id": 286236,
    "issuer_name": "C=US, O=Google Trust Services, CN=WE1",
    "name_value": "internshipabroad.ntu.edu.tw",
    "id": 21711456089,
    "entry_timestamp": "2025-10-14T09:56:10.383",
    "not_before": "2025-09-24T08:59:22",
    "not_after": "2025-12-23T09:59:12",
    "serial_number": "188fe4557ce6a5a3116d71e5d7490831",
    "result_count": 1
  },
  {
    "issuer_ca_id": 295813,
    "issuer_name": "C=US, O=Let's Encrypt, CN=E7",
    "name_value": "402nas.csie.ntu.edu.tw",
    "id": 21710841065,
    "entry_timestamp": "2025-10-14T09:19:05.257",
    "not_before": "2025-10-14T08:20:35",
    "not_after": "2026-01-12T08:20:34",
    "serial_number": "06b0a0019a9f8499d6462faa7ff38f91b3e9",
    "result_count": 1
  },
  {
    "issuer_ca_id": 295813,
    "issuer_name": "C=US, O=Let's Encrypt, CN=E7",
    "name_value": "402nas.csie.ntu.edu.tw",
    "id": 21710844911,
    "entry_timestamp": "2025-10-14T09:19:05.146",
    "not_before": "2025-10-14T08:20:35",
    "not_after": "2026-01-12T08:20:34",
    "serial_number": "06b0a0019a9f8499d6462faa7ff38f91b3e9",
    "result_count": 1
  },
  {
    "issuer_ca_id": 295816,
    "issuer_name": "C=US, O=Let's Encrypt, CN=R12",
    "name_value": "402nas.csie.ntu.edu.tw",
    "id": 21710841048,
    "entry_timestamp": "2025-10-14T09:19:02.498",
    "not_before": "2025-10-14T08:20:32",
    "not_after": "2026-01-12T08:20:31",
    "serial_number": "0549436af12c04f263703fa4669b17aaba96",
    "result_count": 1
  },
  {
    "issuer_ca_id": 295816,
    "issuer_name": "C=US, O=Let's Encrypt, CN=R12",
    "name_value": "402nas.csie.ntu.edu.tw",
    "id": 21710845130,
    "entry_timestamp": "2025-10-14T09:19:02.227",
    "not_before": "2025-10-14T08:20:32",
    "not_after": "2026-01-12T08:20:31",
    "serial_number": "0549436af12c04f263703fa4669b17aaba96",
    "result_count": 1
  },
  {
    "issuer_ca_id": 295809,
    "issuer_name": "C=US, O=Let's Encrypt, CN=E8",
    "name_value": "402nas.csie.ntu.edu.tw",
    "id": 21710856364,
    "entry_timestamp": "2025-10-14T09:18:39.953",
    "not_before": "2025-10-14T08:20:07",
    "not_after": "2026-01-12T08:20:06",
    "serial_number": "06271662df44e6f4f55b0827cc778bb2891d",
    "result_count": 1
  },
  {
    "issuer_ca_id": 295809,
    "issuer_name": "C=US, O=Let's Encrypt, CN=E8",
    "name_value": "402nas.csie.ntu.edu.tw",
    "id": 21710857142,
    "entry_timestamp": "2025-10-14T09:18:37.844",
    "not_before": "2025-10-14T08:20:07",
    "not_after": "2026-01-12T08:20:06",
    "serial_number": "06271662df44e6f4f55b0827cc778bb2891d",
    "result_count": 1
  },
  {
    "issuer_ca_id": 295817,
    "issuer_name": "C=US, O=Let's Encrypt, CN=R13",
    "name_value": "402nas.csie.ntu.edu.tw",
    "id": 21710832499,
    "entry_timestamp": "2025-10-14T09:18:33.91",
    "not_before": "2025-10-14T08:20:03",
    "not_after": "2026-01-12T08:20:02",
    "serial_number": "0544cde15b4ea46892c2786518595149b5ac",
    "result_count": 1
  },
  {
    "issuer_ca_id": 295817,
    "issuer_name": "C=US, O=Let's Encrypt, CN=R13",
    "name_value": "402nas.csie.ntu.edu.tw",
    "id": 21710828270,
    "entry_timestamp": "2025-10-14T09:18:33.695",
    "not_before": "2025-10-14T08:20:03",
    "not_after": "2026-01-12T08:20:02",
    "serial_number": "0544cde15b4ea46892c2786518595149b5ac",
    "result_count": 1
  },
  {
    "issuer_ca_id": 295817,
    "issuer_name": "C=US, O=Let's Encrypt, CN=R13",
    "name_value": "elitecamp.management.ntu.edu.tw",
    "id": 21706861615,
    "entry_timestamp": "2025-10-14T04:56:29.228",
    "not_before": "2025-10-14T03:57:56",
    "not_after": "2026-01-12T03:57:55",
    "serial_number": "0545e59600b436b3aa235c18e3015c8a5176",
    "result_count": 1
  },
  {
    "issuer_ca_id": 295817,
    "issuer_name": "C=US, O=Let's Encrypt, CN=R13",
    "name_value": "elitecamp.management.ntu.edu.tw",
    "id": 21706859185,
    "entry_timestamp": "2025-10-14T04:56:27.022",
    "not_before": "2025-10-14T03:57:56",
    "not_after": "2026-01-12T03:57:55",
    "serial_number": "0545e59600b436b3aa235c18e3015c8a5176",
    "result_count": 1
  },
  {
    "issuer_ca_id": 295809,
    "issuer_name": "C=US, O=Let's Encrypt, CN=E8",
    "name_value": "email.mail.aca.ntu.edu.tw",
    "id": 21706843761,
    "entry_timestamp": "2025-10-14T04:55:11.678",
    "not_before": "2025-10-14T03:56:41",
    "not_after": "2026-01-12T03:56:40",
    "serial_number": "0516aeaac4c28eb159b831f748b735ac63dc",
    "result_count": 1
  },
  {
    "issuer_ca_id": 295809,
    "issuer_name": "C=US, O=Let's Encrypt, CN=E8",
    "name_value": "email.mail.aca.ntu.edu.tw",
    "id": 21706834433,
    "entry_timestamp": "2025-10-14T04:55:11.398",
    "not_before": "2025-10-14T03:56:41",
    "not_after": "2026-01-12T03:56:40",
    "serial_number": "0516aeaac4c28eb159b831f748b735ac63dc",
    "result_count": 1
  },
  {
    "issuer_ca_id": 295816,
    "issuer_name": "C=US, O=Let's Encrypt, CN=R12",
    "name_value": "awec.ntu.edu.tw",
    "id": 21706195684,
    "entry_timestamp": "2025-10-14T04:14:29.826",
    "not_before": "2025-10-14T03:15:59",
    "not_after": "2026-01-12T03:15:58",
    "serial_number": "06565da25fdf37e85edddbad2e4105cc4e09",
    "result_count": 1
  },
  {
    "issuer_ca_id": 295816,
    "issuer_name": "C=US, O=Let's Encrypt, CN=R12",
    "name_value": "awec.ntu.edu.tw",
    "id": 21706195495,
    "entry_timestamp": "2025-10-14T04:14:29.642",
    "not_before": "2025-10-14T03:15:59",
    "not_after": "2026-01-12T03:15:58",
    "serial_number": "06565da25fdf37e85edddbad2e4105cc4e09",
    "result_count": 1
  },
  {
    "issuer_ca_id": 295816,
    "issuer_name": "C=US, O=Let's Encrypt, CN=R12",
    "name_value": "mil.psy.ntu.edu.tw",
    "id": 21699936638,
    "entry_timestamp": "2025-10-13T20:48:21.023",
    "not_before": "2025-10-13T19:49:50",
    "not_after": "2026-01-11T19:49:49",
    "serial_number": "06a4e81967e11714640d2af2eba486b7cd66",
    "result_count": 1
  },
  {
    "issuer_ca_id": 295816,
    "issuer_name": "C=US, O=Let's Encrypt, CN=R12",
    "name_value": "mil.psy.ntu.edu.tw",
    "id": 21699937145,
    "entry_timestamp": "2025-10-13T20:48:20.797",
    "not_before": "2025-10-13T19:49:50",
    "not_after": "2026-01-11T19:49:49",
    "serial_number": "06a4e81967e11714640d2af2eba486b7cd66",
    "result_count": 1
  },
  {
    "issuer_ca_id": 286236,
    "issuer_name": "C=US, O=Google Trust Services, CN=WE1",
    "name_value": "speechtest.aca.ntu.edu.tw",
    "id": 21699052627,
    "entry_timestamp": "2025-10-13T19:49:38.882",
    "not_before": "2025-10-13T17:51:05",
    "not_after": "2026-01-11T18:50:59",
    "serial_number": "00f0c13f9a5a1d1072135ae0b098c7179b",
    "result_count": 1
  },
  {
    "issuer_ca_id": 286236,
    "issuer_name": "C=US, O=Google Trust Services, CN=WE1",
    "name_value": "speechtest.aca.ntu.edu.tw",
    "id": 21698043302,
    "entry_timestamp": "2025-10-13T18:51:05.627",
    "not_before": "2025-10-13T17:51:05",
    "not_after": "2026-01-11T18:50:59",
    "serial_number": "00f0c13f9a5a1d1072135ae0b098c7179b",
    "result_count": 1
  },
  {
    "issuer_ca_id": 286242,
    "issuer_name": "C=US, O=Google Trust Services, CN=WR1",
    "name_value": "speechtest.aca.ntu.edu.tw",
    "id": 21698039590,
    "entry_timestamp": "2025-10-13T18:50:54.178",
    "not_before": "2025-10-13T17:50:53",
    "not_after": "2026-01-11T18:49:35",
    "serial_number": "4055c907e7644e9411d22f90306bc043",
    "result_count": 1
  },
  {
    "issuer_ca_id": 295816,
    "issuer_name": "C=US, O=Let's Encrypt, CN=R12",
    "name_value": "booking.aca.ntu.edu.tw",
    "id": 21695817238,
    "entry_timestamp": "2025-10-13T17:02:02.496",
    "not_before": "2025-10-13T16:03:30",
    "not_after": "2026-01-11T16:03:29",
    "serial_number": "061945a4084811f632b1ce3b793a7369c12a",
    "result_count": 1
  },
  {
    "issuer_ca_id": 295816,
    "issuer_name": "C=US, O=Let's Encrypt, CN=R12",
    "name_value": "booking.aca.ntu.edu.tw",
    "id": 21695812997,
    "entry_timestamp": "2025-10-13T17:02:00.395",
    "not_before": "2025-10-13T16:03:30",
    "not_after": "2026-01-11T16:03:29",
    "serial_number": "061945a4084811f632b1ce3b793a7369c12a",
    "result_count": 1
  },
  {
    "issuer_ca_id": 295809,
    "issuer_name": "C=US, O=Let's Encrypt, CN=E8",
    "name_value": "www.ntu-ccms.ntu.edu.tw",
    "id": 21692875206,
    "entry_timestamp": "2025-10-13T14:22:09.365",
    "not_before": "2025-10-13T13:23:39",
    "not_after": "2026-01-11T13:23:38",
    "serial_number": "06fb621b492018ca1eb80f6f74fc156f6ae5",
    "result_count": 1
  },
  {
    "issuer_ca_id": 295809,
    "issuer_name": "C=US, O=Let's Encrypt, CN=E8",
    "name_value": "www.ntu-ccms.ntu.edu.tw",
    "id": 21692870248,
    "entry_timestamp": "2025-10-13T14:22:09.166",
    "not_before": "2025-10-13T13:23:39",
    "not_after": "2026-01-11T13:23:38",
    "serial_number": "06fb621b492018ca1eb80f6f74fc156f6ae5",
    "result_count": 1
  },
  {
    "issuer_ca_id": 295817,
    "issuer_name": "C=US, O=Let's Encrypt, CN=R13",
    "name_value": "future.ntu.edu.tw",
    "id": 21691876484,
    "entry_timestamp": "2025-10-13T13:24:51.284",
    "not_before": "2025-10-13T12:26:21",
    "not_after": "2026-01-11T12:26:20",
    "serial_number": "066103599ee831328f2d12d5ea3b1d9bcadc",
    "result_count": 1
  },
  {
    "issuer_ca_id": 295817,
    "issuer_name": "C=US, O=Let's Encrypt, CN=R13",
    "name_value": "future.ntu.edu.tw",
    "id": 21691851486,
    "entry_timestamp": "2025-10-13T13:24:51.198",
    "not_before": "2025-10-13T12:26:21",
    "not_after": "2026-01-11T12:26:20",
    "serial_number": "066103599ee831328f2d12d5ea3b1d9bcadc",
    "result_count": 1
  },
  {
    "issuer_ca_id": 286244,
    "issuer_name": "C=US, O=Google Trust Services, CN=WR3",
    "name_value": "www.stuco.ntu.edu.tw",
    "id": 21691239619,
    "entry_timestamp": "2025-10-13T12:50:06.457",
    "not_before": "2025-10-13T11:29:43",
    "not_after": "2026-01-11T12:20:14",
    "serial_number": "00813841935924434a108637c0e185f4e1",
    "result_count": 1
  },
  {
    "issuer_ca_id": 286244,
    "issuer_name": "C=US, O=Google Trust Services, CN=WR3",
    "name_value": "www.stuco.ntu.edu.tw",
    "id": 21690898961,
    "entry_timestamp": "2025-10-13T12:29:43.907",
    "not_before": "2025-10-13T11:29:43",
    "not_after": "2026-01-11T12:20:14",
    "serial_number": "00813841935924434a108637c0e185f4e1",
    "result_count": 1
  },
  {
    "issuer_ca_id": 272008,
    "issuer_name": "C=TW, O=TAIWAN-CA, OU=Secure SSL Sub-CA, CN=TWCA Secure SSL Certification Authority",
    "name_value": "course6rpp.aca.ntu.edu.tw",
    "id": 21687243452,
    "entry_timestamp": "2025-10-13T09:11:07.118",
    "not_before": "2025-10-13T09:11:05",
    "not_after": "2026-11-01T15:59:59",
    "serial_number": "47e9000000088cee7c635a40467be03e",
    "result_count": 1
  },
  {
    "issuer_ca_id": 272008,
    "issuer_name": "C=TW, O=TAIWAN-CA, OU=Secure SSL Sub-CA, CN=TWCA Secure SSL Certification Authority",
    "name_value": "course6rpp.aca.ntu.edu.tw",
    "id": 21687243406,
    "entry_timestamp": "2025-10-13T09:11:06.167",
    "not_before": "2025-10-13T09:11:05",
    "not_after": "2026-11-01T15:59:59",
    "serial_number": "47e9000000088cee7c635a40467be03e",
    "result_count": 1
  },
  {
    "issuer_ca_id": 295817,
    "issuer_name": "C=US, O=Let's Encrypt, CN=R13",
    "name_value": "qis.phys.ntu.edu.tw",
    "id": 21685528205,
    "entry_timestamp": "2025-10-13T07:27:32.949",
    "not_before": "2025-10-13T06:29:02",
    "not_after": "2026-01-11T06:29:01",
    "serial_number": "05d9fde10bfefa490f09d7fb4cf0ac557941",
    "result_count": 1
  },
  {
    "issuer_ca_id": 295817,
    "issuer_name": "C=US, O=Let's Encrypt, CN=R13",
    "name_value": "qis.phys.ntu.edu.tw",
    "id": 21685527727,
    "entry_timestamp": "2025-10-13T07:27:32.637",
    "not_before": "2025-10-13T06:29:02",
    "not_after": "2026-01-11T06:29:01",
    "serial_number": "05d9fde10bfefa490f09d7fb4cf0ac557941",
    "result_count": 1
  },
  {
    "issuer_ca_id": 272008,
    "issuer_name": "C=TW, O=TAIWAN-CA, OU=Secure SSL Sub-CA, CN=TWCA Secure SSL Certification Authority",
    "name_value": "curri.aca.ntu.edu.tw",
    "id": 21684565610,
    "entry_timestamp": "2025-10-13T06:33:44.512",
    "not_before": "2025-10-13T06:33:42",
    "not_after": "2026-10-15T15:59:59",
    "serial_number": "47e9000000088ccc5e91ee2ea7af8a52",
    "result_count": 1
  },
  {
    "issuer_ca_id": 272008,
    "issuer_name": "C=TW, O=TAIWAN-CA, OU=Secure SSL Sub-CA, CN=TWCA Secure SSL Certification Authority",
    "name_value": "curri.aca.ntu.edu.tw",
    "id": 21684565301,
    "entry_timestamp": "2025-10-13T06:33:43.518",
    "not_before": "2025-10-13T06:33:42",
    "not_after": "2026-10-15T15:59:59",
    "serial_number": "47e9000000088ccc5e91ee2ea7af8a52",
    "result_count": 1
  },
  {
    "issuer_ca_id": 272008,
    "issuer_name": "C=TW, O=TAIWAN-CA, OU=Secure SSL Sub-CA, CN=TWCA Secure SSL Certification Authority",
    "name_value": "gra206.aca.ntu.edu.tw",
    "id": 21684337091,
    "entry_timestamp": "2025-10-13T06:19:51.874",
    "not_before": "2025-10-13T06:19:50",
    "not_after": "2026-10-14T15:59:59",
    "serial_number": "47e9000000088cc87d9a278ef206904d",
    "result_count": 1
  },
  {
    "issuer_ca_id": 272008,
    "issuer_name": "C=TW, O=TAIWAN-CA, OU=Secure SSL Sub-CA, CN=TWCA Secure SSL Certification Authority",
    "name_value": "gra206.aca.ntu.edu.tw",
    "id": 21684337354,
    "entry_timestamp": "2025-10-13T06:19:51.459",
    "not_before": "2025-10-13T06:19:50",
    "not_after": "2026-10-14T15:59:59",
    "serial_number": "47e9000000088cc87d9a278ef206904d",
    "result_count": 1
  },
  {
    "issuer_ca_id": 272008,
    "issuer_name": "C=TW, O=TAIWAN-CA, OU=Secure SSL Sub-CA, CN=TWCA Secure SSL Certification Authority",
    "name_value": "nol2.aca.ntu.edu.tw",
    "id": 21684287305,
    "entry_timestamp": "2025-10-13T06:17:28.111",
    "not_before": "2025-10-13T06:17:26",
    "not_after": "2026-10-15T15:59:59",
    "serial_number": "47e9000000088cc74582edb5ecdb975c",
    "result_count": 1
  },
  {
    "issuer_ca_id": 272008,
    "issuer_name": "C=TW, O=TAIWAN-CA, OU=Secure SSL Sub-CA, CN=TWCA Secure SSL Certification Authority",
    "name_value": "nol2.aca.ntu.edu.tw",
    "id": 21684287139,
    "entry_timestamp": "2025-10-13T06:17:27.122",
    "not_before": "2025-10-13T06:17:26",
    "not_after": "2026-10-15T15:59:59",
    "serial_number": "47e9000000088cc74582edb5ecdb975c",
    "result_count": 1
  },
  {
    "issuer_ca_id": 295816,
    "issuer_name": "C=US, O=Let's Encrypt, CN=R12",
    "name_value": "bem.bime.ntu.edu.tw",
    "id": 21680095436,
    "entry_timestamp": "2025-10-13T02:04:16.438",
    "not_before": "2025-10-13T01:05:45",
    "not_after": "2026-01-11T01:05:44",
    "serial_number": "05403b9a255f1a4e79db6de99f4f8e08b3c9",
    "result_count": 1
  },
  {
    "issuer_ca_id": 295816,
    "issuer_name": "C=US, O=Let's Encrypt, CN=R12",
    "name_value": "bem.bime.ntu.edu.tw",
    "id": 21680094619,
    "entry_timestamp": "2025-10-13T02:04:16.117",
    "not_before": "2025-10-13T01:05:45",
    "not_after": "2026-01-11T01:05:44",
    "serial_number": "05403b9a255f1a4e79db6de99f4f8e08b3c9",
    "result_count": 1
  },
  {
    "issuer_ca_id": 295817,
    "issuer_name": "C=US, O=Let's Encrypt, CN=R13",
    "name_value": "admin.gis-taiwan.ntu.edu.tw",
    "id": 21678415514,
    "entry_timestamp": "2025-10-13T00:23:12.845",
    "not_before": "2025-10-12T23:24:40",
    "not_after": "2026-01-10T23:24:39",
    "serial_number": "0640577402196968fc93166db148dad1727e",
    "result_count": 1
  },
  {
    "issuer_ca_id": 295817,
    "issuer_name": "C=US, O=Let's Encrypt, CN=R13",
    "name_value": "admin.gis-taiwan.ntu.edu.tw",
    "id": 21678414822,
    "entry_timestamp": "2025-10-13T00:23:10.727",
    "not_before": "2025-10-12T23:24:40",
    "not_after": "2026-01-10T23:24:39",
    "serial_number": "0640577402196968fc93166db148dad1727e",
    "result_count": 1
  },
  {
    "issuer_ca_id": 295809,
    "issuer_name": "C=US, O=Let's Encrypt, CN=E8",
    "name_value": "thz.ee.ntu.edu.tw",
    "id": 21675362447,
    "entry_timestamp": "2025-10-12T20:21:39.571",
    "not_before": "2025-10-12T19:23:09",
    "not_after": "2026-01-10T19:23:08",
    "serial_number": "06678919674e98f646cdd02f4f97f61d37de",
    "result_count": 1
  },
  {
    "issuer_ca_id": 295809,
    "issuer_name": "C=US, O=Let's Encrypt, CN=E8",
    "name_value": "thz.ee.ntu.edu.tw",
    "id": 21675447784,
    "entry_timestamp": "2025-10-12T20:21:39.37",
    "not_before": "2025-10-12T19:23:09",
    "not_after": "2026-01-10T19:23:08",
    "serial_number": "06678919674e98f646cdd02f4f97f61d37de",
    "result_count": 1
  },
  {
    "issuer_ca_id": 295817,
    "issuer_name": "C=US, O=Let's Encrypt, CN=R13",
    "name_value": "thz.ee.ntu.edu.tw",
    "id": 21674978635,
    "entry_timestamp": "2025-10-12T20:21:12.975",
    "not_before": "2025-10-12T19:22:40",
    "not_after": "2026-01-10T19:22:39",
    "serial_number": "06c8ad67734c0e10db58df308db9c08356f6",
    "result_count": 1
  },
  {
    "issuer_ca_id": 295817,
    "issuer_name": "C=US, O=Let's Encrypt, CN=R13",
    "name_value": "thz.ee.ntu.edu.tw",
    "id": 21674977635,
    "entry_timestamp": "2025-10-12T20:21:10.901",
    "not_before": "2025-10-12T19:22:40",
    "not_after": "2026-01-10T19:22:39",
    "serial_number": "06c8ad67734c0e10db58df308db9c08356f6",
    "result_count": 1
  },
  {
    "issuer_ca_id": 295817,
    "issuer_name": "C=US, O=Let's Encrypt, CN=R13",
    "name_value": "corpus.linguistics.ntu.edu.tw",
    "id": 21668123319,
    "entry_timestamp": "2025-10-12T12:45:30.774",
    "not_before": "2025-10-12T11:47:00",
    "not_after": "2026-01-10T11:46:59",
    "serial_number": "0614657b389f45328a5d9e650d52fab506ef",
    "result_count": 1
  },
  {
    "issuer_ca_id": 295817,
    "issuer_name": "C=US, O=Let's Encrypt, CN=R13",
    "name_value": "corpus.linguistics.ntu.edu.tw",
    "id": 21668126494,
    "entry_timestamp": "2025-10-12T12:45:30.671",
    "not_before": "2025-10-12T11:47:00",
    "not_after": "2026-01-10T11:46:59",
    "serial_number": "0614657b389f45328a5d9e650d52fab506ef",
    "result_count": 1
  },
  {
    "issuer_ca_id": 295816,
    "issuer_name": "C=US, O=Let's Encrypt, CN=R12",
    "name_value": "gisapp.gis-taiwan.ntu.edu.tw",
    "id": 21665785256,
    "entry_timestamp": "2025-10-12T10:22:53.911",
    "not_before": "2025-10-12T09:24:23",
    "not_after": "2026-01-10T09:24:22",
    "serial_number": "0580126c0842ab1d74de86869c9207aa6c60",
    "result_count": 1
  },
  {
    "issuer_ca_id": 295816,
    "issuer_name": "C=US, O=Let's Encrypt, CN=R12",
    "name_value": "gisapp.gis-taiwan.ntu.edu.tw",
    "id": 21665786855,
    "entry_timestamp": "2025-10-12T10:22:53.663",
    "not_before": "2025-10-12T09:24:23",
    "not_after": "2026-01-10T09:24:22",
    "serial_number": "0580126c0842ab1d74de86869c9207aa6c60",
    "result_count": 1
  },
  {
    "issuer_ca_id": 295817,
    "issuer_name": "C=US, O=Let's Encrypt, CN=R13",
    "name_value": "gis-taiwan.ntu.edu.tw",
    "id": 21665780182,
    "entry_timestamp": "2025-10-12T10:22:36.948",
    "not_before": "2025-10-12T09:24:06",
    "not_after": "2026-01-10T09:24:05",
    "serial_number": "0642155e36481558cc8815c37e7a1738b703",
    "result_count": 1
  },
  {
    "issuer_ca_id": 295817,
    "issuer_name": "C=US, O=Let's Encrypt, CN=R13",
    "name_value": "gis-taiwan.ntu.edu.tw",
    "id": 21665786618,
    "entry_timestamp": "2025-10-12T10:22:36.86",
    "not_before": "2025-10-12T09:24:06",
    "not_after": "2026-01-10T09:24:05",
    "serial_number": "0642155e36481558cc8815c37e7a1738b703",
    "result_count": 1
  },
  {
    "issuer_ca_id": 295817,
    "issuer_name": "C=US, O=Let's Encrypt, CN=R13",
    "name_value": "be.admin.gis-taiwan.ntu.edu.tw",
    "id": 21665778928,
    "entry_timestamp": "2025-10-12T10:22:19.122",
    "not_before": "2025-10-12T09:23:48",
    "not_after": "2026-01-10T09:23:47",
    "serial_number": "05cadf639bfc7a59e860fcbdb165cd5fb4b5",
    "result_count": 1
  },
  {
    "issuer_ca_id": 295817,
    "issuer_name": "C=US, O=Let's Encrypt, CN=R13",
    "name_value": "be.admin.gis-taiwan.ntu.edu.tw",
    "id": 21665782017,
    "entry_timestamp": "2025-10-12T10:22:18.942",
    "not_before": "2025-10-12T09:23:48",
    "not_after": "2026-01-10T09:23:47",
    "serial_number": "05cadf639bfc7a59e860fcbdb165cd5fb4b5",
    "result_count": 1
  },
  {
    "issuer_ca_id": 295816,
    "issuer_name": "C=US, O=Let's Encrypt, CN=R12",
    "name_value": "cbe.ntu.edu.tw",
    "id": 21663720143,
    "entry_timestamp": "2025-10-12T08:02:56.684",
    "not_before": "2025-10-12T07:04:26",
    "not_after": "2026-01-10T07:04:25",
    "serial_number": "0549e0711e97dd0d454ccbec7e0339f0f067",
    "result_count": 1
  },
  {
    "issuer_ca_id": 295816,
    "issuer_name": "C=US, O=Let's Encrypt, CN=R12",
    "name_value": "cbe.ntu.edu.tw",
    "id": 21663719339,
    "entry_timestamp": "2025-10-12T08:02:56.351",
    "not_before": "2025-10-12T07:04:26",
    "not_after": "2026-01-10T07:04:25",
    "serial_number": "0549e0711e97dd0d454ccbec7e0339f0f067",
    "result_count": 1
  },
  {
    "issuer_ca_id": 295816,
    "issuer_name": "C=US, O=Let's Encrypt, CN=R12",
    "name_value": "test.hydro.as.ntu.edu.tw",
    "id": 21658035335,
    "entry_timestamp": "2025-10-12T02:39:49.058",
    "not_before": "2025-10-12T01:41:18",
    "not_after": "2026-01-10T01:41:17",
    "serial_number": "05b5cd0aa23e41922b6284785f4c60c81b55",
    "result_count": 1
  },
  {
    "issuer_ca_id": 295816,
    "issuer_name": "C=US, O=Let's Encrypt, CN=R12",
    "name_value": "test.hydro.as.ntu.edu.tw",
    "id": 21658031274,
    "entry_timestamp": "2025-10-12T02:39:48.724",
    "not_before": "2025-10-12T01:41:18",
    "not_after": "2026-01-10T01:41:17",
    "serial_number": "05b5cd0aa23e41922b6284785f4c60c81b55",
    "result_count": 1
  },
  {
    "issuer_ca_id": 295816,
    "issuer_name": "C=US, O=Let's Encrypt, CN=R12",
    "name_value": "cychang.hort.ntu.edu.tw",
    "id": 21656643560,
    "entry_timestamp": "2025-10-12T01:10:10.884",
    "not_before": "2025-10-12T00:11:38",
    "not_after": "2026-01-10T00:11:37",
    "serial_number": "05f9815d2b7f60a41d4b62e131a9e9e12987",
    "result_count": 1
  },
  {
    "issuer_ca_id": 295816,
    "issuer_name": "C=US, O=Let's Encrypt, CN=R12",
    "name_value": "cychang.hort.ntu.edu.tw",
    "id": 21656640649,
    "entry_timestamp": "2025-10-12T01:10:08.618",
    "not_before": "2025-10-12T00:11:38",
    "not_after": "2026-01-10T00:11:37",
    "serial_number": "05f9815d2b7f60a41d4b62e131a9e9e12987",
    "result_count": 1
  },
  {
    "issuer_ca_id": 295816,
    "issuer_name": "C=US, O=Let's Encrypt, CN=R12",
    "name_value": "landscapeandhealth.hort.ntu.edu.tw",
    "id": 21656630955,
    "entry_timestamp": "2025-10-12T01:09:18.44",
    "not_before": "2025-10-12T00:10:47",
    "not_after": "2026-01-10T00:10:46",
    "serial_number": "05626ef6974e5d63df0aa0374b8fb5491250",
    "result_count": 1
  },
  {
    "issuer_ca_id": 295816,
    "issuer_name": "C=US, O=Let's Encrypt, CN=R12",
    "name_value": "landscapeandhealth.hort.ntu.edu.tw",
    "id": 21656631576,
    "entry_timestamp": "2025-10-12T01:09:18.214",
    "not_before": "2025-10-12T00:10:47",
    "not_after": "2026-01-10T00:10:46",
    "serial_number": "05626ef6974e5d63df0aa0374b8fb5491250",
    "result_count": 1
  },
  {
    "issuer_ca_id": 295813,
    "issuer_name": "C=US, O=Let's Encrypt, CN=E7",
    "name_value": "doc.oge.ntu.edu.tw",
    "id": 21654815485,
    "entry_timestamp": "2025-10-11T22:54:54.747",
    "not_before": "2025-10-11T21:56:23",
    "not_after": "2026-01-09T21:56:22",
    "serial_number": "05be56653fd05438e694231f0ffcbf079168",
    "result_count": 1
  },
  {
    "issuer_ca_id": 295813,
    "issuer_name": "C=US, O=Let's Encrypt, CN=E7",
    "name_value": "doc.oge.ntu.edu.tw",
    "id": 21654809836,
    "entry_timestamp": "2025-10-11T22:54:54.352",
    "not_before": "2025-10-11T21:56:23",
    "not_after": "2026-01-09T21:56:22",
    "serial_number": "05be56653fd05438e694231f0ffcbf079168",
    "result_count": 1
  },
  {
    "issuer_ca_id": 295817,
    "issuer_name": "C=US, O=Let's Encrypt, CN=R13",
    "name_value": "immunology.mc.ntu.edu.tw",
    "id": 21654061535,
    "entry_timestamp": "2025-10-11T22:01:36.878",
    "not_before": "2025-10-11T21:03:04",
    "not_after": "2026-01-09T21:03:03",
    "serial_number": "058dd4d533f58c99a5054c39f566170037aa",
    "result_count": 1
  },
  {
    "issuer_ca_id": 295817,
    "issuer_name": "C=US, O=Let's Encrypt, CN=R13",
    "name_value": "immunology.mc.ntu.edu.tw",
    "id": 21654056798,
    "entry_timestamp": "2025-10-11T22:01:34.614",
    "not_before": "2025-10-11T21:03:04",
    "not_after": "2026-01-09T21:03:03",
    "serial_number": "058dd4d533f58c99a5054c39f566170037aa",
    "result_count": 1
  },
  {
    "issuer_ca_id": 295816,
    "issuer_name": "C=US, O=Let's Encrypt, CN=R12",
    "name_value": "odbwms.oc.ntu.edu.tw",
    "id": 21652847482,
    "entry_timestamp": "2025-10-11T20:27:11.244",
    "not_before": "2025-10-11T19:28:40",
    "not_after": "2026-01-09T19:28:39",
    "serial_number": "059e392b2ce053f3692c4570595725645ddc",
    "result_count": 1
  },
  {
    "issuer_ca_id": 295816,
    "issuer_name": "C=US, O=Let's Encrypt, CN=R12",
    "name_value": "odbwms.oc.ntu.edu.tw",
    "id": 21652847576,
    "entry_timestamp": "2025-10-11T20:27:10.906",
    "not_before": "2025-10-11T19:28:40",
    "not_after": "2026-01-09T19:28:39",
    "serial_number": "059e392b2ce053f3692c4570595725645ddc",
    "result_count": 1
  },
  {
    "issuer_ca_id": 295813,
    "issuer_name": "C=US, O=Let's Encrypt, CN=E7",
    "name_value": "barcelona.math.ntu.edu.tw",
    "id": 21644355458,
    "entry_timestamp": "2025-10-11T11:47:33.092",
    "not_before": "2025-10-11T10:49:02",
    "not_after": "2026-01-09T10:49:01",
    "serial_number": "0694ae6998435f86a9fa6ca822a6b23b9437",
    "result_count": 1
  },
  {
    "issuer_ca_id": 295813,
    "issuer_name": "C=US, O=Let's Encrypt, CN=E7",
    "name_value": "barcelona.math.ntu.edu.tw",
    "id": 21644355477,
    "entry_timestamp": "2025-10-11T11:47:32.985",
    "not_before": "2025-10-11T10:49:02",
    "not_after": "2026-01-09T10:49:01",
    "serial_number": "0694ae6998435f86a9fa6ca822a6b23b9437",
    "result_count": 1
  },
  {
    "issuer_ca_id": 295817,
    "issuer_name": "C=US, O=Let's Encrypt, CN=R13",
    "name_value": "nvcenter.ntu.edu.tw",
    "id": 21644333802,
    "entry_timestamp": "2025-10-11T11:46:21.704",
    "not_before": "2025-10-11T10:47:51",
    "not_after": "2026-01-09T10:47:50",
    "serial_number": "057adaa0611fae1349a5a23d0c047684a55f",
    "result_count": 1
  },
  {
    "issuer_ca_id": 295817,
    "issuer_name": "C=US, O=Let's Encrypt, CN=R13",
    "name_value": "nvcenter.ntu.edu.tw",
    "id": 21644335407,
    "entry_timestamp": "2025-10-11T11:46:21.457",
    "not_before": "2025-10-11T10:47:51",
    "not_after": "2026-01-09T10:47:50",
    "serial_number": "057adaa0611fae1349a5a23d0c047684a55f",
    "result_count": 1
  },
  {
    "issuer_ca_id": 295816,
    "issuer_name": "C=US, O=Let's Encrypt, CN=R12",
    "name_value": "nvcenter.ntu.edu.tw",
    "id": 21644269648,
    "entry_timestamp": "2025-10-11T11:41:42.46",
    "not_before": "2025-10-11T10:43:12",
    "not_after": "2026-01-09T10:43:11",
    "serial_number": "0635f3decbab421277e96941a8d78984d4eb",
    "result_count": 1
  },
  {
    "issuer_ca_id": 295816,
    "issuer_name": "C=US, O=Let's Encrypt, CN=R12",
    "name_value": "nvcenter.ntu.edu.tw",
    "id": 21644271555,
    "entry_timestamp": "2025-10-11T11:41:42.361",
    "not_before": "2025-10-11T10:43:12",
    "not_after": "2026-01-09T10:43:11",
    "serial_number": "0635f3decbab421277e96941a8d78984d4eb",
    "result_count": 1
  },
  {
    "issuer_ca_id": 295816,
    "issuer_name": "C=US, O=Let's Encrypt, CN=R12",
    "name_value": "nvcenter.ntu.edu.tw",
    "id": 21644241537,
    "entry_timestamp": "2025-10-11T11:39:39.001",
    "not_before": "2025-10-11T10:41:08",
    "not_after": "2026-01-09T10:41:07",
    "serial_number": "058cd05e50560ea4e78b15c529b6cd67b051",
    "result_count": 1
  },
  {
    "issuer_ca_id": 295816,
    "issuer_name": "C=US, O=Let's Encrypt, CN=R12",
    "name_value": "nvcenter.ntu.edu.tw",
    "id": 21644242003,
    "entry_timestamp": "2025-10-11T11:39:38.622",
    "not_before": "2025-10-11T10:41:08",
    "not_after": "2026-01-09T10:41:07",
    "serial_number": "058cd05e50560ea4e78b15c529b6cd67b051",
    "result_count": 1
  },
  {
    "issuer_ca_id": 295816,
    "issuer_name": "C=US, O=Let's Encrypt, CN=R12",
    "name_value": "quantum.ch.ntu.edu.tw",
    "id": 21643872693,
    "entry_timestamp": "2025-10-11T11:15:44.496",
    "not_before": "2025-10-11T10:17:14",
    "not_after": "2026-01-09T10:17:13",
    "serial_number": "06c80b608ca36b59c4ba6b949005c8c79391",
    "result_count": 1
  },
  {
    "issuer_ca_id": 295816,
    "issuer_name": "C=US, O=Let's Encrypt, CN=R12",
    "name_value": "quantum.ch.ntu.edu.tw",
    "id": 21643871934,
    "entry_timestamp": "2025-10-11T11:15:44.381",
    "not_before": "2025-10-11T10:17:14",
    "not_after": "2026-01-09T10:17:13",
    "serial_number": "06c80b608ca36b59c4ba6b949005c8c79391",
    "result_count": 1
  },
  {
    "issuer_ca_id": 295816,
    "issuer_name": "C=US, O=Let's Encrypt, CN=R12",
    "name_value": "ecodata.odb.ntu.edu.tw",
    "id": 21642869137,
    "entry_timestamp": "2025-10-11T10:13:13.572",
    "not_before": "2025-10-11T09:14:43",
    "not_after": "2026-01-09T09:14:42",
    "serial_number": "05b26041a978bf0cdcc3da5f1f4a10bfef8c",
    "result_count": 1
  },
  {
    "issuer_ca_id": 295816,
    "issuer_name": "C=US, O=Let's Encrypt, CN=R12",
    "name_value": "ecodata.odb.ntu.edu.tw",
    "id": 21642872475,
    "entry_timestamp": "2025-10-11T10:13:13.37",
    "not_before": "2025-10-11T09:14:43",
    "not_after": "2026-01-09T09:14:42",
    "serial_number": "05b26041a978bf0cdcc3da5f1f4a10bfef8c",
    "result_count": 1
  },
  {
    "issuer_ca_id": 286236,
    "issuer_name": "C=US, O=Google Trust Services, CN=WE1",
    "name_value": "www.lecospa.ntu.edu.tw",
    "id": 21642294282,
    "entry_timestamp": "2025-10-11T09:36:25.491",
    "not_before": "2025-10-11T08:36:25",
    "not_after": "2026-01-09T09:36:20",
    "serial_number": "00ffb3760aa0efd0ae0e8d9cbdd11b3c0e",
    "result_count": 1
  },
  {
    "issuer_ca_id": 286242,
    "issuer_name": "C=US, O=Google Trust Services, CN=WR1",
    "name_value": "www.lecospa.ntu.edu.tw",
    "id": 21642291576,
    "entry_timestamp": "2025-10-11T09:36:15.224",
    "not_before": "2025-10-11T08:36:14",
    "not_after": "2026-01-09T09:34:59",
    "serial_number": "0094cb37004d385d68119b50f4d99f6e07",
    "result_count": 1
  },
  {
    "issuer_ca_id": 295816,
    "issuer_name": "C=US, O=Let's Encrypt, CN=R12",
    "name_value": "tidc.phys.ntu.edu.tw",
    "id": 21638054218,
    "entry_timestamp": "2025-10-11T05:11:10.714",
    "not_before": "2025-10-11T04:12:40",
    "not_after": "2026-01-09T04:12:39",
    "serial_number": "05034040d8ddb905f3cdc23859ce74915b04",
    "result_count": 1
  },
  {
    "issuer_ca_id": 295816,
    "issuer_name": "C=US, O=Let's Encrypt, CN=R12",
    "name_value": "tidc.phys.ntu.edu.tw",
    "id": 21638036585,
    "entry_timestamp": "2025-10-11T05:11:10.402",
    "not_before": "2025-10-11T04:12:40",
    "not_after": "2026-01-09T04:12:39",
    "serial_number": "05034040d8ddb905f3cdc23859ce74915b04",
    "result_count": 1
  },
  {
    "issuer_ca_id": 286244,
    "issuer_name": "C=US, O=Google Trust Services, CN=WR3",
    "name_value": "www.easse2025.ntu.edu.tw",
    "id": 21633559554,
    "entry_timestamp": "2025-10-11T00:07:18.623",
    "not_before": "2025-10-10T23:07:18",
    "not_after": "2026-01-08T23:59:10",
    "serial_number": "00b7fadbbbd837411e098fac9025b5946b",
    "result_count": 1
  },
  {
    "issuer_ca_id": 295816,
    "issuer_name": "C=US, O=Let's Encrypt, CN=R12",
    "name_value": "temiac.ee.ntu.edu.tw",
    "id": 21633388534,
    "entry_timestamp": "2025-10-10T23:54:49.183",
    "not_before": "2025-10-10T22:56:18",
    "not_after": "2026-01-08T22:56:17",
    "serial_number": "0666d55aa3adfac04ae89e540159cafaeaa8",
    "result_count": 1
  },
  {
    "issuer_ca_id": 295816,
    "issuer_name": "C=US, O=Let's Encrypt, CN=R12",
    "name_value": "temiac.ee.ntu.edu.tw",
    "id": 21633384087,
    "entry_timestamp": "2025-10-10T23:54:49.031",
    "not_before": "2025-10-10T22:56:18",
    "not_after": "2026-01-08T22:56:17",
    "serial_number": "0666d55aa3adfac04ae89e540159cafaeaa8",
    "result_count": 1
  },
  {
    "issuer_ca_id": 295813,
    "issuer_name": "C=US, O=Let's Encrypt, CN=E7",
    "name_value": "gice.ntu.edu.tw",
    "id": 21633329622,
    "entry_timestamp": "2025-10-10T23:49:03.894",
    "not_before": "2025-10-10T22:50:33",
    "not_after": "2026-01-08T22:50:32",
    "serial_number": "06633821e1cc1e7c0149b2e8e0dcd8c863c7",
    "result_count": 1
  },
  {
    "issuer_ca_id": 295813,
    "issuer_name": "C=US, O=Let's Encrypt, CN=E7",
    "name_value": "gice.ntu.edu.tw",
    "id": 21633326608,
    "entry_timestamp": "2025-10-10T23:49:03.811",
    "not_before": "2025-10-10T22:50:33",
    "not_after": "2026-01-08T22:50:32",
    "serial_number": "06633821e1cc1e7c0149b2e8e0dcd8c863c7",
    "result_count": 1
  },
  {
    "issuer_ca_id": 158800,
    "issuer_name": "C=AT, O=ZeroSSL, CN=ZeroSSL RSA Domain Secure Site CA",
    "name_value": "mtsun.mc.ntu.edu.tw",
    "id": 21632134823,
    "entry_timestamp": "2025-10-10T22:13:35.858",
    "not_before": "2025-10-10T00:00:00",
    "not_after": "2026-01-08T23:59:59",
    "serial_number": "00d6031b80add5d11a63459e042c0df264",
    "result_count": 1
  },
  {
    "issuer_ca_id": 158800,
    "issuer_name": "C=AT, O=ZeroSSL, CN=ZeroSSL RSA Domain Secure Site CA",
    "name_value": "mtsun.mc.ntu.edu.tw",
    "id": 21632144355,
    "entry_timestamp": "2025-10-10T22:13:35.108",
    "not_before": "2025-10-10T00:00:00",
    "not_after": "2026-01-08T23:59:59",
    "serial_number": "00d6031b80add5d11a63459e042c0df264",
    "result_count": 1
  },
  {
    "issuer_ca_id": 295809,
    "issuer_name": "C=US, O=Let's Encrypt, CN=E8",
    "name_value": "timcom.oc.ntu.edu.tw",
    "id": 21631697019,
    "entry_timestamp": "2025-10-10T21:39:07.313",
    "not_before": "2025-10-10T20:40:37",
    "not_after": "2026-01-08T20:40:36",
    "serial_number": "06aceb6078c8e8ce8748320b294ff6a05e4e",
    "result_count": 1
  },
  {
    "issuer_ca_id": 295809,
    "issuer_name": "C=US, O=Let's Encrypt, CN=E8",
    "name_value": "timcom.oc.ntu.edu.tw",
    "id": 21631702287,
    "entry_timestamp": "2025-10-10T21:39:07.224",
    "not_before": "2025-10-10T20:40:37",
    "not_after": "2026-01-08T20:40:36",
    "serial_number": "06aceb6078c8e8ce8748320b294ff6a05e4e",
    "result_count": 1
  },
  {
    "issuer_ca_id": 295813,
    "issuer_name": "C=US, O=Let's Encrypt, CN=E7",
    "name_value": "ntu-ku-uhh.cph.ntu.edu.tw",
    "id": 21631461519,
    "entry_timestamp": "2025-10-10T21:20:46.365",
    "not_before": "2025-10-10T20:22:15",
    "not_after": "2026-01-08T20:22:14",
    "serial_number": "05a4c4c40a221ac1fee27fe6ce7d9b508cde",
    "result_count": 1
  },
  {
    "issuer_ca_id": 295813,
    "issuer_name": "C=US, O=Let's Encrypt, CN=E7",
    "name_value": "ntu-ku-uhh.cph.ntu.edu.tw",
    "id": 21631458629,
    "entry_timestamp": "2025-10-10T21:20:46.117",
    "not_before": "2025-10-10T20:22:15",
    "not_after": "2026-01-08T20:22:14",
    "serial_number": "05a4c4c40a221ac1fee27fe6ce7d9b508cde",
    "result_count": 1
  },
  {
    "issuer_ca_id": 295817,
    "issuer_name": "C=US, O=Let's Encrypt, CN=R13",
    "name_value": "ntu-ku-uhh.cph.ntu.edu.tw",
    "id": 21631475381,
    "entry_timestamp": "2025-10-10T21:20:42.647",
    "not_before": "2025-10-10T20:22:12",
    "not_after": "2026-01-08T20:22:11",
    "serial_number": "06b3a882a233d4117c31b99914cf96201f2f",
    "result_count": 1
  },
  {
    "issuer_ca_id": 295817,
    "issuer_name": "C=US, O=Let's Encrypt, CN=R13",
    "name_value": "ntu-ku-uhh.cph.ntu.edu.tw",
    "id": 21631476436,
    "entry_timestamp": "2025-10-10T21:20:42.531",
    "not_before": "2025-10-10T20:22:12",
    "not_after": "2026-01-08T20:22:11",
    "serial_number": "06b3a882a233d4117c31b99914cf96201f2f",
    "result_count": 1
  },
  {
    "issuer_ca_id": 295816,
    "issuer_name": "C=US, O=Let's Encrypt, CN=R12",
    "name_value": "jajiang.bime.ntu.edu.tw",
    "id": 21631268909,
    "entry_timestamp": "2025-10-10T21:05:15.998",
    "not_before": "2025-10-10T20:06:43",
    "not_after": "2026-01-08T20:06:42",
    "serial_number": "064c6d7b44ec834e94f1b32ed6801983d916",
    "result_count": 1
  },
  {
    "issuer_ca_id": 295816,
    "issuer_name": "C=US, O=Let's Encrypt, CN=R12",
    "name_value": "jajiang.bime.ntu.edu.tw",
    "id": 21631265165,
    "entry_timestamp": "2025-10-10T21:05:13.929",
    "not_before": "2025-10-10T20:06:43",
    "not_after": "2026-01-08T20:06:42",
    "serial_number": "064c6d7b44ec834e94f1b32ed6801983d916",
    "result_count": 1
  },
  {
    "issuer_ca_id": 295817,
    "issuer_name": "C=US, O=Let's Encrypt, CN=R13",
    "name_value": "chem2019.ch.ntu.edu.tw",
    "id": 21629044238,
    "entry_timestamp": "2025-10-10T18:14:49.493",
    "not_before": "2025-10-10T17:16:19",
    "not_after": "2026-01-08T17:16:18",
    "serial_number": "06859d63d5fe78f52722ec875ecabab5b40f",
    "result_count": 1
  },
  {
    "issuer_ca_id": 295817,
    "issuer_name": "C=US, O=Let's Encrypt, CN=R13",
    "name_value": "chem2019.ch.ntu.edu.tw",
    "id": 21629044771,
    "entry_timestamp": "2025-10-10T18:14:49.276",
    "not_before": "2025-10-10T17:16:19",
    "not_after": "2026-01-08T17:16:18",
    "serial_number": "06859d63d5fe78f52722ec875ecabab5b40f",
    "result_count": 1
  },
  {
    "issuer_ca_id": 295813,
    "issuer_name": "C=US, O=Let's Encrypt, CN=E7",
    "name_value": "www.bse.ntu.edu.tw",
    "id": 21626710900,
    "entry_timestamp": "2025-10-10T15:49:22.443",
    "not_before": "2025-10-10T14:50:51",
    "not_after": "2026-01-08T14:50:50",
    "serial_number": "05b5220dfcaaedad4a5e73f1eeef563bd0f2",
    "result_count": 1
  },
  {
    "issuer_ca_id": 295813,
    "issuer_name": "C=US, O=Let's Encrypt, CN=E7",
    "name_value": "www.bse.ntu.edu.tw",
    "id": 21626705808,
    "entry_timestamp": "2025-10-10T15:49:22.117",
    "not_before": "2025-10-10T14:50:51",
    "not_after": "2026-01-08T14:50:50",
    "serial_number": "05b5220dfcaaedad4a5e73f1eeef563bd0f2",
    "result_count": 1
  },
  {
    "issuer_ca_id": 295809,
    "issuer_name": "C=US, O=Let's Encrypt, CN=E8",
    "name_value": "ml.ee.ntu.edu.tw",
    "id": 21624018077,
    "entry_timestamp": "2025-10-10T13:12:38.338",
    "not_before": "2025-10-10T12:14:08",
    "not_after": "2026-01-08T12:14:07",
    "serial_number": "068769a86f9bb68d2ba36a26e481092ce4f5",
    "result_count": 1
  },
  {
    "issuer_ca_id": 295809,
    "issuer_name": "C=US, O=Let's Encrypt, CN=E8",
    "name_value": "ml.ee.ntu.edu.tw",
    "id": 21624016656,
    "entry_timestamp": "2025-10-10T13:12:38.258",
    "not_before": "2025-10-10T12:14:08",
    "not_after": "2026-01-08T12:14:07",
    "serial_number": "068769a86f9bb68d2ba36a26e481092ce4f5",
    "result_count": 1
  },
  {
    "issuer_ca_id": 295813,
    "issuer_name": "C=US, O=Let's Encrypt, CN=E7",
    "name_value": "qt.ntu.edu.tw",
    "id": 21621794586,
    "entry_timestamp": "2025-10-10T10:52:04.509",
    "not_before": "2025-10-10T09:53:33",
    "not_after": "2026-01-08T09:53:32",
    "serial_number": "05912f574365a81ae68686708fdfdc420d49",
    "result_count": 1
  },
  {
    "issuer_ca_id": 295813,
    "issuer_name": "C=US, O=Let's Encrypt, CN=E7",
    "name_value": "qt.ntu.edu.tw",
    "id": 21621789458,
    "entry_timestamp": "2025-10-10T10:52:04.075",
    "not_before": "2025-10-10T09:53:33",
    "not_after": "2026-01-08T09:53:32",
    "serial_number": "05912f574365a81ae68686708fdfdc420d49",
    "result_count": 1
  },
  {
    "issuer_ca_id": 295817,
    "issuer_name": "C=US, O=Let's Encrypt, CN=R13",
    "name_value": "odbwms.oc.ntu.edu.tw",
    "id": 21619656749,
    "entry_timestamp": "2025-10-10T08:54:06.813",
    "not_before": "2025-10-10T07:55:36",
    "not_after": "2026-01-08T07:55:35",
    "serial_number": "056c716920e8ac2e21426d4ea8188339d6c3",
    "result_count": 1
  },
  {
    "issuer_ca_id": 295817,
    "issuer_name": "C=US, O=Let's Encrypt, CN=R13",
    "name_value": "odbwms.oc.ntu.edu.tw",
    "id": 21619647196,
    "entry_timestamp": "2025-10-10T08:54:06.609",
    "not_before": "2025-10-10T07:55:36",
    "not_after": "2026-01-08T07:55:35",
    "serial_number": "056c716920e8ac2e21426d4ea8188339d6c3",
    "result_count": 1
  },
  {
    "issuer_ca_id": 295813,
    "issuer_name": "C=US, O=Let's Encrypt, CN=E7",
    "name_value": "edinburgh.math.ntu.edu.tw",
    "id": 21615287036,
    "entry_timestamp": "2025-10-10T04:55:05.863",
    "not_before": "2025-10-10T03:56:35",
    "not_after": "2026-01-08T03:56:34",
    "serial_number": "06a646aaeb39905a45a9f31ddbc8eadec065",
    "result_count": 1
  },
  {
    "issuer_ca_id": 295813,
    "issuer_name": "C=US, O=Let's Encrypt, CN=E7",
    "name_value": "edinburgh.math.ntu.edu.tw",
    "id": 21615281666,
    "entry_timestamp": "2025-10-10T04:55:05.738",
    "not_before": "2025-10-10T03:56:35",
    "not_after": "2026-01-08T03:56:34",
    "serial_number": "06a646aaeb39905a45a9f31ddbc8eadec065",
    "result_count": 1
  },
  {
    "issuer_ca_id": 286244,
    "issuer_name": "C=US, O=Google Trust Services, CN=WR3",
    "name_value": "en.dadh2025.digital.ntu.edu.tw",
    "id": 21610934418,
    "entry_timestamp": "2025-10-10T00:24:34.034",
    "not_before": "2025-10-09T23:24:33",
    "not_after": "2026-01-08T00:13:44",
    "serial_number": "00aad587b7c0b466d90a3d02bfb2bd6879",
    "result_count": 1
  },
  {
    "issuer_ca_id": 295809,
    "issuer_name": "C=US, O=Let's Encrypt, CN=E8",
    "name_value": "mansoon.as.ntu.edu.tw",
    "id": 21610186324,
    "entry_timestamp": "2025-10-09T23:31:22.561",
    "not_before": "2025-10-09T22:32:52",
    "not_after": "2026-01-07T22:32:51",
    "serial_number": "0552f893ce82722d7ffd4a9b4c008e3451a9",
    "result_count": 1
  },
  {
    "issuer_ca_id": 295809,
    "issuer_name": "C=US, O=Let's Encrypt, CN=E8",
    "name_value": "mansoon.as.ntu.edu.tw",
    "id": 21610179181,
    "entry_timestamp": "2025-10-09T23:31:22.316",
    "not_before": "2025-10-09T22:32:52",
    "not_after": "2026-01-07T22:32:51",
    "serial_number": "0552f893ce82722d7ffd4a9b4c008e3451a9",
    "result_count": 1
  },
  {
    "issuer_ca_id": 295816,
    "issuer_name": "C=US, O=Let's Encrypt, CN=R12",
    "name_value": "teilab.ee.ntu.edu.tw",
    "id": 21610408628,
    "entry_timestamp": "2025-10-09T22:52:30.842",
    "not_before": "2025-10-09T21:53:59",
    "not_after": "2026-01-07T21:53:58",
    "serial_number": "06055179c64b5f7daeef79facb6580e670de",
    "result_count": 1
  },
  {
    "issuer_ca_id": 295816,
    "issuer_name": "C=US, O=Let's Encrypt, CN=R12",
    "name_value": "teilab.ee.ntu.edu.tw",
    "id": 21611109113,
    "entry_timestamp": "2025-10-09T22:52:29.881",
    "not_before": "2025-10-09T21:53:59",
    "not_after": "2026-01-07T21:53:58",
    "serial_number": "06055179c64b5f7daeef79facb6580e670de",
    "result_count": 1
  },
  {
    "issuer_ca_id": 295816,
    "issuer_name": "C=US, O=Let's Encrypt, CN=R12",
    "name_value": "www.ntuiic.ntu.edu.tw",
    "id": 21603901036,
    "entry_timestamp": "2025-10-09T16:35:07.754",
    "not_before": "2025-10-09T15:36:36",
    "not_after": "2026-01-07T15:36:35",
    "serial_number": "0631ce5b1ee07377a1ac969c0695021c407b",
    "result_count": 1
  },
  {
    "issuer_ca_id": 295816,
    "issuer_name": "C=US, O=Let's Encrypt, CN=R12",
    "name_value": "www.ntuiic.ntu.edu.tw",
    "id": 21603881448,
    "entry_timestamp": "2025-10-09T16:35:06.862",
    "not_before": "2025-10-09T15:36:36",
    "not_after": "2026-01-07T15:36:35",
    "serial_number": "0631ce5b1ee07377a1ac969c0695021c407b",
    "result_count": 1
  },
  {
    "issuer_ca_id": 295817,
    "issuer_name": "C=US, O=Let's Encrypt, CN=R13",
    "name_value": "ai.ntu.edu.tw",
    "id": 21592859508,
    "entry_timestamp": "2025-10-09T07:22:59.281",
    "not_before": "2025-10-09T06:24:29",
    "not_after": "2026-01-07T06:24:28",
    "serial_number": "06dcc9dc1e7274579f4df41009a97252ea59",
    "result_count": 1
  },
  {
    "issuer_ca_id": 295817,
    "issuer_name": "C=US, O=Let's Encrypt, CN=R13",
    "name_value": "ai.ntu.edu.tw",
    "id": 21592853818,
    "entry_timestamp": "2025-10-09T07:22:59.164",
    "not_before": "2025-10-09T06:24:29",
    "not_after": "2026-01-07T06:24:28",
    "serial_number": "06dcc9dc1e7274579f4df41009a97252ea59",
    "result_count": 1
  },
  {
    "issuer_ca_id": 295817,
    "issuer_name": "C=US, O=Let's Encrypt, CN=R13",
    "name_value": "ttlin.bime.ntu.edu.tw",
    "id": 21592502207,
    "entry_timestamp": "2025-10-09T07:02:21.014",
    "not_before": "2025-10-09T06:03:50",
    "not_after": "2026-01-07T06:03:49",
    "serial_number": "05d20b0036ca5b6bf9a905c91a4c754dcc85",
    "result_count": 1
  },
  {
    "issuer_ca_id": 295817,
    "issuer_name": "C=US, O=Let's Encrypt, CN=R13",
    "name_value": "ttlin.bime.ntu.edu.tw",
    "id": 21592498229,
    "entry_timestamp": "2025-10-09T07:02:20.673",
    "not_before": "2025-10-09T06:03:50",
    "not_after": "2026-01-07T06:03:49",
    "serial_number": "05d20b0036ca5b6bf9a905c91a4c754dcc85",
    "result_count": 1
  },
  {
    "issuer_ca_id": 295809,
    "issuer_name": "C=US, O=Let's Encrypt, CN=E8",
    "name_value": "gice.ntu.edu.tw",
    "id": 21592346206,
    "entry_timestamp": "2025-10-09T06:53:33.778",
    "not_before": "2025-10-09T05:55:03",
    "not_after": "2026-01-07T05:55:02",
    "serial_number": "05b2e0b74d1e510d75381bd491fb2ba5f49a",
    "result_count": 1
  },
  {
    "issuer_ca_id": 295809,
    "issuer_name": "C=US, O=Let's Encrypt, CN=E8",
    "name_value": "gice.ntu.edu.tw",
    "id": 21592341230,
    "entry_timestamp": "2025-10-09T06:53:33.574",
    "not_before": "2025-10-09T05:55:03",
    "not_after": "2026-01-07T05:55:02",
    "serial_number": "05b2e0b74d1e510d75381bd491fb2ba5f49a",
    "result_count": 1
  },
  {
    "issuer_ca_id": 295809,
    "issuer_name": "C=US, O=Let's Encrypt, CN=E8",
    "name_value": "www.hort.ntu.edu.tw",
    "id": 21588404120,
    "entry_timestamp": "2025-10-09T03:30:38.668",
    "not_before": "2025-10-09T02:32:08",
    "not_after": "2026-01-07T02:32:07",
    "serial_number": "06285625563d3a5e12f871e111f9eddb676b",
    "result_count": 1
  },
  {
    "issuer_ca_id": 295809,
    "issuer_name": "C=US, O=Let's Encrypt, CN=E8",
    "name_value": "www.hort.ntu.edu.tw",
    "id": 21588397864,
    "entry_timestamp": "2025-10-09T03:30:38.55",
    "not_before": "2025-10-09T02:32:08",
    "not_after": "2026-01-07T02:32:07",
    "serial_number": "06285625563d3a5e12f871e111f9eddb676b",
    "result_count": 1
  },
  {
    "issuer_ca_id": 295816,
    "issuer_name": "C=US, O=Let's Encrypt, CN=R12",
    "name_value": "awardquery.ga.ntu.edu.tw",
    "id": 21588508228,
    "entry_timestamp": "2025-10-09T02:51:15.906",
    "not_before": "2025-10-09T01:52:45",
    "not_after": "2026-01-07T01:52:44",
    "serial_number": "05ae9d38bc61492f5a4bedd70549dc0ce610",
    "result_count": 1
  },
  {
    "issuer_ca_id": 295816,
    "issuer_name": "C=US, O=Let's Encrypt, CN=R12",
    "name_value": "awardquery.ga.ntu.edu.tw",
    "id": 21589528765,
    "entry_timestamp": "2025-10-09T02:51:15.494",
    "not_before": "2025-10-09T01:52:45",
    "not_after": "2026-01-07T01:52:44",
    "serial_number": "05ae9d38bc61492f5a4bedd70549dc0ce610",
    "result_count": 1
  },
  {
    "issuer_ca_id": 295809,
    "issuer_name": "C=US, O=Let's Encrypt, CN=E8",
    "name_value": "files-1.testing.dlc.ntu.edu.tw",
    "id": 21583041411,
    "entry_timestamp": "2025-10-08T22:27:39.396",
    "not_before": "2025-10-08T21:29:09",
    "not_after": "2026-01-06T21:29:08",
    "serial_number": "0675108b6f3f54b90126754a3956a74b2ee6",
    "result_count": 1
  },
  {
    "issuer_ca_id": 295809,
    "issuer_name": "C=US, O=Let's Encrypt, CN=E8",
    "name_value": "files-1.testing.dlc.ntu.edu.tw",
    "id": 21583046228,
    "entry_timestamp": "2025-10-08T22:27:39.289",
    "not_before": "2025-10-08T21:29:09",
    "not_after": "2026-01-06T21:29:08",
    "serial_number": "0675108b6f3f54b90126754a3956a74b2ee6",
    "result_count": 1
  },
  {
    "issuer_ca_id": 295817,
    "issuer_name": "C=US, O=Let's Encrypt, CN=R13",
    "name_value": "isss.ntu.edu.tw",
    "id": 21582850308,
    "entry_timestamp": "2025-10-08T22:16:34.304",
    "not_before": "2025-10-08T21:18:01",
    "not_after": "2026-01-06T21:18:00",
    "serial_number": "057a1577f6e9521668c8f2bc19141c9bb22b",
    "result_count": 1
  },
  {
    "issuer_ca_id": 295817,
    "issuer_name": "C=US, O=Let's Encrypt, CN=R13",
    "name_value": "isss.ntu.edu.tw",
    "id": 21582846937,
    "entry_timestamp": "2025-10-08T22:16:32.06",
    "not_before": "2025-10-08T21:18:01",
    "not_after": "2026-01-06T21:18:00",
    "serial_number": "057a1577f6e9521668c8f2bc19141c9bb22b",
    "result_count": 1
  },
  {
    "issuer_ca_id": 295817,
    "issuer_name": "C=US, O=Let's Encrypt, CN=R13",
    "name_value": "files-2.testing.dlc.ntu.edu.tw",
    "id": 21577048697,
    "entry_timestamp": "2025-10-08T16:00:23.691",
    "not_before": "2025-10-08T15:01:50",
    "not_after": "2026-01-06T15:01:49",
    "serial_number": "0545e6905db0e4d987dcba4036c895fc4fbc",
    "result_count": 1
  },
  {
    "issuer_ca_id": 295817,
    "issuer_name": "C=US, O=Let's Encrypt, CN=R13",
    "name_value": "files-2.testing.dlc.ntu.edu.tw",
    "id": 21576557604,
    "entry_timestamp": "2025-10-08T16:00:20.8",
    "not_before": "2025-10-08T15:01:50",
    "not_after": "2026-01-06T15:01:49",
    "serial_number": "0545e6905db0e4d987dcba4036c895fc4fbc",
    "result_count": 1
  },
  {
    "issuer_ca_id": 295816,
    "issuer_name": "C=US, O=Let's Encrypt, CN=R12",
    "name_value": "lecospa.ntu.edu.tw",
    "id": 21575956111,
    "entry_timestamp": "2025-10-08T15:29:48.695",
    "not_before": "2025-10-08T14:31:18",
    "not_after": "2026-01-06T14:31:17",
    "serial_number": "0670c68d2a2295db3237a6730dcc838c6cf0",
    "result_count": 1
  },
  {
    "issuer_ca_id": 295816,
    "issuer_name": "C=US, O=Let's Encrypt, CN=R12",
    "name_value": "lecospa.ntu.edu.tw",
    "id": 21575946344,
    "entry_timestamp": "2025-10-08T15:29:48.579",
    "not_before": "2025-10-08T14:31:18",
    "not_after": "2026-01-06T14:31:17",
    "serial_number": "0670c68d2a2295db3237a6730dcc838c6cf0",
    "result_count": 1
  },
  {
    "issuer_ca_id": 295817,
    "issuer_name": "C=US, O=Let's Encrypt, CN=R13",
    "name_value": "linguistics.ntu.edu.tw",
    "id": 21574975139,
    "entry_timestamp": "2025-10-08T13:53:34.82",
    "not_before": "2025-10-08T12:55:04",
    "not_after": "2026-01-06T12:55:03",
    "serial_number": "0609a31ac4b275d9509b2e44b39301035b07",
    "result_count": 1
  },
  {
    "issuer_ca_id": 295817,
    "issuer_name": "C=US, O=Let's Encrypt, CN=R13",
    "name_value": "linguistics.ntu.edu.tw",
    "id": 21573999484,
    "entry_timestamp": "2025-10-08T13:53:34.721",
    "not_before": "2025-10-08T12:55:04",
    "not_after": "2026-01-06T12:55:03",
    "serial_number": "0609a31ac4b275d9509b2e44b39301035b07",
    "result_count": 1
  },
  {
    "issuer_ca_id": 286244,
    "issuer_name": "C=US, O=Google Trust Services, CN=WR3",
    "name_value": "socialengineering.cc.ntu.edu.tw",
    "id": 21571432343,
    "entry_timestamp": "2025-10-08T11:43:31.257",
    "not_before": "2025-10-08T10:43:30",
    "not_after": "2026-01-06T11:30:20",
    "serial_number": "4ca7fd80264dc34710fe1cf6148b7cca",
    "result_count": 1
  },
  {
    "issuer_ca_id": 295817,
    "issuer_name": "C=US, O=Let's Encrypt, CN=R13",
    "name_value": "hornethotspot.entomol.ntu.edu.tw",
    "id": 21585734036,
    "entry_timestamp": "2025-10-08T03:56:07.475",
    "not_before": "2025-10-08T02:57:37",
    "not_after": "2026-01-06T02:57:36",
    "serial_number": "06a6f966eaf98bf70408dbc9e1a3477a995a",
    "result_count": 1
  },
  {
    "issuer_ca_id": 295817,
    "issuer_name": "C=US, O=Let's Encrypt, CN=R13",
    "name_value": "hornethotspot.entomol.ntu.edu.tw",
    "id": 21562292157,
    "entry_timestamp": "2025-10-08T03:56:07.281",
    "not_before": "2025-10-08T02:57:37",
    "not_after": "2026-01-06T02:57:36",
    "serial_number": "06a6f966eaf98bf70408dbc9e1a3477a995a",
    "result_count": 1
  },
  {
    "issuer_ca_id": 295813,
    "issuer_name": "C=US, O=Let's Encrypt, CN=E7",
    "name_value": "pve.imta.im.ntu.edu.tw",
    "id": 21550962095,
    "entry_timestamp": "2025-10-07T16:09:34.174",
    "not_before": "2025-10-07T15:10:59",
    "not_after": "2026-01-05T15:10:58",
    "serial_number": "05b36d3747acbb60742f0fba677493981837",
    "result_count": 1
  },
  {
    "issuer_ca_id": 295813,
    "issuer_name": "C=US, O=Let's Encrypt, CN=E7",
    "name_value": "pve.imta.im.ntu.edu.tw",
    "id": 21550944925,
    "entry_timestamp": "2025-10-07T16:09:29.923",
    "not_before": "2025-10-07T15:10:59",
    "not_after": "2026-01-05T15:10:58",
    "serial_number": "05b36d3747acbb60742f0fba677493981837",
    "result_count": 1
  },
  {
    "issuer_ca_id": 295813,
    "issuer_name": "C=US, O=Let's Encrypt, CN=E7",
    "name_value": "www.fo.ntu.edu.tw",
    "id": 21551452696,
    "entry_timestamp": "2025-10-07T15:34:35.567",
    "not_before": "2025-10-07T14:36:05",
    "not_after": "2026-01-05T14:36:04",
    "serial_number": "063def7738fc42557aca9513f7d5c79c0d41",
    "result_count": 1
  },
  {
    "issuer_ca_id": 295813,
    "issuer_name": "C=US, O=Let's Encrypt, CN=E7",
    "name_value": "www.fo.ntu.edu.tw",
    "id": 21550292111,
    "entry_timestamp": "2025-10-07T15:34:35.449",
    "not_before": "2025-10-07T14:36:05",
    "not_after": "2026-01-05T14:36:04",
    "serial_number": "063def7738fc42557aca9513f7d5c79c0d41",
    "result_count": 1
  },
  {
    "issuer_ca_id": 279003,
    "issuer_name": "C=TW, O=TAIWAN-CA, CN=TWCA Secure SSL Certification Authority",
    "name_value": "*.csie.ntu.edu.tw",
    "id": 21544501999,
    "entry_timestamp": "2025-10-07T10:20:42.028",
    "not_before": "2025-10-07T10:20:40",
    "not_after": "2026-11-03T15:59:59",
    "serial_number": "47e900000008898a22b8aff71be29ae5",
    "result_count": 1
  },
  {
    "issuer_ca_id": 279003,
    "issuer_name": "C=TW, O=TAIWAN-CA, CN=TWCA Secure SSL Certification Authority",
    "name_value": "*.csie.ntu.edu.tw",
    "id": 21544501728,
    "entry_timestamp": "2025-10-07T10:20:41.071",
    "not_before": "2025-10-07T10:20:40",
    "not_after": "2026-11-03T15:59:59",
    "serial_number": "47e900000008898a22b8aff71be29ae5",
    "result_count": 1
  },
  {
    "issuer_ca_id": 295816,
    "issuer_name": "C=US, O=Let's Encrypt, CN=R12",
    "name_value": "vh.ntu.edu.tw",
    "id": 21567921858,
    "entry_timestamp": "2025-10-07T06:05:09.763",
    "not_before": "2025-10-07T05:06:39",
    "not_after": "2026-01-05T05:06:38",
    "serial_number": "05b82f6fdcb050e218a1b84367f447b78aad",
    "result_count": 1
  },
  {
    "issuer_ca_id": 295816,
    "issuer_name": "C=US, O=Let's Encrypt, CN=R12",
    "name_value": "vh.ntu.edu.tw",
    "id": 21539773474,
    "entry_timestamp": "2025-10-07T06:05:09.412",
    "not_before": "2025-10-07T05:06:39",
    "not_after": "2026-01-05T05:06:38",
    "serial_number": "05b82f6fdcb050e218a1b84367f447b78aad",
    "result_count": 1
  },
  {
    "issuer_ca_id": 295816,
    "issuer_name": "C=US, O=Let's Encrypt, CN=R12",
    "name_value": "vote.med.ntu.edu.tw",
    "id": 21539070597,
    "entry_timestamp": "2025-10-07T04:23:10.419",
    "not_before": "2025-10-07T03:24:40",
    "not_after": "2026-01-05T03:24:39",
    "serial_number": "06a8d6aeeb2c7e5ff78da2b6cb91c4871844",
    "result_count": 1
  },
  {
    "issuer_ca_id": 295816,
    "issuer_name": "C=US, O=Let's Encrypt, CN=R12",
    "name_value": "vote.med.ntu.edu.tw",
    "id": 21537715378,
    "entry_timestamp": "2025-10-07T04:23:10.329",
    "not_before": "2025-10-07T03:24:40",
    "not_after": "2026-01-05T03:24:39",
    "serial_number": "06a8d6aeeb2c7e5ff78da2b6cb91c4871844",
    "result_count": 1
  },
  {
    "issuer_ca_id": 295817,
    "issuer_name": "C=US, O=Let's Encrypt, CN=R13",
    "name_value": "sev.med.ntu.edu.tw",
    "id": 21537735651,
    "entry_timestamp": "2025-10-07T04:22:51.396",
    "not_before": "2025-10-07T03:24:21",
    "not_after": "2026-01-05T03:24:20",
    "serial_number": "068b37acdb0f69b0b9493e75dd85c15568cb",
    "result_count": 1
  },
  {
    "issuer_ca_id": 295817,
    "issuer_name": "C=US, O=Let's Encrypt, CN=R13",
    "name_value": "sev.med.ntu.edu.tw",
    "id": 21537704451,
    "entry_timestamp": "2025-10-07T04:22:51.286",
    "not_before": "2025-10-07T03:24:21",
    "not_after": "2026-01-05T03:24:20",
    "serial_number": "068b37acdb0f69b0b9493e75dd85c15568cb",
    "result_count": 1
  },
  {
    "issuer_ca_id": 286244,
    "issuer_name": "C=US, O=Google Trust Services, CN=WR3",
    "name_value": "smartmhi.ntu.edu.tw",
    "id": 21534904679,
    "entry_timestamp": "2025-10-07T01:34:38.235",
    "not_before": "2025-10-07T00:34:37",
    "not_after": "2026-01-05T01:23:28",
    "serial_number": "00df4ee115325615c0128b7b080b999fa4",
    "result_count": 1
  },
  {
    "issuer_ca_id": 286242,
    "issuer_name": "C=US, O=Google Trust Services, CN=WR1",
    "name_value": "iaa.tpidc.ntu.edu.tw",
    "id": 21530616429,
    "entry_timestamp": "2025-10-06T21:54:57.491",
    "not_before": "2025-10-05T19:29:52",
    "not_after": "2026-01-03T19:29:51",
    "serial_number": "5e9f7d29ed7757410e966cc6f6594c92",
    "result_count": 1
  },
  {
    "issuer_ca_id": 295809,
    "issuer_name": "C=US, O=Let's Encrypt, CN=E8",
    "name_value": "pve.imta.im.ntu.edu.tw",
    "id": 21553274578,
    "entry_timestamp": "2025-10-06T20:15:57.791",
    "not_before": "2025-10-06T19:17:27",
    "not_after": "2026-01-04T19:17:26",
    "serial_number": "05dd0d8a1863d9399e57f2c4e3e65deb533e",
    "result_count": 1
  },
  {
    "issuer_ca_id": 295809,
    "issuer_name": "C=US, O=Let's Encrypt, CN=E8",
    "name_value": "pve.imta.im.ntu.edu.tw",
    "id": 21540392990,
    "entry_timestamp": "2025-10-06T20:15:57.439",
    "not_before": "2025-10-06T19:17:27",
    "not_after": "2026-01-04T19:17:26",
    "serial_number": "05dd0d8a1863d9399e57f2c4e3e65deb533e",
    "result_count": 1
  },
  {
    "issuer_ca_id": 295813,
    "issuer_name": "C=US, O=Let's Encrypt, CN=E7",
    "name_value": "store.im.ntu.edu.tw",
    "id": 21554895139,
    "entry_timestamp": "2025-10-06T17:45:17.903",
    "not_before": "2025-10-06T16:46:47",
    "not_after": "2026-01-04T16:46:46",
    "serial_number": "0599b3a77edc505aa149ed8a889295faf316",
    "result_count": 1
  },
  {
    "issuer_ca_id": 295813,
    "issuer_name": "C=US, O=Let's Encrypt, CN=E7",
    "name_value": "store.im.ntu.edu.tw",
    "id": 21526351041,
    "entry_timestamp": "2025-10-06T17:45:17.573",
    "not_before": "2025-10-06T16:46:47",
    "not_after": "2026-01-04T16:46:46",
    "serial_number": "0599b3a77edc505aa149ed8a889295faf316",
    "result_count": 1
  },
  {
    "issuer_ca_id": 295817,
    "issuer_name": "C=US, O=Let's Encrypt, CN=R13",
    "name_value": "store.im.ntu.edu.tw",
    "id": 21554895018,
    "entry_timestamp": "2025-10-06T17:45:11.359",
    "not_before": "2025-10-06T16:46:38",
    "not_after": "2026-01-04T16:46:37",
    "serial_number": "057fd83a84d4003e24c1d50dbe535c162453",
    "result_count": 1
  },
  {
    "issuer_ca_id": 295817,
    "issuer_name": "C=US, O=Let's Encrypt, CN=R13",
    "name_value": "store.im.ntu.edu.tw",
    "id": 21526349219,
    "entry_timestamp": "2025-10-06T17:45:08.93",
    "not_before": "2025-10-06T16:46:38",
    "not_after": "2026-01-04T16:46:37",
    "serial_number": "057fd83a84d4003e24c1d50dbe535c162453",
    "result_count": 1
  },
  {
    "issuer_ca_id": 295816,
    "issuer_name": "C=US, O=Let's Encrypt, CN=R12",
    "name_value": "www.geog.ntu.edu.tw",
    "id": 21524322092,
    "entry_timestamp": "2025-10-06T16:03:24.695",
    "not_before": "2025-10-06T15:04:54",
    "not_after": "2026-01-04T15:04:53",
    "serial_number": "060b7495fdf09680283d80d8cbbdf33f5ddf",
    "result_count": 1
  },
  {
    "issuer_ca_id": 295816,
    "issuer_name": "C=US, O=Let's Encrypt, CN=R12",
    "name_value": "www.geog.ntu.edu.tw",
    "id": 21524234306,
    "entry_timestamp": "2025-10-06T16:03:24.615",
    "not_before": "2025-10-06T15:04:54",
    "not_after": "2026-01-04T15:04:53",
    "serial_number": "060b7495fdf09680283d80d8cbbdf33f5ddf",
    "result_count": 1
  },
  {
    "issuer_ca_id": 295816,
    "issuer_name": "C=US, O=Let's Encrypt, CN=R12",
    "name_value": "phys.ncts.ntu.edu.tw",
    "id": 21549300343,
    "entry_timestamp": "2025-10-06T11:55:26.62",
    "not_before": "2025-10-06T10:56:56",
    "not_after": "2026-01-04T10:56:55",
    "serial_number": "0530aff2009bb66c843f0fa8f74c4f5b4656",
    "result_count": 1
  },
  {
    "issuer_ca_id": 295816,
    "issuer_name": "C=US, O=Let's Encrypt, CN=R12",
    "name_value": "phys.ncts.ntu.edu.tw",
    "id": 21519986502,
    "entry_timestamp": "2025-10-06T11:55:26.287",
    "not_before": "2025-10-06T10:56:56",
    "not_after": "2026-01-04T10:56:55",
    "serial_number": "0530aff2009bb66c843f0fa8f74c4f5b4656",
    "result_count": 1
  },
  {
    "issuer_ca_id": 295816,
    "issuer_name": "C=US, O=Let's Encrypt, CN=R12",
    "name_value": "mst.ntu.edu.tw",
    "id": 21545530947,
    "entry_timestamp": "2025-10-06T07:50:32.141",
    "not_before": "2025-10-06T06:52:01",
    "not_after": "2026-01-04T06:52:00",
    "serial_number": "06e73b01515427c039edd600b71e8d30b4ab",
    "result_count": 1
  },
  {
    "issuer_ca_id": 295816,
    "issuer_name": "C=US, O=Let's Encrypt, CN=R12",
    "name_value": "mst.ntu.edu.tw",
    "id": 21535692593,
    "entry_timestamp": "2025-10-06T07:50:31.937",
    "not_before": "2025-10-06T06:52:01",
    "not_after": "2026-01-04T06:52:00",
    "serial_number": "06e73b01515427c039edd600b71e8d30b4ab",
    "result_count": 1
  },
  {
    "issuer_ca_id": 295813,
    "issuer_name": "C=US, O=Let's Encrypt, CN=E7",
    "name_value": "www.fst.ntu.edu.tw",
    "id": 21545009891,
    "entry_timestamp": "2025-10-06T07:10:46.187",
    "not_before": "2025-10-06T06:12:15",
    "not_after": "2026-01-04T06:12:14",
    "serial_number": "051bb353c0a2b2567ad73dbca82c44e9aa84",
    "result_count": 1
  },
  {
    "issuer_ca_id": 295813,
    "issuer_name": "C=US, O=Let's Encrypt, CN=E7",
    "name_value": "www.fst.ntu.edu.tw",
    "id": 21515155926,
    "entry_timestamp": "2025-10-06T07:10:45.872",
    "not_before": "2025-10-06T06:12:15",
    "not_after": "2026-01-04T06:12:14",
    "serial_number": "051bb353c0a2b2567ad73dbca82c44e9aa84",
    "result_count": 1
  },
  {
    "issuer_ca_id": 295816,
    "issuer_name": "C=US, O=Let's Encrypt, CN=R12",
    "name_value": "karenchen.cph.ntu.edu.tw",
    "id": 21538877079,
    "entry_timestamp": "2025-10-06T02:02:55.705",
    "not_before": "2025-10-06T01:04:23",
    "not_after": "2026-01-04T01:04:22",
    "serial_number": "06cfc2e5ced57e54bea7d82e36f945312878",
    "result_count": 1
  },
  {
    "issuer_ca_id": 295816,
    "issuer_name": "C=US, O=Let's Encrypt, CN=R12",
    "name_value": "karenchen.cph.ntu.edu.tw",
    "id": 21533641239,
    "entry_timestamp": "2025-10-06T02:02:53.631",
    "not_before": "2025-10-06T01:04:23",
    "not_after": "2026-01-04T01:04:22",
    "serial_number": "06cfc2e5ced57e54bea7d82e36f945312878",
    "result_count": 1
  },
  {
    "issuer_ca_id": 295817,
    "issuer_name": "C=US, O=Let's Encrypt, CN=R13",
    "name_value": "ying.forex.ntu.edu.tw",
    "id": 21509974085,
    "entry_timestamp": "2025-10-06T01:53:35.41",
    "not_before": "2025-10-06T00:55:00",
    "not_after": "2026-01-04T00:54:59",
    "serial_number": "05a491177496b8d3911f25389e99b9c2e402",
    "result_count": 1
  },
  {
    "issuer_ca_id": 295817,
    "issuer_name": "C=US, O=Let's Encrypt, CN=R13",
    "name_value": "ying.forex.ntu.edu.tw",
    "id": 21509970227,
    "entry_timestamp": "2025-10-06T01:53:31.178",
    "not_before": "2025-10-06T00:55:00",
    "not_after": "2026-01-04T00:54:59",
    "serial_number": "05a491177496b8d3911f25389e99b9c2e402",
    "result_count": 1
  },
  {
    "issuer_ca_id": 295817,
    "issuer_name": "C=US, O=Let's Encrypt, CN=R13",
    "name_value": "www.aic.bioagri.ntu.edu.tw",
    "id": 21507423340,
    "entry_timestamp": "2025-10-05T20:36:11.027",
    "not_before": "2025-10-05T19:37:40",
    "not_after": "2026-01-03T19:37:39",
    "serial_number": "0589ec3f64b993a9bb381117ca5922fd3258",
    "result_count": 1
  },
  {
    "issuer_ca_id": 295817,
    "issuer_name": "C=US, O=Let's Encrypt, CN=R13",
    "name_value": "www.aic.bioagri.ntu.edu.tw",
    "id": 21507530971,
    "entry_timestamp": "2025-10-05T20:36:10.67",
    "not_before": "2025-10-05T19:37:40",
    "not_after": "2026-01-03T19:37:39",
    "serial_number": "0589ec3f64b993a9bb381117ca5922fd3258",
    "result_count": 1
  },
  {
    "issuer_ca_id": 286242,
    "issuer_name": "C=US, O=Google Trust Services, CN=WR1",
    "name_value": "iaa.tpidc.ntu.edu.tw",
    "id": 21504276732,
    "entry_timestamp": "2025-10-05T20:29:52.52",
    "not_before": "2025-10-05T19:29:52",
    "not_after": "2026-01-03T19:29:51",
    "serial_number": "5e9f7d29ed7757410e966cc6f6594c92",
    "result_count": 1
  },
  {
    "issuer_ca_id": 295809,
    "issuer_name": "C=US, O=Let's Encrypt, CN=E8",
    "name_value": "mx1.mail.testing.dlc.ntu.edu.tw",
    "id": 21524867764,
    "entry_timestamp": "2025-10-05T16:30:40.153",
    "not_before": "2025-10-05T15:32:08",
    "not_after": "2026-01-03T15:32:07",
    "serial_number": "06da51b2a69ffdb3b519e1b1b0871cb39319",
    "result_count": 1
  },
  {
    "issuer_ca_id": 295809,
    "issuer_name": "C=US, O=Let's Encrypt, CN=E8",
    "name_value": "mx1.mail.testing.dlc.ntu.edu.tw",
    "id": 21500245732,
    "entry_timestamp": "2025-10-05T16:30:38.048",
    "not_before": "2025-10-05T15:32:08",
    "not_after": "2026-01-03T15:32:07",
    "serial_number": "06da51b2a69ffdb3b519e1b1b0871cb39319",
    "result_count": 1
  },
  {
    "issuer_ca_id": 295813,
    "issuer_name": "C=US, O=Let's Encrypt, CN=E7",
    "name_value": "mx1.mail.testing.dlc.ntu.edu.tw",
    "id": 21500253617,
    "entry_timestamp": "2025-10-05T16:30:31.773",
    "not_before": "2025-10-05T15:31:55",
    "not_after": "2026-01-03T15:31:54",
    "serial_number": "06316cbf1e11cfa0c8cb6a47b9f1f92d2cb1",
    "result_count": 1
  },
  {
    "issuer_ca_id": 295813,
    "issuer_name": "C=US, O=Let's Encrypt, CN=E7",
    "name_value": "mx1.mail.testing.dlc.ntu.edu.tw",
    "id": 21500244146,
    "entry_timestamp": "2025-10-05T16:30:25.603",
    "not_before": "2025-10-05T15:31:55",
    "not_after": "2026-01-03T15:31:54",
    "serial_number": "06316cbf1e11cfa0c8cb6a47b9f1f92d2cb1",
    "result_count": 1
  },
  {
    "issuer_ca_id": 295816,
    "issuer_name": "C=US, O=Let's Encrypt, CN=R12",
    "name_value": "ecology.lifescience.ntu.edu.tw",
    "id": 21523277842,
    "entry_timestamp": "2025-10-05T15:03:21.1",
    "not_before": "2025-10-05T14:04:50",
    "not_after": "2026-01-03T14:04:49",
    "serial_number": "052a1c4fcc3d3c409078cf4f4b3562fbab59",
    "result_count": 1
  },
  {
    "issuer_ca_id": 295816,
    "issuer_name": "C=US, O=Let's Encrypt, CN=R12",
    "name_value": "ecology.lifescience.ntu.edu.tw",
    "id": 21524967306,
    "entry_timestamp": "2025-10-05T15:03:20.757",
    "not_before": "2025-10-05T14:04:50",
    "not_after": "2026-01-03T14:04:49",
    "serial_number": "052a1c4fcc3d3c409078cf4f4b3562fbab59",
    "result_count": 1
  },
  {
    "issuer_ca_id": 295809,
    "issuer_name": "C=US, O=Let's Encrypt, CN=E8",
    "name_value": "solab.me.ntu.edu.tw",
    "id": 21495695482,
    "entry_timestamp": "2025-10-05T12:06:57.027",
    "not_before": "2025-10-05T11:08:24",
    "not_after": "2026-01-03T11:08:23",
    "serial_number": "062c3297d0633f4cd5b01dee7d65b05e101c",
    "result_count": 1
  },
  {
    "issuer_ca_id": 295809,
    "issuer_name": "C=US, O=Let's Encrypt, CN=E8",
    "name_value": "solab.me.ntu.edu.tw",
    "id": 21495678476,
    "entry_timestamp": "2025-10-05T12:06:54.828",
    "not_before": "2025-10-05T11:08:24",
    "not_after": "2026-01-03T11:08:23",
    "serial_number": "062c3297d0633f4cd5b01dee7d65b05e101c",
    "result_count": 1
  },
  {
    "issuer_ca_id": 295816,
    "issuer_name": "C=US, O=Let's Encrypt, CN=R12",
    "name_value": "solab.me.ntu.edu.tw",
    "id": 21518074725,
    "entry_timestamp": "2025-10-05T12:06:49.888",
    "not_before": "2025-10-05T11:08:19",
    "not_after": "2026-01-03T11:08:18",
    "serial_number": "05d3138a512857a94199d5bb824443b9e34d",
    "result_count": 1
  },
  {
    "issuer_ca_id": 295816,
    "issuer_name": "C=US, O=Let's Encrypt, CN=R12",
    "name_value": "solab.me.ntu.edu.tw",
    "id": 21495683401,
    "entry_timestamp": "2025-10-05T12:06:49.578",
    "not_before": "2025-10-05T11:08:19",
    "not_after": "2026-01-03T11:08:18",
    "serial_number": "05d3138a512857a94199d5bb824443b9e34d",
    "result_count": 1
  },
  {
    "issuer_ca_id": 295817,
    "issuer_name": "C=US, O=Let's Encrypt, CN=R13",
    "name_value": "sec-ethics.nslab.csie.ntu.edu.tw",
    "id": 21489504253,
    "entry_timestamp": "2025-10-05T05:54:55.316",
    "not_before": "2025-10-05T04:56:21",
    "not_after": "2026-01-03T04:56:20",
    "serial_number": "06a00fc6a60ff5a2ef2f92677864f3cdd35f",
    "result_count": 1
  },
  {
    "issuer_ca_id": 295817,
    "issuer_name": "C=US, O=Let's Encrypt, CN=R13",
    "name_value": "sec-ethics.nslab.csie.ntu.edu.tw",
    "id": 21489490385,
    "entry_timestamp": "2025-10-05T05:54:51.146",
    "not_before": "2025-10-05T04:56:21",
    "not_after": "2026-01-03T04:56:20",
    "serial_number": "06a00fc6a60ff5a2ef2f92677864f3cdd35f",
    "result_count": 1
  },
  {
    "issuer_ca_id": 295813,
    "issuer_name": "C=US, O=Let's Encrypt, CN=E7",
    "name_value": "lcn2025.pailab.csie.ntu.edu.tw",
    "id": 21486858101,
    "entry_timestamp": "2025-10-05T03:14:56.286",
    "not_before": "2025-10-05T02:16:22",
    "not_after": "2026-01-03T02:16:21",
    "serial_number": "06099a38ffca36270cb39438d69dc466a65c",
    "result_count": 1
  },
  {
    "issuer_ca_id": 295813,
    "issuer_name": "C=US, O=Let's Encrypt, CN=E7",
    "name_value": "lcn2025.pailab.csie.ntu.edu.tw",
    "id": 21486758323,
    "entry_timestamp": "2025-10-05T03:14:52.074",
    "not_before": "2025-10-05T02:16:22",
    "not_after": "2026-01-03T02:16:21",
    "serial_number": "06099a38ffca36270cb39438d69dc466a65c",
    "result_count": 1
  },
  {
    "issuer_ca_id": 295816,
    "issuer_name": "C=US, O=Let's Encrypt, CN=R12",
    "name_value": "vllab.ee.ntu.edu.tw",
    "id": 21489196612,
    "entry_timestamp": "2025-10-05T03:02:57.688",
    "not_before": "2025-10-05T02:04:27",
    "not_after": "2026-01-03T02:04:26",
    "serial_number": "06ff56f50b83aef21a164a011716b1ed7f21",
    "result_count": 1
  },
  {
    "issuer_ca_id": 295816,
    "issuer_name": "C=US, O=Let's Encrypt, CN=R12",
    "name_value": "vllab.ee.ntu.edu.tw",
    "id": 21486539601,
    "entry_timestamp": "2025-10-05T03:02:57.59",
    "not_before": "2025-10-05T02:04:27",
    "not_after": "2026-01-03T02:04:26",
    "serial_number": "06ff56f50b83aef21a164a011716b1ed7f21",
    "result_count": 1
  },
  {
    "issuer_ca_id": 295813,
    "issuer_name": "C=US, O=Let's Encrypt, CN=E7",
    "name_value": "gitlab.pailab.csie.ntu.edu.tw",
    "id": 21484775345,
    "entry_timestamp": "2025-10-05T01:06:46.547",
    "not_before": "2025-10-05T00:08:14",
    "not_after": "2026-01-03T00:08:13",
    "serial_number": "05fbae81470f8363a971a16efb6e1de5dda3",
    "result_count": 1
  },
  {
    "issuer_ca_id": 295813,
    "issuer_name": "C=US, O=Let's Encrypt, CN=E7",
    "name_value": "gitlab.pailab.csie.ntu.edu.tw",
    "id": 21484372713,
    "entry_timestamp": "2025-10-05T01:06:44.361",
    "not_before": "2025-10-05T00:08:14",
    "not_after": "2026-01-03T00:08:13",
    "serial_number": "05fbae81470f8363a971a16efb6e1de5dda3",
    "result_count": 1
  },
  {
    "issuer_ca_id": 286236,
    "issuer_name": "C=US, O=Google Trust Services, CN=WE1",
    "name_value": "tadels.law.ntu.edu.tw",
    "id": 21482839139,
    "entry_timestamp": "2025-10-04T23:24:46.675",
    "not_before": "2025-10-04T10:27:34",
    "not_after": "2026-01-02T11:27:26",
    "serial_number": "7e56efb7c2dba96c0ebdbe15525b15a9",
    "result_count": 1
  },
  {
    "issuer_ca_id": 295817,
    "issuer_name": "C=US, O=Let's Encrypt, CN=R13",
    "name_value": "gsc.ce.ntu.edu.tw",
    "id": 21491112197,
    "entry_timestamp": "2025-10-04T15:41:52.505",
    "not_before": "2025-10-04T14:43:21",
    "not_after": "2026-01-02T14:43:20",
    "serial_number": "05a4ba82fd2529d933b293df87d999b4edde",
    "result_count": 1
  },
  {
    "issuer_ca_id": 295817,
    "issuer_name": "C=US, O=Let's Encrypt, CN=R13",
    "name_value": "gsc.ce.ntu.edu.tw",
    "id": 21473830506,
    "entry_timestamp": "2025-10-04T15:41:52.175",
    "not_before": "2025-10-04T14:43:21",
    "not_after": "2026-01-02T14:43:20",
    "serial_number": "05a4ba82fd2529d933b293df87d999b4edde",
    "result_count": 1
  },
  {
    "issuer_ca_id": 295809,
    "issuer_name": "C=US, O=Let's Encrypt, CN=E8",
    "name_value": "solo.ee.ntu.edu.tw",
    "id": 21472195789,
    "entry_timestamp": "2025-10-04T14:13:53.406",
    "not_before": "2025-10-04T13:15:23",
    "not_after": "2026-01-02T13:15:22",
    "serial_number": "064450abf3ec27c52f25473f26531e48688b",
    "result_count": 1
  },
  {
    "issuer_ca_id": 295809,
    "issuer_name": "C=US, O=Let's Encrypt, CN=E8",
    "name_value": "solo.ee.ntu.edu.tw",
    "id": 21472191915,
    "entry_timestamp": "2025-10-04T14:13:53.209",
    "not_before": "2025-10-04T13:15:23",
    "not_after": "2026-01-02T13:15:22",
    "serial_number": "064450abf3ec27c52f25473f26531e48688b",
    "result_count": 1
  },
  {
    "issuer_ca_id": 286236,
    "issuer_name": "C=US, O=Google Trust Services, CN=WE1",
    "name_value": "tadels.law.ntu.edu.tw",
    "id": 21468947287,
    "entry_timestamp": "2025-10-04T11:27:34.359",
    "not_before": "2025-10-04T10:27:34",
    "not_after": "2026-01-02T11:27:26",
    "serial_number": "7e56efb7c2dba96c0ebdbe15525b15a9",
    "result_count": 1
  },
  {
    "issuer_ca_id": 286242,
    "issuer_name": "C=US, O=Google Trust Services, CN=WR1",
    "name_value": "tadels.law.ntu.edu.tw",
    "id": 21468936770,
    "entry_timestamp": "2025-10-04T11:27:20.62",
    "not_before": "2025-10-04T10:27:20",
    "not_after": "2026-01-01T01:10:51",
    "serial_number": "22405462037ce781139d825910567fae",
    "result_count": 1
  },
  {
    "issuer_ca_id": 295813,
    "issuer_name": "C=US, O=Let's Encrypt, CN=E7",
    "name_value": "sbslab.linguistics.ntu.edu.tw",
    "id": 21465268472,
    "entry_timestamp": "2025-10-04T08:10:04.678",
    "not_before": "2025-10-04T07:11:34",
    "not_after": "2026-01-02T07:11:33",
    "serial_number": "0616456eb8dee7be1ad1d175673a660c7c7f",
    "result_count": 1
  },
  {
    "issuer_ca_id": 295813,
    "issuer_name": "C=US, O=Let's Encrypt, CN=E7",
    "name_value": "sbslab.linguistics.ntu.edu.tw",
    "id": 21465261533,
    "entry_timestamp": "2025-10-04T08:10:04.571",
    "not_before": "2025-10-04T07:11:34",
    "not_after": "2026-01-02T07:11:33",
    "serial_number": "0616456eb8dee7be1ad1d175673a660c7c7f",
    "result_count": 1
  },
  {
    "issuer_ca_id": 295817,
    "issuer_name": "C=US, O=Let's Encrypt, CN=R13",
    "name_value": "cad.csie.ntu.edu.tw",
    "id": 21452030315,
    "entry_timestamp": "2025-10-03T20:18:21.238",
    "not_before": "2025-10-03T19:19:46",
    "not_after": "2026-01-01T19:19:45",
    "serial_number": "052ceed9a1ae5218cd47fefc41b8a0a91733",
    "result_count": 1
  },
  {
    "issuer_ca_id": 295817,
    "issuer_name": "C=US, O=Let's Encrypt, CN=R13",
    "name_value": "cad.csie.ntu.edu.tw",
    "id": 21451996279,
    "entry_timestamp": "2025-10-03T20:18:16.933",
    "not_before": "2025-10-03T19:19:46",
    "not_after": "2026-01-01T19:19:45",
    "serial_number": "052ceed9a1ae5218cd47fefc41b8a0a91733",
    "result_count": 1
  },
  {
    "issuer_ca_id": 295813,
    "issuer_name": "C=US, O=Let's Encrypt, CN=E7",
    "name_value": "mirror.csie.ntu.edu.tw",
    "id": 21451985001,
    "entry_timestamp": "2025-10-03T20:16:18.518",
    "not_before": "2025-10-03T19:17:44",
    "not_after": "2026-01-01T19:17:43",
    "serial_number": "062bd689a8edd3d4a262bec5785106e60c8d",
    "result_count": 1
  },
  {
    "issuer_ca_id": 295813,
    "issuer_name": "C=US, O=Let's Encrypt, CN=E7",
    "name_value": "mirror.csie.ntu.edu.tw",
    "id": 21451959267,
    "entry_timestamp": "2025-10-03T20:16:14.416",
    "not_before": "2025-10-03T19:17:44",
    "not_after": "2026-01-01T19:17:43",
    "serial_number": "062bd689a8edd3d4a262bec5785106e60c8d",
    "result_count": 1
  },
  {
    "issuer_ca_id": 295813,
    "issuer_name": "C=US, O=Let's Encrypt, CN=E7",
    "name_value": "sglab.mc.ntu.edu.tw",
    "id": 21450054478,
    "entry_timestamp": "2025-10-03T18:27:33.069",
    "not_before": "2025-10-03T17:29:02",
    "not_after": "2026-01-01T17:29:01",
    "serial_number": "0529aa746228d67c2683523c0e86c6b7494b",
    "result_count": 1
  },
  {
    "issuer_ca_id": 295813,
    "issuer_name": "C=US, O=Let's Encrypt, CN=E7",
    "name_value": "sglab.mc.ntu.edu.tw",
    "id": 21450051880,
    "entry_timestamp": "2025-10-03T18:27:32.755",
    "not_before": "2025-10-03T17:29:02",
    "not_after": "2026-01-01T17:29:01",
    "serial_number": "0529aa746228d67c2683523c0e86c6b7494b",
    "result_count": 1
  },
  {
    "issuer_ca_id": 295817,
    "issuer_name": "C=US, O=Let's Encrypt, CN=R13",
    "name_value": "www.pcs.csie.ntu.edu.tw",
    "id": 21447551572,
    "entry_timestamp": "2025-10-03T16:05:14.305",
    "not_before": "2025-10-03T15:06:44",
    "not_after": "2026-01-01T15:06:43",
    "serial_number": "06884d02efa173032bea29b8e54592de065b",
    "result_count": 1
  },
  {
    "issuer_ca_id": 295817,
    "issuer_name": "C=US, O=Let's Encrypt, CN=R13",
    "name_value": "www.pcs.csie.ntu.edu.tw",
    "id": 21447523582,
    "entry_timestamp": "2025-10-03T16:05:14.176",
    "not_before": "2025-10-03T15:06:44",
    "not_after": "2026-01-01T15:06:43",
    "serial_number": "06884d02efa173032bea29b8e54592de065b",
    "result_count": 1
  },
  {
    "issuer_ca_id": 295816,
    "issuer_name": "C=US, O=Let's Encrypt, CN=R12",
    "name_value": "mail.pcs.csie.ntu.edu.tw",
    "id": 21447519581,
    "entry_timestamp": "2025-10-03T16:04:56.085",
    "not_before": "2025-10-03T15:06:25",
    "not_after": "2026-01-01T15:06:24",
    "serial_number": "0681d85436580bd24a4d40c6bf5996206866",
    "result_count": 1
  },
  {
    "issuer_ca_id": 295816,
    "issuer_name": "C=US, O=Let's Encrypt, CN=R12",
    "name_value": "mail.pcs.csie.ntu.edu.tw",
    "id": 21447512979,
    "entry_timestamp": "2025-10-03T16:04:55.973",
    "not_before": "2025-10-03T15:06:25",
    "not_after": "2026-01-01T15:06:24",
    "serial_number": "0681d85436580bd24a4d40c6bf5996206866",
    "result_count": 1
  },
  {
    "issuer_ca_id": 295816,
    "issuer_name": "C=US, O=Let's Encrypt, CN=R12",
    "name_value": "big.psy.ntu.edu.tw",
    "id": 21446290105,
    "entry_timestamp": "2025-10-03T14:51:33.471",
    "not_before": "2025-10-03T13:53:02",
    "not_after": "2026-01-01T13:53:01",
    "serial_number": "05b0ab374dbff8d4860b50d8abfb19dd2b88",
    "result_count": 1
  },
  {
    "issuer_ca_id": 295816,
    "issuer_name": "C=US, O=Let's Encrypt, CN=R12",
    "name_value": "big.psy.ntu.edu.tw",
    "id": 21446249845,
    "entry_timestamp": "2025-10-03T14:51:33.019",
    "not_before": "2025-10-03T13:53:02",
    "not_after": "2026-01-01T13:53:01",
    "serial_number": "05b0ab374dbff8d4860b50d8abfb19dd2b88",
    "result_count": 1
  },
  {
    "issuer_ca_id": 279003,
    "issuer_name": "C=TW, O=TAIWAN-CA, CN=TWCA Secure SSL Certification Authority",
    "name_value": "che.ntu.edu.tw",
    "id": 21433315274,
    "entry_timestamp": "2025-10-03T03:41:57.573",
    "not_before": "2025-10-03T03:41:54",
    "not_after": "2026-10-25T15:59:59",
    "serial_number": "47e900000008872e6a6169c598ae1b56",
    "result_count": 1
  },
  {
    "issuer_ca_id": 279003,
    "issuer_name": "C=TW, O=TAIWAN-CA, CN=TWCA Secure SSL Certification Authority",
    "name_value": "che.ntu.edu.tw",
    "id": 21433315638,
    "entry_timestamp": "2025-10-03T03:41:56.698",
    "not_before": "2025-10-03T03:41:54",
    "not_after": "2026-10-25T15:59:59",
    "serial_number": "47e900000008872e6a6169c598ae1b56",
    "result_count": 1
  },
  {
    "issuer_ca_id": 295809,
    "issuer_name": "C=US, O=Let's Encrypt, CN=E8",
    "name_value": "latex.pailab.csie.ntu.edu.tw",
    "id": 21430651423,
    "entry_timestamp": "2025-10-03T01:13:59.826",
    "not_before": "2025-10-03T00:15:25",
    "not_after": "2026-01-01T00:15:24",
    "serial_number": "0649fa72c248022f1f3bf80c67280f1a28dd",
    "result_count": 1
  },
  {
    "issuer_ca_id": 295809,
    "issuer_name": "C=US, O=Let's Encrypt, CN=E8",
    "name_value": "latex.pailab.csie.ntu.edu.tw",
    "id": 21430643360,
    "entry_timestamp": "2025-10-03T01:13:55.569",
    "not_before": "2025-10-03T00:15:25",
    "not_after": "2026-01-01T00:15:24",
    "serial_number": "0649fa72c248022f1f3bf80c67280f1a28dd",
    "result_count": 1
  },
  {
    "issuer_ca_id": 295816,
    "issuer_name": "C=US, O=Let's Encrypt, CN=R12",
    "name_value": "shop.press.ntu.edu.tw",
    "id": 21605100836,
    "entry_timestamp": "2025-10-03T00:12:17.911",
    "not_before": "2025-10-02T23:13:47",
    "not_after": "2025-12-31T23:13:46",
    "serial_number": "058271bdcbe9f9397768494dedd98b7a28a1",
    "result_count": 1
  },
  {
    "issuer_ca_id": 295816,
    "issuer_name": "C=US, O=Let's Encrypt, CN=R12",
    "name_value": "shop.press.ntu.edu.tw",
    "id": 21429624807,
    "entry_timestamp": "2025-10-03T00:12:17.606",
    "not_before": "2025-10-02T23:13:47",
    "not_after": "2025-12-31T23:13:46",
    "serial_number": "058271bdcbe9f9397768494dedd98b7a28a1",
    "result_count": 1
  },
  {
    "issuer_ca_id": 295813,
    "issuer_name": "C=US, O=Let's Encrypt, CN=E7",
    "name_value": "oge.ntu.edu.tw",
    "id": 21430437729,
    "entry_timestamp": "2025-10-03T00:01:09.063",
    "not_before": "2025-10-02T23:02:38",
    "not_after": "2025-12-31T23:02:37",
    "serial_number": "05f4ad7b28a3898e90342a46921d26bb9b20",
    "result_count": 1
  },
  {
    "issuer_ca_id": 295813,
    "issuer_name": "C=US, O=Let's Encrypt, CN=E7",
    "name_value": "oge.ntu.edu.tw",
    "id": 21429419034,
    "entry_timestamp": "2025-10-03T00:01:08.74",
    "not_before": "2025-10-02T23:02:38",
    "not_after": "2025-12-31T23:02:37",
    "serial_number": "05f4ad7b28a3898e90342a46921d26bb9b20",
    "result_count": 1
  },
  {
    "issuer_ca_id": 295816,
    "issuer_name": "C=US, O=Let's Encrypt, CN=R12",
    "name_value": "gandalf.phys.ntu.edu.tw",
    "id": 21422529440,
    "entry_timestamp": "2025-10-02T15:33:51.56",
    "not_before": "2025-10-02T14:35:19",
    "not_after": "2025-12-31T14:35:18",
    "serial_number": "05a10f2a2d80a43f6584ce7830b52db28f29",
    "result_count": 1
  },
  {
    "issuer_ca_id": 295816,
    "issuer_name": "C=US, O=Let's Encrypt, CN=R12",
    "name_value": "gandalf.phys.ntu.edu.tw",
    "id": 21422017294,
    "entry_timestamp": "2025-10-02T15:33:50.144",
    "not_before": "2025-10-02T14:35:19",
    "not_after": "2025-12-31T14:35:18",
    "serial_number": "05a10f2a2d80a43f6584ce7830b52db28f29",
    "result_count": 1
  },
  {
    "issuer_ca_id": 295816,
    "issuer_name": "C=US, O=Let's Encrypt, CN=R12",
    "name_value": "www.bebi.ntu.edu.tw",
    "id": 21421259076,
    "entry_timestamp": "2025-10-02T12:38:40.393",
    "not_before": "2025-10-02T11:40:10",
    "not_after": "2025-12-31T11:40:09",
    "serial_number": "06b1df51b50916a55880a02b773832132eb1",
    "result_count": 1
  },
  {
    "issuer_ca_id": 295816,
    "issuer_name": "C=US, O=Let's Encrypt, CN=R12",
    "name_value": "www.bebi.ntu.edu.tw",
    "id": 21419087727,
    "entry_timestamp": "2025-10-02T12:38:40.291",
    "not_before": "2025-10-02T11:40:10",
    "not_after": "2025-12-31T11:40:09",
    "serial_number": "06b1df51b50916a55880a02b773832132eb1",
    "result_count": 1
  },
  {
    "issuer_ca_id": 286244,
    "issuer_name": "C=US, O=Google Trust Services, CN=WR3",
    "name_value": "gphyslab.phys.ntu.edu.tw",
    "id": 21418656842,
    "entry_timestamp": "2025-10-02T12:15:10.674",
    "not_before": "2025-10-02T11:15:10",
    "not_after": "2025-12-31T12:06:42",
    "serial_number": "00971dc2d922d8298212513175533d20fc",
    "result_count": 1
  },
  {
    "issuer_ca_id": 295816,
    "issuer_name": "C=US, O=Let's Encrypt, CN=R12",
    "name_value": "ccs.ntu.edu.tw",
    "id": 21415621498,
    "entry_timestamp": "2025-10-02T04:48:58.43",
    "not_before": "2025-10-02T03:50:27",
    "not_after": "2025-12-31T03:50:26",
    "serial_number": "0597a5bbd8d50f3b9f1dfa18fe520d8ba0d3",
    "result_count": 1
  },
  {
    "issuer_ca_id": 295816,
    "issuer_name": "C=US, O=Let's Encrypt, CN=R12",
    "name_value": "ccs.ntu.edu.tw",
    "id": 21413659849,
    "entry_timestamp": "2025-10-02T04:48:58.205",
    "not_before": "2025-10-02T03:50:27",
    "not_after": "2025-12-31T03:50:26",
    "serial_number": "0597a5bbd8d50f3b9f1dfa18fe520d8ba0d3",
    "result_count": 1
  },
  {
    "issuer_ca_id": 295817,
    "issuer_name": "C=US, O=Let's Encrypt, CN=R13",
    "name_value": "raas.acc.ntu.edu.tw",
    "id": 21409836953,
    "entry_timestamp": "2025-10-02T02:51:27.335",
    "not_before": "2025-10-02T01:52:57",
    "not_after": "2025-12-31T01:52:56",
    "serial_number": "06fc9da8f925cd24c47f845c6f5991b4bf55",
    "result_count": 1
  },
  {
    "issuer_ca_id": 295817,
    "issuer_name": "C=US, O=Let's Encrypt, CN=R13",
    "name_value": "raas.acc.ntu.edu.tw",
    "id": 21412136988,
    "entry_timestamp": "2025-10-02T02:51:27.151",
    "not_before": "2025-10-02T01:52:57",
    "not_after": "2025-12-31T01:52:56",
    "serial_number": "06fc9da8f925cd24c47f845c6f5991b4bf55",
    "result_count": 1
  },
  {
    "issuer_ca_id": 295816,
    "issuer_name": "C=US, O=Let's Encrypt, CN=R12",
    "name_value": "gender.psc.ntu.edu.tw",
    "id": 21409556839,
    "entry_timestamp": "2025-10-02T02:32:52.219",
    "not_before": "2025-10-02T01:34:21",
    "not_after": "2025-12-31T01:34:20",
    "serial_number": "05a2c4951798dc2c0f636f7e4d82e39cea2a",
    "result_count": 1
  },
  {
    "issuer_ca_id": 295816,
    "issuer_name": "C=US, O=Let's Encrypt, CN=R12",
    "name_value": "gender.psc.ntu.edu.tw",
    "id": 21409554616,
    "entry_timestamp": "2025-10-02T02:32:51.959",
    "not_before": "2025-10-02T01:34:21",
    "not_after": "2025-12-31T01:34:20",
    "serial_number": "05a2c4951798dc2c0f636f7e4d82e39cea2a",
    "result_count": 1
  },
  {
    "issuer_ca_id": 295816,
    "issuer_name": "C=US, O=Let's Encrypt, CN=R12",
    "name_value": "wfs3.lttc.ntu.edu.tw",
    "id": 21410137158,
    "entry_timestamp": "2025-10-02T02:31:49.378",
    "not_before": "2025-10-02T01:33:19",
    "not_after": "2025-12-31T01:33:18",
    "serial_number": "06e74519394a4ed865246040815dfe8b760f",
    "result_count": 1
  },
  {
    "issuer_ca_id": 295816,
    "issuer_name": "C=US, O=Let's Encrypt, CN=R12",
    "name_value": "wfs3.lttc.ntu.edu.tw",
    "id": 21496712279,
    "entry_timestamp": "2025-10-02T02:31:49.161",
    "not_before": "2025-10-02T01:33:19",
    "not_after": "2025-12-31T01:33:18",
    "serial_number": "06e74519394a4ed865246040815dfe8b760f",
    "result_count": 1
  },
  {
    "issuer_ca_id": 295816,
    "issuer_name": "C=US, O=Let's Encrypt, CN=R12",
    "name_value": "ppas.cl.ntu.edu.tw",
    "id": 21408730624,
    "entry_timestamp": "2025-10-02T01:39:18.661",
    "not_before": "2025-10-02T00:40:46",
    "not_after": "2025-12-31T00:40:45",
    "serial_number": "05963416e8a852c6340ebecfd6b662b400c8",
    "result_count": 1
  },
  {
    "issuer_ca_id": 295816,
    "issuer_name": "C=US, O=Let's Encrypt, CN=R12",
    "name_value": "ppas.cl.ntu.edu.tw",
    "id": 21411319177,
    "entry_timestamp": "2025-10-02T01:39:16.434",
    "not_before": "2025-10-02T00:40:46",
    "not_after": "2025-12-31T00:40:45",
    "serial_number": "05963416e8a852c6340ebecfd6b662b400c8",
    "result_count": 1
  },
  {
    "issuer_ca_id": 295809,
    "issuer_name": "C=US, O=Let's Encrypt, CN=E8",
    "name_value": "fgcn.csie.ntu.edu.tw",
    "id": 21403785503,
    "entry_timestamp": "2025-10-01T20:11:58.657",
    "not_before": "2025-10-01T19:13:26",
    "not_after": "2025-12-30T19:13:25",
    "serial_number": "05020a3d8bb1fca4dc865e6335fbddb8efd9",
    "result_count": 1
  },
  {
    "issuer_ca_id": 295809,
    "issuer_name": "C=US, O=Let's Encrypt, CN=E8",
    "name_value": "fgcn.csie.ntu.edu.tw",
    "id": 21403741995,
    "entry_timestamp": "2025-10-01T20:11:56.434",
    "not_before": "2025-10-01T19:13:26",
    "not_after": "2025-12-30T19:13:25",
    "serial_number": "05020a3d8bb1fca4dc865e6335fbddb8efd9",
    "result_count": 1
  },
  {
    "issuer_ca_id": 295816,
    "issuer_name": "C=US, O=Let's Encrypt, CN=R12",
    "name_value": "haydn.ee.ntu.edu.tw",
    "id": 21577595534,
    "entry_timestamp": "2025-10-01T12:01:22.55",
    "not_before": "2025-10-01T11:02:50",
    "not_after": "2025-12-30T11:02:49",
    "serial_number": "068a62c7b18ea4a8158ecd512b0cb0cb0ef5",
    "result_count": 1
  },
  {
    "issuer_ca_id": 295816,
    "issuer_name": "C=US, O=Let's Encrypt, CN=R12",
    "name_value": "haydn.ee.ntu.edu.tw",
    "id": 21396276704,
    "entry_timestamp": "2025-10-01T12:01:20.445",
    "not_before": "2025-10-01T11:02:50",
    "not_after": "2025-12-30T11:02:49",
    "serial_number": "068a62c7b18ea4a8158ecd512b0cb0cb0ef5",
    "result_count": 1
  },
  {
    "issuer_ca_id": 295816,
    "issuer_name": "C=US, O=Let's Encrypt, CN=R12",
    "name_value": "legal.ntu.edu.tw",
    "id": 21404589051,
    "entry_timestamp": "2025-10-01T11:57:35.882",
    "not_before": "2025-10-01T10:59:03",
    "not_after": "2025-12-30T10:59:02",
    "serial_number": "05d6bc5c4000ff82f40a96a3d9afc88dd9b5",
    "result_count": 1
  },
  {
    "issuer_ca_id": 295816,
    "issuer_name": "C=US, O=Let's Encrypt, CN=R12",
    "name_value": "legal.ntu.edu.tw",
    "id": 21396213089,
    "entry_timestamp": "2025-10-01T11:57:33.648",
    "not_before": "2025-10-01T10:59:03",
    "not_after": "2025-12-30T10:59:02",
    "serial_number": "05d6bc5c4000ff82f40a96a3d9afc88dd9b5",
    "result_count": 1
  },
  {
    "issuer_ca_id": 286236,
    "issuer_name": "C=US, O=Google Trust Services, CN=WE1",
    "name_value": "cdbrm.ntu.edu.tw",
    "id": 21394678240,
    "entry_timestamp": "2025-10-01T10:14:06.638",
    "not_before": "2025-10-01T09:10:50",
    "not_after": "2025-12-30T10:10:41",
    "serial_number": "00a8b63def7e0a62340e00408418a14b09",
    "result_count": 1
  },
  {
    "issuer_ca_id": 286236,
    "issuer_name": "C=US, O=Google Trust Services, CN=WE1",
    "name_value": "cdbrm.ntu.edu.tw",
    "id": 21455003980,
    "entry_timestamp": "2025-10-01T10:10:50.771",
    "not_before": "2025-10-01T09:10:50",
    "not_after": "2025-12-30T10:10:41",
    "serial_number": "00a8b63def7e0a62340e00408418a14b09",
    "result_count": 1
  },
  {
    "issuer_ca_id": 286242,
    "issuer_name": "C=US, O=Google Trust Services, CN=WR1",
    "name_value": "cdbrm.ntu.edu.tw",
    "id": 21477588208,
    "entry_timestamp": "2025-10-01T10:10:36.179",
    "not_before": "2025-10-01T09:10:35",
    "not_after": "2025-12-30T10:09:12",
    "serial_number": "1dc5b228092be2b913fb4cc6e38a777b",
    "result_count": 1
  },
  {
    "issuer_ca_id": 295813,
    "issuer_name": "C=US, O=Let's Encrypt, CN=E7",
    "name_value": "cps.csie.ntu.edu.tw",
    "id": 21575209894,
    "entry_timestamp": "2025-10-01T09:17:13.827",
    "not_before": "2025-10-01T08:18:43",
    "not_after": "2025-12-30T08:18:42",
    "serial_number": "06dff027c1cda845f00dc6d10dd19a16a95c",
    "result_count": 1
  },
  {
    "issuer_ca_id": 295813,
    "issuer_name": "C=US, O=Let's Encrypt, CN=E7",
    "name_value": "cps.csie.ntu.edu.tw",
    "id": 21393797396,
    "entry_timestamp": "2025-10-01T09:17:13.69",
    "not_before": "2025-10-01T08:18:43",
    "not_after": "2025-12-30T08:18:42",
    "serial_number": "06dff027c1cda845f00dc6d10dd19a16a95c",
    "result_count": 1
  },
  {
    "issuer_ca_id": 295809,
    "issuer_name": "C=US, O=Let's Encrypt, CN=E8",
    "name_value": "aaoffice-new.cloud.ntu.edu.tw",
    "id": 21570421700,
    "entry_timestamp": "2025-10-01T02:51:36.512",
    "not_before": "2025-10-01T01:53:06",
    "not_after": "2025-12-30T01:53:05",
    "serial_number": "061b1a141cdf0f9ab6079f041339334ee866",
    "result_count": 1
  },
  {
    "issuer_ca_id": 295809,
    "issuer_name": "C=US, O=Let's Encrypt, CN=E8",
    "name_value": "aaoffice-new.cloud.ntu.edu.tw",
    "id": 21387862692,
    "entry_timestamp": "2025-10-01T02:51:36.306",
    "not_before": "2025-10-01T01:53:06",
    "not_after": "2025-12-30T01:53:05",
    "serial_number": "061b1a141cdf0f9ab6079f041339334ee866",
    "result_count": 1
  },
  {
    "issuer_ca_id": 295813,
    "issuer_name": "C=US, O=Let's Encrypt, CN=E7",
    "name_value": "aaoffice.ntu.edu.tw",
    "id": 21396639981,
    "entry_timestamp": "2025-10-01T02:21:25.339",
    "not_before": "2025-10-01T01:22:54",
    "not_after": "2025-12-30T01:22:53",
    "serial_number": "0524d3fae079f2ce3ef253027e43d244650c",
    "result_count": 1
  },
  {
    "issuer_ca_id": 295813,
    "issuer_name": "C=US, O=Let's Encrypt, CN=E7",
    "name_value": "aaoffice.ntu.edu.tw",
    "id": 21387358515,
    "entry_timestamp": "2025-10-01T02:21:25.119",
    "not_before": "2025-10-01T01:22:54",
    "not_after": "2025-12-30T01:22:53",
    "serial_number": "0524d3fae079f2ce3ef253027e43d244650c",
    "result_count": 1
  },
  {
    "issuer_ca_id": 295816,
    "issuer_name": "C=US, O=Let's Encrypt, CN=R12",
    "name_value": "aaoffice.ntu.edu.tw",
    "id": 21386850298,
    "entry_timestamp": "2025-10-01T01:51:53.939",
    "not_before": "2025-10-01T00:53:23",
    "not_after": "2025-12-30T00:53:22",
    "serial_number": "05396bf51b6862feb960a6c5e2b13c005b43",
    "result_count": 1
  },
  {
    "issuer_ca_id": 295816,
    "issuer_name": "C=US, O=Let's Encrypt, CN=R12",
    "name_value": "aaoffice.ntu.edu.tw",
    "id": 21386849034,
    "entry_timestamp": "2025-10-01T01:51:53.748",
    "not_before": "2025-10-01T00:53:23",
    "not_after": "2025-12-30T00:53:22",
    "serial_number": "05396bf51b6862feb960a6c5e2b13c005b43",
    "result_count": 1
  },
  {
    "issuer_ca_id": 295813,
    "issuer_name": "C=US, O=Let's Encrypt, CN=E7",
    "name_value": "aaoffice-new.cloud.ntu.edu.tw",
    "id": 21569656840,
    "entry_timestamp": "2025-10-01T01:51:34.055",
    "not_before": "2025-10-01T00:53:03",
    "not_after": "2025-12-30T00:53:02",
    "serial_number": "05e29c4ac767c4f0d062bec57ee9d6628b19",
    "result_count": 1
  },
  {
    "issuer_ca_id": 295813,
    "issuer_name": "C=US, O=Let's Encrypt, CN=E7",
    "name_value": "aaoffice-new.cloud.ntu.edu.tw",
    "id": 21386847208,
    "entry_timestamp": "2025-10-01T01:51:33.618",
    "not_before": "2025-10-01T00:53:03",
    "not_after": "2025-12-30T00:53:02",
    "serial_number": "05e29c4ac767c4f0d062bec57ee9d6628b19",
    "result_count": 1
  },
  {
    "issuer_ca_id": 295816,
    "issuer_name": "C=US, O=Let's Encrypt, CN=R12",
    "name_value": "c4lab.bime.ntu.edu.tw",
    "id": 21566233088,
    "entry_timestamp": "2025-09-30T21:04:15.628",
    "not_before": "2025-09-30T20:05:45",
    "not_after": "2025-12-29T20:05:44",
    "serial_number": "05b8ef15a90f7d906d6b04fefca52b27ae96",
    "result_count": 1
  },
  {
    "issuer_ca_id": 295816,
    "issuer_name": "C=US, O=Let's Encrypt, CN=R12",
    "name_value": "c4lab.bime.ntu.edu.tw",
    "id": 21382261046,
    "entry_timestamp": "2025-09-30T21:04:15.316",
    "not_before": "2025-09-30T20:05:45",
    "not_after": "2025-12-29T20:05:44",
    "serial_number": "05b8ef15a90f7d906d6b04fefca52b27ae96",
    "result_count": 1
  },
  {
    "issuer_ca_id": 295816,
    "issuer_name": "C=US, O=Let's Encrypt, CN=R12",
    "name_value": "spe.ntu.edu.tw",
    "id": 21392650599,
    "entry_timestamp": "2025-09-30T20:39:27.113",
    "not_before": "2025-09-30T19:40:56",
    "not_after": "2025-12-29T19:40:55",
    "serial_number": "0619dc3e1345dcdc701a0d26226111da012b",
    "result_count": 1
  },
  {
    "issuer_ca_id": 295816,
    "issuer_name": "C=US, O=Let's Encrypt, CN=R12",
    "name_value": "spe.ntu.edu.tw",
    "id": 21381852080,
    "entry_timestamp": "2025-09-30T20:39:27.015",
    "not_before": "2025-09-30T19:40:56",
    "not_after": "2025-12-29T19:40:55",
    "serial_number": "0619dc3e1345dcdc701a0d26226111da012b",
    "result_count": 1
  },
  {
    "issuer_ca_id": 295817,
    "issuer_name": "C=US, O=Let's Encrypt, CN=R13",
    "name_value": "kepler.im.ntu.edu.tw",
    "id": 21565651326,
    "entry_timestamp": "2025-09-30T20:11:40.518",
    "not_before": "2025-09-30T19:13:08",
    "not_after": "2025-12-29T19:13:07",
    "serial_number": "06ce2f0b389073579e1aae306b5b9becc95e",
    "result_count": 1
  },
  {
    "issuer_ca_id": 295817,
    "issuer_name": "C=US, O=Let's Encrypt, CN=R13",
    "name_value": "kepler.im.ntu.edu.tw",
    "id": 21381391821,
    "entry_timestamp": "2025-09-30T20:11:38.297",
    "not_before": "2025-09-30T19:13:08",
    "not_after": "2025-12-29T19:13:07",
    "serial_number": "06ce2f0b389073579e1aae306b5b9becc95e",
    "result_count": 1
  },
  {
    "issuer_ca_id": 295817,
    "issuer_name": "C=US, O=Let's Encrypt, CN=R13",
    "name_value": "ntuml.mc.ntu.edu.tw",
    "id": 21380633642,
    "entry_timestamp": "2025-09-30T19:19:48.809",
    "not_before": "2025-09-30T18:21:18",
    "not_after": "2025-12-29T18:21:17",
    "serial_number": "059dcdfb0395f62276ad9098901befed6a40",
    "result_count": 1
  },
  {
    "issuer_ca_id": 295817,
    "issuer_name": "C=US, O=Let's Encrypt, CN=R13",
    "name_value": "ntuml.mc.ntu.edu.tw",
    "id": 21380602789,
    "entry_timestamp": "2025-09-30T19:19:48.518",
    "not_before": "2025-09-30T18:21:18",
    "not_after": "2025-12-29T18:21:17",
    "serial_number": "059dcdfb0395f62276ad9098901befed6a40",
    "result_count": 1
  },
  {
    "issuer_ca_id": 295816,
    "issuer_name": "C=US, O=Let's Encrypt, CN=R12",
    "name_value": "po1.oc.ntu.edu.tw",
    "id": 21564091706,
    "entry_timestamp": "2025-09-30T18:37:59.395",
    "not_before": "2025-09-30T17:39:28",
    "not_after": "2025-12-29T17:39:27",
    "serial_number": "05deaaeceac33427d6105a2231bfcddb37cf",
    "result_count": 1
  },
  {
    "issuer_ca_id": 295816,
    "issuer_name": "C=US, O=Let's Encrypt, CN=R12",
    "name_value": "po1.oc.ntu.edu.tw",
    "id": 21379934913,
    "entry_timestamp": "2025-09-30T18:37:59.096",
    "not_before": "2025-09-30T17:39:28",
    "not_after": "2025-12-29T17:39:27",
    "serial_number": "05deaaeceac33427d6105a2231bfcddb37cf",
    "result_count": 1
  },
  {
    "issuer_ca_id": 295809,
    "issuer_name": "C=US, O=Let's Encrypt, CN=E8",
    "name_value": "learner.csie.ntu.edu.tw",
    "id": 21393249604,
    "entry_timestamp": "2025-09-30T18:01:14.813",
    "not_before": "2025-09-30T17:02:44",
    "not_after": "2025-12-29T17:02:43",
    "serial_number": "0516fc8539a8ab3dec2cab4e89f6cf884a7a",
    "result_count": 1
  },
  {
    "issuer_ca_id": 295809,
    "issuer_name": "C=US, O=Let's Encrypt, CN=E8",
    "name_value": "learner.csie.ntu.edu.tw",
    "id": 21476037752,
    "entry_timestamp": "2025-09-30T18:01:14.472",
    "not_before": "2025-09-30T17:02:44",
    "not_after": "2025-12-29T17:02:43",
    "serial_number": "0516fc8539a8ab3dec2cab4e89f6cf884a7a",
    "result_count": 1
  },
  {
    "issuer_ca_id": 295817,
    "issuer_name": "C=US, O=Let's Encrypt, CN=R13",
    "name_value": "ampere.im.ntu.edu.tw",
    "id": 21392199592,
    "entry_timestamp": "2025-09-30T17:17:57.323",
    "not_before": "2025-09-30T16:19:26",
    "not_after": "2025-12-29T16:19:25",
    "serial_number": "053b0c62bcd502b777fa05b9ea80ddf09413",
    "result_count": 1
  },
  {
    "issuer_ca_id": 295817,
    "issuer_name": "C=US, O=Let's Encrypt, CN=R13",
    "name_value": "ampere.im.ntu.edu.tw",
    "id": 21390459744,
    "entry_timestamp": "2025-09-30T17:17:56.654",
    "not_before": "2025-09-30T16:19:26",
    "not_after": "2025-12-29T16:19:25",
    "serial_number": "053b0c62bcd502b777fa05b9ea80ddf09413",
    "result_count": 1
  },
  {
    "issuer_ca_id": 295816,
    "issuer_name": "C=US, O=Let's Encrypt, CN=R12",
    "name_value": "intra.ch.ntu.edu.tw",
    "id": 21391451366,
    "entry_timestamp": "2025-09-30T16:08:16.92",
    "not_before": "2025-09-30T15:09:46",
    "not_after": "2025-12-29T15:09:45",
    "serial_number": "061b599f88a9b0c303bfdce794c79854c1f3",
    "result_count": 1
  },
  {
    "issuer_ca_id": 295816,
    "issuer_name": "C=US, O=Let's Encrypt, CN=R12",
    "name_value": "intra.ch.ntu.edu.tw",
    "id": 21389678314,
    "entry_timestamp": "2025-09-30T16:08:16.818",
    "not_before": "2025-09-30T15:09:46",
    "not_after": "2025-12-29T15:09:45",
    "serial_number": "061b599f88a9b0c303bfdce794c79854c1f3",
    "result_count": 1
  },
  {
    "issuer_ca_id": 295816,
    "issuer_name": "C=US, O=Let's Encrypt, CN=R12",
    "name_value": "www.acc.ntu.edu.tw",
    "id": 21560162074,
    "entry_timestamp": "2025-09-30T16:04:05.793",
    "not_before": "2025-09-30T15:05:35",
    "not_after": "2025-12-29T15:05:34",
    "serial_number": "05833389e4688aec4ce4b0b087dc6c3856fa",
    "result_count": 1
  },
  {
    "issuer_ca_id": 295816,
    "issuer_name": "C=US, O=Let's Encrypt, CN=R12",
    "name_value": "www.acc.ntu.edu.tw",
    "id": 21377950493,
    "entry_timestamp": "2025-09-30T16:04:05.417",
    "not_before": "2025-09-30T15:05:35",
    "not_after": "2025-12-29T15:05:34",
    "serial_number": "05833389e4688aec4ce4b0b087dc6c3856fa",
    "result_count": 1
  },
  {
    "issuer_ca_id": 295817,
    "issuer_name": "C=US, O=Let's Encrypt, CN=R13",
    "name_value": "www.odb.ntu.edu.tw",
    "id": 21391900373,
    "entry_timestamp": "2025-09-30T16:01:51.783",
    "not_before": "2025-09-30T15:03:21",
    "not_after": "2025-12-29T15:03:20",
    "serial_number": "069e9cb6777bdad9a6edd72b18429ca943aa",
    "result_count": 1
  },
  {
    "issuer_ca_id": 295817,
    "issuer_name": "C=US, O=Let's Encrypt, CN=R13",
    "name_value": "www.odb.ntu.edu.tw",
    "id": 21377177109,
    "entry_timestamp": "2025-09-30T16:01:51.637",
    "not_before": "2025-09-30T15:03:21",
    "not_after": "2025-12-29T15:03:20",
    "serial_number": "069e9cb6777bdad9a6edd72b18429ca943aa",
    "result_count": 1
  },
  {
    "issuer_ca_id": 295817,
    "issuer_name": "C=US, O=Let's Encrypt, CN=R13",
    "name_value": "sgylab.gl.ntu.edu.tw",
    "id": 21560030741,
    "entry_timestamp": "2025-09-30T15:52:39.915",
    "not_before": "2025-09-30T14:54:07",
    "not_after": "2025-12-29T14:54:06",
    "serial_number": "05f34793f86dcdb7763c1e4431840cf8063a",
    "result_count": 1
  },
  {
    "issuer_ca_id": 295817,
    "issuer_name": "C=US, O=Let's Encrypt, CN=R13",
    "name_value": "sgylab.gl.ntu.edu.tw",
    "id": 21377017036,
    "entry_timestamp": "2025-09-30T15:52:37.625",
    "not_before": "2025-09-30T14:54:07",
    "not_after": "2025-12-29T14:54:06",
    "serial_number": "05f34793f86dcdb7763c1e4431840cf8063a",
    "result_count": 1
  },
  {
    "issuer_ca_id": 295817,
    "issuer_name": "C=US, O=Let's Encrypt, CN=R13",
    "name_value": "nlgnas.csie.ntu.edu.tw",
    "id": 21388169214,
    "entry_timestamp": "2025-09-30T11:40:33.758",
    "not_before": "2025-09-30T10:42:03",
    "not_after": "2025-12-29T10:42:02",
    "serial_number": "069621f45208c6d11abac572860026c0d629",
    "result_count": 1
  },
  {
    "issuer_ca_id": 295817,
    "issuer_name": "C=US, O=Let's Encrypt, CN=R13",
    "name_value": "nlgnas.csie.ntu.edu.tw",
    "id": 21372387803,
    "entry_timestamp": "2025-09-30T11:40:33.669",
    "not_before": "2025-09-30T10:42:03",
    "not_after": "2025-12-29T10:42:02",
    "serial_number": "069621f45208c6d11abac572860026c0d629",
    "result_count": 1
  },
  {
    "issuer_ca_id": 295816,
    "issuer_name": "C=US, O=Let's Encrypt, CN=R12",
    "name_value": "nlg.csie.ntu.edu.tw",
    "id": 21372418738,
    "entry_timestamp": "2025-09-30T11:40:15.324",
    "not_before": "2025-09-30T10:41:44",
    "not_after": "2025-12-29T10:41:43",
    "serial_number": "05c4d58d8b72a10fb8f6a3da62bc6c394c0d",
    "result_count": 1
  },
  {
    "issuer_ca_id": 295816,
    "issuer_name": "C=US, O=Let's Encrypt, CN=R12",
    "name_value": "nlg.csie.ntu.edu.tw",
    "id": 21376254503,
    "entry_timestamp": "2025-09-30T11:40:14.983",
    "not_before": "2025-09-30T10:41:44",
    "not_after": "2025-12-29T10:41:43",
    "serial_number": "05c4d58d8b72a10fb8f6a3da62bc6c394c0d",
    "result_count": 1
  },
  {
    "issuer_ca_id": 279003,
    "issuer_name": "C=TW, O=TAIWAN-CA, CN=TWCA Secure SSL Certification Authority",
    "name_value": "*.inm.ntu.edu.tw",
    "id": 21371389625,
    "entry_timestamp": "2025-09-30T10:41:19.001",
    "not_before": "2025-09-30T10:41:17",
    "not_after": "2026-10-30T15:59:59",
    "serial_number": "47e90000000885875ec7ec6984645350",
    "result_count": 1
  },
  {
    "issuer_ca_id": 279003,
    "issuer_name": "C=TW, O=TAIWAN-CA, CN=TWCA Secure SSL Certification Authority",
    "name_value": "*.inm.ntu.edu.tw",
    "id": 21371389793,
    "entry_timestamp": "2025-09-30T10:41:18.54",
    "not_before": "2025-09-30T10:41:17",
    "not_after": "2026-10-30T15:59:59",
    "serial_number": "47e90000000885875ec7ec6984645350",
    "result_count": 1
  },
  {
    "issuer_ca_id": 295817,
    "issuer_name": "C=US, O=Let's Encrypt, CN=R13",
    "name_value": "admissions.ntu.edu.tw",
    "id": 21555103608,
    "entry_timestamp": "2025-09-30T09:16:26.419",
    "not_before": "2025-09-30T08:17:55",
    "not_after": "2025-12-29T08:17:54",
    "serial_number": "057035055483b07e06907a797a05a12f79ff",
    "result_count": 1
  },
  {
    "issuer_ca_id": 295817,
    "issuer_name": "C=US, O=Let's Encrypt, CN=R13",
    "name_value": "admissions.ntu.edu.tw",
    "id": 21369800024,
    "entry_timestamp": "2025-09-30T09:16:26.063",
    "not_before": "2025-09-30T08:17:55",
    "not_after": "2025-12-29T08:17:54",
    "serial_number": "057035055483b07e06907a797a05a12f79ff",
    "result_count": 1
  },
  {
    "issuer_ca_id": 279003,
    "issuer_name": "C=TW, O=TAIWAN-CA, CN=TWCA Secure SSL Certification Authority",
    "name_value": "ci20.lib.ntu.edu.tw",
    "id": 21369381791,
    "entry_timestamp": "2025-09-30T08:54:16.864",
    "not_before": "2025-09-30T08:54:13",
    "not_after": "2026-10-21T15:59:59",
    "serial_number": "47e90000000885523f8b340f4748addd",
    "result_count": 1
  },
  {
    "issuer_ca_id": 279003,
    "issuer_name": "C=TW, O=TAIWAN-CA, CN=TWCA Secure SSL Certification Authority",
    "name_value": "ci20.lib.ntu.edu.tw",
    "id": 21369381721,
    "entry_timestamp": "2025-09-30T08:54:15.954",
    "not_before": "2025-09-30T08:54:13",
    "not_after": "2026-10-21T15:59:59",
    "serial_number": "47e90000000885523f8b340f4748addd",
    "result_count": 1
  },
  {
    "issuer_ca_id": 295816,
    "issuer_name": "C=US, O=Let's Encrypt, CN=R12",
    "name_value": "ejournal.press.ntu.edu.tw",
    "id": 21384269981,
    "entry_timestamp": "2025-09-30T05:55:56.843",
    "not_before": "2025-09-30T04:57:24",
    "not_after": "2025-12-29T04:57:23",
    "serial_number": "052b1f03c4fc2065f5da8735334fd76f5511",
    "result_count": 1
  },
  {
    "issuer_ca_id": 295816,
    "issuer_name": "C=US, O=Let's Encrypt, CN=R12",
    "name_value": "ejournal.press.ntu.edu.tw",
    "id": 21383672855,
    "entry_timestamp": "2025-09-30T05:55:54.647",
    "not_before": "2025-09-30T04:57:24",
    "not_after": "2025-12-29T04:57:23",
    "serial_number": "052b1f03c4fc2065f5da8735334fd76f5511",
    "result_count": 1
  },
  {
    "issuer_ca_id": 295817,
    "issuer_name": "C=US, O=Let's Encrypt, CN=R13",
    "name_value": "www.hic.ch.ntu.edu.tw",
    "id": 21551813799,
    "entry_timestamp": "2025-09-30T04:08:02.073",
    "not_before": "2025-09-30T03:09:31",
    "not_after": "2025-12-29T03:09:30",
    "serial_number": "0623946f8e9d2ade74668f28d5e8410f5e03",
    "result_count": 1
  },
  {
    "issuer_ca_id": 295817,
    "issuer_name": "C=US, O=Let's Encrypt, CN=R13",
    "name_value": "www.hic.ch.ntu.edu.tw",
    "id": 21366679740,
    "entry_timestamp": "2025-09-30T04:08:01.938",
    "not_before": "2025-09-30T03:09:31",
    "not_after": "2025-12-29T03:09:30",
    "serial_number": "0623946f8e9d2ade74668f28d5e8410f5e03",
    "result_count": 1
  },
  {
    "issuer_ca_id": 295816,
    "issuer_name": "C=US, O=Let's Encrypt, CN=R12",
    "name_value": "alumni.ch.ntu.edu.tw",
    "id": 21382857366,
    "entry_timestamp": "2025-09-30T03:27:28.705",
    "not_before": "2025-09-30T02:28:58",
    "not_after": "2025-12-29T02:28:57",
    "serial_number": "05c2e46f91fe0e6ef002a5db13b459215df6",
    "result_count": 1
  },
  {
    "issuer_ca_id": 295816,
    "issuer_name": "C=US, O=Let's Encrypt, CN=R12",
    "name_value": "alumni.ch.ntu.edu.tw",
    "id": 21382288625,
    "entry_timestamp": "2025-09-30T03:27:28.368",
    "not_before": "2025-09-30T02:28:58",
    "not_after": "2025-12-29T02:28:57",
    "serial_number": "05c2e46f91fe0e6ef002a5db13b459215df6",
    "result_count": 1
  },
  {
    "issuer_ca_id": 295816,
    "issuer_name": "C=US, O=Let's Encrypt, CN=R12",
    "name_value": "hpc.bdsrc.ntu.edu.tw",
    "id": 21381741886,
    "entry_timestamp": "2025-09-30T02:19:43.917",
    "not_before": "2025-09-30T01:21:13",
    "not_after": "2025-12-29T01:21:12",
    "serial_number": "058a88b20d657a369033608e8cdc4fcfa9b7",
    "result_count": 1
  },
  {
    "issuer_ca_id": 295816,
    "issuer_name": "C=US, O=Let's Encrypt, CN=R12",
    "name_value": "hpc.bdsrc.ntu.edu.tw",
    "id": 21381736947,
    "entry_timestamp": "2025-09-30T02:19:43.589",
    "not_before": "2025-09-30T01:21:13",
    "not_after": "2025-12-29T01:21:12",
    "serial_number": "058a88b20d657a369033608e8cdc4fcfa9b7",
    "result_count": 1
  },
  {
    "issuer_ca_id": 295817,
    "issuer_name": "C=US, O=Let's Encrypt, CN=R13",
    "name_value": "fermi.im.ntu.edu.tw",
    "id": 21361888010,
    "entry_timestamp": "2025-09-29T21:17:30.878",
    "not_before": "2025-09-29T20:19:00",
    "not_after": "2025-12-28T20:18:59",
    "serial_number": "05853757206beed52783bb2119fcad93e0cd",
    "result_count": 1
  },
  {
    "issuer_ca_id": 295817,
    "issuer_name": "C=US, O=Let's Encrypt, CN=R13",
    "name_value": "fermi.im.ntu.edu.tw",
    "id": 21457719269,
    "entry_timestamp": "2025-09-29T21:17:30.563",
    "not_before": "2025-09-29T20:19:00",
    "not_after": "2025-12-28T20:18:59",
    "serial_number": "05853757206beed52783bb2119fcad93e0cd",
    "result_count": 1
  },
  {
    "issuer_ca_id": 295813,
    "issuer_name": "C=US, O=Let's Encrypt, CN=E7",
    "name_value": "mail.lis.ntu.edu.tw",
    "id": 21359101639,
    "entry_timestamp": "2025-09-29T17:04:19.994",
    "not_before": "2025-09-29T16:05:49",
    "not_after": "2025-12-28T16:05:48",
    "serial_number": "054fd02d94d14d75cd3d1c6b0cfea4b563e5",
    "result_count": 1
  },
  {
    "issuer_ca_id": 295813,
    "issuer_name": "C=US, O=Let's Encrypt, CN=E7",
    "name_value": "mail.lis.ntu.edu.tw",
    "id": 21368803896,
    "entry_timestamp": "2025-09-29T17:04:19.703",
    "not_before": "2025-09-29T16:05:49",
    "not_after": "2025-12-28T16:05:48",
    "serial_number": "054fd02d94d14d75cd3d1c6b0cfea4b563e5",
    "result_count": 1
  },
  {
    "issuer_ca_id": 286244,
    "issuer_name": "C=US, O=Google Trust Services, CN=WR3",
    "name_value": "dadh2025.digital.ntu.edu.tw",
    "id": 21431245201,
    "entry_timestamp": "2025-09-29T13:33:20.799",
    "not_before": "2025-09-29T12:33:20",
    "not_after": "2025-12-28T13:18:08",
    "serial_number": "06709ac737acd4240955881124b82747",
    "result_count": 1
  },
  {
    "issuer_ca_id": 158800,
    "issuer_name": "C=AT, O=ZeroSSL, CN=ZeroSSL RSA Domain Secure Site CA",
    "name_value": "raymond.cph.ntu.edu.tw",
    "id": 21426280053,
    "entry_timestamp": "2025-09-29T05:23:46.005",
    "not_before": "2025-09-29T00:00:00",
    "not_after": "2025-12-28T23:59:59",
    "serial_number": "6a19b370e4590dfa63c7c75e5f351d0c",
    "result_count": 1
  },
  {
    "issuer_ca_id": 158800,
    "issuer_name": "C=AT, O=ZeroSSL, CN=ZeroSSL RSA Domain Secure Site CA",
    "name_value": "raymond.cph.ntu.edu.tw",
    "id": 21426279851,
    "entry_timestamp": "2025-09-29T05:23:43.776",
    "not_before": "2025-09-29T00:00:00",
    "not_after": "2025-12-28T23:59:59",
    "serial_number": "6a19b370e4590dfa63c7c75e5f351d0c",
    "result_count": 1
  },
  {
    "issuer_ca_id": 158800,
    "issuer_name": "C=AT, O=ZeroSSL, CN=ZeroSSL RSA Domain Secure Site CA",
    "name_value": "nhi.cph.ntu.edu.tw",
    "id": 21426148134,
    "entry_timestamp": "2025-09-29T05:15:33.375",
    "not_before": "2025-09-29T00:00:00",
    "not_after": "2025-12-28T23:59:59",
    "serial_number": "4bdf1600cd95bc0f1bb9e0c41c01d977",
    "result_count": 1
  },
  {
    "issuer_ca_id": 158800,
    "issuer_name": "C=AT, O=ZeroSSL, CN=ZeroSSL RSA Domain Secure Site CA",
    "name_value": "nhi.cph.ntu.edu.tw",
    "id": 21426148043,
    "entry_timestamp": "2025-09-29T05:15:32.445",
    "not_before": "2025-09-29T00:00:00",
    "not_after": "2025-12-28T23:59:59",
    "serial_number": "4bdf1600cd95bc0f1bb9e0c41c01d977",
    "result_count": 1
  },
  {
    "issuer_ca_id": 295817,
    "issuer_name": "C=US, O=Let's Encrypt, CN=R13",
    "name_value": "noah.ee.ntu.edu.tw",
    "id": 21361144714,
    "entry_timestamp": "2025-09-28T23:55:36.787",
    "not_before": "2025-09-28T22:57:06",
    "not_after": "2025-12-27T22:57:05",
    "serial_number": "053488654efa4ca6507d2b07ec63e7733f38",
    "result_count": 1
  },
  {
    "issuer_ca_id": 295817,
    "issuer_name": "C=US, O=Let's Encrypt, CN=R13",
    "name_value": "noah.ee.ntu.edu.tw",
    "id": 21362020486,
    "entry_timestamp": "2025-09-28T23:55:36.474",
    "not_before": "2025-09-28T22:57:06",
    "not_after": "2025-12-27T22:57:05",
    "serial_number": "053488654efa4ca6507d2b07ec63e7733f38",
    "result_count": 1
  },
  {
    "issuer_ca_id": 295817,
    "issuer_name": "C=US, O=Let's Encrypt, CN=R13",
    "name_value": "yllproject.ntu.edu.tw",
    "id": 21359101673,
    "entry_timestamp": "2025-09-28T21:47:55.819",
    "not_before": "2025-09-28T20:49:25",
    "not_after": "2025-12-27T20:49:24",
    "serial_number": "06306f145f1d7bc96154f99f6eb9cddd63f3",
    "result_count": 1
  },
  {
    "issuer_ca_id": 295817,
    "issuer_name": "C=US, O=Let's Encrypt, CN=R13",
    "name_value": "yllproject.ntu.edu.tw",
    "id": 21359958090,
    "entry_timestamp": "2025-09-28T21:47:55.692",
    "not_before": "2025-09-28T20:49:25",
    "not_after": "2025-12-27T20:49:24",
    "serial_number": "06306f145f1d7bc96154f99f6eb9cddd63f3",
    "result_count": 1
  },
  {
    "issuer_ca_id": 295816,
    "issuer_name": "C=US, O=Let's Encrypt, CN=R12",
    "name_value": "ntuacounseling.ntu.edu.tw",
    "id": 21511015039,
    "entry_timestamp": "2025-09-28T18:39:05.281",
    "not_before": "2025-09-28T17:40:34",
    "not_after": "2025-12-27T17:40:33",
    "serial_number": "052770033b121ffb324e76b4b062b00fa01a",
    "result_count": 1
  },
  {
    "issuer_ca_id": 295816,
    "issuer_name": "C=US, O=Let's Encrypt, CN=R12",
    "name_value": "ntuacounseling.ntu.edu.tw",
    "id": 21354586580,
    "entry_timestamp": "2025-09-28T18:39:04.968",
    "not_before": "2025-09-28T17:40:34",
    "not_after": "2025-12-27T17:40:33",
    "serial_number": "052770033b121ffb324e76b4b062b00fa01a",
    "result_count": 1
  },
  {
    "issuer_ca_id": 295817,
    "issuer_name": "C=US, O=Let's Encrypt, CN=R13",
    "name_value": "ntup.digital.ntu.edu.tw",
    "id": 21351813119,
    "entry_timestamp": "2025-09-28T14:44:24.977",
    "not_before": "2025-09-28T13:45:54",
    "not_after": "2025-12-27T13:45:53",
    "serial_number": "066ea8d89e4926f80e9d00f863c6220fead2",
    "result_count": 1
  },
  {
    "issuer_ca_id": 295817,
    "issuer_name": "C=US, O=Let's Encrypt, CN=R13",
    "name_value": "ntup.digital.ntu.edu.tw",
    "id": 21342099995,
    "entry_timestamp": "2025-09-28T14:44:24.873",
    "not_before": "2025-09-28T13:45:54",
    "not_after": "2025-12-27T13:45:53",
    "serial_number": "066ea8d89e4926f80e9d00f863c6220fead2",
    "result_count": 1
  },
  {
    "issuer_ca_id": 295817,
    "issuer_name": "C=US, O=Let's Encrypt, CN=R13",
    "name_value": "www.ercba.ntu.edu.tw",
    "id": 21504839713,
    "entry_timestamp": "2025-09-28T14:44:04.857",
    "not_before": "2025-09-28T13:45:34",
    "not_after": "2025-12-27T13:45:33",
    "serial_number": "06910cbc2ade53dd7e35f550aa3d74b10a5a",
    "result_count": 1
  },
  {
    "issuer_ca_id": 295817,
    "issuer_name": "C=US, O=Let's Encrypt, CN=R13",
    "name_value": "www.ercba.ntu.edu.tw",
    "id": 21351868354,
    "entry_timestamp": "2025-09-28T14:44:04.708",
    "not_before": "2025-09-28T13:45:34",
    "not_after": "2025-12-27T13:45:33",
    "serial_number": "06910cbc2ade53dd7e35f550aa3d74b10a5a",
    "result_count": 1
  },
  {
    "issuer_ca_id": 295816,
    "issuer_name": "C=US, O=Let's Encrypt, CN=R12",
    "name_value": "back.press.ntu.edu.tw",
    "id": 21351764741,
    "entry_timestamp": "2025-09-28T14:39:15.362",
    "not_before": "2025-09-28T13:40:44",
    "not_after": "2025-12-27T13:40:43",
    "serial_number": "052c7aba0186b14e9db0650021c7e81e5dfb",
    "result_count": 1
  },
  {
    "issuer_ca_id": 295816,
    "issuer_name": "C=US, O=Let's Encrypt, CN=R12",
    "name_value": "back.press.ntu.edu.tw",
    "id": 21352514152,
    "entry_timestamp": "2025-09-28T14:39:14.857",
    "not_before": "2025-09-28T13:40:44",
    "not_after": "2025-12-27T13:40:43",
    "serial_number": "052c7aba0186b14e9db0650021c7e81e5dfb",
    "result_count": 1
  },
  {
    "issuer_ca_id": 295816,
    "issuer_name": "C=US, O=Let's Encrypt, CN=R12",
    "name_value": "marketing.press.ntu.edu.tw",
    "id": 21351702323,
    "entry_timestamp": "2025-09-28T14:32:56.121",
    "not_before": "2025-09-28T13:34:25",
    "not_after": "2025-12-27T13:34:24",
    "serial_number": "05c6310e2f4f69b1cd39acbca6738ae3eb00",
    "result_count": 1
  },
  {
    "issuer_ca_id": 295816,
    "issuer_name": "C=US, O=Let's Encrypt, CN=R12",
    "name_value": "marketing.press.ntu.edu.tw",
    "id": 21352419911,
    "entry_timestamp": "2025-09-28T14:32:55.836",
    "not_before": "2025-09-28T13:34:25",
    "not_after": "2025-12-27T13:34:24",
    "serial_number": "05c6310e2f4f69b1cd39acbca6738ae3eb00",
    "result_count": 1
  },
  {
    "issuer_ca_id": 295816,
    "issuer_name": "C=US, O=Let's Encrypt, CN=R12",
    "name_value": "blog.press.ntu.edu.tw",
    "id": 21339728373,
    "entry_timestamp": "2025-09-28T14:29:14.206",
    "not_before": "2025-09-28T13:30:43",
    "not_after": "2025-12-27T13:30:42",
    "serial_number": "0507c792224cd9907c7740272a6f46814645",
    "result_count": 1
  },
  {
    "issuer_ca_id": 295816,
    "issuer_name": "C=US, O=Let's Encrypt, CN=R12",
    "name_value": "blog.press.ntu.edu.tw",
    "id": 21352363296,
    "entry_timestamp": "2025-09-28T14:29:13.866",
    "not_before": "2025-09-28T13:30:43",
    "not_after": "2025-12-27T13:30:42",
    "serial_number": "0507c792224cd9907c7740272a6f46814645",
    "result_count": 1
  },
  {
    "issuer_ca_id": 295816,
    "issuer_name": "C=US, O=Let's Encrypt, CN=R12",
    "name_value": "www.berc.bioagri.ntu.edu.tw",
    "id": 21504379453,
    "entry_timestamp": "2025-09-28T14:25:19.509",
    "not_before": "2025-09-28T13:26:49",
    "not_after": "2025-12-27T13:26:48",
    "serial_number": "065a73fb430efda2aba6335798c6f6e9f033",
    "result_count": 1
  },
  {
    "issuer_ca_id": 295816,
    "issuer_name": "C=US, O=Let's Encrypt, CN=R12",
    "name_value": "www.berc.bioagri.ntu.edu.tw",
    "id": 21341949758,
    "entry_timestamp": "2025-09-28T14:25:19.429",
    "not_before": "2025-09-28T13:26:49",
    "not_after": "2025-12-27T13:26:48",
    "serial_number": "065a73fb430efda2aba6335798c6f6e9f033",
    "result_count": 1
  },
  {
    "issuer_ca_id": 295816,
    "issuer_name": "C=US, O=Let's Encrypt, CN=R12",
    "name_value": "newslabx.csie.ntu.edu.tw",
    "id": 21345216022,
    "entry_timestamp": "2025-09-28T07:46:53.259",
    "not_before": "2025-09-28T06:48:22",
    "not_after": "2025-12-27T06:48:21",
    "serial_number": "050343d0a7a6926c858ba71dc37a4da1858d",
    "result_count": 1
  },
  {
    "issuer_ca_id": 295816,
    "issuer_name": "C=US, O=Let's Encrypt, CN=R12",
    "name_value": "newslabx.csie.ntu.edu.tw",
    "id": 21338463984,
    "entry_timestamp": "2025-09-28T07:46:53.015",
    "not_before": "2025-09-28T06:48:22",
    "not_after": "2025-12-27T06:48:21",
    "serial_number": "050343d0a7a6926c858ba71dc37a4da1858d",
    "result_count": 1
  },
  {
    "issuer_ca_id": 295816,
    "issuer_name": "C=US, O=Let's Encrypt, CN=R12",
    "name_value": "review.management.ntu.edu.tw",
    "id": 21482184844,
    "entry_timestamp": "2025-09-28T01:21:03.205",
    "not_before": "2025-09-28T00:22:33",
    "not_after": "2025-12-27T00:22:32",
    "serial_number": "06c3980068470591e2363629a6c539c5393c",
    "result_count": 1
  },
  {
    "issuer_ca_id": 295816,
    "issuer_name": "C=US, O=Let's Encrypt, CN=R12",
    "name_value": "review.management.ntu.edu.tw",
    "id": 21423544889,
    "entry_timestamp": "2025-09-28T01:21:03.075",
    "not_before": "2025-09-28T00:22:33",
    "not_after": "2025-12-27T00:22:32",
    "serial_number": "06c3980068470591e2363629a6c539c5393c",
    "result_count": 1
  },
  {
    "issuer_ca_id": 295817,
    "issuer_name": "C=US, O=Let's Encrypt, CN=R13",
    "name_value": "biodesign.ntu.edu.tw",
    "id": 21335701301,
    "entry_timestamp": "2025-09-27T15:48:49.547",
    "not_before": "2025-09-27T14:50:19",
    "not_after": "2025-12-26T14:50:18",
    "serial_number": "05e0eca7f73e3120fe96d98579ea01faa3d7",
    "result_count": 1
  },
  {
    "issuer_ca_id": 295817,
    "issuer_name": "C=US, O=Let's Encrypt, CN=R13",
    "name_value": "biodesign.ntu.edu.tw",
    "id": 21329791520,
    "entry_timestamp": "2025-09-27T15:48:49.323",
    "not_before": "2025-09-27T14:50:19",
    "not_after": "2025-12-26T14:50:18",
    "serial_number": "05e0eca7f73e3120fe96d98579ea01faa3d7",
    "result_count": 1
  },
  {
    "issuer_ca_id": 295813,
    "issuer_name": "C=US, O=Let's Encrypt, CN=E7",
    "name_value": "sql.fgcn.csie.ntu.edu.tw",
    "id": 21320569390,
    "entry_timestamp": "2025-09-27T08:10:03.88",
    "not_before": "2025-09-27T07:11:33",
    "not_after": "2025-12-26T07:11:32",
    "serial_number": "068d8470ee43835ef6ff204be71ad44a8129",
    "result_count": 1
  },
  {
    "issuer_ca_id": 295813,
    "issuer_name": "C=US, O=Let's Encrypt, CN=E7",
    "name_value": "sql.fgcn.csie.ntu.edu.tw",
    "id": 21406357850,
    "entry_timestamp": "2025-09-27T08:10:03.755",
    "not_before": "2025-09-27T07:11:33",
    "not_after": "2025-12-26T07:11:32",
    "serial_number": "068d8470ee43835ef6ff204be71ad44a8129",
    "result_count": 1
  },
  {
    "issuer_ca_id": 295809,
    "issuer_name": "C=US, O=Let's Encrypt, CN=E8",
    "name_value": "fgcn.csie.ntu.edu.tw",
    "id": 21320565454,
    "entry_timestamp": "2025-09-27T08:09:42.015",
    "not_before": "2025-09-27T07:11:11",
    "not_after": "2025-12-26T07:11:10",
    "serial_number": "06bfd081d103b3a716383673c81e0c06d758",
    "result_count": 1
  },
  {
    "issuer_ca_id": 295809,
    "issuer_name": "C=US, O=Let's Encrypt, CN=E8",
    "name_value": "fgcn.csie.ntu.edu.tw",
    "id": 21323977522,
    "entry_timestamp": "2025-09-27T08:09:41.791",
    "not_before": "2025-09-27T07:11:11",
    "not_after": "2025-12-26T07:11:10",
    "serial_number": "06bfd081d103b3a716383673c81e0c06d758",
    "result_count": 1
  },
  {
    "issuer_ca_id": 286244,
    "issuer_name": "C=US, O=Google Trust Services, CN=WR3",
    "name_value": "syhgroup.phys.ntu.edu.tw",
    "id": 21309766158,
    "entry_timestamp": "2025-09-27T07:00:48.053",
    "not_before": "2025-09-26T16:33:17",
    "not_after": "2025-12-25T17:22:28",
    "serial_number": "00b7cf7435a019a92312590289c161ec74",
    "result_count": 1
  },
  {
    "issuer_ca_id": 295816,
    "issuer_name": "C=US, O=Let's Encrypt, CN=R12",
    "name_value": "sgbasevm.oc.ntu.edu.tw",
    "id": 21328188635,
    "entry_timestamp": "2025-09-27T05:48:02.777",
    "not_before": "2025-09-27T04:49:30",
    "not_after": "2025-12-26T04:49:29",
    "serial_number": "058bebf41a794248ee0707d6d51f8345082c",
    "result_count": 1
  },
  {
    "issuer_ca_id": 295816,
    "issuer_name": "C=US, O=Let's Encrypt, CN=R12",
    "name_value": "sgbasevm.oc.ntu.edu.tw",
    "id": 21320641756,
    "entry_timestamp": "2025-09-27T05:48:00.545",
    "not_before": "2025-09-27T04:49:30",
    "not_after": "2025-12-26T04:49:29",
    "serial_number": "058bebf41a794248ee0707d6d51f8345082c",
    "result_count": 1
  },
  {
    "issuer_ca_id": 295813,
    "issuer_name": "C=US, O=Let's Encrypt, CN=E7",
    "name_value": "aprdc.ntu.edu.tw",
    "id": 21316673208,
    "entry_timestamp": "2025-09-27T02:57:05.997",
    "not_before": "2025-09-27T01:58:35",
    "not_after": "2025-12-26T01:58:34",
    "serial_number": "0653708764f24441f47162f7c7dd2232a785",
    "result_count": 1
  },
  {
    "issuer_ca_id": 295813,
    "issuer_name": "C=US, O=Let's Encrypt, CN=E7",
    "name_value": "aprdc.ntu.edu.tw",
    "id": 21326795722,
    "entry_timestamp": "2025-09-27T02:57:05.919",
    "not_before": "2025-09-27T01:58:35",
    "not_after": "2025-12-26T01:58:34",
    "serial_number": "0653708764f24441f47162f7c7dd2232a785",
    "result_count": 1
  },
  {
    "issuer_ca_id": 295813,
    "issuer_name": "C=US, O=Let's Encrypt, CN=E7",
    "name_value": "gitlab.fgcn.csie.ntu.edu.tw",
    "id": 21297641595,
    "entry_timestamp": "2025-09-26T20:09:44.04",
    "not_before": "2025-09-26T19:11:13",
    "not_after": "2025-12-25T19:11:12",
    "serial_number": "06f6990b7ae253c0893e99519d1915cb7a0c",
    "result_count": 1
  },
  {
    "issuer_ca_id": 295813,
    "issuer_name": "C=US, O=Let's Encrypt, CN=E7",
    "name_value": "gitlab.fgcn.csie.ntu.edu.tw",
    "id": 21315366794,
    "entry_timestamp": "2025-09-26T20:09:43.776",
    "not_before": "2025-09-26T19:11:13",
    "not_after": "2025-12-25T19:11:12",
    "serial_number": "06f6990b7ae253c0893e99519d1915cb7a0c",
    "result_count": 1
  },
  {
    "issuer_ca_id": 295816,
    "issuer_name": "C=US, O=Let's Encrypt, CN=R12",
    "name_value": "cqse.ntu.edu.tw",
    "id": 21298832848,
    "entry_timestamp": "2025-09-26T20:00:16.402",
    "not_before": "2025-09-26T19:01:46",
    "not_after": "2025-12-25T19:01:45",
    "serial_number": "0611028d81601e9d72cc98bdb9cdedc4ce69",
    "result_count": 1
  },
  {
    "issuer_ca_id": 295816,
    "issuer_name": "C=US, O=Let's Encrypt, CN=R12",
    "name_value": "cqse.ntu.edu.tw",
    "id": 21315260824,
    "entry_timestamp": "2025-09-26T20:00:16.281",
    "not_before": "2025-09-26T19:01:46",
    "not_after": "2025-12-25T19:01:45",
    "serial_number": "0611028d81601e9d72cc98bdb9cdedc4ce69",
    "result_count": 1
  },
  {
    "issuer_ca_id": 295809,
    "issuer_name": "C=US, O=Let's Encrypt, CN=E8",
    "name_value": "monitor.fgcn.csie.ntu.edu.tw",
    "id": 21429820323,
    "entry_timestamp": "2025-09-26T19:10:22.413",
    "not_before": "2025-09-26T18:11:51",
    "not_after": "2025-12-25T18:11:50",
    "serial_number": "05f36a2a930d19a14e0e959f9d261065a481",
    "result_count": 1
  },
  {
    "issuer_ca_id": 295809,
    "issuer_name": "C=US, O=Let's Encrypt, CN=E8",
    "name_value": "monitor.fgcn.csie.ntu.edu.tw",
    "id": 21314673050,
    "entry_timestamp": "2025-09-26T19:10:22.102",
    "not_before": "2025-09-26T18:11:51",
    "not_after": "2025-12-25T18:11:50",
    "serial_number": "05f36a2a930d19a14e0e959f9d261065a481",
    "result_count": 1
  },
  {
    "issuer_ca_id": 295813,
    "issuer_name": "C=US, O=Let's Encrypt, CN=E7",
    "name_value": "wiki.fgcn.csie.ntu.edu.tw",
    "id": 21320274800,
    "entry_timestamp": "2025-09-26T19:10:06.466",
    "not_before": "2025-09-26T18:11:35",
    "not_after": "2025-12-25T18:11:34",
    "serial_number": "0516161f7fdb9ddeaea54d2f31faf0fc14ce",
    "result_count": 1
  },
  {
    "issuer_ca_id": 295813,
    "issuer_name": "C=US, O=Let's Encrypt, CN=E7",
    "name_value": "wiki.fgcn.csie.ntu.edu.tw",
    "id": 21310096363,
    "entry_timestamp": "2025-09-26T19:10:06.226",
    "not_before": "2025-09-26T18:11:35",
    "not_after": "2025-12-25T18:11:34",
    "serial_number": "0516161f7fdb9ddeaea54d2f31faf0fc14ce",
    "result_count": 1
  },
  {
    "issuer_ca_id": 295813,
    "issuer_name": "C=US, O=Let's Encrypt, CN=E7",
    "name_value": "nginx.fgcn.csie.ntu.edu.tw",
    "id": 21320270830,
    "entry_timestamp": "2025-09-26T19:09:47.755",
    "not_before": "2025-09-26T18:11:17",
    "not_after": "2025-12-25T18:11:16",
    "serial_number": "06634668935491b5a07ebc1ebf3c059f3ed4",
    "result_count": 1
  },
  {
    "issuer_ca_id": 295813,
    "issuer_name": "C=US, O=Let's Encrypt, CN=E7",
    "name_value": "nginx.fgcn.csie.ntu.edu.tw",
    "id": 21310091432,
    "entry_timestamp": "2025-09-26T19:09:47.631",
    "not_before": "2025-09-26T18:11:17",
    "not_after": "2025-12-25T18:11:16",
    "serial_number": "06634668935491b5a07ebc1ebf3c059f3ed4",
    "result_count": 1
  },
  {
    "issuer_ca_id": 295816,
    "issuer_name": "C=US, O=Let's Encrypt, CN=R12",
    "name_value": "liamkua.lib.ntu.edu.tw",
    "id": 21320215836,
    "entry_timestamp": "2025-09-26T19:03:20.915",
    "not_before": "2025-09-26T18:04:50",
    "not_after": "2025-12-25T18:04:49",
    "serial_number": "0652817e846111d0a238416a1f5b01254588",
    "result_count": 1
  },
  {
    "issuer_ca_id": 295816,
    "issuer_name": "C=US, O=Let's Encrypt, CN=R12",
    "name_value": "liamkua.lib.ntu.edu.tw",
    "id": 21309961504,
    "entry_timestamp": "2025-09-26T19:03:20.372",
    "not_before": "2025-09-26T18:04:50",
    "not_after": "2025-12-25T18:04:49",
    "serial_number": "0652817e846111d0a238416a1f5b01254588",
    "result_count": 1
  },
  {
    "issuer_ca_id": 286244,
    "issuer_name": "C=US, O=Google Trust Services, CN=WR3",
    "name_value": "syhgroup.phys.ntu.edu.tw",
    "id": 21308344252,
    "entry_timestamp": "2025-09-26T17:33:18.473",
    "not_before": "2025-09-26T16:33:17",
    "not_after": "2025-12-25T17:22:28",
    "serial_number": "00b7cf7435a019a92312590289c161ec74",
    "result_count": 1
  },
  {
    "issuer_ca_id": 295817,
    "issuer_name": "C=US, O=Let's Encrypt, CN=R13",
    "name_value": "chemview.odb.ntu.edu.tw",
    "id": 21426387486,
    "entry_timestamp": "2025-09-26T16:11:20.633",
    "not_before": "2025-09-26T15:12:50",
    "not_after": "2025-12-25T15:12:49",
    "serial_number": "06bf5b2587b29269734ec136c3a4b35cc441",
    "result_count": 1
  },
  {
    "issuer_ca_id": 295817,
    "issuer_name": "C=US, O=Let's Encrypt, CN=R13",
    "name_value": "chemview.odb.ntu.edu.tw",
    "id": 21318833514,
    "entry_timestamp": "2025-09-26T16:11:20.229",
    "not_before": "2025-09-26T15:12:50",
    "not_after": "2025-12-25T15:12:49",
    "serial_number": "06bf5b2587b29269734ec136c3a4b35cc441",
    "result_count": 1
  },
  {
    "issuer_ca_id": 295817,
    "issuer_name": "C=US, O=Let's Encrypt, CN=R13",
    "name_value": "leapntu.mc.ntu.edu.tw",
    "id": 21315106162,
    "entry_timestamp": "2025-09-26T13:20:18.702",
    "not_before": "2025-09-26T12:21:48",
    "not_after": "2025-12-25T12:21:47",
    "serial_number": "05be3c6e662f29b96576f6bdc5920d828f8a",
    "result_count": 1
  },
  {
    "issuer_ca_id": 295817,
    "issuer_name": "C=US, O=Let's Encrypt, CN=R13",
    "name_value": "leapntu.mc.ntu.edu.tw",
    "id": 21303737463,
    "entry_timestamp": "2025-09-26T13:20:18.453",
    "not_before": "2025-09-26T12:21:48",
    "not_after": "2025-12-25T12:21:47",
    "serial_number": "05be3c6e662f29b96576f6bdc5920d828f8a",
    "result_count": 1
  },
  {
    "issuer_ca_id": 295816,
    "issuer_name": "C=US, O=Let's Encrypt, CN=R12",
    "name_value": "*.leadership.ntu.edu.tw",
    "id": 21420520668,
    "entry_timestamp": "2025-09-26T12:02:47.49",
    "not_before": "2025-09-26T11:04:16",
    "not_after": "2025-12-25T11:04:15",
    "serial_number": "057785ace2368225abe797a82a35f0d74011",
    "result_count": 1
  },
  {
    "issuer_ca_id": 295816,
    "issuer_name": "C=US, O=Let's Encrypt, CN=R12",
    "name_value": "*.leadership.ntu.edu.tw",
    "id": 21309548660,
    "entry_timestamp": "2025-09-26T12:02:47.167",
    "not_before": "2025-09-26T11:04:16",
    "not_after": "2025-12-25T11:04:15",
    "serial_number": "057785ace2368225abe797a82a35f0d74011",
    "result_count": 1
  },
  {
    "issuer_ca_id": 295817,
    "issuer_name": "C=US, O=Let's Encrypt, CN=R13",
    "name_value": "www.psy.ntu.edu.tw",
    "id": 21283749922,
    "entry_timestamp": "2025-09-26T07:17:22.919",
    "not_before": "2025-09-26T06:18:50",
    "not_after": "2025-12-25T06:18:49",
    "serial_number": "05819af44db7b030db2c4f5b904ed69c6e2d",
    "result_count": 1
  },
  {
    "issuer_ca_id": 295817,
    "issuer_name": "C=US, O=Let's Encrypt, CN=R13",
    "name_value": "www.psy.ntu.edu.tw",
    "id": 21296949267,
    "entry_timestamp": "2025-09-26T07:17:20.699",
    "not_before": "2025-09-26T06:18:50",
    "not_after": "2025-12-25T06:18:49",
    "serial_number": "05819af44db7b030db2c4f5b904ed69c6e2d",
    "result_count": 1
  },
  {
    "issuer_ca_id": 295817,
    "issuer_name": "C=US, O=Let's Encrypt, CN=R13",
    "name_value": "topmoon.oc.ntu.edu.tw",
    "id": 21399307314,
    "entry_timestamp": "2025-09-26T02:03:25.755",
    "not_before": "2025-09-26T01:04:53",
    "not_after": "2025-12-25T01:04:52",
    "serial_number": "057f3113b52fe20d72cb2bad3a4882263c6a",
    "result_count": 1
  },
  {
    "issuer_ca_id": 295817,
    "issuer_name": "C=US, O=Let's Encrypt, CN=R13",
    "name_value": "topmoon.oc.ntu.edu.tw",
    "id": 21302165761,
    "entry_timestamp": "2025-09-26T02:03:23.38",
    "not_before": "2025-09-26T01:04:53",
    "not_after": "2025-12-25T01:04:52",
    "serial_number": "057f3113b52fe20d72cb2bad3a4882263c6a",
    "result_count": 1
  },
  {
    "issuer_ca_id": 295809,
    "issuer_name": "C=US, O=Let's Encrypt, CN=E8",
    "name_value": "mx1.cool.ntu.edu.tw",
    "id": 21300131795,
    "entry_timestamp": "2025-09-26T02:02:26.069",
    "not_before": "2025-09-26T01:03:55",
    "not_after": "2025-12-25T01:03:54",
    "serial_number": "06ebc9e7a27cee50471197f5c015216d8d45",
    "result_count": 1
  },
  {
    "issuer_ca_id": 295809,
    "issuer_name": "C=US, O=Let's Encrypt, CN=E8",
    "name_value": "mx1.cool.ntu.edu.tw",
    "id": 21291013310,
    "entry_timestamp": "2025-09-26T02:02:25.965",
    "not_before": "2025-09-26T01:03:55",
    "not_after": "2025-12-25T01:03:54",
    "serial_number": "06ebc9e7a27cee50471197f5c015216d8d45",
    "result_count": 1
  },
  {
    "issuer_ca_id": 295813,
    "issuer_name": "C=US, O=Let's Encrypt, CN=E7",
    "name_value": "mx1.cool.ntu.edu.tw",
    "id": 21294649105,
    "entry_timestamp": "2025-09-26T02:02:21.648",
    "not_before": "2025-09-26T01:03:51",
    "not_after": "2025-12-25T01:03:50",
    "serial_number": "05f50df36a34a0b039fe2699e8a9e078a4d1",
    "result_count": 1
  },
  {
    "issuer_ca_id": 295813,
    "issuer_name": "C=US, O=Let's Encrypt, CN=E7",
    "name_value": "mx1.cool.ntu.edu.tw",
    "id": 21302153090,
    "entry_timestamp": "2025-09-26T02:02:21.45",
    "not_before": "2025-09-26T01:03:51",
    "not_after": "2025-12-25T01:03:50",
    "serial_number": "05f50df36a34a0b039fe2699e8a9e078a4d1",
    "result_count": 1
  },
  {
    "issuer_ca_id": 295809,
    "issuer_name": "C=US, O=Let's Encrypt, CN=E8",
    "name_value": "fintech.ntu.edu.tw",
    "id": 21277829551,
    "entry_timestamp": "2025-09-26T01:51:21.701",
    "not_before": "2025-09-26T00:52:49",
    "not_after": "2025-12-25T00:52:48",
    "serial_number": "069821483f98b551aee31f4dee89473c3feb",
    "result_count": 1
  },
  {
    "issuer_ca_id": 295809,
    "issuer_name": "C=US, O=Let's Encrypt, CN=E8",
    "name_value": "fintech.ntu.edu.tw",
    "id": 21302004096,
    "entry_timestamp": "2025-09-26T01:51:19.558",
    "not_before": "2025-09-26T00:52:49",
    "not_after": "2025-12-25T00:52:48",
    "serial_number": "069821483f98b551aee31f4dee89473c3feb",
    "result_count": 1
  },
  {
    "issuer_ca_id": 295816,
    "issuer_name": "C=US, O=Let's Encrypt, CN=R12",
    "name_value": "church.im.ntu.edu.tw",
    "id": 21290363657,
    "entry_timestamp": "2025-09-25T21:07:36.407",
    "not_before": "2025-09-25T20:09:05",
    "not_after": "2025-12-24T20:09:04",
    "serial_number": "05a35f5b088cfed47641af409e3b38fb6c13",
    "result_count": 1
  },
  {
    "issuer_ca_id": 295816,
    "issuer_name": "C=US, O=Let's Encrypt, CN=R12",
    "name_value": "church.im.ntu.edu.tw",
    "id": 21328599713,
    "entry_timestamp": "2025-09-25T21:07:36.123",
    "not_before": "2025-09-25T20:09:05",
    "not_after": "2025-12-24T20:09:04",
    "serial_number": "05a35f5b088cfed47641af409e3b38fb6c13",
    "result_count": 1
  },
  {
    "issuer_ca_id": 295817,
    "issuer_name": "C=US, O=Let's Encrypt, CN=R13",
    "name_value": "booking.cbt.ntu.edu.tw",
    "id": 21273316432,
    "entry_timestamp": "2025-09-25T20:15:49.878",
    "not_before": "2025-09-25T19:17:19",
    "not_after": "2025-12-24T19:17:18",
    "serial_number": "05cb8ab16fc92b0ce59f355554596a3a1e72",
    "result_count": 1
  },
  {
    "issuer_ca_id": 295817,
    "issuer_name": "C=US, O=Let's Encrypt, CN=R13",
    "name_value": "booking.cbt.ntu.edu.tw",
    "id": 21297444919,
    "entry_timestamp": "2025-09-25T20:15:49.675",
    "not_before": "2025-09-25T19:17:19",
    "not_after": "2025-12-24T19:17:18",
    "serial_number": "05cb8ab16fc92b0ce59f355554596a3a1e72",
    "result_count": 1
  },
  {
    "issuer_ca_id": 295816,
    "issuer_name": "C=US, O=Let's Encrypt, CN=R12",
    "name_value": "datajournalism.ntu.edu.tw",
    "id": 21274693686,
    "entry_timestamp": "2025-09-25T13:25:37.965",
    "not_before": "2025-09-25T12:27:07",
    "not_after": "2025-12-24T12:27:06",
    "serial_number": "06b0febae9af6f67416a14d38c17eb414fc8",
    "result_count": 1
  },
  {
    "issuer_ca_id": 295816,
    "issuer_name": "C=US, O=Let's Encrypt, CN=R12",
    "name_value": "datajournalism.ntu.edu.tw",
    "id": 21298871369,
    "entry_timestamp": "2025-09-25T13:25:37.836",
    "not_before": "2025-09-25T12:27:07",
    "not_after": "2025-12-24T12:27:06",
    "serial_number": "06b0febae9af6f67416a14d38c17eb414fc8",
    "result_count": 1
  },
  {
    "issuer_ca_id": 295813,
    "issuer_name": "C=US, O=Let's Encrypt, CN=E7",
    "name_value": "wiki.pailab.csie.ntu.edu.tw",
    "id": 21362044008,
    "entry_timestamp": "2025-09-25T07:49:10.827",
    "not_before": "2025-09-25T06:50:40",
    "not_after": "2025-12-24T06:50:39",
    "serial_number": "067adaf9a438298403f1f0a2447c986ca359",
    "result_count": 1
  },
  {
    "issuer_ca_id": 295813,
    "issuer_name": "C=US, O=Let's Encrypt, CN=E7",
    "name_value": "wiki.pailab.csie.ntu.edu.tw",
    "id": 21294534874,
    "entry_timestamp": "2025-09-25T07:49:10.633",
    "not_before": "2025-09-25T06:50:40",
    "not_after": "2025-12-24T06:50:39",
    "serial_number": "067adaf9a438298403f1f0a2447c986ca359",
    "result_count": 1
  },
  {
    "issuer_ca_id": 295809,
    "issuer_name": "C=US, O=Let's Encrypt, CN=E8",
    "name_value": "lab623.cph.ntu.edu.tw",
    "id": 21264001966,
    "entry_timestamp": "2025-09-25T07:26:07.999",
    "not_before": "2025-09-25T06:27:37",
    "not_after": "2025-12-24T06:27:36",
    "serial_number": "069dcb3f1d3f0efd3eb68a14db08784b64b0",
    "result_count": 1
  },
  {
    "issuer_ca_id": 295809,
    "issuer_name": "C=US, O=Let's Encrypt, CN=E8",
    "name_value": "lab623.cph.ntu.edu.tw",
    "id": 21299530420,
    "entry_timestamp": "2025-09-25T07:26:07.847",
    "not_before": "2025-09-25T06:27:37",
    "not_after": "2025-12-24T06:27:36",
    "serial_number": "069dcb3f1d3f0efd3eb68a14db08784b64b0",
    "result_count": 1
  },
  {
    "issuer_ca_id": 295817,
    "issuer_name": "C=US, O=Let's Encrypt, CN=R13",
    "name_value": "lab623.cph.ntu.edu.tw",
    "id": 21276037887,
    "entry_timestamp": "2025-09-25T07:26:03.494",
    "not_before": "2025-09-25T06:27:33",
    "not_after": "2025-12-24T06:27:32",
    "serial_number": "066fd0f2203c17747e3e45eec91df4cdb43e",
    "result_count": 1
  },
  {
    "issuer_ca_id": 295817,
    "issuer_name": "C=US, O=Let's Encrypt, CN=R13",
    "name_value": "lab623.cph.ntu.edu.tw",
    "id": 21269329414,
    "entry_timestamp": "2025-09-25T07:26:03.385",
    "not_before": "2025-09-25T06:27:33",
    "not_after": "2025-12-24T06:27:32",
    "serial_number": "066fd0f2203c17747e3e45eec91df4cdb43e",
    "result_count": 1
  },
  {
    "issuer_ca_id": 295816,
    "issuer_name": "C=US, O=Let's Encrypt, CN=R12",
    "name_value": "nanost.ntu.edu.tw",
    "id": 21346302906,
    "entry_timestamp": "2025-09-25T02:55:07.536",
    "not_before": "2025-09-25T01:56:36",
    "not_after": "2025-12-24T01:56:35",
    "serial_number": "058130976bee03a12c37efd102a468152a21",
    "result_count": 1
  },
  {
    "issuer_ca_id": 295816,
    "issuer_name": "C=US, O=Let's Encrypt, CN=R12",
    "name_value": "nanost.ntu.edu.tw",
    "id": 21284379237,
    "entry_timestamp": "2025-09-25T02:55:07.075",
    "not_before": "2025-09-25T01:56:36",
    "not_after": "2025-12-24T01:56:35",
    "serial_number": "058130976bee03a12c37efd102a468152a21",
    "result_count": 1
  },
  {
    "issuer_ca_id": 158800,
    "issuer_name": "C=AT, O=ZeroSSL, CN=ZeroSSL RSA Domain Secure Site CA",
    "name_value": "www.ntusystem.ntu.edu.tw",
    "id": 21249633335,
    "entry_timestamp": "2025-09-24T15:42:56.075",
    "not_before": "2025-09-24T00:00:00",
    "not_after": "2025-12-23T23:59:59",
    "serial_number": "08dadd98a46ddbc4d430e98ad7609505",
    "result_count": 1
  },
  {
    "issuer_ca_id": 158800,
    "issuer_name": "C=AT, O=ZeroSSL, CN=ZeroSSL RSA Domain Secure Site CA",
    "name_value": "www.ntusystem.ntu.edu.tw",
    "id": 21280051942,
    "entry_timestamp": "2025-09-24T15:42:53.34",
    "not_before": "2025-09-24T00:00:00",
    "not_after": "2025-12-23T23:59:59",
    "serial_number": "08dadd98a46ddbc4d430e98ad7609505",
    "result_count": 1
  },
  {
    "issuer_ca_id": 295817,
    "issuer_name": "C=US, O=Let's Encrypt, CN=R13",
    "name_value": "eos.ch.ntu.edu.tw",
    "id": 21252769581,
    "entry_timestamp": "2025-09-24T14:05:53.687",
    "not_before": "2025-09-24T13:07:23",
    "not_after": "2025-12-23T13:07:22",
    "serial_number": "06988ff6642149317020a74381001e16946e",
    "result_count": 1
  },
  {
    "issuer_ca_id": 295817,
    "issuer_name": "C=US, O=Let's Encrypt, CN=R13",
    "name_value": "eos.ch.ntu.edu.tw",
    "id": 21248109910,
    "entry_timestamp": "2025-09-24T14:05:53.585",
    "not_before": "2025-09-24T13:07:23",
    "not_after": "2025-12-23T13:07:22",
    "serial_number": "06988ff6642149317020a74381001e16946e",
    "result_count": 1
  },
  {
    "issuer_ca_id": 295817,
    "issuer_name": "C=US, O=Let's Encrypt, CN=R13",
    "name_value": "a-big-net.cph.ntu.edu.tw",
    "id": 21249356812,
    "entry_timestamp": "2025-09-24T09:59:26.891",
    "not_before": "2025-09-24T09:00:54",
    "not_after": "2025-12-23T09:00:53",
    "serial_number": "061548b95936dca76169e311fdbbc4f60586",
    "result_count": 1
  },
  {
    "issuer_ca_id": 295817,
    "issuer_name": "C=US, O=Let's Encrypt, CN=R13",
    "name_value": "a-big-net.cph.ntu.edu.tw",
    "id": 21264736583,
    "entry_timestamp": "2025-09-24T09:59:24.744",
    "not_before": "2025-09-24T09:00:54",
    "not_after": "2025-12-23T09:00:53",
    "serial_number": "061548b95936dca76169e311fdbbc4f60586",
    "result_count": 1
  },
  {
    "issuer_ca_id": 286236,
    "issuer_name": "C=US, O=Google Trust Services, CN=WE1",
    "name_value": "internshipabroad.ntu.edu.tw",
    "id": 21243595960,
    "entry_timestamp": "2025-09-24T09:59:23.446",
    "not_before": "2025-09-24T08:59:22",
    "not_after": "2025-12-23T09:59:12",
    "serial_number": "188fe4557ce6a5a3116d71e5d7490831",
    "result_count": 1
  },
  {
    "issuer_ca_id": 286242,
    "issuer_name": "C=US, O=Google Trust Services, CN=WR1",
    "name_value": "internshipabroad.ntu.edu.tw",
    "id": 21264728122,
    "entry_timestamp": "2025-09-24T09:59:07.073",
    "not_before": "2025-09-24T08:59:06",
    "not_after": "2025-12-23T09:57:48",
    "serial_number": "6246b40c167146890e43699f377b2e3b",
    "result_count": 1
  },
  {
    "issuer_ca_id": 295813,
    "issuer_name": "C=US, O=Let's Encrypt, CN=E7",
    "name_value": "lesp.ntu.edu.tw",
    "id": 21248341896,
    "entry_timestamp": "2025-09-24T09:11:33.475",
    "not_before": "2025-09-24T08:13:03",
    "not_after": "2025-12-23T08:13:02",
    "serial_number": "06f56a224d8e1ab2fa89d6be90703d5f7e0c",
    "result_count": 1
  },
  {
    "issuer_ca_id": 295813,
    "issuer_name": "C=US, O=Let's Encrypt, CN=E7",
    "name_value": "lesp.ntu.edu.tw",
    "id": 21263517906,
    "entry_timestamp": "2025-09-24T09:11:33.241",
    "not_before": "2025-09-24T08:13:03",
    "not_after": "2025-12-23T08:13:02",
    "serial_number": "06f56a224d8e1ab2fa89d6be90703d5f7e0c",
    "result_count": 1
  },
  {
    "issuer_ca_id": 295813,
    "issuer_name": "C=US, O=Let's Encrypt, CN=E7",
    "name_value": "www.care.ntu.edu.tw",
    "id": 21244409475,
    "entry_timestamp": "2025-09-24T09:10:58.049",
    "not_before": "2025-09-24T08:12:27",
    "not_after": "2025-12-23T08:12:26",
    "serial_number": "062bb978d55881636fb54f7a82c2594e988b",
    "result_count": 1
  },
  {
    "issuer_ca_id": 295813,
    "issuer_name": "C=US, O=Let's Encrypt, CN=E7",
    "name_value": "www.care.ntu.edu.tw",
    "id": 21263501681,
    "entry_timestamp": "2025-09-24T09:10:57.922",
    "not_before": "2025-09-24T08:12:27",
    "not_after": "2025-12-23T08:12:26",
    "serial_number": "062bb978d55881636fb54f7a82c2594e988b",
    "result_count": 1
  },
  {
    "issuer_ca_id": 295813,
    "issuer_name": "C=US, O=Let's Encrypt, CN=E7",
    "name_value": "www.lec.ntu.edu.tw",
    "id": 21243292954,
    "entry_timestamp": "2025-09-24T09:10:13.495",
    "not_before": "2025-09-24T08:11:42",
    "not_after": "2025-12-23T08:11:41",
    "serial_number": "0586a31b4dc256910971fb03260c72d832cc",
    "result_count": 1
  },
  {
    "issuer_ca_id": 295813,
    "issuer_name": "C=US, O=Let's Encrypt, CN=E7",
    "name_value": "www.lec.ntu.edu.tw",
    "id": 21243284138,
    "entry_timestamp": "2025-09-24T09:10:13.083",
    "not_before": "2025-09-24T08:11:42",
    "not_after": "2025-12-23T08:11:41",
    "serial_number": "0586a31b4dc256910971fb03260c72d832cc",
    "result_count": 1
  },
  {
    "issuer_ca_id": 279003,
    "issuer_name": "C=TW, O=TAIWAN-CA, CN=TWCA Secure SSL Certification Authority",
    "name_value": "wmail1.cc.ntu.edu.tw",
    "id": 21241744004,
    "entry_timestamp": "2025-09-24T08:09:43.442",
    "not_before": "2025-09-24T08:09:40",
    "not_after": "2026-10-12T15:59:59",
    "serial_number": "47e900000008820b64b2ed98a8a78c0e",
    "result_count": 1
  },
  {
    "issuer_ca_id": 279003,
    "issuer_name": "C=TW, O=TAIWAN-CA, CN=TWCA Secure SSL Certification Authority",
    "name_value": "wmail1.cc.ntu.edu.tw",
    "id": 21241744002,
    "entry_timestamp": "2025-09-24T08:09:42.802",
    "not_before": "2025-09-24T08:09:40",
    "not_after": "2026-10-12T15:59:59",
    "serial_number": "47e900000008820b64b2ed98a8a78c0e",
    "result_count": 1
  },
  {
    "issuer_ca_id": 279003,
    "issuer_name": "C=TW, O=TAIWAN-CA, CN=TWCA Secure SSL Certification Authority",
    "name_value": "web4.cc.ntu.edu.tw",
    "id": 21241707323,
    "entry_timestamp": "2025-09-24T08:08:09.942",
    "not_before": "2025-09-24T08:08:08",
    "not_after": "2026-10-20T15:59:59",
    "serial_number": "47e900000008820a7c940a271005b3b0",
    "result_count": 1
  },
  {
    "issuer_ca_id": 279003,
    "issuer_name": "C=TW, O=TAIWAN-CA, CN=TWCA Secure SSL Certification Authority",
    "name_value": "web4.cc.ntu.edu.tw",
    "id": 21241707052,
    "entry_timestamp": "2025-09-24T08:08:09.564",
    "not_before": "2025-09-24T08:08:08",
    "not_after": "2026-10-20T15:59:59",
    "serial_number": "47e900000008820a7c940a271005b3b0",
    "result_count": 1
  },
  {
    "issuer_ca_id": 279003,
    "issuer_name": "C=TW, O=TAIWAN-CA, CN=TWCA Secure SSL Certification Authority",
    "name_value": "web2.cc.ntu.edu.tw",
    "id": 21241705474,
    "entry_timestamp": "2025-09-24T08:07:16.628",
    "not_before": "2025-09-24T08:07:14",
    "not_after": "2026-10-06T15:59:59",
    "serial_number": "47e900000008820952ae264def9bb641",
    "result_count": 1
  },
  {
    "issuer_ca_id": 279003,
    "issuer_name": "C=TW, O=TAIWAN-CA, CN=TWCA Secure SSL Certification Authority",
    "name_value": "web2.cc.ntu.edu.tw",
    "id": 21241689930,
    "entry_timestamp": "2025-09-24T08:07:15.661",
    "not_before": "2025-09-24T08:07:14",
    "not_after": "2026-10-06T15:59:59",
    "serial_number": "47e900000008820952ae264def9bb641",
    "result_count": 1
  },
  {
    "issuer_ca_id": 295817,
    "issuer_name": "C=US, O=Let's Encrypt, CN=R13",
    "name_value": "www.lis.ntu.edu.tw",
    "id": 21239856000,
    "entry_timestamp": "2025-09-24T05:01:10.534",
    "not_before": "2025-09-24T04:02:38",
    "not_after": "2025-12-23T04:02:37",
    "serial_number": "064364cf4b0d20e79b93193cd8490375e237",
    "result_count": 1
  },
  {
    "issuer_ca_id": 295817,
    "issuer_name": "C=US, O=Let's Encrypt, CN=R13",
    "name_value": "www.lis.ntu.edu.tw",
    "id": 21257348589,
    "entry_timestamp": "2025-09-24T05:01:08.405",
    "not_before": "2025-09-24T04:02:38",
    "not_after": "2025-12-23T04:02:37",
    "serial_number": "064364cf4b0d20e79b93193cd8490375e237",
    "result_count": 1
  },
  {
    "issuer_ca_id": 295817,
    "issuer_name": "C=US, O=Let's Encrypt, CN=R13",
    "name_value": "www.cbt.ntu.edu.tw",
    "id": 21250790735,
    "entry_timestamp": "2025-09-24T02:15:47.201",
    "not_before": "2025-09-24T01:17:16",
    "not_after": "2025-12-23T01:17:15",
    "serial_number": "05f7453a252a776ec6174abaec8e230706c9",
    "result_count": 1
  },
  {
    "issuer_ca_id": 295817,
    "issuer_name": "C=US, O=Let's Encrypt, CN=R13",
    "name_value": "www.cbt.ntu.edu.tw",
    "id": 21274122534,
    "entry_timestamp": "2025-09-24T02:15:46.851",
    "not_before": "2025-09-24T01:17:16",
    "not_after": "2025-12-23T01:17:15",
    "serial_number": "05f7453a252a776ec6174abaec8e230706c9",
    "result_count": 1
  },
  {
    "issuer_ca_id": 295817,
    "issuer_name": "C=US, O=Let's Encrypt, CN=R13",
    "name_value": "gscholar.ntu.edu.tw",
    "id": 21280579764,
    "entry_timestamp": "2025-09-23T21:40:29.299",
    "not_before": "2025-09-23T20:41:58",
    "not_after": "2025-12-22T20:41:57",
    "serial_number": "05745b9d33dc9aaa6a7c8f092b07a51417ec",
    "result_count": 1
  },
  {
    "issuer_ca_id": 295817,
    "issuer_name": "C=US, O=Let's Encrypt, CN=R13",
    "name_value": "gscholar.ntu.edu.tw",
    "id": 21260024844,
    "entry_timestamp": "2025-09-23T21:40:28.945",
    "not_before": "2025-09-23T20:41:58",
    "not_after": "2025-12-22T20:41:57",
    "serial_number": "05745b9d33dc9aaa6a7c8f092b07a51417ec",
    "result_count": 1
  },
  {
    "issuer_ca_id": 295817,
    "issuer_name": "C=US, O=Let's Encrypt, CN=R13",
    "name_value": "www.agec.ntu.edu.tw",
    "id": 21221198020,
    "entry_timestamp": "2025-09-23T10:14:04.885",
    "not_before": "2025-09-23T09:15:34",
    "not_after": "2025-12-22T09:15:33",
    "serial_number": "0567606c10633765bba4f574c393be53aa35",
    "result_count": 1
  },
  {
    "issuer_ca_id": 295817,
    "issuer_name": "C=US, O=Let's Encrypt, CN=R13",
    "name_value": "www.agec.ntu.edu.tw",
    "id": 21219315535,
    "entry_timestamp": "2025-09-23T10:14:04.58",
    "not_before": "2025-09-23T09:15:34",
    "not_after": "2025-12-22T09:15:33",
    "serial_number": "0567606c10633765bba4f574c393be53aa35",
    "result_count": 1
  },
  {
    "issuer_ca_id": 295809,
    "issuer_name": "C=US, O=Let's Encrypt, CN=E8",
    "name_value": "chat.pailab.csie.ntu.edu.tw",
    "id": 21218133740,
    "entry_timestamp": "2025-09-23T07:48:30.416",
    "not_before": "2025-09-23T06:49:59",
    "not_after": "2025-12-22T06:49:58",
    "serial_number": "063768ce6a4d7ff0682b73837d5b37ae4404",
    "result_count": 1
  },
  {
    "issuer_ca_id": 295809,
    "issuer_name": "C=US, O=Let's Encrypt, CN=E8",
    "name_value": "chat.pailab.csie.ntu.edu.tw",
    "id": 21242536733,
    "entry_timestamp": "2025-09-23T07:48:30.017",
    "not_before": "2025-09-23T06:49:59",
    "not_after": "2025-12-22T06:49:58",
    "serial_number": "063768ce6a4d7ff0682b73837d5b37ae4404",
    "result_count": 1
  },
  {
    "issuer_ca_id": 295816,
    "issuer_name": "C=US, O=Let's Encrypt, CN=R12",
    "name_value": "server-api-k8s.toolmen.bime.ntu.edu.tw",
    "id": 21218690093,
    "entry_timestamp": "2025-09-23T07:33:38.974",
    "not_before": "2025-09-23T06:35:08",
    "not_after": "2025-12-22T06:35:07",
    "serial_number": "0600bbf84ee79395f46afcb83126d54be501",
    "result_count": 1
  },
  {
    "issuer_ca_id": 295816,
    "issuer_name": "C=US, O=Let's Encrypt, CN=R12",
    "name_value": "server-api-k8s.toolmen.bime.ntu.edu.tw",
    "id": 21217073540,
    "entry_timestamp": "2025-09-23T07:33:38.876",
    "not_before": "2025-09-23T06:35:08",
    "not_after": "2025-12-22T06:35:07",
    "serial_number": "0600bbf84ee79395f46afcb83126d54be501",
    "result_count": 1
  },
  {
    "issuer_ca_id": 295817,
    "issuer_name": "C=US, O=Let's Encrypt, CN=R13",
    "name_value": "server.toolmen.bime.ntu.edu.tw",
    "id": 21241260472,
    "entry_timestamp": "2025-09-23T07:33:38.808",
    "not_before": "2025-09-23T06:35:08",
    "not_after": "2025-12-22T06:35:07",
    "serial_number": "06d34410121d34d734c26d10b414cd969a7b",
    "result_count": 1
  },
  {
    "issuer_ca_id": 295817,
    "issuer_name": "C=US, O=Let's Encrypt, CN=R13",
    "name_value": "server.toolmen.bime.ntu.edu.tw",
    "id": 21241890618,
    "entry_timestamp": "2025-09-23T07:33:38.614",
    "not_before": "2025-09-23T06:35:08",
    "not_after": "2025-12-22T06:35:07",
    "serial_number": "06d34410121d34d734c26d10b414cd969a7b",
    "result_count": 1
  },
  {
    "issuer_ca_id": 295816,
    "issuer_name": "C=US, O=Let's Encrypt, CN=R12",
    "name_value": "server-api.toolmen.bime.ntu.edu.tw",
    "id": 21217720463,
    "entry_timestamp": "2025-09-23T07:33:37.516",
    "not_before": "2025-09-23T06:35:07",
    "not_after": "2025-12-22T06:35:06",
    "serial_number": "06c2eec7d4a20c248c3e59a1eb608eafa538",
    "result_count": 1
  },
  {
    "issuer_ca_id": 295816,
    "issuer_name": "C=US, O=Let's Encrypt, CN=R12",
    "name_value": "server-api.toolmen.bime.ntu.edu.tw",
    "id": 21241901724,
    "entry_timestamp": "2025-09-23T07:33:37.356",
    "not_before": "2025-09-23T06:35:07",
    "not_after": "2025-12-22T06:35:06",
    "serial_number": "06c2eec7d4a20c248c3e59a1eb608eafa538",
    "result_count": 1
  },
  {
    "issuer_ca_id": 295816,
    "issuer_name": "C=US, O=Let's Encrypt, CN=R12",
    "name_value": "aitomato.toolmen.bime.ntu.edu.tw",
    "id": 21217875973,
    "entry_timestamp": "2025-09-23T07:24:57.186",
    "not_before": "2025-09-23T06:26:26",
    "not_after": "2025-12-22T06:26:25",
    "serial_number": "06bcd48a6337a926c1c7afd97c1b12890695",
    "result_count": 1
  },
  {
    "issuer_ca_id": 295816,
    "issuer_name": "C=US, O=Let's Encrypt, CN=R12",
    "name_value": "aitomato.toolmen.bime.ntu.edu.tw",
    "id": 21229097159,
    "entry_timestamp": "2025-09-23T07:24:57.05",
    "not_before": "2025-09-23T06:26:26",
    "not_after": "2025-12-22T06:26:25",
    "serial_number": "06bcd48a6337a926c1c7afd97c1b12890695",
    "result_count": 1
  },
  {
    "issuer_ca_id": 295816,
    "issuer_name": "C=US, O=Let's Encrypt, CN=R12",
    "name_value": "odbsso.oc.ntu.edu.tw",
    "id": 21215705581,
    "entry_timestamp": "2025-09-23T04:41:00.408",
    "not_before": "2025-09-23T03:42:29",
    "not_after": "2025-12-22T03:42:28",
    "serial_number": "0591a5f444e1899e72072d0ce9acfc4c1528",
    "result_count": 1
  },
  {
    "issuer_ca_id": 295816,
    "issuer_name": "C=US, O=Let's Encrypt, CN=R12",
    "name_value": "odbsso.oc.ntu.edu.tw",
    "id": 21225277091,
    "entry_timestamp": "2025-09-23T04:41:00.229",
    "not_before": "2025-09-23T03:42:29",
    "not_after": "2025-12-22T03:42:28",
    "serial_number": "0591a5f444e1899e72072d0ce9acfc4c1528",
    "result_count": 1
  },
  {
    "issuer_ca_id": 295816,
    "issuer_name": "C=US, O=Let's Encrypt, CN=R12",
    "name_value": "exam.lib.ntu.edu.tw",
    "id": 21216985019,
    "entry_timestamp": "2025-09-23T04:08:28.895",
    "not_before": "2025-09-23T03:09:58",
    "not_after": "2025-12-22T03:09:57",
    "serial_number": "06d9e17add22dc09fad289be08bdfd9cda1c",
    "result_count": 1
  },
  {
    "issuer_ca_id": 295816,
    "issuer_name": "C=US, O=Let's Encrypt, CN=R12",
    "name_value": "exam.lib.ntu.edu.tw",
    "id": 21231799617,
    "entry_timestamp": "2025-09-23T04:08:28.763",
    "not_before": "2025-09-23T03:09:58",
    "not_after": "2025-12-22T03:09:57",
    "serial_number": "06d9e17add22dc09fad289be08bdfd9cda1c",
    "result_count": 1
  },
  {
    "issuer_ca_id": 295813,
    "issuer_name": "C=US, O=Let's Encrypt, CN=E7",
    "name_value": "artfest.ntu.edu.tw",
    "id": 21213330487,
    "entry_timestamp": "2025-09-23T02:26:40.446",
    "not_before": "2025-09-23T01:28:07",
    "not_after": "2025-12-22T01:28:06",
    "serial_number": "053834776585d7d56457d904fd384644145c",
    "result_count": 1
  },
  {
    "issuer_ca_id": 295813,
    "issuer_name": "C=US, O=Let's Encrypt, CN=E7",
    "name_value": "artfest.ntu.edu.tw",
    "id": 21222460100,
    "entry_timestamp": "2025-09-23T02:26:37.827",
    "not_before": "2025-09-23T01:28:07",
    "not_after": "2025-12-22T01:28:06",
    "serial_number": "053834776585d7d56457d904fd384644145c",
    "result_count": 1
  },
  {
    "issuer_ca_id": 295816,
    "issuer_name": "C=US, O=Let's Encrypt, CN=R12",
    "name_value": "train.csie.ntu.edu.tw",
    "id": 21214439472,
    "entry_timestamp": "2025-09-22T19:16:05.504",
    "not_before": "2025-09-22T18:17:33",
    "not_after": "2025-12-21T18:17:32",
    "serial_number": "065da0a3733ebc9466753b0966021a6626ff",
    "result_count": 1
  },
  {
    "issuer_ca_id": 295816,
    "issuer_name": "C=US, O=Let's Encrypt, CN=R12",
    "name_value": "train.csie.ntu.edu.tw",
    "id": 21214439476,
    "entry_timestamp": "2025-09-22T19:16:03.38",
    "not_before": "2025-09-22T18:17:33",
    "not_after": "2025-12-21T18:17:32",
    "serial_number": "065da0a3733ebc9466753b0966021a6626ff",
    "result_count": 1
  },
  {
    "issuer_ca_id": 295816,
    "issuer_name": "C=US, O=Let's Encrypt, CN=R12",
    "name_value": "minio.im.ntu.edu.tw",
    "id": 21208214101,
    "entry_timestamp": "2025-09-22T18:45:56.893",
    "not_before": "2025-09-22T17:47:26",
    "not_after": "2025-12-21T17:47:25",
    "serial_number": "058804f2ef72050dfc60a65a9a6455bae9b0",
    "result_count": 1
  },
  {
    "issuer_ca_id": 295816,
    "issuer_name": "C=US, O=Let's Encrypt, CN=R12",
    "name_value": "minio.im.ntu.edu.tw",
    "id": 21207184499,
    "entry_timestamp": "2025-09-22T18:45:56.622",
    "not_before": "2025-09-22T17:47:26",
    "not_after": "2025-12-21T17:47:25",
    "serial_number": "058804f2ef72050dfc60a65a9a6455bae9b0",
    "result_count": 1
  },
  {
    "issuer_ca_id": 295817,
    "issuer_name": "C=US, O=Let's Encrypt, CN=R13",
    "name_value": "www.bime.ntu.edu.tw",
    "id": 21206748166,
    "entry_timestamp": "2025-09-22T16:18:01.165",
    "not_before": "2025-09-22T15:19:30",
    "not_after": "2025-12-21T15:19:29",
    "serial_number": "052b4091c28c2463869a7ed0598d27643974",
    "result_count": 1
  },
  {
    "issuer_ca_id": 295817,
    "issuer_name": "C=US, O=Let's Encrypt, CN=R13",
    "name_value": "www.bime.ntu.edu.tw",
    "id": 21204894895,
    "entry_timestamp": "2025-09-22T16:18:00.936",
    "not_before": "2025-09-22T15:19:30",
    "not_after": "2025-12-21T15:19:29",
    "serial_number": "052b4091c28c2463869a7ed0598d27643974",
    "result_count": 1
  },
  {
    "issuer_ca_id": 295817,
    "issuer_name": "C=US, O=Let's Encrypt, CN=R13",
    "name_value": "pc217.ee.ntu.edu.tw",
    "id": 21204437587,
    "entry_timestamp": "2025-09-22T15:20:51.741",
    "not_before": "2025-09-22T14:22:21",
    "not_after": "2025-12-21T14:22:20",
    "serial_number": "0670cc4434d5b4765aaf17208451a8338776",
    "result_count": 1
  },
  {
    "issuer_ca_id": 295817,
    "issuer_name": "C=US, O=Let's Encrypt, CN=R13",
    "name_value": "pc217.ee.ntu.edu.tw",
    "id": 21203810897,
    "entry_timestamp": "2025-09-22T15:20:51.406",
    "not_before": "2025-09-22T14:22:21",
    "not_after": "2025-12-21T14:22:20",
    "serial_number": "0670cc4434d5b4765aaf17208451a8338776",
    "result_count": 1
  },
  {
    "issuer_ca_id": 295816,
    "issuer_name": "C=US, O=Let's Encrypt, CN=R12",
    "name_value": "outline.im.ntu.edu.tw",
    "id": 21200220317,
    "entry_timestamp": "2025-09-22T11:33:36.119",
    "not_before": "2025-09-22T10:35:05",
    "not_after": "2025-12-21T10:35:04",
    "serial_number": "05796598f39868ca3bb663e5a352847bfe5c",
    "result_count": 1
  },
  {
    "issuer_ca_id": 295816,
    "issuer_name": "C=US, O=Let's Encrypt, CN=R12",
    "name_value": "outline.im.ntu.edu.tw",
    "id": 21199767752,
    "entry_timestamp": "2025-09-22T11:33:35.804",
    "not_before": "2025-09-22T10:35:05",
    "not_after": "2025-12-21T10:35:04",
    "serial_number": "05796598f39868ca3bb663e5a352847bfe5c",
    "result_count": 1
  },
  {
    "issuer_ca_id": 295813,
    "issuer_name": "C=US, O=Let's Encrypt, CN=E7",
    "name_value": "cad2.csie.ntu.edu.tw",
    "id": 21199764286,
    "entry_timestamp": "2025-09-22T11:30:35.023",
    "not_before": "2025-09-22T10:32:04",
    "not_after": "2025-12-21T10:32:03",
    "serial_number": "05b81f6b123cf83b879b2cfdbfb8a961a47f",
    "result_count": 1
  },
  {
    "issuer_ca_id": 295813,
    "issuer_name": "C=US, O=Let's Encrypt, CN=E7",
    "name_value": "cad2.csie.ntu.edu.tw",
    "id": 21200764919,
    "entry_timestamp": "2025-09-22T11:30:34.703",
    "not_before": "2025-09-22T10:32:04",
    "not_after": "2025-12-21T10:32:03",
    "serial_number": "05b81f6b123cf83b879b2cfdbfb8a961a47f",
    "result_count": 1
  },
  {
    "issuer_ca_id": 295816,
    "issuer_name": "C=US, O=Let's Encrypt, CN=R12",
    "name_value": "cad2.csie.ntu.edu.tw",
    "id": 21199764529,
    "entry_timestamp": "2025-09-22T11:30:30.821",
    "not_before": "2025-09-22T10:32:00",
    "not_after": "2025-12-21T10:31:59",
    "serial_number": "0673e15f3eb5c6528d648b0e18acd71d2df7",
    "result_count": 1
  },
  {
    "issuer_ca_id": 295816,
    "issuer_name": "C=US, O=Let's Encrypt, CN=R12",
    "name_value": "cad2.csie.ntu.edu.tw",
    "id": 21200764786,
    "entry_timestamp": "2025-09-22T11:30:30.649",
    "not_before": "2025-09-22T10:32:00",
    "not_after": "2025-12-21T10:31:59",
    "serial_number": "0673e15f3eb5c6528d648b0e18acd71d2df7",
    "result_count": 1
  },
  {
    "issuer_ca_id": 295817,
    "issuer_name": "C=US, O=Let's Encrypt, CN=R13",
    "name_value": "internal.im.ntu.edu.tw",
    "id": 21200735698,
    "entry_timestamp": "2025-09-22T11:29:20.452",
    "not_before": "2025-09-22T10:30:50",
    "not_after": "2025-12-21T10:30:49",
    "serial_number": "068bf7f0298c4993ab424a222ad0aba68e13",
    "result_count": 1
  },
  {
    "issuer_ca_id": 295817,
    "issuer_name": "C=US, O=Let's Encrypt, CN=R13",
    "name_value": "internal.im.ntu.edu.tw",
    "id": 21200036992,
    "entry_timestamp": "2025-09-22T11:29:20.156",
    "not_before": "2025-09-22T10:30:50",
    "not_after": "2025-12-21T10:30:49",
    "serial_number": "068bf7f0298c4993ab424a222ad0aba68e13",
    "result_count": 1
  },
  {
    "issuer_ca_id": 295816,
    "issuer_name": "C=US, O=Let's Encrypt, CN=R12",
    "name_value": "politics.ntu.edu.tw",
    "id": 21196837452,
    "entry_timestamp": "2025-09-22T08:32:45.446",
    "not_before": "2025-09-22T07:34:15",
    "not_after": "2025-12-21T07:34:14",
    "serial_number": "06d825456caf1909c17b665f15c54f90f916",
    "result_count": 1
  },
  {
    "issuer_ca_id": 295816,
    "issuer_name": "C=US, O=Let's Encrypt, CN=R12",
    "name_value": "politics.ntu.edu.tw",
    "id": 21196838669,
    "entry_timestamp": "2025-09-22T08:32:45.333",
    "not_before": "2025-09-22T07:34:15",
    "not_after": "2025-12-21T07:34:14",
    "serial_number": "06d825456caf1909c17b665f15c54f90f916",
    "result_count": 1
  },
  {
    "issuer_ca_id": 295817,
    "issuer_name": "C=US, O=Let's Encrypt, CN=R13",
    "name_value": "30anniversary.im.ntu.edu.tw",
    "id": 21195826958,
    "entry_timestamp": "2025-09-22T07:29:12.563",
    "not_before": "2025-09-22T06:30:41",
    "not_after": "2025-12-21T06:30:40",
    "serial_number": "054aa379132e1420a11fac579dcf4637fb67",
    "result_count": 1
  },
  {
    "issuer_ca_id": 295817,
    "issuer_name": "C=US, O=Let's Encrypt, CN=R13",
    "name_value": "30anniversary.im.ntu.edu.tw",
    "id": 21195799436,
    "entry_timestamp": "2025-09-22T07:29:12.367",
    "not_before": "2025-09-22T06:30:41",
    "not_after": "2025-12-21T06:30:40",
    "serial_number": "054aa379132e1420a11fac579dcf4637fb67",
    "result_count": 1
  },
  {
    "issuer_ca_id": 295816,
    "issuer_name": "C=US, O=Let's Encrypt, CN=R12",
    "name_value": "mail.odb.ntu.edu.tw",
    "id": 21193563133,
    "entry_timestamp": "2025-09-22T05:04:12.777",
    "not_before": "2025-09-22T04:05:40",
    "not_after": "2025-12-21T04:05:39",
    "serial_number": "055ae2a5832b72daeab656ddf149078ec636",
    "result_count": 1
  },
  {
    "issuer_ca_id": 295816,
    "issuer_name": "C=US, O=Let's Encrypt, CN=R12",
    "name_value": "mail.odb.ntu.edu.tw",
    "id": 21193562732,
    "entry_timestamp": "2025-09-22T05:04:10.621",
    "not_before": "2025-09-22T04:05:40",
    "not_after": "2025-12-21T04:05:39",
    "serial_number": "055ae2a5832b72daeab656ddf149078ec636",
    "result_count": 1
  },
  {
    "issuer_ca_id": 295816,
    "issuer_name": "C=US, O=Let's Encrypt, CN=R12",
    "name_value": "b224.iam.ntu.edu.tw",
    "id": 21190413288,
    "entry_timestamp": "2025-09-22T01:39:00.525",
    "not_before": "2025-09-22T00:40:30",
    "not_after": "2025-12-21T00:40:29",
    "serial_number": "0592568523c840c249071d901d6e5fb29731",
    "result_count": 1
  },
  {
    "issuer_ca_id": 295816,
    "issuer_name": "C=US, O=Let's Encrypt, CN=R12",
    "name_value": "b224.iam.ntu.edu.tw",
    "id": 21191814572,
    "entry_timestamp": "2025-09-22T01:39:00.283",
    "not_before": "2025-09-22T00:40:30",
    "not_after": "2025-12-21T00:40:29",
    "serial_number": "0592568523c840c249071d901d6e5fb29731",
    "result_count": 1
  },
  {
    "issuer_ca_id": 295809,
    "issuer_name": "C=US, O=Let's Encrypt, CN=E8",
    "name_value": "www.iam.ntu.edu.tw",
    "id": 21190379466,
    "entry_timestamp": "2025-09-22T01:36:11.146",
    "not_before": "2025-09-22T00:37:40",
    "not_after": "2025-12-21T00:37:39",
    "serial_number": "05fea6d03ecb2b0bbbe9f54051fd47ebdfcf",
    "result_count": 1
  },
  {
    "issuer_ca_id": 295809,
    "issuer_name": "C=US, O=Let's Encrypt, CN=E8",
    "name_value": "www.iam.ntu.edu.tw",
    "id": 21190329659,
    "entry_timestamp": "2025-09-22T01:36:10.424",
    "not_before": "2025-09-22T00:37:40",
    "not_after": "2025-12-21T00:37:39",
    "serial_number": "05fea6d03ecb2b0bbbe9f54051fd47ebdfcf",
    "result_count": 1
  },
  {
    "issuer_ca_id": 295813,
    "issuer_name": "C=US, O=Let's Encrypt, CN=E7",
    "name_value": "www.iam.ntu.edu.tw",
    "id": 21190375483,
    "entry_timestamp": "2025-09-22T01:35:41.844",
    "not_before": "2025-09-22T00:37:11",
    "not_after": "2025-12-21T00:37:10",
    "serial_number": "05d1440c084665451f945a1d12b62c510778",
    "result_count": 1
  },
  {
    "issuer_ca_id": 295813,
    "issuer_name": "C=US, O=Let's Encrypt, CN=E7",
    "name_value": "www.iam.ntu.edu.tw",
    "id": 21190324926,
    "entry_timestamp": "2025-09-22T01:35:41.565",
    "not_before": "2025-09-22T00:37:11",
    "not_after": "2025-12-21T00:37:10",
    "serial_number": "05d1440c084665451f945a1d12b62c510778",
    "result_count": 1
  },
  {
    "issuer_ca_id": 295817,
    "issuer_name": "C=US, O=Let's Encrypt, CN=R13",
    "name_value": "nanoenv.gl.ntu.edu.tw",
    "id": 21187363488,
    "entry_timestamp": "2025-09-21T22:33:04.534",
    "not_before": "2025-09-21T21:34:33",
    "not_after": "2025-12-20T21:34:32",
    "serial_number": "054bf8235aedaa2453fed076f9fe1f38dcbe",
    "result_count": 1
  },
  {
    "issuer_ca_id": 295817,
    "issuer_name": "C=US, O=Let's Encrypt, CN=R13",
    "name_value": "nanoenv.gl.ntu.edu.tw",
    "id": 21187296682,
    "entry_timestamp": "2025-09-21T22:33:04.189",
    "not_before": "2025-09-21T21:34:33",
    "not_after": "2025-12-20T21:34:32",
    "serial_number": "054bf8235aedaa2453fed076f9fe1f38dcbe",
    "result_count": 1
  },
  {
    "issuer_ca_id": 295809,
    "issuer_name": "C=US, O=Let's Encrypt, CN=E8",
    "name_value": "quantum.ntu.edu.tw",
    "id": 21186806208,
    "entry_timestamp": "2025-09-21T21:57:55.702",
    "not_before": "2025-09-21T20:59:25",
    "not_after": "2025-12-20T20:59:24",
    "serial_number": "067a532f831d6d2c7856fbd1cb2977c3bbb0",
    "result_count": 1
  },
  {
    "issuer_ca_id": 295809,
    "issuer_name": "C=US, O=Let's Encrypt, CN=E8",
    "name_value": "quantum.ntu.edu.tw",
    "id": 21186793058,
    "entry_timestamp": "2025-09-21T21:57:55.554",
    "not_before": "2025-09-21T20:59:25",
    "not_after": "2025-12-20T20:59:24",
    "serial_number": "067a532f831d6d2c7856fbd1cb2977c3bbb0",
    "result_count": 1
  },
  {
    "issuer_ca_id": 295809,
    "issuer_name": "C=US, O=Let's Encrypt, CN=E8",
    "name_value": "cab.im.ntu.edu.tw",
    "id": 21182560685,
    "entry_timestamp": "2025-09-21T17:19:19.379",
    "not_before": "2025-09-21T16:20:48",
    "not_after": "2025-12-20T16:20:47",
    "serial_number": "05ee58ad097c5e52f8459221328f6c50e0c9",
    "result_count": 1
  },
  {
    "issuer_ca_id": 295809,
    "issuer_name": "C=US, O=Let's Encrypt, CN=E8",
    "name_value": "cab.im.ntu.edu.tw",
    "id": 21182552506,
    "entry_timestamp": "2025-09-21T17:19:18.35",
    "not_before": "2025-09-21T16:20:48",
    "not_after": "2025-12-20T16:20:47",
    "serial_number": "05ee58ad097c5e52f8459221328f6c50e0c9",
    "result_count": 1
  },
  {
    "issuer_ca_id": 295817,
    "issuer_name": "C=US, O=Let's Encrypt, CN=R13",
    "name_value": "cab.im.ntu.edu.tw",
    "id": 21182557056,
    "entry_timestamp": "2025-09-21T17:19:13.575",
    "not_before": "2025-09-21T16:20:41",
    "not_after": "2025-12-20T16:20:40",
    "serial_number": "0591de112a1086ad4d2b6d41de25810cdde5",
    "result_count": 1
  },
  {
    "issuer_ca_id": 295817,
    "issuer_name": "C=US, O=Let's Encrypt, CN=R13",
    "name_value": "cab.im.ntu.edu.tw",
    "id": 21182548668,
    "entry_timestamp": "2025-09-21T17:19:11.328",
    "not_before": "2025-09-21T16:20:41",
    "not_after": "2025-12-20T16:20:40",
    "serial_number": "0591de112a1086ad4d2b6d41de25810cdde5",
    "result_count": 1
  },
  {
    "issuer_ca_id": 295817,
    "issuer_name": "C=US, O=Let's Encrypt, CN=R13",
    "name_value": "rlt.lis.ntu.edu.tw",
    "id": 21181890896,
    "entry_timestamp": "2025-09-21T16:36:21.492",
    "not_before": "2025-09-21T15:37:51",
    "not_after": "2025-12-20T15:37:50",
    "serial_number": "064d4325192b5a0702daa38d113afee58689",
    "result_count": 1
  },
  {
    "issuer_ca_id": 295817,
    "issuer_name": "C=US, O=Let's Encrypt, CN=R13",
    "name_value": "rlt.lis.ntu.edu.tw",
    "id": 21181869321,
    "entry_timestamp": "2025-09-21T16:36:21.304",
    "not_before": "2025-09-21T15:37:51",
    "not_after": "2025-12-20T15:37:50",
    "serial_number": "064d4325192b5a0702daa38d113afee58689",
    "result_count": 1
  },
  {
    "issuer_ca_id": 286244,
    "issuer_name": "C=US, O=Google Trust Services, CN=WR3",
    "name_value": "smslab.esoe.ntu.edu.tw",
    "id": 21180879007,
    "entry_timestamp": "2025-09-21T15:38:42.049",
    "not_before": "2025-09-21T14:38:41",
    "not_after": "2025-12-20T15:30:54",
    "serial_number": "00d536d21b1014bbe20a8959304bc5c569",
    "result_count": 1
  },
  {
    "issuer_ca_id": 286236,
    "issuer_name": "C=US, O=Google Trust Services, CN=WE1",
    "name_value": "www.cdbrm.ntu.edu.tw",
    "id": 21176201537,
    "entry_timestamp": "2025-09-21T11:06:40.943",
    "not_before": "2025-09-21T09:22:35",
    "not_after": "2025-12-20T10:22:23",
    "serial_number": "0bf0b933eb2bd59113fc9b654b2b4577",
    "result_count": 1
  },
  {
    "issuer_ca_id": 295816,
    "issuer_name": "C=US, O=Let's Encrypt, CN=R12",
    "name_value": "hep.phys.ntu.edu.tw",
    "id": 21175859888,
    "entry_timestamp": "2025-09-21T10:43:52.074",
    "not_before": "2025-09-21T09:45:21",
    "not_after": "2025-12-20T09:45:20",
    "serial_number": "0660014dc8184af62cad1d786f883a3ad71a",
    "result_count": 1
  },
  {
    "issuer_ca_id": 295816,
    "issuer_name": "C=US, O=Let's Encrypt, CN=R12",
    "name_value": "hep.phys.ntu.edu.tw",
    "id": 21175838717,
    "entry_timestamp": "2025-09-21T10:43:51.882",
    "not_before": "2025-09-21T09:45:21",
    "not_after": "2025-12-20T09:45:20",
    "serial_number": "0660014dc8184af62cad1d786f883a3ad71a",
    "result_count": 1
  },
  {
    "issuer_ca_id": 286236,
    "issuer_name": "C=US, O=Google Trust Services, CN=WE1",
    "name_value": "www.cdbrm.ntu.edu.tw",
    "id": 21175524526,
    "entry_timestamp": "2025-09-21T10:22:35.975",
    "not_before": "2025-09-21T09:22:35",
    "not_after": "2025-12-20T10:22:23",
    "serial_number": "0bf0b933eb2bd59113fc9b654b2b4577",
    "result_count": 1
  },
  {
    "issuer_ca_id": 286242,
    "issuer_name": "C=US, O=Google Trust Services, CN=WR1",
    "name_value": "www.cdbrm.ntu.edu.tw",
    "id": 21175510921,
    "entry_timestamp": "2025-09-21T10:22:17.615",
    "not_before": "2025-09-21T09:22:17",
    "not_after": "2025-12-20T10:20:55",
    "serial_number": "36db55d2d077577b0dc18573742eb271",
    "result_count": 1
  },
  {
    "issuer_ca_id": 158799,
    "issuer_name": "C=AT, O=ZeroSSL, CN=ZeroSSL ECC Domain Secure Site CA",
    "name_value": "disp.ee.ntu.edu.tw",
    "id": 21165323223,
    "entry_timestamp": "2025-09-20T22:42:40.987",
    "not_before": "2025-09-20T00:00:00",
    "not_after": "2025-12-19T23:59:59",
    "serial_number": "0088cb7430067b00ce3df8fc8eb793e5ca",
    "result_count": 1
  },
  {
    "issuer_ca_id": 158799,
    "issuer_name": "C=AT, O=ZeroSSL, CN=ZeroSSL ECC Domain Secure Site CA",
    "name_value": "disp.ee.ntu.edu.tw",
    "id": 21165323260,
    "entry_timestamp": "2025-09-20T22:42:40.087",
    "not_before": "2025-09-20T00:00:00",
    "not_after": "2025-12-19T23:59:59",
    "serial_number": "0088cb7430067b00ce3df8fc8eb793e5ca",
    "result_count": 1
  },
  {
    "issuer_ca_id": 295816,
    "issuer_name": "C=US, O=Let's Encrypt, CN=R12",
    "name_value": "lads.ee.ntu.edu.tw",
    "id": 21160007351,
    "entry_timestamp": "2025-09-20T16:59:48.361",
    "not_before": "2025-09-20T16:01:17",
    "not_after": "2025-12-19T16:01:16",
    "serial_number": "05668dada1e3b7973f27755e15db9714dd8c",
    "result_count": 1
  },
  {
    "issuer_ca_id": 295816,
    "issuer_name": "C=US, O=Let's Encrypt, CN=R12",
    "name_value": "lads.ee.ntu.edu.tw",
    "id": 21159991420,
    "entry_timestamp": "2025-09-20T16:59:48.127",
    "not_before": "2025-09-20T16:01:17",
    "not_after": "2025-12-19T16:01:16",
    "serial_number": "05668dada1e3b7973f27755e15db9714dd8c",
    "result_count": 1
  },
  {
    "issuer_ca_id": 286244,
    "issuer_name": "C=US, O=Google Trust Services, CN=WR3",
    "name_value": "pin-jung-chiu.phys.ntu.edu.tw",
    "id": 21158828760,
    "entry_timestamp": "2025-09-20T15:49:05.719",
    "not_before": "2025-09-20T14:37:42",
    "not_after": "2025-12-19T15:22:50",
    "serial_number": "00a5209474152b3c9f0a59e93f31dbbe86",
    "result_count": 1
  },
  {
    "issuer_ca_id": 286244,
    "issuer_name": "C=US, O=Google Trust Services, CN=WR3",
    "name_value": "pin-jung-chiu.phys.ntu.edu.tw",
    "id": 21158608081,
    "entry_timestamp": "2025-09-20T15:37:42.546",
    "not_before": "2025-09-20T14:37:42",
    "not_after": "2025-12-19T15:22:50",
    "serial_number": "00a5209474152b3c9f0a59e93f31dbbe86",
    "result_count": 1
  },
  {
    "issuer_ca_id": 295809,
    "issuer_name": "C=US, O=Let's Encrypt, CN=E8",
    "name_value": "lads.ee.ntu.edu.tw",
    "id": 21157255822,
    "entry_timestamp": "2025-09-20T14:15:32.886",
    "not_before": "2025-09-20T13:17:02",
    "not_after": "2025-12-19T13:17:01",
    "serial_number": "05bb7f221a25b4b09580bbeba2814e11baeb",
    "result_count": 1
  },
  {
    "issuer_ca_id": 295809,
    "issuer_name": "C=US, O=Let's Encrypt, CN=E8",
    "name_value": "lads.ee.ntu.edu.tw",
    "id": 21157259067,
    "entry_timestamp": "2025-09-20T14:15:32.591",
    "not_before": "2025-09-20T13:17:02",
    "not_after": "2025-12-19T13:17:01",
    "serial_number": "05bb7f221a25b4b09580bbeba2814e11baeb",
    "result_count": 1
  },
  {
    "issuer_ca_id": 295817,
    "issuer_name": "C=US, O=Let's Encrypt, CN=R13",
    "name_value": "ceos.phys.ntu.edu.tw",
    "id": 21154453440,
    "entry_timestamp": "2025-09-20T11:34:20.442",
    "not_before": "2025-09-20T10:35:47",
    "not_after": "2025-12-19T10:35:46",
    "serial_number": "051e650aef3bb12d60afd66c444ca7873059",
    "result_count": 1
  },
  {
    "issuer_ca_id": 295817,
    "issuer_name": "C=US, O=Let's Encrypt, CN=R13",
    "name_value": "ceos.phys.ntu.edu.tw",
    "id": 21154454091,
    "entry_timestamp": "2025-09-20T11:34:18.031",
    "not_before": "2025-09-20T10:35:47",
    "not_after": "2025-12-19T10:35:46",
    "serial_number": "051e650aef3bb12d60afd66c444ca7873059",
    "result_count": 1
  },
  {
    "issuer_ca_id": 286244,
    "issuer_name": "C=US, O=Google Trust Services, CN=WR3",
    "name_value": "cacib.ntu.edu.tw",
    "id": 21152978275,
    "entry_timestamp": "2025-09-20T10:07:45.626",
    "not_before": "2025-09-20T07:52:30",
    "not_after": "2025-12-19T08:44:02",
    "serial_number": "00809e13d6bc89e3ea10c67ac29891ab40",
    "result_count": 1
  },
  {
    "issuer_ca_id": 286244,
    "issuer_name": "C=US, O=Google Trust Services, CN=WR3",
    "name_value": "cacib.ntu.edu.tw",
    "id": 21151738680,
    "entry_timestamp": "2025-09-20T08:52:31.478",
    "not_before": "2025-09-20T07:52:30",
    "not_after": "2025-12-19T08:44:02",
    "serial_number": "00809e13d6bc89e3ea10c67ac29891ab40",
    "result_count": 1
  },
  {
    "issuer_ca_id": 295816,
    "issuer_name": "C=US, O=Let's Encrypt, CN=R12",
    "name_value": "vlsi.esoe.ntu.edu.tw",
    "id": 21151199897,
    "entry_timestamp": "2025-09-20T08:19:15.538",
    "not_before": "2025-09-20T07:20:44",
    "not_after": "2025-12-19T07:20:43",
    "serial_number": "0559b25b85b2ecfa13592002f7588c67a09e",
    "result_count": 1
  },
  {
    "issuer_ca_id": 295816,
    "issuer_name": "C=US, O=Let's Encrypt, CN=R12",
    "name_value": "vlsi.esoe.ntu.edu.tw",
    "id": 21151200042,
    "entry_timestamp": "2025-09-20T08:19:15.246",
    "not_before": "2025-09-20T07:20:44",
    "not_after": "2025-12-19T07:20:43",
    "serial_number": "0559b25b85b2ecfa13592002f7588c67a09e",
    "result_count": 1
  },
  {
    "issuer_ca_id": 295817,
    "issuer_name": "C=US, O=Let's Encrypt, CN=R13",
    "name_value": "vlsi.esoe.ntu.edu.tw",
    "id": 21151014201,
    "entry_timestamp": "2025-09-20T08:08:26.286",
    "not_before": "2025-09-20T07:09:56",
    "not_after": "2025-12-19T07:09:55",
    "serial_number": "06c620b5fc7bd682def2243b0e87eeb2609f",
    "result_count": 1
  },
  {
    "issuer_ca_id": 295817,
    "issuer_name": "C=US, O=Let's Encrypt, CN=R13",
    "name_value": "vlsi.esoe.ntu.edu.tw",
    "id": 21152027115,
    "entry_timestamp": "2025-09-20T08:08:26.12",
    "not_before": "2025-09-20T07:09:56",
    "not_after": "2025-12-19T07:09:55",
    "serial_number": "06c620b5fc7bd682def2243b0e87eeb2609f",
    "result_count": 1
  },
  {
    "issuer_ca_id": 295813,
    "issuer_name": "C=US, O=Let's Encrypt, CN=E7",
    "name_value": "odbview.oc.ntu.edu.tw",
    "id": 21150574634,
    "entry_timestamp": "2025-09-20T07:42:56.42",
    "not_before": "2025-09-20T06:44:26",
    "not_after": "2025-12-19T06:44:25",
    "serial_number": "06b1b136768689a4df789fa8c2ec6607fc47",
    "result_count": 1
  },
  {
    "issuer_ca_id": 295813,
    "issuer_name": "C=US, O=Let's Encrypt, CN=E7",
    "name_value": "odbview.oc.ntu.edu.tw",
    "id": 21150576919,
    "entry_timestamp": "2025-09-20T07:42:56.216",
    "not_before": "2025-09-20T06:44:26",
    "not_after": "2025-12-19T06:44:25",
    "serial_number": "06b1b136768689a4df789fa8c2ec6607fc47",
    "result_count": 1
  },
  {
    "issuer_ca_id": 295816,
    "issuer_name": "C=US, O=Let's Encrypt, CN=R12",
    "name_value": "gmo.agron.ntu.edu.tw",
    "id": 21146949606,
    "entry_timestamp": "2025-09-20T03:58:13.42",
    "not_before": "2025-09-20T02:59:43",
    "not_after": "2025-12-19T02:59:42",
    "serial_number": "0620a188c24e479bbe9c57b55b3afd3578df",
    "result_count": 1
  },
  {
    "issuer_ca_id": 295816,
    "issuer_name": "C=US, O=Let's Encrypt, CN=R12",
    "name_value": "gmo.agron.ntu.edu.tw",
    "id": 21148510798,
    "entry_timestamp": "2025-09-20T03:58:13.284",
    "not_before": "2025-09-20T02:59:43",
    "not_after": "2025-12-19T02:59:42",
    "serial_number": "0620a188c24e479bbe9c57b55b3afd3578df",
    "result_count": 1
  },
  {
    "issuer_ca_id": 295817,
    "issuer_name": "C=US, O=Let's Encrypt, CN=R13",
    "name_value": "seed.agron.ntu.edu.tw",
    "id": 21146945056,
    "entry_timestamp": "2025-09-20T03:57:53.349",
    "not_before": "2025-09-20T02:59:23",
    "not_after": "2025-12-19T02:59:22",
    "serial_number": "0641af293c23b97c54a5f7c5d8073e42ba7f",
    "result_count": 1
  },
  {
    "issuer_ca_id": 295817,
    "issuer_name": "C=US, O=Let's Encrypt, CN=R13",
    "name_value": "seed.agron.ntu.edu.tw",
    "id": 21146930075,
    "entry_timestamp": "2025-09-20T03:57:53.159",
    "not_before": "2025-09-20T02:59:23",
    "not_after": "2025-12-19T02:59:22",
    "serial_number": "0641af293c23b97c54a5f7c5d8073e42ba7f",
    "result_count": 1
  },
  {
    "issuer_ca_id": 295817,
    "issuer_name": "C=US, O=Let's Encrypt, CN=R13",
    "name_value": "pc211.ee.ntu.edu.tw",
    "id": 21145090794,
    "entry_timestamp": "2025-09-20T02:03:05.312",
    "not_before": "2025-09-20T01:04:34",
    "not_after": "2025-12-19T01:04:33",
    "serial_number": "054528d7935e9f9696450174a2bab1888e5d",
    "result_count": 1
  },
  {
    "issuer_ca_id": 295817,
    "issuer_name": "C=US, O=Let's Encrypt, CN=R13",
    "name_value": "pc211.ee.ntu.edu.tw",
    "id": 21145090798,
    "entry_timestamp": "2025-09-20T02:03:04.997",
    "not_before": "2025-09-20T01:04:34",
    "not_after": "2025-12-19T01:04:33",
    "serial_number": "054528d7935e9f9696450174a2bab1888e5d",
    "result_count": 1
  },
  {
    "issuer_ca_id": 295813,
    "issuer_name": "C=US, O=Let's Encrypt, CN=E7",
    "name_value": "lopen.linguistics.ntu.edu.tw",
    "id": 21139774960,
    "entry_timestamp": "2025-09-19T20:16:12.26",
    "not_before": "2025-09-19T19:17:42",
    "not_after": "2025-12-18T19:17:41",
    "serial_number": "06683953e7d6eb406d7293ef3955b69413ac",
    "result_count": 1
  },
  {
    "issuer_ca_id": 295813,
    "issuer_name": "C=US, O=Let's Encrypt, CN=E7",
    "name_value": "lopen.linguistics.ntu.edu.tw",
    "id": 21139741544,
    "entry_timestamp": "2025-09-19T20:16:12.121",
    "not_before": "2025-09-19T19:17:42",
    "not_after": "2025-12-18T19:17:41",
    "serial_number": "06683953e7d6eb406d7293ef3955b69413ac",
    "result_count": 1
  },
  {
    "issuer_ca_id": 295817,
    "issuer_name": "C=US, O=Let's Encrypt, CN=R13",
    "name_value": "maxwell.im.ntu.edu.tw",
    "id": 21138990119,
    "entry_timestamp": "2025-09-19T19:22:35.549",
    "not_before": "2025-09-19T18:24:05",
    "not_after": "2025-12-18T18:24:04",
    "serial_number": "06a4e62604787d7743770c6ca71ab0482a3a",
    "result_count": 1
  },
  {
    "issuer_ca_id": 295817,
    "issuer_name": "C=US, O=Let's Encrypt, CN=R13",
    "name_value": "maxwell.im.ntu.edu.tw",
    "id": 21140831870,
    "entry_timestamp": "2025-09-19T19:22:35.449",
    "not_before": "2025-09-19T18:24:05",
    "not_after": "2025-12-18T18:24:04",
    "serial_number": "06a4e62604787d7743770c6ca71ab0482a3a",
    "result_count": 1
  },
  {
    "issuer_ca_id": 295816,
    "issuer_name": "C=US, O=Let's Encrypt, CN=R12",
    "name_value": "giee.ntu.edu.tw",
    "id": 21131897490,
    "entry_timestamp": "2025-09-19T12:34:30.681",
    "not_before": "2025-09-19T11:36:00",
    "not_after": "2025-12-18T11:35:59",
    "serial_number": "050fa6072e80d13da01dfbb3c7dfb91c0190",
    "result_count": 1
  },
  {
    "issuer_ca_id": 295816,
    "issuer_name": "C=US, O=Let's Encrypt, CN=R12",
    "name_value": "giee.ntu.edu.tw",
    "id": 21131899600,
    "entry_timestamp": "2025-09-19T12:34:30.357",
    "not_before": "2025-09-19T11:36:00",
    "not_after": "2025-12-18T11:35:59",
    "serial_number": "050fa6072e80d13da01dfbb3c7dfb91c0190",
    "result_count": 1
  },
  {
    "issuer_ca_id": 295809,
    "issuer_name": "C=US, O=Let's Encrypt, CN=E8",
    "name_value": "nmlab.ntu.edu.tw",
    "id": 21125886092,
    "entry_timestamp": "2025-09-19T06:21:32.398",
    "not_before": "2025-09-19T05:23:01",
    "not_after": "2025-12-18T05:23:00",
    "serial_number": "0685663631de2933e3a6254e34c722928dcc",
    "result_count": 1
  },
  {
    "issuer_ca_id": 295809,
    "issuer_name": "C=US, O=Let's Encrypt, CN=E8",
    "name_value": "nmlab.ntu.edu.tw",
    "id": 21125861139,
    "entry_timestamp": "2025-09-19T06:21:32.003",
    "not_before": "2025-09-19T05:23:01",
    "not_after": "2025-12-18T05:23:00",
    "serial_number": "0685663631de2933e3a6254e34c722928dcc",
    "result_count": 1
  },
  {
    "issuer_ca_id": 295813,
    "issuer_name": "C=US, O=Let's Encrypt, CN=E7",
    "name_value": "cyber.ntu.edu.tw",
    "id": 21125878871,
    "entry_timestamp": "2025-09-19T06:21:13.491",
    "not_before": "2025-09-19T05:22:43",
    "not_after": "2025-12-18T05:22:42",
    "serial_number": "069a987cced18d23009dec3c49903866e178",
    "result_count": 1
  },
  {
    "issuer_ca_id": 295813,
    "issuer_name": "C=US, O=Let's Encrypt, CN=E7",
    "name_value": "cyber.ntu.edu.tw",
    "id": 21125881710,
    "entry_timestamp": "2025-09-19T06:21:13.371",
    "not_before": "2025-09-19T05:22:43",
    "not_after": "2025-12-18T05:22:42",
    "serial_number": "069a987cced18d23009dec3c49903866e178",
    "result_count": 1
  },
  {
    "issuer_ca_id": 295817,
    "issuer_name": "C=US, O=Let's Encrypt, CN=R13",
    "name_value": "pdf-to-txt-new.toolmen.bime.ntu.edu.tw",
    "id": 21125748491,
    "entry_timestamp": "2025-09-19T06:12:43.968",
    "not_before": "2025-09-19T05:14:13",
    "not_after": "2025-12-18T05:14:12",
    "serial_number": "0648917f5164e2a4051a7d55fa0961234773",
    "result_count": 1
  },
  {
    "issuer_ca_id": 295817,
    "issuer_name": "C=US, O=Let's Encrypt, CN=R13",
    "name_value": "pdf-to-txt-new.toolmen.bime.ntu.edu.tw",
    "id": 21125716680,
    "entry_timestamp": "2025-09-19T06:12:43.865",
    "not_before": "2025-09-19T05:14:13",
    "not_after": "2025-12-18T05:14:12",
    "serial_number": "0648917f5164e2a4051a7d55fa0961234773",
    "result_count": 1
  },
  {
    "issuer_ca_id": 295816,
    "issuer_name": "C=US, O=Let's Encrypt, CN=R12",
    "name_value": "www.ipcs.ntu.edu.tw",
    "id": 21123779056,
    "entry_timestamp": "2025-09-19T04:16:08.764",
    "not_before": "2025-09-19T03:17:38",
    "not_after": "2025-12-18T03:17:37",
    "serial_number": "05b4d9e72c317533335158ebf259fa6fc1fa",
    "result_count": 1
  },
  {
    "issuer_ca_id": 295816,
    "issuer_name": "C=US, O=Let's Encrypt, CN=R12",
    "name_value": "www.ipcs.ntu.edu.tw",
    "id": 21123774509,
    "entry_timestamp": "2025-09-19T04:16:08.456",
    "not_before": "2025-09-19T03:17:38",
    "not_after": "2025-12-18T03:17:37",
    "serial_number": "05b4d9e72c317533335158ebf259fa6fc1fa",
    "result_count": 1
  },
  {
    "issuer_ca_id": 295813,
    "issuer_name": "C=US, O=Let's Encrypt, CN=E7",
    "name_value": "kuolab.cph.ntu.edu.tw",
    "id": 21122309950,
    "entry_timestamp": "2025-09-19T02:48:57.129",
    "not_before": "2025-09-19T01:50:26",
    "not_after": "2025-12-18T01:50:25",
    "serial_number": "05696092ed628647a6508c7006245d3dc58a",
    "result_count": 1
  },
  {
    "issuer_ca_id": 295813,
    "issuer_name": "C=US, O=Let's Encrypt, CN=E7",
    "name_value": "kuolab.cph.ntu.edu.tw",
    "id": 21122309229,
    "entry_timestamp": "2025-09-19T02:48:56.777",
    "not_before": "2025-09-19T01:50:26",
    "not_after": "2025-12-18T01:50:25",
    "serial_number": "05696092ed628647a6508c7006245d3dc58a",
    "result_count": 1
  },
  {
    "issuer_ca_id": 295817,
    "issuer_name": "C=US, O=Let's Encrypt, CN=R13",
    "name_value": "kuolab.cph.ntu.edu.tw",
    "id": 21122310886,
    "entry_timestamp": "2025-09-19T02:48:53.711",
    "not_before": "2025-09-19T01:50:23",
    "not_after": "2025-12-18T01:50:22",
    "serial_number": "06b2b72e35ecd7d6cdce3dccb0d406d76669",
    "result_count": 1
  },
  {
    "issuer_ca_id": 295817,
    "issuer_name": "C=US, O=Let's Encrypt, CN=R13",
    "name_value": "kuolab.cph.ntu.edu.tw",
    "id": 21122290710,
    "entry_timestamp": "2025-09-19T02:48:53.598",
    "not_before": "2025-09-19T01:50:23",
    "not_after": "2025-12-18T01:50:22",
    "serial_number": "06b2b72e35ecd7d6cdce3dccb0d406d76669",
    "result_count": 1
  },
  {
    "issuer_ca_id": 295809,
    "issuer_name": "C=US, O=Let's Encrypt, CN=E8",
    "name_value": "newslabn.csie.ntu.edu.tw",
    "id": 21120918238,
    "entry_timestamp": "2025-09-19T01:25:46.781",
    "not_before": "2025-09-19T00:27:16",
    "not_after": "2025-12-18T00:27:15",
    "serial_number": "0606cb09b9295adde5347f461fbf710e7b03",
    "result_count": 1
  },
  {
    "issuer_ca_id": 295809,
    "issuer_name": "C=US, O=Let's Encrypt, CN=E8",
    "name_value": "newslabn.csie.ntu.edu.tw",
    "id": 21120915501,
    "entry_timestamp": "2025-09-19T01:25:46.635",
    "not_before": "2025-09-19T00:27:16",
    "not_after": "2025-12-18T00:27:15",
    "serial_number": "0606cb09b9295adde5347f461fbf710e7b03",
    "result_count": 1
  },
  {
    "issuer_ca_id": 295816,
    "issuer_name": "C=US, O=Let's Encrypt, CN=R12",
    "name_value": "newslabn.csie.ntu.edu.tw",
    "id": 21120915693,
    "entry_timestamp": "2025-09-19T01:25:43.728",
    "not_before": "2025-09-19T00:27:13",
    "not_after": "2025-12-18T00:27:12",
    "serial_number": "0634d8a1332eca792a57180ce86fccacca46",
    "result_count": 1
  },
  {
    "issuer_ca_id": 295816,
    "issuer_name": "C=US, O=Let's Encrypt, CN=R12",
    "name_value": "newslabn.csie.ntu.edu.tw",
    "id": 21120901015,
    "entry_timestamp": "2025-09-19T01:25:43.415",
    "not_before": "2025-09-19T00:27:13",
    "not_after": "2025-12-18T00:27:12",
    "serial_number": "0634d8a1332eca792a57180ce86fccacca46",
    "result_count": 1
  },
  {
    "issuer_ca_id": 286244,
    "issuer_name": "C=US, O=Google Trust Services, CN=WR3",
    "name_value": "www.idssp.ee.ntu.edu.tw",
    "id": 21111045162,
    "entry_timestamp": "2025-09-18T15:39:32.093",
    "not_before": "2025-09-04T00:32:35",
    "not_after": "2025-12-03T01:22:07",
    "serial_number": "5ed3686e13dec8ce100053d18a4803e7",
    "result_count": 1
  },
  {
    "issuer_ca_id": 286244,
    "issuer_name": "C=US, O=Google Trust Services, CN=WR3",
    "name_value": "pse.che.ntu.edu.tw",
    "id": 21108146190,
    "entry_timestamp": "2025-09-18T12:36:19.291",
    "not_before": "2025-09-18T08:17:56",
    "not_after": "2025-12-17T09:06:06",
    "serial_number": "00bd780fdc9d87fa8310f0a8c48b7b6985",
    "result_count": 1
  },
  {
    "issuer_ca_id": 286244,
    "issuer_name": "C=US, O=Google Trust Services, CN=WR3",
    "name_value": "pse.che.ntu.edu.tw",
    "id": 21105135645,
    "entry_timestamp": "2025-09-18T09:17:57.549",
    "not_before": "2025-09-18T08:17:56",
    "not_after": "2025-12-17T09:06:06",
    "serial_number": "00bd780fdc9d87fa8310f0a8c48b7b6985",
    "result_count": 1
  },
  {
    "issuer_ca_id": 295809,
    "issuer_name": "C=US, O=Let's Encrypt, CN=E8",
    "name_value": "election.ntusa.ntu.edu.tw",
    "id": 21104507892,
    "entry_timestamp": "2025-09-18T08:39:19.508",
    "not_before": "2025-09-18T07:40:48",
    "not_after": "2025-12-17T07:40:47",
    "serial_number": "05af5fb3c752c06cb4e805c9137f7b56e9d0",
    "result_count": 1
  },
  {
    "issuer_ca_id": 295809,
    "issuer_name": "C=US, O=Let's Encrypt, CN=E8",
    "name_value": "election.ntusa.ntu.edu.tw",
    "id": 21104508248,
    "entry_timestamp": "2025-09-18T08:39:19.271",
    "not_before": "2025-09-18T07:40:48",
    "not_after": "2025-12-17T07:40:47",
    "serial_number": "05af5fb3c752c06cb4e805c9137f7b56e9d0",
    "result_count": 1
  },
  {
    "issuer_ca_id": 295817,
    "issuer_name": "C=US, O=Let's Encrypt, CN=R13",
    "name_value": "www.law.ntu.edu.tw",
    "id": 21104271424,
    "entry_timestamp": "2025-09-18T08:24:29.576",
    "not_before": "2025-09-18T07:25:57",
    "not_after": "2025-12-17T07:25:56",
    "serial_number": "0505f527e634fd41ec9935a90caf7433d0fc",
    "result_count": 1
  },
  {
    "issuer_ca_id": 295817,
    "issuer_name": "C=US, O=Let's Encrypt, CN=R13",
    "name_value": "www.law.ntu.edu.tw",
    "id": 21104271535,
    "entry_timestamp": "2025-09-18T08:24:27.333",
    "not_before": "2025-09-18T07:25:57",
    "not_after": "2025-12-17T07:25:56",
    "serial_number": "0505f527e634fd41ec9935a90caf7433d0fc",
    "result_count": 1
  },
  {
    "issuer_ca_id": 295816,
    "issuer_name": "C=US, O=Let's Encrypt, CN=R12",
    "name_value": "app05.odb.ntu.edu.tw",
    "id": 21098712944,
    "entry_timestamp": "2025-09-18T02:29:03.112",
    "not_before": "2025-09-18T01:30:32",
    "not_after": "2025-12-17T01:30:31",
    "serial_number": "06438e92492fa1a690e2ec59356dfbbdb69f",
    "result_count": 1
  },
  {
    "issuer_ca_id": 295816,
    "issuer_name": "C=US, O=Let's Encrypt, CN=R12",
    "name_value": "app05.odb.ntu.edu.tw",
    "id": 21098713297,
    "entry_timestamp": "2025-09-18T02:29:02.92",
    "not_before": "2025-09-18T01:30:32",
    "not_after": "2025-12-17T01:30:31",
    "serial_number": "06438e92492fa1a690e2ec59356dfbbdb69f",
    "result_count": 1
  },
  {
    "issuer_ca_id": 295816,
    "issuer_name": "C=US, O=Let's Encrypt, CN=R12",
    "name_value": "taiwania.ntu.edu.tw",
    "id": 21098380399,
    "entry_timestamp": "2025-09-18T02:07:02.574",
    "not_before": "2025-09-18T01:08:32",
    "not_after": "2025-12-17T01:08:31",
    "serial_number": "06281b2504d555087d0eae0e68cae4946a68",
    "result_count": 1
  },
  {
    "issuer_ca_id": 295816,
    "issuer_name": "C=US, O=Let's Encrypt, CN=R12",
    "name_value": "taiwania.ntu.edu.tw",
    "id": 21098378047,
    "entry_timestamp": "2025-09-18T02:07:02.394",
    "not_before": "2025-09-18T01:08:32",
    "not_after": "2025-12-17T01:08:31",
    "serial_number": "06281b2504d555087d0eae0e68cae4946a68",
    "result_count": 1
  },
  {
    "issuer_ca_id": 295813,
    "issuer_name": "C=US, O=Let's Encrypt, CN=E7",
    "name_value": "go.studyabroad.ntu.edu.tw",
    "id": 21096798838,
    "entry_timestamp": "2025-09-18T00:24:47.409",
    "not_before": "2025-09-17T23:26:17",
    "not_after": "2025-12-16T23:26:16",
    "serial_number": "06126b12da3c4f60be1c4ba212288d67877f",
    "result_count": 1
  },
  {
    "issuer_ca_id": 295813,
    "issuer_name": "C=US, O=Let's Encrypt, CN=E7",
    "name_value": "go.studyabroad.ntu.edu.tw",
    "id": 21096799395,
    "entry_timestamp": "2025-09-18T00:24:47.081",
    "not_before": "2025-09-17T23:26:17",
    "not_after": "2025-12-16T23:26:16",
    "serial_number": "06126b12da3c4f60be1c4ba212288d67877f",
    "result_count": 1
  },
  {
    "issuer_ca_id": 295817,
    "issuer_name": "C=US, O=Let's Encrypt, CN=R13",
    "name_value": "tims.ntu.edu.tw",
    "id": 21095765353,
    "entry_timestamp": "2025-09-17T23:13:24.065",
    "not_before": "2025-09-17T22:14:53",
    "not_after": "2025-12-16T22:14:52",
    "serial_number": "0600e5f60306c123d5e544e1534ce4a60089",
    "result_count": 1
  },
  {
    "issuer_ca_id": 295817,
    "issuer_name": "C=US, O=Let's Encrypt, CN=R13",
    "name_value": "tims.ntu.edu.tw",
    "id": 21095766548,
    "entry_timestamp": "2025-09-17T23:13:23.908",
    "not_before": "2025-09-17T22:14:53",
    "not_after": "2025-12-16T22:14:52",
    "serial_number": "0600e5f60306c123d5e544e1534ce4a60089",
    "result_count": 1
  },
  {
    "issuer_ca_id": 295817,
    "issuer_name": "C=US, O=Let's Encrypt, CN=R13",
    "name_value": "arc.ntu.edu.tw",
    "id": 21094007295,
    "entry_timestamp": "2025-09-17T21:14:23.539",
    "not_before": "2025-09-17T20:15:53",
    "not_after": "2025-12-16T20:15:52",
    "serial_number": "06f76be1c642ec17e6bdb6f9bc22a0b176ae",
    "result_count": 1
  },
  {
    "issuer_ca_id": 295817,
    "issuer_name": "C=US, O=Let's Encrypt, CN=R13",
    "name_value": "arc.ntu.edu.tw",
    "id": 21094199174,
    "entry_timestamp": "2025-09-17T21:14:23.368",
    "not_before": "2025-09-17T20:15:53",
    "not_after": "2025-12-16T20:15:52",
    "serial_number": "06f76be1c642ec17e6bdb6f9bc22a0b176ae",
    "result_count": 1
  },
  {
    "issuer_ca_id": 295817,
    "issuer_name": "C=US, O=Let's Encrypt, CN=R13",
    "name_value": "sontu.oia.ntu.edu.tw",
    "id": 21093408812,
    "entry_timestamp": "2025-09-17T20:36:48.378",
    "not_before": "2025-09-17T19:38:17",
    "not_after": "2025-12-16T19:38:16",
    "serial_number": "054a9244d3e96ad31410b8ce7f9e1b718ef3",
    "result_count": 1
  },
  {
    "issuer_ca_id": 295817,
    "issuer_name": "C=US, O=Let's Encrypt, CN=R13",
    "name_value": "sontu.oia.ntu.edu.tw",
    "id": 21093404020,
    "entry_timestamp": "2025-09-17T20:36:48.039",
    "not_before": "2025-09-17T19:38:17",
    "not_after": "2025-12-16T19:38:16",
    "serial_number": "054a9244d3e96ad31410b8ce7f9e1b718ef3",
    "result_count": 1
  },
  {
    "issuer_ca_id": 295817,
    "issuer_name": "C=US, O=Let's Encrypt, CN=R13",
    "name_value": "e.hydro.as.ntu.edu.tw",
    "id": 21086366996,
    "entry_timestamp": "2025-09-17T14:39:34.34",
    "not_before": "2025-09-17T13:41:03",
    "not_after": "2025-12-16T13:41:02",
    "serial_number": "054f62d2bea74f90da6a48f9bf308b4aec69",
    "result_count": 1
  },
  {
    "issuer_ca_id": 295817,
    "issuer_name": "C=US, O=Let's Encrypt, CN=R13",
    "name_value": "e.hydro.as.ntu.edu.tw",
    "id": 21086343541,
    "entry_timestamp": "2025-09-17T14:39:33.886",
    "not_before": "2025-09-17T13:41:03",
    "not_after": "2025-12-16T13:41:02",
    "serial_number": "054f62d2bea74f90da6a48f9bf308b4aec69",
    "result_count": 1
  },
  {
    "issuer_ca_id": 295816,
    "issuer_name": "C=US, O=Let's Encrypt, CN=R12",
    "name_value": "esrpc.oc.ntu.edu.tw",
    "id": 21085324617,
    "entry_timestamp": "2025-09-17T13:51:10.71",
    "not_before": "2025-09-17T12:52:39",
    "not_after": "2025-12-16T12:52:38",
    "serial_number": "0555f61c3883717e20aeda5fc047a0a3d294",
    "result_count": 1
  },
  {
    "issuer_ca_id": 295816,
    "issuer_name": "C=US, O=Let's Encrypt, CN=R12",
    "name_value": "esrpc.oc.ntu.edu.tw",
    "id": 21085325237,
    "entry_timestamp": "2025-09-17T13:51:10.455",
    "not_before": "2025-09-17T12:52:39",
    "not_after": "2025-12-16T12:52:38",
    "serial_number": "0555f61c3883717e20aeda5fc047a0a3d294",
    "result_count": 1
  },
  {
    "issuer_ca_id": 295816,
    "issuer_name": "C=US, O=Let's Encrypt, CN=R12",
    "name_value": "nvcenter.ntu.edu.tw",
    "id": 21077077802,
    "entry_timestamp": "2025-09-17T06:44:29.408",
    "not_before": "2025-09-17T05:45:59",
    "not_after": "2025-12-16T05:45:58",
    "serial_number": "06467e328e466cdb05eaff314b14702c18fd",
    "result_count": 1
  },
  {
    "issuer_ca_id": 295816,
    "issuer_name": "C=US, O=Let's Encrypt, CN=R12",
    "name_value": "nvcenter.ntu.edu.tw",
    "id": 21077078114,
    "entry_timestamp": "2025-09-17T06:44:29.283",
    "not_before": "2025-09-17T05:45:59",
    "not_after": "2025-12-16T05:45:58",
    "serial_number": "06467e328e466cdb05eaff314b14702c18fd",
    "result_count": 1
  },
  {
    "issuer_ca_id": 295809,
    "issuer_name": "C=US, O=Let's Encrypt, CN=E8",
    "name_value": "www.che.ntu.edu.tw",
    "id": 21069230784,
    "entry_timestamp": "2025-09-16T23:30:36.872",
    "not_before": "2025-09-16T22:32:06",
    "not_after": "2025-12-15T22:32:05",
    "serial_number": "064070eac8621132ff2b0c3be297499ca82c",
    "result_count": 1
  },
  {
    "issuer_ca_id": 295809,
    "issuer_name": "C=US, O=Let's Encrypt, CN=E8",
    "name_value": "www.che.ntu.edu.tw",
    "id": 21069293324,
    "entry_timestamp": "2025-09-16T23:30:36.681",
    "not_before": "2025-09-16T22:32:06",
    "not_after": "2025-12-15T22:32:05",
    "serial_number": "064070eac8621132ff2b0c3be297499ca82c",
    "result_count": 1
  },
  {
    "issuer_ca_id": 295809,
    "issuer_name": "C=US, O=Let's Encrypt, CN=E8",
    "name_value": "mcsop.ee.ntu.edu.tw",
    "id": 21064896700,
    "entry_timestamp": "2025-09-16T19:47:58.931",
    "not_before": "2025-09-16T18:49:28",
    "not_after": "2025-12-15T18:49:27",
    "serial_number": "06b4580e294b1dedff274fb96117ec5f548c",
    "result_count": 1
  },
  {
    "issuer_ca_id": 295809,
    "issuer_name": "C=US, O=Let's Encrypt, CN=E8",
    "name_value": "mcsop.ee.ntu.edu.tw",
    "id": 21064897522,
    "entry_timestamp": "2025-09-16T19:47:58.837",
    "not_before": "2025-09-16T18:49:28",
    "not_after": "2025-12-15T18:49:27",
    "serial_number": "06b4580e294b1dedff274fb96117ec5f548c",
    "result_count": 1
  },
  {
    "issuer_ca_id": 295817,
    "issuer_name": "C=US, O=Let's Encrypt, CN=R13",
    "name_value": "mcsop.ee.ntu.edu.tw",
    "id": 21064895949,
    "entry_timestamp": "2025-09-16T19:47:55.991",
    "not_before": "2025-09-16T18:49:23",
    "not_after": "2025-12-15T18:49:22",
    "serial_number": "054a8dc0bfae3eda6541b29582c9bb900f24",
    "result_count": 1
  },
  {
    "issuer_ca_id": 295817,
    "issuer_name": "C=US, O=Let's Encrypt, CN=R13",
    "name_value": "mcsop.ee.ntu.edu.tw",
    "id": 21064894946,
    "entry_timestamp": "2025-09-16T19:47:53.742",
    "not_before": "2025-09-16T18:49:23",
    "not_after": "2025-12-15T18:49:22",
    "serial_number": "054a8dc0bfae3eda6541b29582c9bb900f24",
    "result_count": 1
  },
  {
    "issuer_ca_id": 295817,
    "issuer_name": "C=US, O=Let's Encrypt, CN=R13",
    "name_value": "eco.odb.ntu.edu.tw",
    "id": 21059949705,
    "entry_timestamp": "2025-09-16T15:20:29.09",
    "not_before": "2025-09-16T14:21:56",
    "not_after": "2025-12-15T14:21:55",
    "serial_number": "05b1cb015638d9b18c66cc315474dfe6e067",
    "result_count": 1
  },
  {
    "issuer_ca_id": 295817,
    "issuer_name": "C=US, O=Let's Encrypt, CN=R13",
    "name_value": "eco.odb.ntu.edu.tw",
    "id": 21059950514,
    "entry_timestamp": "2025-09-16T15:20:26.736",
    "not_before": "2025-09-16T14:21:56",
    "not_after": "2025-12-15T14:21:55",
    "serial_number": "05b1cb015638d9b18c66cc315474dfe6e067",
    "result_count": 1
  },
  {
    "issuer_ca_id": 295813,
    "issuer_name": "C=US, O=Let's Encrypt, CN=E7",
    "name_value": "lhcp2025.phys.ntu.edu.tw",
    "id": 21058778906,
    "entry_timestamp": "2025-09-16T14:05:46.406",
    "not_before": "2025-09-16T13:07:12",
    "not_after": "2025-12-15T13:07:11",
    "serial_number": "0699f7966bf48d75b8b6e81a29afc127dfbd",
    "result_count": 1
  },
  {
    "issuer_ca_id": 295813,
    "issuer_name": "C=US, O=Let's Encrypt, CN=E7",
    "name_value": "lhcp2025.phys.ntu.edu.tw",
    "id": 21058776880,
    "entry_timestamp": "2025-09-16T14:05:42.221",
    "not_before": "2025-09-16T13:07:12",
    "not_after": "2025-12-15T13:07:11",
    "serial_number": "0699f7966bf48d75b8b6e81a29afc127dfbd",
    "result_count": 1
  },
  {
    "issuer_ca_id": 295817,
    "issuer_name": "C=US, O=Let's Encrypt, CN=R13",
    "name_value": "*.lang.ntu.edu.tw",
    "id": 21058717186,
    "entry_timestamp": "2025-09-16T14:02:07.491",
    "not_before": "2025-09-16T13:03:34",
    "not_after": "2025-12-15T13:03:33",
    "serial_number": "058404419285e32cf6a09a410b59f09cc905",
    "result_count": 1
  },
  {
    "issuer_ca_id": 295817,
    "issuer_name": "C=US, O=Let's Encrypt, CN=R13",
    "name_value": "*.lang.ntu.edu.tw",
    "id": 21058715297,
    "entry_timestamp": "2025-09-16T14:02:05.171",
    "not_before": "2025-09-16T13:03:34",
    "not_after": "2025-12-15T13:03:33",
    "serial_number": "058404419285e32cf6a09a410b59f09cc905",
    "result_count": 1
  },
  {
    "issuer_ca_id": 204406,
    "issuer_name": "C=GB, O=Sectigo Limited, CN=Sectigo Public Server Authentication CA DV R36",
    "name_value": "chemnews.ch.ntu.edu.tw",
    "id": 21054400255,
    "entry_timestamp": "2025-09-16T09:32:33.131",
    "not_before": "2025-09-16T00:00:00",
    "not_after": "2026-10-17T23:59:59",
    "serial_number": "32cad5ac0210a39572ba7d7a431c9021",
    "result_count": 1
  },
  {
    "issuer_ca_id": 204406,
    "issuer_name": "C=GB, O=Sectigo Limited, CN=Sectigo Public Server Authentication CA DV R36",
    "name_value": "chemnews.ch.ntu.edu.tw",
    "id": 21054400730,
    "entry_timestamp": "2025-09-16T09:32:31.435",
    "not_before": "2025-09-16T00:00:00",
    "not_after": "2026-10-17T23:59:59",
    "serial_number": "32cad5ac0210a39572ba7d7a431c9021",
    "result_count": 1
  },
  {
    "issuer_ca_id": 295809,
    "issuer_name": "C=US, O=Let's Encrypt, CN=E8",
    "name_value": "cloud.fgcn.csie.ntu.edu.tw",
    "id": 21051150260,
    "entry_timestamp": "2025-09-16T06:15:10.939",
    "not_before": "2025-09-16T05:16:40",
    "not_after": "2025-12-15T05:16:39",
    "serial_number": "05fb04bad00b2bf6817ca74d176eea2a3d38",
    "result_count": 1
  },
  {
    "issuer_ca_id": 295809,
    "issuer_name": "C=US, O=Let's Encrypt, CN=E8",
    "name_value": "cloud.fgcn.csie.ntu.edu.tw",
    "id": 21051148561,
    "entry_timestamp": "2025-09-16T06:15:10.556",
    "not_before": "2025-09-16T05:16:40",
    "not_after": "2025-12-15T05:16:39",
    "serial_number": "05fb04bad00b2bf6817ca74d176eea2a3d38",
    "result_count": 1
  },
  {
    "issuer_ca_id": 295817,
    "issuer_name": "C=US, O=Let's Encrypt, CN=R13",
    "name_value": "hydro.as.ntu.edu.tw",
    "id": 21050651206,
    "entry_timestamp": "2025-09-16T05:42:56.1",
    "not_before": "2025-09-16T04:44:25",
    "not_after": "2025-12-15T04:44:24",
    "serial_number": "06ace9f6cf08b9c8bcee5a53100e9f514c04",
    "result_count": 1
  },
  {
    "issuer_ca_id": 295817,
    "issuer_name": "C=US, O=Let's Encrypt, CN=R13",
    "name_value": "hydro.as.ntu.edu.tw",
    "id": 21050651004,
    "entry_timestamp": "2025-09-16T05:42:55.916",
    "not_before": "2025-09-16T04:44:25",
    "not_after": "2025-12-15T04:44:24",
    "serial_number": "06ace9f6cf08b9c8bcee5a53100e9f514c04",
    "result_count": 1
  },
  {
    "issuer_ca_id": 295813,
    "issuer_name": "C=US, O=Let's Encrypt, CN=E7",
    "name_value": "pineapple.iam.ntu.edu.tw",
    "id": 21049838840,
    "entry_timestamp": "2025-09-16T04:49:19.772",
    "not_before": "2025-09-16T03:50:49",
    "not_after": "2025-12-15T03:50:48",
    "serial_number": "0629f3603223752803987ca2a87f1d0a771d",
    "result_count": 1
  },
  {
    "issuer_ca_id": 295813,
    "issuer_name": "C=US, O=Let's Encrypt, CN=E7",
    "name_value": "pineapple.iam.ntu.edu.tw",
    "id": 21049838393,
    "entry_timestamp": "2025-09-16T04:49:19.619",
    "not_before": "2025-09-16T03:50:49",
    "not_after": "2025-12-15T03:50:48",
    "serial_number": "0629f3603223752803987ca2a87f1d0a771d",
    "result_count": 1
  },
  {
    "issuer_ca_id": 295817,
    "issuer_name": "C=US, O=Let's Encrypt, CN=R13",
    "name_value": "pineapple.iam.ntu.edu.tw",
    "id": 21049837515,
    "entry_timestamp": "2025-09-16T04:49:16.288",
    "not_before": "2025-09-16T03:50:46",
    "not_after": "2025-12-15T03:50:45",
    "serial_number": "06474e2b5f354ad235ab6806812de3ead6a3",
    "result_count": 1
  },
  {
    "issuer_ca_id": 295817,
    "issuer_name": "C=US, O=Let's Encrypt, CN=R13",
    "name_value": "pineapple.iam.ntu.edu.tw",
    "id": 21049837311,
    "entry_timestamp": "2025-09-16T04:49:16.152",
    "not_before": "2025-09-16T03:50:46",
    "not_after": "2025-12-15T03:50:45",
    "serial_number": "06474e2b5f354ad235ab6806812de3ead6a3",
    "result_count": 1
  },
  {
    "issuer_ca_id": 295817,
    "issuer_name": "C=US, O=Let's Encrypt, CN=R13",
    "name_value": "*.gcrc.ntu.edu.tw",
    "id": 21047850325,
    "entry_timestamp": "2025-09-16T02:39:08.258",
    "not_before": "2025-09-16T01:40:36",
    "not_after": "2025-12-15T01:40:35",
    "serial_number": "06d9c2ec9396c678f36d7bc21587b4a72641",
    "result_count": 1
  },
  {
    "issuer_ca_id": 295817,
    "issuer_name": "C=US, O=Let's Encrypt, CN=R13",
    "name_value": "*.gcrc.ntu.edu.tw",
    "id": 21047849391,
    "entry_timestamp": "2025-09-16T02:39:06.126",
    "not_before": "2025-09-16T01:40:36",
    "not_after": "2025-12-15T01:40:35",
    "serial_number": "06d9c2ec9396c678f36d7bc21587b4a72641",
    "result_count": 1
  },
  {
    "issuer_ca_id": 272008,
    "issuer_name": "C=TW, O=TAIWAN-CA, OU=Secure SSL Sub-CA, CN=TWCA Secure SSL Certification Authority",
    "name_value": "ifweb.aca.ntu.edu.tw",
    "id": 21046979842,
    "entry_timestamp": "2025-09-16T01:41:28.949",
    "not_before": "2025-09-16T01:41:27",
    "not_after": "2026-09-18T15:59:59",
    "serial_number": "47e9000000087cdc7ae0ec93a09f1167",
    "result_count": 1
  },
  {
    "issuer_ca_id": 272008,
    "issuer_name": "C=TW, O=TAIWAN-CA, OU=Secure SSL Sub-CA, CN=TWCA Secure SSL Certification Authority",
    "name_value": "ifweb.aca.ntu.edu.tw",
    "id": 21046979841,
    "entry_timestamp": "2025-09-16T01:41:28.404",
    "not_before": "2025-09-16T01:41:27",
    "not_after": "2026-09-18T15:59:59",
    "serial_number": "47e9000000087cdc7ae0ec93a09f1167",
    "result_count": 1
  },
  {
    "issuer_ca_id": 295816,
    "issuer_name": "C=US, O=Let's Encrypt, CN=R12",
    "name_value": "app.bebi.ntu.edu.tw",
    "id": 21046572137,
    "entry_timestamp": "2025-09-16T01:15:54.911",
    "not_before": "2025-09-16T00:17:24",
    "not_after": "2025-12-15T00:17:23",
    "serial_number": "063f4fdf1ba40d059c1db96d53ce5fd6ecf6",
    "result_count": 1
  },
  {
    "issuer_ca_id": 295816,
    "issuer_name": "C=US, O=Let's Encrypt, CN=R12",
    "name_value": "app.bebi.ntu.edu.tw",
    "id": 21046572130,
    "entry_timestamp": "2025-09-16T01:15:54.678",
    "not_before": "2025-09-16T00:17:24",
    "not_after": "2025-12-15T00:17:23",
    "serial_number": "063f4fdf1ba40d059c1db96d53ce5fd6ecf6",
    "result_count": 1
  },
  {
    "issuer_ca_id": 295817,
    "issuer_name": "C=US, O=Let's Encrypt, CN=R13",
    "name_value": "theatre.ntu.edu.tw",
    "id": 21046012661,
    "entry_timestamp": "2025-09-16T00:42:05.052",
    "not_before": "2025-09-15T23:43:34",
    "not_after": "2025-12-14T23:43:33",
    "serial_number": "065fcc6e785cecfc50cc1bb15ff0dc3e2f69",
    "result_count": 1
  },
  {
    "issuer_ca_id": 295817,
    "issuer_name": "C=US, O=Let's Encrypt, CN=R13",
    "name_value": "theatre.ntu.edu.tw",
    "id": 21046012698,
    "entry_timestamp": "2025-09-16T00:42:04.864",
    "not_before": "2025-09-15T23:43:34",
    "not_after": "2025-12-14T23:43:33",
    "serial_number": "065fcc6e785cecfc50cc1bb15ff0dc3e2f69",
    "result_count": 1
  },
  {
    "issuer_ca_id": 295817,
    "issuer_name": "C=US, O=Let's Encrypt, CN=R13",
    "name_value": "hpsc.ntu.edu.tw",
    "id": 21044693164,
    "entry_timestamp": "2025-09-15T23:21:31.723",
    "not_before": "2025-09-15T22:23:01",
    "not_after": "2025-12-14T22:23:00",
    "serial_number": "064542ba9b2a7bbebfa4ed1baa713542ecaf",
    "result_count": 1
  },
  {
    "issuer_ca_id": 295817,
    "issuer_name": "C=US, O=Let's Encrypt, CN=R13",
    "name_value": "hpsc.ntu.edu.tw",
    "id": 21044693623,
    "entry_timestamp": "2025-09-15T23:21:31.541",
    "not_before": "2025-09-15T22:23:01",
    "not_after": "2025-12-14T22:23:00",
    "serial_number": "064542ba9b2a7bbebfa4ed1baa713542ecaf",
    "result_count": 1
  },
  {
    "issuer_ca_id": 295816,
    "issuer_name": "C=US, O=Let's Encrypt, CN=R12",
    "name_value": "www.esoe.ntu.edu.tw",
    "id": 21041230823,
    "entry_timestamp": "2025-09-15T19:41:37.269",
    "not_before": "2025-09-15T18:43:06",
    "not_after": "2025-12-14T18:43:05",
    "serial_number": "05d30f0e02e4906e91a2180c1cc1d907fd48",
    "result_count": 1
  },
  {
    "issuer_ca_id": 295816,
    "issuer_name": "C=US, O=Let's Encrypt, CN=R12",
    "name_value": "www.esoe.ntu.edu.tw",
    "id": 21041230670,
    "entry_timestamp": "2025-09-15T19:41:36.9",
    "not_before": "2025-09-15T18:43:06",
    "not_after": "2025-12-14T18:43:05",
    "serial_number": "05d30f0e02e4906e91a2180c1cc1d907fd48",
    "result_count": 1
  },
  {
    "issuer_ca_id": 295813,
    "issuer_name": "C=US, O=Let's Encrypt, CN=E7",
    "name_value": "g1pc2n170.g1.ntu.edu.tw",
    "id": 21027892986,
    "entry_timestamp": "2025-09-15T05:45:25.838",
    "not_before": "2025-09-15T04:46:55",
    "not_after": "2025-12-14T04:46:54",
    "serial_number": "05c6ab6d4074cec3c195c9ed8a6d87a4e12e",
    "result_count": 1
  },
  {
    "issuer_ca_id": 295813,
    "issuer_name": "C=US, O=Let's Encrypt, CN=E7",
    "name_value": "g1pc2n170.g1.ntu.edu.tw",
    "id": 21027892974,
    "entry_timestamp": "2025-09-15T05:45:25.598",
    "not_before": "2025-09-15T04:46:55",
    "not_after": "2025-12-14T04:46:54",
    "serial_number": "05c6ab6d4074cec3c195c9ed8a6d87a4e12e",
    "result_count": 1
  },
  {
    "issuer_ca_id": 286244,
    "issuer_name": "C=US, O=Google Trust Services, CN=WR3",
    "name_value": "www.smslab.esoe.ntu.edu.tw",
    "id": 21027434345,
    "entry_timestamp": "2025-09-15T05:14:00.517",
    "not_before": "2025-09-15T03:04:45",
    "not_after": "2025-12-14T03:53:56",
    "serial_number": "2f6bceb2cf3f64b80af1afade15c6a97",
    "result_count": 1
  },
  {
    "issuer_ca_id": 286244,
    "issuer_name": "C=US, O=Google Trust Services, CN=WR3",
    "name_value": "www.smslab.esoe.ntu.edu.tw",
    "id": 21026419686,
    "entry_timestamp": "2025-09-15T04:04:46.518",
    "not_before": "2025-09-15T03:04:45",
    "not_after": "2025-12-14T03:53:56",
    "serial_number": "2f6bceb2cf3f64b80af1afade15c6a97",
    "result_count": 1
  },
  {
    "issuer_ca_id": 295817,
    "issuer_name": "C=US, O=Let's Encrypt, CN=R13",
    "name_value": "ttlin.bime.ntu.edu.tw",
    "id": 21024455563,
    "entry_timestamp": "2025-09-15T01:52:15.274",
    "not_before": "2025-09-15T00:53:44",
    "not_after": "2025-12-14T00:53:43",
    "serial_number": "0666666fcf4d5fe982309db56137811d0143",
    "result_count": 1
  },
  {
    "issuer_ca_id": 295817,
    "issuer_name": "C=US, O=Let's Encrypt, CN=R13",
    "name_value": "ttlin.bime.ntu.edu.tw",
    "id": 21024455246,
    "entry_timestamp": "2025-09-15T01:52:15.026",
    "not_before": "2025-09-15T00:53:44",
    "not_after": "2025-12-14T00:53:43",
    "serial_number": "0666666fcf4d5fe982309db56137811d0143",
    "result_count": 1
  },
  {
    "issuer_ca_id": 295817,
    "issuer_name": "C=US, O=Let's Encrypt, CN=R13",
    "name_value": "sustainable.ntu.edu.tw",
    "id": 21023425817,
    "entry_timestamp": "2025-09-15T00:44:26.27",
    "not_before": "2025-09-14T23:45:56",
    "not_after": "2025-12-13T23:45:55",
    "serial_number": "06a7f5a959516e2b694475873943a24690dc",
    "result_count": 1
  },
  {
    "issuer_ca_id": 295817,
    "issuer_name": "C=US, O=Let's Encrypt, CN=R13",
    "name_value": "sustainable.ntu.edu.tw",
    "id": 21023425328,
    "entry_timestamp": "2025-09-15T00:44:26.119",
    "not_before": "2025-09-14T23:45:56",
    "not_after": "2025-12-13T23:45:55",
    "serial_number": "06a7f5a959516e2b694475873943a24690dc",
    "result_count": 1
  },
  {
    "issuer_ca_id": 295816,
    "issuer_name": "C=US, O=Let's Encrypt, CN=R12",
    "name_value": "dev.comm.ntu.edu.tw",
    "id": 21020611001,
    "entry_timestamp": "2025-09-14T21:45:22.226",
    "not_before": "2025-09-14T20:46:52",
    "not_after": "2025-12-13T20:46:51",
    "serial_number": "069a074400b8e68f1e7debe0881a0c1068ac",
    "result_count": 1
  },
  {
    "issuer_ca_id": 295816,
    "issuer_name": "C=US, O=Let's Encrypt, CN=R12",
    "name_value": "dev.comm.ntu.edu.tw",
    "id": 21020611078,
    "entry_timestamp": "2025-09-14T21:45:22.057",
    "not_before": "2025-09-14T20:46:52",
    "not_after": "2025-12-13T20:46:51",
    "serial_number": "069a074400b8e68f1e7debe0881a0c1068ac",
    "result_count": 1
  },
  {
    "issuer_ca_id": 295816,
    "issuer_name": "C=US, O=Let's Encrypt, CN=R12",
    "name_value": "hep1.phys.ntu.edu.tw",
    "id": 21019024386,
    "entry_timestamp": "2025-09-14T20:13:25.602",
    "not_before": "2025-09-14T19:14:55",
    "not_after": "2025-12-13T19:14:54",
    "serial_number": "06db3c5ea5e7b03572c2eac4d7f604cb97d0",
    "result_count": 1
  },
  {
    "issuer_ca_id": 295816,
    "issuer_name": "C=US, O=Let's Encrypt, CN=R12",
    "name_value": "hep1.phys.ntu.edu.tw",
    "id": 21019025265,
    "entry_timestamp": "2025-09-14T20:13:25.48",
    "not_before": "2025-09-14T19:14:55",
    "not_after": "2025-12-13T19:14:54",
    "serial_number": "06db3c5ea5e7b03572c2eac4d7f604cb97d0",
    "result_count": 1
  },
  {
    "issuer_ca_id": 295809,
    "issuer_name": "C=US, O=Let's Encrypt, CN=E8",
    "name_value": "earthcup.as.ntu.edu.tw",
    "id": 21018323944,
    "entry_timestamp": "2025-09-14T19:31:15.244",
    "not_before": "2025-09-14T18:32:42",
    "not_after": "2025-12-13T18:32:41",
    "serial_number": "05786e83736645d385c89218b86e467702ef",
    "result_count": 1
  },
  {
    "issuer_ca_id": 295809,
    "issuer_name": "C=US, O=Let's Encrypt, CN=E8",
    "name_value": "earthcup.as.ntu.edu.tw",
    "id": 21018323249,
    "entry_timestamp": "2025-09-14T19:31:12.908",
    "not_before": "2025-09-14T18:32:42",
    "not_after": "2025-12-13T18:32:41",
    "serial_number": "05786e83736645d385c89218b86e467702ef",
    "result_count": 1
  },
  {
    "issuer_ca_id": 295817,
    "issuer_name": "C=US, O=Let's Encrypt, CN=R13",
    "name_value": "stride-c.ntu.edu.tw",
    "id": 21017933977,
    "entry_timestamp": "2025-09-14T19:07:15.824",
    "not_before": "2025-09-14T18:08:45",
    "not_after": "2025-12-13T18:08:44",
    "serial_number": "06736dd602e6483ee08a6e80fd2ba1d288c9",
    "result_count": 1
  },
  {
    "issuer_ca_id": 295817,
    "issuer_name": "C=US, O=Let's Encrypt, CN=R13",
    "name_value": "stride-c.ntu.edu.tw",
    "id": 21017933899,
    "entry_timestamp": "2025-09-14T19:07:15.689",
    "not_before": "2025-09-14T18:08:45",
    "not_after": "2025-12-13T18:08:44",
    "serial_number": "06736dd602e6483ee08a6e80fd2ba1d288c9",
    "result_count": 1
  },
  {
    "issuer_ca_id": 295816,
    "issuer_name": "C=US, O=Let's Encrypt, CN=R12",
    "name_value": "newor1.oc.ntu.edu.tw",
    "id": 21014957764,
    "entry_timestamp": "2025-09-14T16:06:34.337",
    "not_before": "2025-09-14T15:08:04",
    "not_after": "2025-12-13T15:08:03",
    "serial_number": "068c949ea4e43c2d52a3fe5c129ebf3dd939",
    "result_count": 1
  },
  {
    "issuer_ca_id": 295816,
    "issuer_name": "C=US, O=Let's Encrypt, CN=R12",
    "name_value": "newor1.oc.ntu.edu.tw",
    "id": 21014958343,
    "entry_timestamp": "2025-09-14T16:06:34.195",
    "not_before": "2025-09-14T15:08:04",
    "not_after": "2025-12-13T15:08:03",
    "serial_number": "068c949ea4e43c2d52a3fe5c129ebf3dd939",
    "result_count": 1
  },
  {
    "issuer_ca_id": 295816,
    "issuer_name": "C=US, O=Let's Encrypt, CN=R12",
    "name_value": "univj.lib.ntu.edu.tw",
    "id": 21008884453,
    "entry_timestamp": "2025-09-14T08:49:47.593",
    "not_before": "2025-09-14T07:51:17",
    "not_after": "2025-12-13T07:51:16",
    "serial_number": "0534cdf134ae17cf3e9047b608ed7f406b43",
    "result_count": 1
  },
  {
    "issuer_ca_id": 295816,
    "issuer_name": "C=US, O=Let's Encrypt, CN=R12",
    "name_value": "univj.lib.ntu.edu.tw",
    "id": 21008882424,
    "entry_timestamp": "2025-09-14T08:49:47.29",
    "not_before": "2025-09-14T07:51:17",
    "not_after": "2025-12-13T07:51:16",
    "serial_number": "0534cdf134ae17cf3e9047b608ed7f406b43",
    "result_count": 1
  },
  {
    "issuer_ca_id": 295816,
    "issuer_name": "C=US, O=Let's Encrypt, CN=R12",
    "name_value": "speccoll.lib.ntu.edu.tw",
    "id": 21008881131,
    "entry_timestamp": "2025-09-14T08:49:40.878",
    "not_before": "2025-09-14T07:51:10",
    "not_after": "2025-12-13T07:51:09",
    "serial_number": "05d37c00709f83b49197498c550bef5766dd",
    "result_count": 1
  },
  {
    "issuer_ca_id": 295816,
    "issuer_name": "C=US, O=Let's Encrypt, CN=R12",
    "name_value": "speccoll.lib.ntu.edu.tw",
    "id": 21008881488,
    "entry_timestamp": "2025-09-14T08:49:40.513",
    "not_before": "2025-09-14T07:51:10",
    "not_after": "2025-12-13T07:51:09",
    "serial_number": "05d37c00709f83b49197498c550bef5766dd",
    "result_count": 1
  },
  {
    "issuer_ca_id": 295816,
    "issuer_name": "C=US, O=Let's Encrypt, CN=R12",
    "name_value": "ntucollections.lib.ntu.edu.tw",
    "id": 21008878613,
    "entry_timestamp": "2025-09-14T08:49:31.959",
    "not_before": "2025-09-14T07:51:01",
    "not_after": "2025-12-13T07:51:00",
    "serial_number": "06083a86900eb8be18abf7239cbf8d06130e",
    "result_count": 1
  },
  {
    "issuer_ca_id": 295816,
    "issuer_name": "C=US, O=Let's Encrypt, CN=R12",
    "name_value": "ntucollections.lib.ntu.edu.tw",
    "id": 21008878606,
    "entry_timestamp": "2025-09-14T08:49:31.757",
    "not_before": "2025-09-14T07:51:01",
    "not_after": "2025-12-13T07:51:00",
    "serial_number": "06083a86900eb8be18abf7239cbf8d06130e",
    "result_count": 1
  },
  {
    "issuer_ca_id": 295817,
    "issuer_name": "C=US, O=Let's Encrypt, CN=R13",
    "name_value": "newsletter.lib.ntu.edu.tw",
    "id": 21008875726,
    "entry_timestamp": "2025-09-14T08:49:22.744",
    "not_before": "2025-09-14T07:50:52",
    "not_after": "2025-12-13T07:50:51",
    "serial_number": "0558c6a8d00a3b570651125257b0dde0a699",
    "result_count": 1
  },
  {
    "issuer_ca_id": 295817,
    "issuer_name": "C=US, O=Let's Encrypt, CN=R13",
    "name_value": "newsletter.lib.ntu.edu.tw",
    "id": 21008876229,
    "entry_timestamp": "2025-09-14T08:49:22.434",
    "not_before": "2025-09-14T07:50:52",
    "not_after": "2025-12-13T07:50:51",
    "serial_number": "0558c6a8d00a3b570651125257b0dde0a699",
    "result_count": 1
  },
  {
    "issuer_ca_id": 295816,
    "issuer_name": "C=US, O=Let's Encrypt, CN=R12",
    "name_value": "mln.lib.ntu.edu.tw",
    "id": 21004926903,
    "entry_timestamp": "2025-09-14T04:27:40.076",
    "not_before": "2025-09-14T03:29:09",
    "not_after": "2025-12-13T03:29:08",
    "serial_number": "064fa69bed262f12518547fe0e9d2bd82878",
    "result_count": 1
  },
  {
    "issuer_ca_id": 295816,
    "issuer_name": "C=US, O=Let's Encrypt, CN=R12",
    "name_value": "mln.lib.ntu.edu.tw",
    "id": 21004926901,
    "entry_timestamp": "2025-09-14T04:27:39.743",
    "not_before": "2025-09-14T03:29:09",
    "not_after": "2025-12-13T03:29:08",
    "serial_number": "064fa69bed262f12518547fe0e9d2bd82878",
    "result_count": 1
  },
  {
    "issuer_ca_id": 295816,
    "issuer_name": "C=US, O=Let's Encrypt, CN=R12",
    "name_value": "lostfound.lib.ntu.edu.tw",
    "id": 21004925676,
    "entry_timestamp": "2025-09-14T04:27:29.658",
    "not_before": "2025-09-14T03:28:59",
    "not_after": "2025-12-13T03:28:58",
    "serial_number": "052c687925478d252f458578622addf9e3f9",
    "result_count": 1
  },
  {
    "issuer_ca_id": 295816,
    "issuer_name": "C=US, O=Let's Encrypt, CN=R12",
    "name_value": "lostfound.lib.ntu.edu.tw",
    "id": 21004925039,
    "entry_timestamp": "2025-09-14T04:27:29.427",
    "not_before": "2025-09-14T03:28:59",
    "not_after": "2025-12-13T03:28:58",
    "serial_number": "052c687925478d252f458578622addf9e3f9",
    "result_count": 1
  },
  {
    "issuer_ca_id": 295817,
    "issuer_name": "C=US, O=Let's Encrypt, CN=R13",
    "name_value": "nanosioe.ee.ntu.edu.tw",
    "id": 21004098982,
    "entry_timestamp": "2025-09-14T03:29:55.999",
    "not_before": "2025-09-14T02:31:25",
    "not_after": "2025-12-13T02:31:24",
    "serial_number": "06b579bb49fd5ffd36858697b565b9ba8c52",
    "result_count": 1
  },
  {
    "issuer_ca_id": 295817,
    "issuer_name": "C=US, O=Let's Encrypt, CN=R13",
    "name_value": "nanosioe.ee.ntu.edu.tw",
    "id": 21004097821,
    "entry_timestamp": "2025-09-14T03:29:55.906",
    "not_before": "2025-09-14T02:31:25",
    "not_after": "2025-12-13T02:31:24",
    "serial_number": "06b579bb49fd5ffd36858697b565b9ba8c52",
    "result_count": 1
  },
  {
    "issuer_ca_id": 295817,
    "issuer_name": "C=US, O=Let's Encrypt, CN=R13",
    "name_value": "wei.mc.ntu.edu.tw",
    "id": 21002354597,
    "entry_timestamp": "2025-09-14T01:36:57.164",
    "not_before": "2025-09-14T00:38:26",
    "not_after": "2025-12-13T00:38:25",
    "serial_number": "062ae4503c608f6bbd10a3aa15a0e269b8d5",
    "result_count": 1
  },
  {
    "issuer_ca_id": 295817,
    "issuer_name": "C=US, O=Let's Encrypt, CN=R13",
    "name_value": "wei.mc.ntu.edu.tw",
    "id": 21002355750,
    "entry_timestamp": "2025-09-14T01:36:57.049",
    "not_before": "2025-09-14T00:38:26",
    "not_after": "2025-12-13T00:38:25",
    "serial_number": "062ae4503c608f6bbd10a3aa15a0e269b8d5",
    "result_count": 1
  },
  {
    "issuer_ca_id": 295817,
    "issuer_name": "C=US, O=Let's Encrypt, CN=R13",
    "name_value": "ojs.lis.ntu.edu.tw",
    "id": 21001795039,
    "entry_timestamp": "2025-09-14T01:00:29.558",
    "not_before": "2025-09-14T00:01:59",
    "not_after": "2025-12-13T00:01:58",
    "serial_number": "05dc540db3fbbefc9cb1add8961d7c4c04e1",
    "result_count": 1
  },
  {
    "issuer_ca_id": 295817,
    "issuer_name": "C=US, O=Let's Encrypt, CN=R13",
    "name_value": "ojs.lis.ntu.edu.tw",
    "id": 21001794767,
    "entry_timestamp": "2025-09-14T01:00:29.254",
    "not_before": "2025-09-14T00:01:59",
    "not_after": "2025-12-13T00:01:58",
    "serial_number": "05dc540db3fbbefc9cb1add8961d7c4c04e1",
    "result_count": 1
  },
  {
    "issuer_ca_id": 295809,
    "issuer_name": "C=US, O=Let's Encrypt, CN=E8",
    "name_value": "pc202.ee.ntu.edu.tw",
    "id": 20999955446,
    "entry_timestamp": "2025-09-13T22:54:23.576",
    "not_before": "2025-09-13T21:55:53",
    "not_after": "2025-12-12T21:55:52",
    "serial_number": "056076b0380ad337fc4ccddd0c3baa3b6ddd",
    "result_count": 1
  },
  {
    "issuer_ca_id": 295809,
    "issuer_name": "C=US, O=Let's Encrypt, CN=E8",
    "name_value": "pc202.ee.ntu.edu.tw",
    "id": 20999956001,
    "entry_timestamp": "2025-09-13T22:54:23.262",
    "not_before": "2025-09-13T21:55:53",
    "not_after": "2025-12-12T21:55:52",
    "serial_number": "056076b0380ad337fc4ccddd0c3baa3b6ddd",
    "result_count": 1
  },
  {
    "issuer_ca_id": 295816,
    "issuer_name": "C=US, O=Let's Encrypt, CN=R12",
    "name_value": "molecular.ntu.edu.tw",
    "id": 20999137017,
    "entry_timestamp": "2025-09-13T22:01:21.205",
    "not_before": "2025-09-13T21:02:51",
    "not_after": "2025-12-12T21:02:50",
    "serial_number": "06be1c37f110b3a396197ed01a0bb32b871a",
    "result_count": 1
  },
  {
    "issuer_ca_id": 295816,
    "issuer_name": "C=US, O=Let's Encrypt, CN=R12",
    "name_value": "molecular.ntu.edu.tw",
    "id": 20999136647,
    "entry_timestamp": "2025-09-13T22:01:21.076",
    "not_before": "2025-09-13T21:02:51",
    "not_after": "2025-12-12T21:02:50",
    "serial_number": "06be1c37f110b3a396197ed01a0bb32b871a",
    "result_count": 1
  },
  {
    "issuer_ca_id": 295813,
    "issuer_name": "C=US, O=Let's Encrypt, CN=E7",
    "name_value": "aprumh2024.wcdr.ntu.edu.tw",
    "id": 20998992936,
    "entry_timestamp": "2025-09-13T21:51:56.989",
    "not_before": "2025-09-13T20:53:26",
    "not_after": "2025-12-12T20:53:25",
    "serial_number": "0533bf73b8983cbc81c7dadaee7e8661ad67",
    "result_count": 1
  },
  {
    "issuer_ca_id": 295813,
    "issuer_name": "C=US, O=Let's Encrypt, CN=E7",
    "name_value": "aprumh2024.wcdr.ntu.edu.tw",
    "id": 20998992617,
    "entry_timestamp": "2025-09-13T21:51:56.681",
    "not_before": "2025-09-13T20:53:26",
    "not_after": "2025-12-12T20:53:25",
    "serial_number": "0533bf73b8983cbc81c7dadaee7e8661ad67",
    "result_count": 1
  },
  {
    "issuer_ca_id": 295816,
    "issuer_name": "C=US, O=Let's Encrypt, CN=R12",
    "name_value": "aprumh2024.wcdr.ntu.edu.tw",
    "id": 20998991859,
    "entry_timestamp": "2025-09-13T21:51:52.232",
    "not_before": "2025-09-13T20:53:22",
    "not_after": "2025-12-12T20:53:21",
    "serial_number": "069cf3b205ca5dfa82fef2de022f5ea66dff",
    "result_count": 1
  },
  {
    "issuer_ca_id": 295816,
    "issuer_name": "C=US, O=Let's Encrypt, CN=R12",
    "name_value": "aprumh2024.wcdr.ntu.edu.tw",
    "id": 20998992485,
    "entry_timestamp": "2025-09-13T21:51:52.107",
    "not_before": "2025-09-13T20:53:22",
    "not_after": "2025-12-12T20:53:21",
    "serial_number": "069cf3b205ca5dfa82fef2de022f5ea66dff",
    "result_count": 1
  },
  {
    "issuer_ca_id": 295816,
    "issuer_name": "C=US, O=Let's Encrypt, CN=R12",
    "name_value": "soc.ee.ntu.edu.tw",
    "id": 20997436434,
    "entry_timestamp": "2025-09-13T20:00:49.635",
    "not_before": "2025-09-13T19:02:19",
    "not_after": "2025-12-12T19:02:18",
    "serial_number": "06660378c5ef4b9f8567eca75162f93f09c2",
    "result_count": 1
  },
  {
    "issuer_ca_id": 295816,
    "issuer_name": "C=US, O=Let's Encrypt, CN=R12",
    "name_value": "soc.ee.ntu.edu.tw",
    "id": 20997437160,
    "entry_timestamp": "2025-09-13T20:00:49.504",
    "not_before": "2025-09-13T19:02:19",
    "not_after": "2025-12-12T19:02:18",
    "serial_number": "06660378c5ef4b9f8567eca75162f93f09c2",
    "result_count": 1
  },
  {
    "issuer_ca_id": 286236,
    "issuer_name": "C=US, O=Google Trust Services, CN=WE1",
    "name_value": "ocw.aca.ntu.edu.tw",
    "id": 20995567673,
    "entry_timestamp": "2025-09-13T17:56:29.535",
    "not_before": "2025-09-13T16:39:02",
    "not_after": "2025-12-12T15:29:06",
    "serial_number": "00efff0a79dfbc1e2113d97d772b22c595",
    "result_count": 1
  },
  {
    "issuer_ca_id": 286236,
    "issuer_name": "C=US, O=Google Trust Services, CN=WE1",
    "name_value": "ocw.aca.ntu.edu.tw",
    "id": 20995328572,
    "entry_timestamp": "2025-09-13T17:39:02.741",
    "not_before": "2025-09-13T16:39:02",
    "not_after": "2025-12-12T15:29:06",
    "serial_number": "00efff0a79dfbc1e2113d97d772b22c595",
    "result_count": 1
  },
  {
    "issuer_ca_id": 286242,
    "issuer_name": "C=US, O=Google Trust Services, CN=WR1",
    "name_value": "ocw.aca.ntu.edu.tw",
    "id": 20993397187,
    "entry_timestamp": "2025-09-13T15:29:01.076",
    "not_before": "2025-09-13T14:29:00",
    "not_after": "2025-12-12T10:28:04",
    "serial_number": "6529b39cc545e9e713e247d8403d837a",
    "result_count": 1
  },
  {
    "issuer_ca_id": 295813,
    "issuer_name": "C=US, O=Let's Encrypt, CN=E7",
    "name_value": "mvnl.csie.ntu.edu.tw",
    "id": 20991416592,
    "entry_timestamp": "2025-09-13T13:15:32.973",
    "not_before": "2025-09-13T12:17:02",
    "not_after": "2025-12-12T12:17:01",
    "serial_number": "05fd04dacd9adacef5d75ad29ad3a9ae9d51",
    "result_count": 1
  },
  {
    "issuer_ca_id": 295813,
    "issuer_name": "C=US, O=Let's Encrypt, CN=E7",
    "name_value": "mvnl.csie.ntu.edu.tw",
    "id": 20991416589,
    "entry_timestamp": "2025-09-13T13:15:32.755",
    "not_before": "2025-09-13T12:17:02",
    "not_after": "2025-12-12T12:17:01",
    "serial_number": "05fd04dacd9adacef5d75ad29ad3a9ae9d51",
    "result_count": 1
  },
  {
    "issuer_ca_id": 295809,
    "issuer_name": "C=US, O=Let's Encrypt, CN=E8",
    "name_value": "mvnl.csie.ntu.edu.tw",
    "id": 20990757375,
    "entry_timestamp": "2025-09-13T12:29:45.013",
    "not_before": "2025-09-13T11:31:14",
    "not_after": "2025-12-12T11:31:13",
    "serial_number": "055f693400ad174d012649dea56852b958e4",
    "result_count": 1
  },
  {
    "issuer_ca_id": 295809,
    "issuer_name": "C=US, O=Let's Encrypt, CN=E8",
    "name_value": "mvnl.csie.ntu.edu.tw",
    "id": 20990756339,
    "entry_timestamp": "2025-09-13T12:29:44.772",
    "not_before": "2025-09-13T11:31:14",
    "not_after": "2025-12-12T11:31:13",
    "serial_number": "055f693400ad174d012649dea56852b958e4",
    "result_count": 1
  },
  {
    "issuer_ca_id": 295809,
    "issuer_name": "C=US, O=Let's Encrypt, CN=E8",
    "name_value": "mail.msa.math.ntu.edu.tw",
    "id": 20989800548,
    "entry_timestamp": "2025-09-13T11:23:08.685",
    "not_before": "2025-09-13T10:24:38",
    "not_after": "2025-12-12T10:24:37",
    "serial_number": "05fb0e7e60e0e1d5f9fe03e66e6ddfeef7bf",
    "result_count": 1
  },
  {
    "issuer_ca_id": 295809,
    "issuer_name": "C=US, O=Let's Encrypt, CN=E8",
    "name_value": "mail.msa.math.ntu.edu.tw",
    "id": 20989799929,
    "entry_timestamp": "2025-09-13T11:23:08.267",
    "not_before": "2025-09-13T10:24:38",
    "not_after": "2025-12-12T10:24:37",
    "serial_number": "05fb0e7e60e0e1d5f9fe03e66e6ddfeef7bf",
    "result_count": 1
  },
  {
    "issuer_ca_id": 295816,
    "issuer_name": "C=US, O=Let's Encrypt, CN=R12",
    "name_value": "api.linguistics.ntu.edu.tw",
    "id": 20986369505,
    "entry_timestamp": "2025-09-13T07:20:17.546",
    "not_before": "2025-09-13T06:21:47",
    "not_after": "2025-12-12T06:21:46",
    "serial_number": "0582e2b0ed886b78d88495eba6a17dbaa9dd",
    "result_count": 1
  },
  {
    "issuer_ca_id": 295816,
    "issuer_name": "C=US, O=Let's Encrypt, CN=R12",
    "name_value": "api.linguistics.ntu.edu.tw",
    "id": 20986369634,
    "entry_timestamp": "2025-09-13T07:20:17.21",
    "not_before": "2025-09-13T06:21:47",
    "not_after": "2025-12-12T06:21:46",
    "serial_number": "0582e2b0ed886b78d88495eba6a17dbaa9dd",
    "result_count": 1
  },
  {
    "issuer_ca_id": 158800,
    "issuer_name": "C=AT, O=ZeroSSL, CN=ZeroSSL RSA Domain Secure Site CA",
    "name_value": "cdn.tscsp.ntu.edu.tw",
    "id": 20979184317,
    "entry_timestamp": "2025-09-13T00:03:01.812",
    "not_before": "2025-09-13T00:00:00",
    "not_after": "2025-12-12T23:59:59",
    "serial_number": "00d06d8b9e1917411c02cdbea86eefc04c",
    "result_count": 1
  },
  {
    "issuer_ca_id": 158800,
    "issuer_name": "C=AT, O=ZeroSSL, CN=ZeroSSL RSA Domain Secure Site CA",
    "name_value": "cdn.tscsp.ntu.edu.tw",
    "id": 20979184354,
    "entry_timestamp": "2025-09-13T00:03:00.649",
    "not_before": "2025-09-13T00:00:00",
    "not_after": "2025-12-12T23:59:59",
    "serial_number": "00d06d8b9e1917411c02cdbea86eefc04c",
    "result_count": 1
  },
  {
    "issuer_ca_id": 158800,
    "issuer_name": "C=AT, O=ZeroSSL, CN=ZeroSSL RSA Domain Secure Site CA",
    "name_value": "backend.tscsp.ntu.edu.tw",
    "id": 20979183279,
    "entry_timestamp": "2025-09-13T00:02:49.602",
    "not_before": "2025-09-13T00:00:00",
    "not_after": "2025-12-12T23:59:59",
    "serial_number": "3252ce4119de384d42ee1eab23fab64b",
    "result_count": 1
  },
  {
    "issuer_ca_id": 158800,
    "issuer_name": "C=AT, O=ZeroSSL, CN=ZeroSSL RSA Domain Secure Site CA",
    "name_value": "backend.tscsp.ntu.edu.tw",
    "id": 20979182781,
    "entry_timestamp": "2025-09-13T00:02:49.197",
    "not_before": "2025-09-13T00:00:00",
    "not_after": "2025-12-12T23:59:59",
    "serial_number": "3252ce4119de384d42ee1eab23fab64b",
    "result_count": 1
  },
  {
    "issuer_ca_id": 158800,
    "issuer_name": "C=AT, O=ZeroSSL, CN=ZeroSSL RSA Domain Secure Site CA",
    "name_value": "backend.ntusystem.ntu.edu.tw",
    "id": 20979176571,
    "entry_timestamp": "2025-09-13T00:02:11.128",
    "not_before": "2025-09-13T00:00:00",
    "not_after": "2025-12-12T23:59:59",
    "serial_number": "503b4fa233cc1e50fa466c8e2188b38d",
    "result_count": 1
  },
  {
    "issuer_ca_id": 158800,
    "issuer_name": "C=AT, O=ZeroSSL, CN=ZeroSSL RSA Domain Secure Site CA",
    "name_value": "backend.ntusystem.ntu.edu.tw",
    "id": 20979172951,
    "entry_timestamp": "2025-09-13T00:02:10.265",
    "not_before": "2025-09-13T00:00:00",
    "not_after": "2025-12-12T23:59:59",
    "serial_number": "503b4fa233cc1e50fa466c8e2188b38d",
    "result_count": 1
  },
  {
    "issuer_ca_id": 158800,
    "issuer_name": "C=AT, O=ZeroSSL, CN=ZeroSSL RSA Domain Secure Site CA",
    "name_value": "cdn.ntusystem.ntu.edu.tw",
    "id": 20979168161,
    "entry_timestamp": "2025-09-13T00:01:55.417",
    "not_before": "2025-09-13T00:00:00",
    "not_after": "2025-12-12T23:59:59",
    "serial_number": "00e2f4299f8c780dba00a2a32ba8d90322",
    "result_count": 1
  },
  {
    "issuer_ca_id": 158800,
    "issuer_name": "C=AT, O=ZeroSSL, CN=ZeroSSL RSA Domain Secure Site CA",
    "name_value": "cdn.ntusystem.ntu.edu.tw",
    "id": 20979167831,
    "entry_timestamp": "2025-09-13T00:01:53.889",
    "not_before": "2025-09-13T00:00:00",
    "not_after": "2025-12-12T23:59:59",
    "serial_number": "00e2f4299f8c780dba00a2a32ba8d90322",
    "result_count": 1
  },
  {
    "issuer_ca_id": 158800,
    "issuer_name": "C=AT, O=ZeroSSL, CN=ZeroSSL RSA Domain Secure Site CA",
    "name_value": "api.ntusystem.ntu.edu.tw",
    "id": 20979158135,
    "entry_timestamp": "2025-09-13T00:01:17.652",
    "not_before": "2025-09-13T00:00:00",
    "not_after": "2025-12-12T23:59:59",
    "serial_number": "008756ab30eead850ca0bc6e89635a79dc",
    "result_count": 1
  },
  {
    "issuer_ca_id": 158800,
    "issuer_name": "C=AT, O=ZeroSSL, CN=ZeroSSL RSA Domain Secure Site CA",
    "name_value": "api.ntusystem.ntu.edu.tw",
    "id": 20979157662,
    "entry_timestamp": "2025-09-13T00:01:16.809",
    "not_before": "2025-09-13T00:00:00",
    "not_after": "2025-12-12T23:59:59",
    "serial_number": "008756ab30eead850ca0bc6e89635a79dc",
    "result_count": 1
  },
  {
    "issuer_ca_id": 158800,
    "issuer_name": "C=AT, O=ZeroSSL, CN=ZeroSSL RSA Domain Secure Site CA",
    "name_value": "api.tscsp.ntu.edu.tw",
    "id": 20979154218,
    "entry_timestamp": "2025-09-13T00:00:55.958",
    "not_before": "2025-09-13T00:00:00",
    "not_after": "2025-12-12T23:59:59",
    "serial_number": "195dafbc9b9efcddbdc4db158d9fcd51",
    "result_count": 1
  },
  {
    "issuer_ca_id": 158800,
    "issuer_name": "C=AT, O=ZeroSSL, CN=ZeroSSL RSA Domain Secure Site CA",
    "name_value": "api.tscsp.ntu.edu.tw",
    "id": 20979154145,
    "entry_timestamp": "2025-09-13T00:00:54.844",
    "not_before": "2025-09-13T00:00:00",
    "not_after": "2025-12-12T23:59:59",
    "serial_number": "195dafbc9b9efcddbdc4db158d9fcd51",
    "result_count": 1
  },
  {
    "issuer_ca_id": 158800,
    "issuer_name": "C=AT, O=ZeroSSL, CN=ZeroSSL RSA Domain Secure Site CA",
    "name_value": "ntusystem.ntu.edu.tw",
    "id": 20979145793,
    "entry_timestamp": "2025-09-13T00:00:30.481",
    "not_before": "2025-09-13T00:00:00",
    "not_after": "2025-12-12T23:59:59",
    "serial_number": "00ea2f60d7bc19e7a4c62ed1be1d03930f",
    "result_count": 1
  },
  {
    "issuer_ca_id": 158800,
    "issuer_name": "C=AT, O=ZeroSSL, CN=ZeroSSL RSA Domain Secure Site CA",
    "name_value": "ntusystem.ntu.edu.tw",
    "id": 20979145849,
    "entry_timestamp": "2025-09-13T00:00:29.26",
    "not_before": "2025-09-13T00:00:00",
    "not_after": "2025-12-12T23:59:59",
    "serial_number": "00ea2f60d7bc19e7a4c62ed1be1d03930f",
    "result_count": 1
  },
  {
    "issuer_ca_id": 295816,
    "issuer_name": "C=US, O=Let's Encrypt, CN=R12",
    "name_value": "ce13078.ce.ntu.edu.tw",
    "id": 20977251711,
    "entry_timestamp": "2025-09-12T22:16:24.729",
    "not_before": "2025-09-12T21:17:52",
    "not_after": "2025-12-11T21:17:51",
    "serial_number": "05564ed84adbd5e00831ba5614692b38f994",
    "result_count": 1
  },
  {
    "issuer_ca_id": 295816,
    "issuer_name": "C=US, O=Let's Encrypt, CN=R12",
    "name_value": "ce13078.ce.ntu.edu.tw",
    "id": 20977251693,
    "entry_timestamp": "2025-09-12T22:16:22.511",
    "not_before": "2025-09-12T21:17:52",
    "not_after": "2025-12-11T21:17:51",
    "serial_number": "05564ed84adbd5e00831ba5614692b38f994",
    "result_count": 1
  },
  {
    "issuer_ca_id": 295816,
    "issuer_name": "C=US, O=Let's Encrypt, CN=R12",
    "name_value": "www.ntulc.ntu.edu.tw",
    "id": 20971425709,
    "entry_timestamp": "2025-09-12T16:04:41.607",
    "not_before": "2025-09-12T15:06:11",
    "not_after": "2025-12-11T15:06:10",
    "serial_number": "0602becf101219b76f16260817dc4efa2fd3",
    "result_count": 1
  },
  {
    "issuer_ca_id": 295816,
    "issuer_name": "C=US, O=Let's Encrypt, CN=R12",
    "name_value": "www.ntulc.ntu.edu.tw",
    "id": 20971425560,
    "entry_timestamp": "2025-09-12T16:04:41.398",
    "not_before": "2025-09-12T15:06:11",
    "not_after": "2025-12-11T15:06:10",
    "serial_number": "0602becf101219b76f16260817dc4efa2fd3",
    "result_count": 1
  },
  {
    "issuer_ca_id": 295813,
    "issuer_name": "C=US, O=Let's Encrypt, CN=E7",
    "name_value": "im.ntu.edu.tw",
    "id": 20970286352,
    "entry_timestamp": "2025-09-12T15:00:36.014",
    "not_before": "2025-09-12T14:02:05",
    "not_after": "2025-12-11T14:02:04",
    "serial_number": "054aadc5624e4531a4e5ed9ce3a51fff14ad",
    "result_count": 1
  },
  {
    "issuer_ca_id": 295813,
    "issuer_name": "C=US, O=Let's Encrypt, CN=E7",
    "name_value": "im.ntu.edu.tw",
    "id": 20970285845,
    "entry_timestamp": "2025-09-12T15:00:35.738",
    "not_before": "2025-09-12T14:02:05",
    "not_after": "2025-12-11T14:02:04",
    "serial_number": "054aadc5624e4531a4e5ed9ce3a51fff14ad",
    "result_count": 1
  },
  {
    "issuer_ca_id": 295809,
    "issuer_name": "C=US, O=Let's Encrypt, CN=E8",
    "name_value": "pc214.ee.ntu.edu.tw",
    "id": 20970004943,
    "entry_timestamp": "2025-09-12T14:44:19.289",
    "not_before": "2025-09-12T13:45:48",
    "not_after": "2025-12-11T13:45:47",
    "serial_number": "0588a4cb8eb55bc394a45ec68ffc764ccc38",
    "result_count": 1
  },
  {
    "issuer_ca_id": 295809,
    "issuer_name": "C=US, O=Let's Encrypt, CN=E8",
    "name_value": "pc214.ee.ntu.edu.tw",
    "id": 20970005838,
    "entry_timestamp": "2025-09-12T14:44:18.948",
    "not_before": "2025-09-12T13:45:48",
    "not_after": "2025-12-11T13:45:47",
    "serial_number": "0588a4cb8eb55bc394a45ec68ffc764ccc38",
    "result_count": 1
  },
  {
    "issuer_ca_id": 295816,
    "issuer_name": "C=US, O=Let's Encrypt, CN=R12",
    "name_value": "tigpbio.ntu.edu.tw",
    "id": 20967138613,
    "entry_timestamp": "2025-09-12T11:45:55.266",
    "not_before": "2025-09-12T10:47:25",
    "not_after": "2025-12-11T10:47:24",
    "serial_number": "06f1ab938120faa167f147045f2031dd47ec",
    "result_count": 1
  },
  {
    "issuer_ca_id": 295816,
    "issuer_name": "C=US, O=Let's Encrypt, CN=R12",
    "name_value": "tigpbio.ntu.edu.tw",
    "id": 20967138352,
    "entry_timestamp": "2025-09-12T11:45:55.072",
    "not_before": "2025-09-12T10:47:25",
    "not_after": "2025-12-11T10:47:24",
    "serial_number": "06f1ab938120faa167f147045f2031dd47ec",
    "result_count": 1
  },
  {
    "issuer_ca_id": 295816,
    "issuer_name": "C=US, O=Let's Encrypt, CN=R12",
    "name_value": "ac09.esoe.ntu.edu.tw",
    "id": 20963384387,
    "entry_timestamp": "2025-09-12T07:55:38.063",
    "not_before": "2025-09-12T06:57:07",
    "not_after": "2025-12-11T06:57:06",
    "serial_number": "053df7756b196510a436a6555c8c97fb8d08",
    "result_count": 1
  },
  {
    "issuer_ca_id": 295816,
    "issuer_name": "C=US, O=Let's Encrypt, CN=R12",
    "name_value": "ac09.esoe.ntu.edu.tw",
    "id": 20963697755,
    "entry_timestamp": "2025-09-12T07:55:37.761",
    "not_before": "2025-09-12T06:57:07",
    "not_after": "2025-12-11T06:57:06",
    "serial_number": "053df7756b196510a436a6555c8c97fb8d08",
    "result_count": 1
  },
  {
    "issuer_ca_id": 295809,
    "issuer_name": "C=US, O=Let's Encrypt, CN=E8",
    "name_value": "ws.ldap.im.ntu.edu.tw",
    "id": 20962718787,
    "entry_timestamp": "2025-09-12T07:06:32.388",
    "not_before": "2025-09-12T06:08:02",
    "not_after": "2025-12-11T06:08:01",
    "serial_number": "067c31f9c80dd4b23c0f1db4db7fa6a686d1",
    "result_count": 1
  },
  {
    "issuer_ca_id": 295809,
    "issuer_name": "C=US, O=Let's Encrypt, CN=E8",
    "name_value": "ws.ldap.im.ntu.edu.tw",
    "id": 20962722044,
    "entry_timestamp": "2025-09-12T07:06:32.265",
    "not_before": "2025-09-12T06:08:02",
    "not_after": "2025-12-11T06:08:01",
    "serial_number": "067c31f9c80dd4b23c0f1db4db7fa6a686d1",
    "result_count": 1
  },
  {
    "issuer_ca_id": 295817,
    "issuer_name": "C=US, O=Let's Encrypt, CN=R13",
    "name_value": "ws.ldap.im.ntu.edu.tw",
    "id": 20962714361,
    "entry_timestamp": "2025-09-12T07:06:20.83",
    "not_before": "2025-09-12T06:07:50",
    "not_after": "2025-12-11T06:07:49",
    "serial_number": "054f51ad49e8e8899f503a7da8bb0bf3fc63",
    "result_count": 1
  },
  {
    "issuer_ca_id": 295817,
    "issuer_name": "C=US, O=Let's Encrypt, CN=R13",
    "name_value": "ws.ldap.im.ntu.edu.tw",
    "id": 20963426677,
    "entry_timestamp": "2025-09-12T07:06:20.586",
    "not_before": "2025-09-12T06:07:50",
    "not_after": "2025-12-11T06:07:49",
    "serial_number": "054f51ad49e8e8899f503a7da8bb0bf3fc63",
    "result_count": 1
  },
  {
    "issuer_ca_id": 295813,
    "issuer_name": "C=US, O=Let's Encrypt, CN=E7",
    "name_value": "drive.im.ntu.edu.tw",
    "id": 20962683998,
    "entry_timestamp": "2025-09-12T07:04:33.072",
    "not_before": "2025-09-12T06:06:02",
    "not_after": "2025-12-11T06:06:01",
    "serial_number": "050a82fc16bf8a1f4900163af4abef381294",
    "result_count": 1
  },
  {
    "issuer_ca_id": 295813,
    "issuer_name": "C=US, O=Let's Encrypt, CN=E7",
    "name_value": "drive.im.ntu.edu.tw",
    "id": 20962691803,
    "entry_timestamp": "2025-09-12T07:04:32.725",
    "not_before": "2025-09-12T06:06:02",
    "not_after": "2025-12-11T06:06:01",
    "serial_number": "050a82fc16bf8a1f4900163af4abef381294",
    "result_count": 1
  },
  {
    "issuer_ca_id": 295817,
    "issuer_name": "C=US, O=Let's Encrypt, CN=R13",
    "name_value": "drive.im.ntu.edu.tw",
    "id": 20962681967,
    "entry_timestamp": "2025-09-12T07:04:26.173",
    "not_before": "2025-09-12T06:05:56",
    "not_after": "2025-12-11T06:05:55",
    "serial_number": "06a980b48f8fbaf221180f879bc76488f336",
    "result_count": 1
  },
  {
    "issuer_ca_id": 295817,
    "issuer_name": "C=US, O=Let's Encrypt, CN=R13",
    "name_value": "drive.im.ntu.edu.tw",
    "id": 20962716830,
    "entry_timestamp": "2025-09-12T07:04:26.08",
    "not_before": "2025-09-12T06:05:56",
    "not_after": "2025-12-11T06:05:55",
    "serial_number": "06a980b48f8fbaf221180f879bc76488f336",
    "result_count": 1
  },
  {
    "issuer_ca_id": 295816,
    "issuer_name": "C=US, O=Let's Encrypt, CN=R12",
    "name_value": "ntuplus.ntu.edu.tw",
    "id": 20953921589,
    "entry_timestamp": "2025-09-11T22:02:35.281",
    "not_before": "2025-09-11T21:04:04",
    "not_after": "2025-12-10T21:04:03",
    "serial_number": "052c991bc2e036ad2010fcd095edc39e355e",
    "result_count": 1
  },
  {
    "issuer_ca_id": 295816,
    "issuer_name": "C=US, O=Let's Encrypt, CN=R12",
    "name_value": "ntuplus.ntu.edu.tw",
    "id": 20953921578,
    "entry_timestamp": "2025-09-11T22:02:35.029",
    "not_before": "2025-09-11T21:04:04",
    "not_after": "2025-12-10T21:04:03",
    "serial_number": "052c991bc2e036ad2010fcd095edc39e355e",
    "result_count": 1
  },
  {
    "issuer_ca_id": 286236,
    "issuer_name": "C=US, O=Google Trust Services, CN=WE1",
    "name_value": "lecospa.ntu.edu.tw",
    "id": 20951892590,
    "entry_timestamp": "2025-09-11T19:58:35.044",
    "not_before": "2025-09-11T18:58:34",
    "not_after": "2025-12-10T19:58:25",
    "serial_number": "00a845b08ec80537640de5d7cadd10a4f3",
    "result_count": 1
  },
  {
    "issuer_ca_id": 286242,
    "issuer_name": "C=US, O=Google Trust Services, CN=WR1",
    "name_value": "lecospa.ntu.edu.tw",
    "id": 20951891704,
    "entry_timestamp": "2025-09-11T19:58:16.491",
    "not_before": "2025-09-11T18:58:16",
    "not_after": "2025-12-10T19:56:50",
    "serial_number": "7cab679846c54c2b1390456ef72a66be",
    "result_count": 1
  },
  {
    "issuer_ca_id": 295817,
    "issuer_name": "C=US, O=Let's Encrypt, CN=R13",
    "name_value": "arbor.ee.ntu.edu.tw",
    "id": 20950921474,
    "entry_timestamp": "2025-09-11T19:06:33.07",
    "not_before": "2025-09-11T18:08:00",
    "not_after": "2025-12-10T18:07:59",
    "serial_number": "06dfdb306d3d312969bef31973c65efc2d77",
    "result_count": 1
  },
  {
    "issuer_ca_id": 295817,
    "issuer_name": "C=US, O=Let's Encrypt, CN=R13",
    "name_value": "arbor.ee.ntu.edu.tw",
    "id": 20950920454,
    "entry_timestamp": "2025-09-11T19:06:30.929",
    "not_before": "2025-09-11T18:08:00",
    "not_after": "2025-12-10T18:07:59",
    "serial_number": "06dfdb306d3d312969bef31973c65efc2d77",
    "result_count": 1
  },
  {
    "issuer_ca_id": 295813,
    "issuer_name": "C=US, O=Let's Encrypt, CN=E7",
    "name_value": "formosanbank.linguistics.ntu.edu.tw",
    "id": 20942221348,
    "entry_timestamp": "2025-09-11T10:30:36.767",
    "not_before": "2025-09-11T09:32:04",
    "not_after": "2025-12-10T09:32:03",
    "serial_number": "065dccd3d2061c79f55a38be9e7dd1945865",
    "result_count": 1
  },
  {
    "issuer_ca_id": 295813,
    "issuer_name": "C=US, O=Let's Encrypt, CN=E7",
    "name_value": "formosanbank.linguistics.ntu.edu.tw",
    "id": 20942220584,
    "entry_timestamp": "2025-09-11T10:30:34.633",
    "not_before": "2025-09-11T09:32:04",
    "not_after": "2025-12-10T09:32:03",
    "serial_number": "065dccd3d2061c79f55a38be9e7dd1945865",
    "result_count": 1
  },
  {
    "issuer_ca_id": 286236,
    "issuer_name": "C=US, O=Google Trust Services, CN=WE1",
    "name_value": "ingoacademy.ntu.edu.tw",
    "id": 20938612861,
    "entry_timestamp": "2025-09-11T06:32:42.153",
    "not_before": "2025-09-11T02:37:20",
    "not_after": "2025-12-10T03:37:15",
    "serial_number": "0fa5eaf09a2d43a00e3b19d05cedac00",
    "result_count": 1
  },
  {
    "issuer_ca_id": 295809,
    "issuer_name": "C=US, O=Let's Encrypt, CN=E8",
    "name_value": "perc.ntu.edu.tw",
    "id": 20937092453,
    "entry_timestamp": "2025-09-11T04:53:12.08",
    "not_before": "2025-09-11T03:54:39",
    "not_after": "2025-12-10T03:54:38",
    "serial_number": "06732c3c4f68091c3d8e13241c3036e50a47",
    "result_count": 1
  },
  {
    "issuer_ca_id": 295809,
    "issuer_name": "C=US, O=Let's Encrypt, CN=E8",
    "name_value": "perc.ntu.edu.tw",
    "id": 20937091589,
    "entry_timestamp": "2025-09-11T04:53:09.893",
    "not_before": "2025-09-11T03:54:39",
    "not_after": "2025-12-10T03:54:38",
    "serial_number": "06732c3c4f68091c3d8e13241c3036e50a47",
    "result_count": 1
  },
  {
    "issuer_ca_id": 286236,
    "issuer_name": "C=US, O=Google Trust Services, CN=WE1",
    "name_value": "ingoacademy.ntu.edu.tw",
    "id": 20936013796,
    "entry_timestamp": "2025-09-11T03:37:21.061",
    "not_before": "2025-09-11T02:37:20",
    "not_after": "2025-12-10T03:37:15",
    "serial_number": "0fa5eaf09a2d43a00e3b19d05cedac00",
    "result_count": 1
  },
  {
    "issuer_ca_id": 286242,
    "issuer_name": "C=US, O=Google Trust Services, CN=WR1",
    "name_value": "ingoacademy.ntu.edu.tw",
    "id": 20936004325,
    "entry_timestamp": "2025-09-11T03:37:07.151",
    "not_before": "2025-09-11T02:37:06",
    "not_after": "2025-12-10T03:35:41",
    "serial_number": "00ceed86dafc486d9c1321a2d35ae00950",
    "result_count": 1
  },
  {
    "issuer_ca_id": 295817,
    "issuer_name": "C=US, O=Let's Encrypt, CN=R13",
    "name_value": "ciel.ntu.edu.tw",
    "id": 20934839588,
    "entry_timestamp": "2025-09-11T02:22:31.593",
    "not_before": "2025-09-11T01:24:01",
    "not_after": "2025-12-10T01:24:00",
    "serial_number": "06ae935351b00f27e0c81439cf251d5480ce",
    "result_count": 1
  },
  {
    "issuer_ca_id": 295817,
    "issuer_name": "C=US, O=Let's Encrypt, CN=R13",
    "name_value": "ciel.ntu.edu.tw",
    "id": 20934839226,
    "entry_timestamp": "2025-09-11T02:22:31.449",
    "not_before": "2025-09-11T01:24:01",
    "not_after": "2025-12-10T01:24:00",
    "serial_number": "06ae935351b00f27e0c81439cf251d5480ce",
    "result_count": 1
  },
  {
    "issuer_ca_id": 295816,
    "issuer_name": "C=US, O=Let's Encrypt, CN=R12",
    "name_value": "kiki.ee.ntu.edu.tw",
    "id": 20934524024,
    "entry_timestamp": "2025-09-11T02:05:48.241",
    "not_before": "2025-09-11T01:07:17",
    "not_after": "2025-12-10T01:07:16",
    "serial_number": "06abc91cc06d41405efd30b37a3fb39df6e4",
    "result_count": 1
  },
  {
    "issuer_ca_id": 295816,
    "issuer_name": "C=US, O=Let's Encrypt, CN=R12",
    "name_value": "kiki.ee.ntu.edu.tw",
    "id": 20934524321,
    "entry_timestamp": "2025-09-11T02:05:48.034",
    "not_before": "2025-09-11T01:07:17",
    "not_after": "2025-12-10T01:07:16",
    "serial_number": "06abc91cc06d41405efd30b37a3fb39df6e4",
    "result_count": 1
  },
  {
    "issuer_ca_id": 295816,
    "issuer_name": "C=US, O=Let's Encrypt, CN=R12",
    "name_value": "iol2025reg.linguistics.ntu.edu.tw",
    "id": 20930503308,
    "entry_timestamp": "2025-09-10T21:53:46.041",
    "not_before": "2025-09-10T20:55:15",
    "not_after": "2025-12-09T20:55:14",
    "serial_number": "06ef6b2ec753b7809c0fd2d4ac316da0f927",
    "result_count": 1
  },
  {
    "issuer_ca_id": 295816,
    "issuer_name": "C=US, O=Let's Encrypt, CN=R12",
    "name_value": "iol2025reg.linguistics.ntu.edu.tw",
    "id": 20930503303,
    "entry_timestamp": "2025-09-10T21:53:45.727",
    "not_before": "2025-09-10T20:55:15",
    "not_after": "2025-12-09T20:55:14",
    "serial_number": "06ef6b2ec753b7809c0fd2d4ac316da0f927",
    "result_count": 1
  },
  {
    "issuer_ca_id": 295816,
    "issuer_name": "C=US, O=Let's Encrypt, CN=R12",
    "name_value": "admin.tcsl.ntu.edu.tw",
    "id": 20928976600,
    "entry_timestamp": "2025-09-10T20:16:31.773",
    "not_before": "2025-09-10T19:18:01",
    "not_after": "2025-12-09T19:18:00",
    "serial_number": "05800b5123e6d97b6ad90cc4d2ec371b2d65",
    "result_count": 1
  },
  {
    "issuer_ca_id": 295816,
    "issuer_name": "C=US, O=Let's Encrypt, CN=R12",
    "name_value": "admin.tcsl.ntu.edu.tw",
    "id": 20928976009,
    "entry_timestamp": "2025-09-10T20:16:31.489",
    "not_before": "2025-09-10T19:18:01",
    "not_after": "2025-12-09T19:18:00",
    "serial_number": "05800b5123e6d97b6ad90cc4d2ec371b2d65",
    "result_count": 1
  },
  {
    "issuer_ca_id": 295809,
    "issuer_name": "C=US, O=Let's Encrypt, CN=E8",
    "name_value": "wjchen.cph.ntu.edu.tw",
    "id": 20928696417,
    "entry_timestamp": "2025-09-10T19:57:16.799",
    "not_before": "2025-09-10T18:58:46",
    "not_after": "2025-12-09T18:58:45",
    "serial_number": "06849ee708bddc3cd11f0fa4d1372f3a2301",
    "result_count": 1
  },
  {
    "issuer_ca_id": 295809,
    "issuer_name": "C=US, O=Let's Encrypt, CN=E8",
    "name_value": "wjchen.cph.ntu.edu.tw",
    "id": 20928696592,
    "entry_timestamp": "2025-09-10T19:57:16.564",
    "not_before": "2025-09-10T18:58:46",
    "not_after": "2025-12-09T18:58:45",
    "serial_number": "06849ee708bddc3cd11f0fa4d1372f3a2301",
    "result_count": 1
  },
  {
    "issuer_ca_id": 295816,
    "issuer_name": "C=US, O=Let's Encrypt, CN=R12",
    "name_value": "wjchen.cph.ntu.edu.tw",
    "id": 20928692390,
    "entry_timestamp": "2025-09-10T19:57:13.281",
    "not_before": "2025-09-10T18:58:43",
    "not_after": "2025-12-09T18:58:42",
    "serial_number": "060362f8d9553cabf2c62c90a60f40b0bccc",
    "result_count": 1
  },
  {
    "issuer_ca_id": 295816,
    "issuer_name": "C=US, O=Let's Encrypt, CN=R12",
    "name_value": "wjchen.cph.ntu.edu.tw",
    "id": 20928693263,
    "entry_timestamp": "2025-09-10T19:57:13.127",
    "not_before": "2025-09-10T18:58:43",
    "not_after": "2025-12-09T18:58:42",
    "serial_number": "060362f8d9553cabf2c62c90a60f40b0bccc",
    "result_count": 1
  },
  {
    "issuer_ca_id": 295809,
    "issuer_name": "C=US, O=Let's Encrypt, CN=E8",
    "name_value": "drive.im.ntu.edu.tw",
    "id": 20921262949,
    "entry_timestamp": "2025-09-10T12:32:52.467",
    "not_before": "2025-09-10T11:34:22",
    "not_after": "2025-12-09T11:34:21",
    "serial_number": "05de00015547097c51eff86939ef4dee0771",
    "result_count": 1
  },
  {
    "issuer_ca_id": 295809,
    "issuer_name": "C=US, O=Let's Encrypt, CN=E8",
    "name_value": "drive.im.ntu.edu.tw",
    "id": 20921262810,
    "entry_timestamp": "2025-09-10T12:32:52.197",
    "not_before": "2025-09-10T11:34:22",
    "not_after": "2025-12-09T11:34:21",
    "serial_number": "05de00015547097c51eff86939ef4dee0771",
    "result_count": 1
  },
  {
    "issuer_ca_id": 295817,
    "issuer_name": "C=US, O=Let's Encrypt, CN=R13",
    "name_value": "drive.im.ntu.edu.tw",
    "id": 20921261341,
    "entry_timestamp": "2025-09-10T12:32:44.696",
    "not_before": "2025-09-10T11:34:13",
    "not_after": "2025-12-09T11:34:12",
    "serial_number": "05d689849947d155c5815d3d371db5e5ac9f",
    "result_count": 1
  },
  {
    "issuer_ca_id": 295817,
    "issuer_name": "C=US, O=Let's Encrypt, CN=R13",
    "name_value": "drive.im.ntu.edu.tw",
    "id": 20921260996,
    "entry_timestamp": "2025-09-10T12:32:44.067",
    "not_before": "2025-09-10T11:34:13",
    "not_after": "2025-12-09T11:34:12",
    "serial_number": "05d689849947d155c5815d3d371db5e5ac9f",
    "result_count": 1
  },
  {
    "issuer_ca_id": 286236,
    "issuer_name": "C=US, O=Google Trust Services, CN=WE1",
    "name_value": "www.ingoacademy.ntu.edu.tw",
    "id": 20915026395,
    "entry_timestamp": "2025-09-10T06:09:38.355",
    "not_before": "2025-09-10T05:09:21",
    "not_after": "2025-12-09T06:08:52",
    "serial_number": "00a4ea3c0f4c6d57820e8a0f74c65e744d",
    "result_count": 1
  },
  {
    "issuer_ca_id": 286236,
    "issuer_name": "C=US, O=Google Trust Services, CN=WE1",
    "name_value": "www.ingoacademy.ntu.edu.tw",
    "id": 20915436753,
    "entry_timestamp": "2025-09-10T06:09:22.261",
    "not_before": "2025-09-10T05:09:21",
    "not_after": "2025-12-09T06:08:52",
    "serial_number": "00a4ea3c0f4c6d57820e8a0f74c65e744d",
    "result_count": 1
  },
  {
    "issuer_ca_id": 286242,
    "issuer_name": "C=US, O=Google Trust Services, CN=WR1",
    "name_value": "www.ingoacademy.ntu.edu.tw",
    "id": 20915421385,
    "entry_timestamp": "2025-09-10T06:08:42.274",
    "not_before": "2025-09-10T05:08:41",
    "not_after": "2025-12-09T06:04:52",
    "serial_number": "0096aa8a458e804ec40e9574223dbd881b",
    "result_count": 1
  },
  {
    "issuer_ca_id": 295817,
    "issuer_name": "C=US, O=Let's Encrypt, CN=R13",
    "name_value": "www.stat.ntu.edu.tw",
    "id": 20913418154,
    "entry_timestamp": "2025-09-10T04:10:55.999",
    "not_before": "2025-09-10T03:12:25",
    "not_after": "2025-12-09T03:12:24",
    "serial_number": "05eb1046018983a9f9bfa66f07b7b001d9ff",
    "result_count": 1
  },
  {
    "issuer_ca_id": 295817,
    "issuer_name": "C=US, O=Let's Encrypt, CN=R13",
    "name_value": "www.stat.ntu.edu.tw",
    "id": 20913428623,
    "entry_timestamp": "2025-09-10T04:10:55.691",
    "not_before": "2025-09-10T03:12:25",
    "not_after": "2025-12-09T03:12:24",
    "serial_number": "05eb1046018983a9f9bfa66f07b7b001d9ff",
    "result_count": 1
  },
  {
    "issuer_ca_id": 295809,
    "issuer_name": "C=US, O=Let's Encrypt, CN=E8",
    "name_value": "pailab.csie.ntu.edu.tw",
    "id": 20910388317,
    "entry_timestamp": "2025-09-10T01:06:01.847",
    "not_before": "2025-09-10T00:07:31",
    "not_after": "2025-12-09T00:07:30",
    "serial_number": "05d28f5a6707b3e3ca0dedbf4c941e7c00d0",
    "result_count": 1
  },
  {
    "issuer_ca_id": 295809,
    "issuer_name": "C=US, O=Let's Encrypt, CN=E8",
    "name_value": "pailab.csie.ntu.edu.tw",
    "id": 20910388968,
    "entry_timestamp": "2025-09-10T01:06:01.537",
    "not_before": "2025-09-10T00:07:31",
    "not_after": "2025-12-09T00:07:30",
    "serial_number": "05d28f5a6707b3e3ca0dedbf4c941e7c00d0",
    "result_count": 1
  },
  {
    "issuer_ca_id": 295817,
    "issuer_name": "C=US, O=Let's Encrypt, CN=R13",
    "name_value": "ntuspark.mc.ntu.edu.tw",
    "id": 20910247963,
    "entry_timestamp": "2025-09-10T00:56:57",
    "not_before": "2025-09-09T23:58:26",
    "not_after": "2025-12-08T23:58:25",
    "serial_number": "053ade2aba71092eaf57b3fff4fe3bee8e76",
    "result_count": 1
  },
  {
    "issuer_ca_id": 295817,
    "issuer_name": "C=US, O=Let's Encrypt, CN=R13",
    "name_value": "ntuspark.mc.ntu.edu.tw",
    "id": 20910243979,
    "entry_timestamp": "2025-09-10T00:56:56.616",
    "not_before": "2025-09-09T23:58:26",
    "not_after": "2025-12-08T23:58:25",
    "serial_number": "053ade2aba71092eaf57b3fff4fe3bee8e76",
    "result_count": 1
  },
  {
    "issuer_ca_id": 279003,
    "issuer_name": "C=TW, O=TAIWAN-CA, CN=TWCA Secure SSL Certification Authority",
    "name_value": "training.dpd.ntu.edu.tw",
    "id": 20907973557,
    "entry_timestamp": "2025-09-09T22:34:41.446",
    "not_before": "2024-12-30T22:59:46",
    "not_after": "2026-01-30T15:59:59",
    "serial_number": "47e800000007a5953f7db35e7b57bb4d",
    "result_count": 1
  },
  {
    "issuer_ca_id": 286244,
    "issuer_name": "C=US, O=Google Trust Services, CN=WR3",
    "name_value": "mdr3.ntu.edu.tw",
    "id": 20907774128,
    "entry_timestamp": "2025-09-09T22:22:41.649",
    "not_before": "2025-09-09T20:02:36",
    "not_after": "2025-12-08T20:53:49",
    "serial_number": "00e0342e6583f647ff0ab4a8d55cda646a",
    "result_count": 1
  },
  {
    "issuer_ca_id": 286244,
    "issuer_name": "C=US, O=Google Trust Services, CN=WR3",
    "name_value": "mdr3.ntu.edu.tw",
    "id": 20906510966,
    "entry_timestamp": "2025-09-09T21:02:37.29",
    "not_before": "2025-09-09T20:02:36",
    "not_after": "2025-12-08T20:53:49",
    "serial_number": "00e0342e6583f647ff0ab4a8d55cda646a",
    "result_count": 1
  },
  {
    "issuer_ca_id": 279003,
    "issuer_name": "C=TW, O=TAIWAN-CA, CN=TWCA Secure SSL Certification Authority",
    "name_value": "www.personnel.ntu.edu.tw",
    "id": 20906081663,
    "entry_timestamp": "2025-09-09T20:38:45.942",
    "not_before": "2024-12-25T03:22:10",
    "not_after": "2026-01-04T15:59:59",
    "serial_number": "47e800000007a3cb13ad0eebb1af010d",
    "result_count": 1
  },
  {
    "issuer_ca_id": 295809,
    "issuer_name": "C=US, O=Let's Encrypt, CN=E8",
    "name_value": "drive.im.ntu.edu.tw",
    "id": 20903174457,
    "entry_timestamp": "2025-09-09T17:35:17.37",
    "not_before": "2025-09-09T16:36:47",
    "not_after": "2025-12-08T16:36:46",
    "serial_number": "06a182a50f832b2d93f903df8d3c423070e2",
    "result_count": 1
  },
  {
    "issuer_ca_id": 295809,
    "issuer_name": "C=US, O=Let's Encrypt, CN=E8",
    "name_value": "drive.im.ntu.edu.tw",
    "id": 20904249619,
    "entry_timestamp": "2025-09-09T17:35:17.145",
    "not_before": "2025-09-09T16:36:47",
    "not_after": "2025-12-08T16:36:46",
    "serial_number": "06a182a50f832b2d93f903df8d3c423070e2",
    "result_count": 1
  },
  {
    "issuer_ca_id": 295816,
    "issuer_name": "C=US, O=Let's Encrypt, CN=R12",
    "name_value": "drive.im.ntu.edu.tw",
    "id": 20903173437,
    "entry_timestamp": "2025-09-09T17:35:14.521",
    "not_before": "2025-09-09T16:36:42",
    "not_after": "2025-12-08T16:36:41",
    "serial_number": "061b0737b92e530cf8b93c2ce8d78f285c45",
    "result_count": 1
  },
  {
    "issuer_ca_id": 295816,
    "issuer_name": "C=US, O=Let's Encrypt, CN=R12",
    "name_value": "drive.im.ntu.edu.tw",
    "id": 20903173445,
    "entry_timestamp": "2025-09-09T17:35:12.273",
    "not_before": "2025-09-09T16:36:42",
    "not_after": "2025-12-08T16:36:41",
    "serial_number": "061b0737b92e530cf8b93c2ce8d78f285c45",
    "result_count": 1
  },
  {
    "issuer_ca_id": 279003,
    "issuer_name": "C=TW, O=TAIWAN-CA, CN=TWCA Secure SSL Certification Authority",
    "name_value": "ntusip.ntu.edu.tw",
    "id": 20901503446,
    "entry_timestamp": "2025-09-09T16:35:10.727",
    "not_before": "2024-12-23T05:55:04",
    "not_after": "2026-01-14T15:59:59",
    "serial_number": "47e800000007a2ed5ecd15dd25f7644a",
    "result_count": 1
  },
  {
    "issuer_ca_id": 279003,
    "issuer_name": "C=TW, O=TAIWAN-CA, CN=TWCA Secure SSL Certification Authority",
    "name_value": "dev.lib.ntu.edu.tw",
    "id": 20896827786,
    "entry_timestamp": "2025-09-09T12:21:35.838",
    "not_before": "2024-12-18T01:55:50",
    "not_after": "2025-12-18T15:59:59",
    "serial_number": "47e800000007a165250a7b710fc19f3a",
    "result_count": 1
  },
  {
    "issuer_ca_id": 279003,
    "issuer_name": "C=TW, O=TAIWAN-CA, CN=TWCA Secure SSL Certification Authority",
    "name_value": "tcmedia.ntuspecs.ntu.edu.tw",
    "id": 20894658892,
    "entry_timestamp": "2025-09-09T10:09:53.348",
    "not_before": "2024-12-16T08:49:52",
    "not_after": "2026-01-15T15:59:59",
    "serial_number": "47e800000007a0c179e69126a69b10cc",
    "result_count": 1
  },
  {
    "issuer_ca_id": 279003,
    "issuer_name": "C=TW, O=TAIWAN-CA, CN=TWCA Secure SSL Certification Authority",
    "name_value": "elearn.ntuspecs.ntu.edu.tw",
    "id": 20894182974,
    "entry_timestamp": "2025-09-09T09:39:55.117",
    "not_before": "2024-12-16T07:08:41",
    "not_after": "2026-01-15T15:59:59",
    "serial_number": "47e800000007a09c209326cc5a4c0b79",
    "result_count": 1
  },
  {
    "issuer_ca_id": 279003,
    "issuer_name": "C=TW, O=TAIWAN-CA, CN=TWCA Secure SSL Certification Authority",
    "name_value": "tccas.ntuspecs.ntu.edu.tw",
    "id": 20894115850,
    "entry_timestamp": "2025-09-09T09:36:00.331",
    "not_before": "2024-12-16T08:46:12",
    "not_after": "2026-01-15T15:59:59",
    "serial_number": "47e800000007a0be51c636aec9e237c0",
    "result_count": 1
  },
  {
    "issuer_ca_id": 295817,
    "issuer_name": "C=US, O=Let's Encrypt, CN=R13",
    "name_value": "www.csbb.ntu.edu.tw",
    "id": 20894052162,
    "entry_timestamp": "2025-09-09T09:31:49.798",
    "not_before": "2025-09-09T08:33:19",
    "not_after": "2025-12-08T08:33:18",
    "serial_number": "0546a663903896d2fc2f18765dd0c512aaa5",
    "result_count": 1
  },
  {
    "issuer_ca_id": 295817,
    "issuer_name": "C=US, O=Let's Encrypt, CN=R13",
    "name_value": "www.csbb.ntu.edu.tw",
    "id": 20894051608,
    "entry_timestamp": "2025-09-09T09:31:49.507",
    "not_before": "2025-09-09T08:33:19",
    "not_after": "2025-12-08T08:33:18",
    "serial_number": "0546a663903896d2fc2f18765dd0c512aaa5",
    "result_count": 1
  },
  {
    "issuer_ca_id": 295817,
    "issuer_name": "C=US, O=Let's Encrypt, CN=R13",
    "name_value": "www.tcsl.ntu.edu.tw",
    "id": 20887355043,
    "entry_timestamp": "2025-09-09T02:09:50.786",
    "not_before": "2025-09-09T01:11:18",
    "not_after": "2025-12-08T01:11:17",
    "serial_number": "05daa6424820460dd2b201215454a3457837",
    "result_count": 1
  },
  {
    "issuer_ca_id": 295817,
    "issuer_name": "C=US, O=Let's Encrypt, CN=R13",
    "name_value": "www.tcsl.ntu.edu.tw",
    "id": 20887336119,
    "entry_timestamp": "2025-09-09T02:09:48.491",
    "not_before": "2025-09-09T01:11:18",
    "not_after": "2025-12-08T01:11:17",
    "serial_number": "05daa6424820460dd2b201215454a3457837",
    "result_count": 1
  },
  {
    "issuer_ca_id": 295817,
    "issuer_name": "C=US, O=Let's Encrypt, CN=R13",
    "name_value": "citd.ntu.edu.tw",
    "id": 20886436725,
    "entry_timestamp": "2025-09-09T01:12:32.935",
    "not_before": "2025-09-09T00:14:02",
    "not_after": "2025-12-08T00:14:01",
    "serial_number": "06fe2ccd5d8c9f0af83880ac6d83db9cc8c5",
    "result_count": 1
  },
  {
    "issuer_ca_id": 295817,
    "issuer_name": "C=US, O=Let's Encrypt, CN=R13",
    "name_value": "citd.ntu.edu.tw",
    "id": 20886436648,
    "entry_timestamp": "2025-09-09T01:12:32.816",
    "not_before": "2025-09-09T00:14:02",
    "not_after": "2025-12-08T00:14:01",
    "serial_number": "06fe2ccd5d8c9f0af83880ac6d83db9cc8c5",
    "result_count": 1
  },
  {
    "issuer_ca_id": 286236,
    "issuer_name": "C=US, O=Google Trust Services, CN=WE1",
    "name_value": "mastertalk.oia.ntu.edu.tw",
    "id": 20886304517,
    "entry_timestamp": "2025-09-09T01:05:24.493",
    "not_before": "2025-09-09T00:05:14",
    "not_after": "2025-12-08T01:05:00",
    "serial_number": "00b8f87e710bf702330e7123dda645057c",
    "result_count": 1
  },
  {
    "issuer_ca_id": 286236,
    "issuer_name": "C=US, O=Google Trust Services, CN=WE1",
    "name_value": "mastertalk.oia.ntu.edu.tw",
    "id": 20886308615,
    "entry_timestamp": "2025-09-09T01:05:14.84",
    "not_before": "2025-09-09T00:05:14",
    "not_after": "2025-12-08T01:05:00",
    "serial_number": "00b8f87e710bf702330e7123dda645057c",
    "result_count": 1
  },
  {
    "issuer_ca_id": 286242,
    "issuer_name": "C=US, O=Google Trust Services, CN=WR1",
    "name_value": "mastertalk.oia.ntu.edu.tw",
    "id": 20886304074,
    "entry_timestamp": "2025-09-09T01:04:52.228",
    "not_before": "2025-09-09T00:04:51",
    "not_after": "2025-12-08T01:03:07",
    "serial_number": "00a98e85643b33862c13853cf716f93c87",
    "result_count": 1
  },
  {
    "issuer_ca_id": 295817,
    "issuer_name": "C=US, O=Let's Encrypt, CN=R13",
    "name_value": "link.ying.forex.ntu.edu.tw",
    "id": 20885106410,
    "entry_timestamp": "2025-09-08T23:56:06.743",
    "not_before": "2025-09-08T22:57:36",
    "not_after": "2025-12-07T22:57:35",
    "serial_number": "05ed57a3bcb35eee8e0cf14bcff1b87af6cc",
    "result_count": 1
  },
  {
    "issuer_ca_id": 295817,
    "issuer_name": "C=US, O=Let's Encrypt, CN=R13",
    "name_value": "link.ying.forex.ntu.edu.tw",
    "id": 20885106208,
    "entry_timestamp": "2025-09-08T23:56:06.504",
    "not_before": "2025-09-08T22:57:36",
    "not_after": "2025-12-07T22:57:35",
    "serial_number": "05ed57a3bcb35eee8e0cf14bcff1b87af6cc",
    "result_count": 1
  },
  {
    "issuer_ca_id": 279003,
    "issuer_name": "C=TW, O=TAIWAN-CA, CN=TWCA Secure SSL Certification Authority",
    "name_value": "websurvey.coss.ntu.edu.tw",
    "id": 20882712630,
    "entry_timestamp": "2025-09-08T21:27:16.974",
    "not_before": "2024-12-04T03:50:21",
    "not_after": "2026-01-03T15:59:59",
    "serial_number": "47e8000000079cad5d193ca156aacd36",
    "result_count": 1
  },
  {
    "issuer_ca_id": 279003,
    "issuer_name": "C=TW, O=TAIWAN-CA, CN=TWCA Secure SSL Certification Authority",
    "name_value": "intensepo2023.ntu.edu.tw",
    "id": 20880384381,
    "entry_timestamp": "2025-09-08T19:00:28.171",
    "not_before": "2024-12-03T07:07:28",
    "not_after": "2025-12-03T15:59:59",
    "serial_number": "47e8000000079c363a39d399eadd82e8",
    "result_count": 1
  },
  {
    "issuer_ca_id": 286244,
    "issuer_name": "C=US, O=Google Trust Services, CN=WR3",
    "name_value": "gups.ntu.edu.tw",
    "id": 20877025639,
    "entry_timestamp": "2025-09-08T15:35:57.55",
    "not_before": "2025-09-04T23:06:39",
    "not_after": "2025-12-03T23:58:11",
    "serial_number": "00eadb2bd9e209935a09ca21100fc0c5e2",
    "result_count": 1
  },
  {
    "issuer_ca_id": 1770,
    "issuer_name": "C=TW, O=\"Chunghwa Telecom Co., Ltd.\", OU=Public Certification Authority - G2",
    "name_value": "esh.ntu.edu.tw",
    "id": 20875851322,
    "entry_timestamp": "2025-09-08T14:29:32.285",
    "not_before": "2024-11-29T05:46:36",
    "not_after": "2025-11-29T05:46:36",
    "serial_number": "63fdb09e49547a74a0b0053e5b68e63a",
    "result_count": 1
  },
  {
    "issuer_ca_id": 279003,
    "issuer_name": "C=TW, O=TAIWAN-CA, CN=TWCA Secure SSL Certification Authority",
    "name_value": "*.cmlab.csie.ntu.edu.tw",
    "id": 20871458983,
    "entry_timestamp": "2025-09-08T10:27:10.375",
    "not_before": "2024-11-25T05:57:12",
    "not_after": "2025-12-14T15:59:59",
    "serial_number": "47e80000000798d55bd902bbb7c659eb",
    "result_count": 1
  },
  {
    "issuer_ca_id": 295817,
    "issuer_name": "C=US, O=Let's Encrypt, CN=R13",
    "name_value": "pages.im.ntu.edu.tw",
    "id": 20869738369,
    "entry_timestamp": "2025-09-08T08:58:00.235",
    "not_before": "2025-09-08T07:59:29",
    "not_after": "2025-12-07T07:59:28",
    "serial_number": "0528a9089a6cee49ee39c451781054b1c725",
    "result_count": 1
  },
  {
    "issuer_ca_id": 295817,
    "issuer_name": "C=US, O=Let's Encrypt, CN=R13",
    "name_value": "pages.im.ntu.edu.tw",
    "id": 20871371048,
    "entry_timestamp": "2025-09-08T08:57:59.896",
    "not_before": "2025-09-08T07:59:29",
    "not_after": "2025-12-07T07:59:28",
    "serial_number": "0528a9089a6cee49ee39c451781054b1c725",
    "result_count": 1
  },
  {
    "issuer_ca_id": 295816,
    "issuer_name": "C=US, O=Let's Encrypt, CN=R12",
    "name_value": "admission.im.ntu.edu.tw",
    "id": 20869741653,
    "entry_timestamp": "2025-09-08T08:57:48.467",
    "not_before": "2025-09-08T07:59:18",
    "not_after": "2025-12-07T07:59:17",
    "serial_number": "0678a476fa64e8495d0de4e883e07ca41b87",
    "result_count": 1
  },
  {
    "issuer_ca_id": 295816,
    "issuer_name": "C=US, O=Let's Encrypt, CN=R12",
    "name_value": "admission.im.ntu.edu.tw",
    "id": 20869740608,
    "entry_timestamp": "2025-09-08T08:57:48.172",
    "not_before": "2025-09-08T07:59:18",
    "not_after": "2025-12-07T07:59:17",
    "serial_number": "0678a476fa64e8495d0de4e883e07ca41b87",
    "result_count": 1
  },
  {
    "issuer_ca_id": 295817,
    "issuer_name": "C=US, O=Let's Encrypt, CN=R13",
    "name_value": "intranet.im.ntu.edu.tw",
    "id": 20869732772,
    "entry_timestamp": "2025-09-08T08:57:34.364",
    "not_before": "2025-09-08T07:59:03",
    "not_after": "2025-12-07T07:59:02",
    "serial_number": "05c6f960dc5c546e0d09f27fb0f7c569076c",
    "result_count": 1
  },
  {
    "issuer_ca_id": 295817,
    "issuer_name": "C=US, O=Let's Encrypt, CN=R13",
    "name_value": "intranet.im.ntu.edu.tw",
    "id": 20870544077,
    "entry_timestamp": "2025-09-08T08:57:34.036",
    "not_before": "2025-09-08T07:59:03",
    "not_after": "2025-12-07T07:59:02",
    "serial_number": "05c6f960dc5c546e0d09f27fb0f7c569076c",
    "result_count": 1
  },
  {
    "issuer_ca_id": 295816,
    "issuer_name": "C=US, O=Let's Encrypt, CN=R12",
    "name_value": "admin.print.im.ntu.edu.tw",
    "id": 20869760600,
    "entry_timestamp": "2025-09-08T08:57:20.701",
    "not_before": "2025-09-08T07:58:50",
    "not_after": "2025-12-07T07:58:49",
    "serial_number": "06fae003c4ced93a0464649ce9aebd363a08",
    "result_count": 1
  },
  {
    "issuer_ca_id": 295816,
    "issuer_name": "C=US, O=Let's Encrypt, CN=R12",
    "name_value": "admin.print.im.ntu.edu.tw",
    "id": 20869725887,
    "entry_timestamp": "2025-09-08T08:57:20.566",
    "not_before": "2025-09-08T07:58:50",
    "not_after": "2025-12-07T07:58:49",
    "serial_number": "06fae003c4ced93a0464649ce9aebd363a08",
    "result_count": 1
  },
  {
    "issuer_ca_id": 295816,
    "issuer_name": "C=US, O=Let's Encrypt, CN=R12",
    "name_value": "print.im.ntu.edu.tw",
    "id": 20869726743,
    "entry_timestamp": "2025-09-08T08:57:07.483",
    "not_before": "2025-09-08T07:58:35",
    "not_after": "2025-12-07T07:58:34",
    "serial_number": "053bddca6a27cb9a57937ce0e9d780a4dd92",
    "result_count": 1
  },
  {
    "issuer_ca_id": 295816,
    "issuer_name": "C=US, O=Let's Encrypt, CN=R12",
    "name_value": "print.im.ntu.edu.tw",
    "id": 20869737205,
    "entry_timestamp": "2025-09-08T08:57:05.286",
    "not_before": "2025-09-08T07:58:35",
    "not_after": "2025-12-07T07:58:34",
    "serial_number": "053bddca6a27cb9a57937ce0e9d780a4dd92",
    "result_count": 1
  },
  {
    "issuer_ca_id": 295817,
    "issuer_name": "C=US, O=Let's Encrypt, CN=R13",
    "name_value": "theses.im.ntu.edu.tw",
    "id": 20869728048,
    "entry_timestamp": "2025-09-08T08:56:51.238",
    "not_before": "2025-09-08T07:58:21",
    "not_after": "2025-12-07T07:58:20",
    "serial_number": "06f2be6eb0c9ce598f280e76e24cf404924c",
    "result_count": 1
  },
  {
    "issuer_ca_id": 295817,
    "issuer_name": "C=US, O=Let's Encrypt, CN=R13",
    "name_value": "theses.im.ntu.edu.tw",
    "id": 20869696841,
    "entry_timestamp": "2025-09-08T08:56:51.114",
    "not_before": "2025-09-08T07:58:21",
    "not_after": "2025-12-07T07:58:20",
    "serial_number": "06f2be6eb0c9ce598f280e76e24cf404924c",
    "result_count": 1
  },
  {
    "issuer_ca_id": 279003,
    "issuer_name": "C=TW, O=TAIWAN-CA, CN=TWCA Secure SSL Certification Authority",
    "name_value": "dev2.lib.ntu.edu.tw",
    "id": 20869574407,
    "entry_timestamp": "2025-09-08T08:49:56.534",
    "not_before": "2024-11-25T03:22:44",
    "not_after": "2025-11-25T15:59:59",
    "serial_number": "47e80000000798ce1dc68a3645140662",
    "result_count": 1
  },
  {
    "issuer_ca_id": 279003,
    "issuer_name": "C=TW, O=TAIWAN-CA, CN=TWCA Secure SSL Certification Authority",
    "name_value": "dev4.lib.ntu.edu.tw",
    "id": 20867757471,
    "entry_timestamp": "2025-09-08T07:16:46.266",
    "not_before": "2025-09-08T07:16:43",
    "not_after": "2026-09-30T15:59:59",
    "serial_number": "47e90000000877697a3868cebcee7ce6",
    "result_count": 1
  },
  {
    "issuer_ca_id": 279003,
    "issuer_name": "C=TW, O=TAIWAN-CA, CN=TWCA Secure SSL Certification Authority",
    "name_value": "dev4.lib.ntu.edu.tw",
    "id": 20867757461,
    "entry_timestamp": "2025-09-08T07:16:45.172",
    "not_before": "2025-09-08T07:16:43",
    "not_after": "2026-09-30T15:59:59",
    "serial_number": "47e90000000877697a3868cebcee7ce6",
    "result_count": 1
  },
  {
    "issuer_ca_id": 279003,
    "issuer_name": "C=TW, O=TAIWAN-CA, CN=TWCA Secure SSL Certification Authority",
    "name_value": "ntlib.mc.ntu.edu.tw",
    "id": 20861631224,
    "entry_timestamp": "2025-09-08T01:23:22.338",
    "not_before": "2024-11-21T10:13:30",
    "not_after": "2025-12-20T15:59:59",
    "serial_number": "47e80000000796fc3eb836a9bb7bea65",
    "result_count": 1
  },
  {
    "issuer_ca_id": 295809,
    "issuer_name": "C=US, O=Let's Encrypt, CN=E8",
    "name_value": "circuit.esoe.ntu.edu.tw",
    "id": 20861883414,
    "entry_timestamp": "2025-09-08T01:23:10.012",
    "not_before": "2025-09-08T00:24:39",
    "not_after": "2025-12-07T00:24:38",
    "serial_number": "0587e5c6b9697993b8be681f3d255bed4c2f",
    "result_count": 1
  },
  {
    "issuer_ca_id": 295809,
    "issuer_name": "C=US, O=Let's Encrypt, CN=E8",
    "name_value": "circuit.esoe.ntu.edu.tw",
    "id": 20861882527,
    "entry_timestamp": "2025-09-08T01:23:09.749",
    "not_before": "2025-09-08T00:24:39",
    "not_after": "2025-12-07T00:24:38",
    "serial_number": "0587e5c6b9697993b8be681f3d255bed4c2f",
    "result_count": 1
  },
  {
    "issuer_ca_id": 295816,
    "issuer_name": "C=US, O=Let's Encrypt, CN=R12",
    "name_value": "fanyi.gpti.ntu.edu.tw",
    "id": 20861625839,
    "entry_timestamp": "2025-09-08T01:02:37.529",
    "not_before": "2025-09-08T00:04:07",
    "not_after": "2025-12-07T00:04:06",
    "serial_number": "06418333f789f57e95138f62695b12510dff",
    "result_count": 1
  },
  {
    "issuer_ca_id": 295816,
    "issuer_name": "C=US, O=Let's Encrypt, CN=R12",
    "name_value": "fanyi.gpti.ntu.edu.tw",
    "id": 20862134047,
    "entry_timestamp": "2025-09-08T01:02:37.39",
    "not_before": "2025-09-08T00:04:07",
    "not_after": "2025-12-07T00:04:06",
    "serial_number": "06418333f789f57e95138f62695b12510dff",
    "result_count": 1
  },
  {
    "issuer_ca_id": 286236,
    "issuer_name": "C=US, O=Google Trust Services, CN=WE1",
    "name_value": "announcement.aca.ntu.edu.tw",
    "id": 20861098594,
    "entry_timestamp": "2025-09-08T00:54:23.909",
    "not_before": "2025-09-07T22:39:42",
    "not_after": "2025-12-06T23:39:21",
    "serial_number": "577ad843ec5961920ed9e8dc0001a818",
    "result_count": 1
  },
  {
    "issuer_ca_id": 286244,
    "issuer_name": "C=US, O=Google Trust Services, CN=WR3",
    "name_value": "www.ntuaal.ee.ntu.edu.tw",
    "id": 20860772260,
    "entry_timestamp": "2025-09-08T00:35:53.295",
    "not_before": "2025-09-07T22:20:35",
    "not_after": "2025-12-06T23:06:45",
    "serial_number": "4174a8ec0430afc20ad7e61d7b110d71",
    "result_count": 1
  },
  {
    "issuer_ca_id": 295813,
    "issuer_name": "C=US, O=Let's Encrypt, CN=E7",
    "name_value": "service.spec.ntu.edu.tw",
    "id": 20861057199,
    "entry_timestamp": "2025-09-08T00:20:22.587",
    "not_before": "2025-09-07T23:21:52",
    "not_after": "2025-12-06T23:21:51",
    "serial_number": "06215eac2223dd0903789d26866fd212e19d",
    "result_count": 1
  },
  {
    "issuer_ca_id": 295813,
    "issuer_name": "C=US, O=Let's Encrypt, CN=E7",
    "name_value": "service.spec.ntu.edu.tw",
    "id": 20861059064,
    "entry_timestamp": "2025-09-08T00:20:22.487",
    "not_before": "2025-09-07T23:21:52",
    "not_after": "2025-12-06T23:21:51",
    "serial_number": "06215eac2223dd0903789d26866fd212e19d",
    "result_count": 1
  },
  {
    "issuer_ca_id": 286236,
    "issuer_name": "C=US, O=Google Trust Services, CN=WE1",
    "name_value": "announcement.aca.ntu.edu.tw",
    "id": 20863371354,
    "entry_timestamp": "2025-09-07T23:39:42.428",
    "not_before": "2025-09-07T22:39:42",
    "not_after": "2025-12-06T23:39:21",
    "serial_number": "577ad843ec5961920ed9e8dc0001a818",
    "result_count": 1
  },
  {
    "issuer_ca_id": 286242,
    "issuer_name": "C=US, O=Google Trust Services, CN=WR1",
    "name_value": "announcement.aca.ntu.edu.tw",
    "id": 20863362208,
    "entry_timestamp": "2025-09-07T23:39:10.787",
    "not_before": "2025-09-07T22:39:10",
    "not_after": "2025-12-06T23:36:52",
    "serial_number": "02b12d404b62971213163974bdfe5b24",
    "result_count": 1
  },
  {
    "issuer_ca_id": 286244,
    "issuer_name": "C=US, O=Google Trust Services, CN=WR3",
    "name_value": "www.ntuaal.ee.ntu.edu.tw",
    "id": 20863142148,
    "entry_timestamp": "2025-09-07T23:20:36.363",
    "not_before": "2025-09-07T22:20:35",
    "not_after": "2025-12-06T23:06:45",
    "serial_number": "4174a8ec0430afc20ad7e61d7b110d71",
    "result_count": 1
  },
  {
    "issuer_ca_id": 295816,
    "issuer_name": "C=US, O=Let's Encrypt, CN=R12",
    "name_value": "ctf.nslab.csie.ntu.edu.tw",
    "id": 20851636690,
    "entry_timestamp": "2025-09-07T15:26:51.963",
    "not_before": "2025-09-07T14:28:21",
    "not_after": "2025-12-06T14:28:20",
    "serial_number": "06668ecf3fe57319809e2bcfb28a264479f5",
    "result_count": 1
  },
  {
    "issuer_ca_id": 295816,
    "issuer_name": "C=US, O=Let's Encrypt, CN=R12",
    "name_value": "ctf.nslab.csie.ntu.edu.tw",
    "id": 20851633038,
    "entry_timestamp": "2025-09-07T15:26:51.798",
    "not_before": "2025-09-07T14:28:21",
    "not_after": "2025-12-06T14:28:20",
    "serial_number": "06668ecf3fe57319809e2bcfb28a264479f5",
    "result_count": 1
  },
  {
    "issuer_ca_id": 295816,
    "issuer_name": "C=US, O=Let's Encrypt, CN=R12",
    "name_value": "intranet.im.ntu.edu.tw",
    "id": 20849388228,
    "entry_timestamp": "2025-09-07T12:49:31.847",
    "not_before": "2025-09-07T11:51:01",
    "not_after": "2025-12-06T11:51:00",
    "serial_number": "052c6006561326e1f43a2d8bf1ec910b3460",
    "result_count": 1
  },
  {
    "issuer_ca_id": 295816,
    "issuer_name": "C=US, O=Let's Encrypt, CN=R12",
    "name_value": "intranet.im.ntu.edu.tw",
    "id": 20849373552,
    "entry_timestamp": "2025-09-07T12:49:31.596",
    "not_before": "2025-09-07T11:51:01",
    "not_after": "2025-12-06T11:51:00",
    "serial_number": "052c6006561326e1f43a2d8bf1ec910b3460",
    "result_count": 1
  },
  {
    "issuer_ca_id": 295817,
    "issuer_name": "C=US, O=Let's Encrypt, CN=R13",
    "name_value": "admission.im.ntu.edu.tw",
    "id": 20848539877,
    "entry_timestamp": "2025-09-07T11:48:44.053",
    "not_before": "2025-09-07T10:50:13",
    "not_after": "2025-12-06T10:50:12",
    "serial_number": "0505f74022ef2077efcd60c9161eae5bdded",
    "result_count": 1
  },
  {
    "issuer_ca_id": 295817,
    "issuer_name": "C=US, O=Let's Encrypt, CN=R13",
    "name_value": "admission.im.ntu.edu.tw",
    "id": 20848535415,
    "entry_timestamp": "2025-09-07T11:48:43.763",
    "not_before": "2025-09-07T10:50:13",
    "not_after": "2025-12-06T10:50:12",
    "serial_number": "0505f74022ef2077efcd60c9161eae5bdded",
    "result_count": 1
  },
  {
    "issuer_ca_id": 295816,
    "issuer_name": "C=US, O=Let's Encrypt, CN=R12",
    "name_value": "theses.im.ntu.edu.tw",
    "id": 20853836674,
    "entry_timestamp": "2025-09-07T11:48:18.514",
    "not_before": "2025-09-07T10:49:48",
    "not_after": "2025-12-06T10:49:47",
    "serial_number": "06fd37d663d12c7c0d559fd63caf38667f3c",
    "result_count": 1
  },
  {
    "issuer_ca_id": 295816,
    "issuer_name": "C=US, O=Let's Encrypt, CN=R12",
    "name_value": "theses.im.ntu.edu.tw",
    "id": 20853840047,
    "entry_timestamp": "2025-09-07T11:48:18.419",
    "not_before": "2025-09-07T10:49:48",
    "not_after": "2025-12-06T10:49:47",
    "serial_number": "06fd37d663d12c7c0d559fd63caf38667f3c",
    "result_count": 1
  },
  {
    "issuer_ca_id": 295816,
    "issuer_name": "C=US, O=Let's Encrypt, CN=R12",
    "name_value": "pages.im.ntu.edu.tw",
    "id": 20846079642,
    "entry_timestamp": "2025-09-07T08:46:34.824",
    "not_before": "2025-09-07T07:48:04",
    "not_after": "2025-12-06T07:48:03",
    "serial_number": "06f9ba5adf15e668639037b5ceba0b6b6c3a",
    "result_count": 1
  },
  {
    "issuer_ca_id": 295816,
    "issuer_name": "C=US, O=Let's Encrypt, CN=R12",
    "name_value": "pages.im.ntu.edu.tw",
    "id": 20846078716,
    "entry_timestamp": "2025-09-07T08:46:34.68",
    "not_before": "2025-09-07T07:48:04",
    "not_after": "2025-12-06T07:48:03",
    "serial_number": "06f9ba5adf15e668639037b5ceba0b6b6c3a",
    "result_count": 1
  },
  {
    "issuer_ca_id": 295817,
    "issuer_name": "C=US, O=Let's Encrypt, CN=R13",
    "name_value": "admin.print.im.ntu.edu.tw",
    "id": 20847087110,
    "entry_timestamp": "2025-09-07T08:45:48.155",
    "not_before": "2025-09-07T07:47:17",
    "not_after": "2025-12-06T07:47:16",
    "serial_number": "051786de21591c28a7115ae1e8dc4478217c",
    "result_count": 1
  },
  {
    "issuer_ca_id": 295817,
    "issuer_name": "C=US, O=Let's Encrypt, CN=R13",
    "name_value": "admin.print.im.ntu.edu.tw",
    "id": 20846066097,
    "entry_timestamp": "2025-09-07T08:45:47.908",
    "not_before": "2025-09-07T07:47:17",
    "not_after": "2025-12-06T07:47:16",
    "serial_number": "051786de21591c28a7115ae1e8dc4478217c",
    "result_count": 1
  },
  {
    "issuer_ca_id": 295816,
    "issuer_name": "C=US, O=Let's Encrypt, CN=R12",
    "name_value": "print.im.ntu.edu.tw",
    "id": 20846063570,
    "entry_timestamp": "2025-09-07T08:45:25.877",
    "not_before": "2025-09-07T07:46:55",
    "not_after": "2025-12-06T07:46:54",
    "serial_number": "06f74c114ded07ea0045032371225cc362a9",
    "result_count": 1
  },
  {
    "issuer_ca_id": 295816,
    "issuer_name": "C=US, O=Let's Encrypt, CN=R12",
    "name_value": "print.im.ntu.edu.tw",
    "id": 20846060669,
    "entry_timestamp": "2025-09-07T08:45:25.743",
    "not_before": "2025-09-07T07:46:55",
    "not_after": "2025-12-06T07:46:54",
    "serial_number": "06f74c114ded07ea0045032371225cc362a9",
    "result_count": 1
  },
  {
    "issuer_ca_id": 295809,
    "issuer_name": "C=US, O=Let's Encrypt, CN=E8",
    "name_value": "ntusa.ntu.edu.tw",
    "id": 20843868814,
    "entry_timestamp": "2025-09-07T04:47:43.815",
    "not_before": "2025-09-07T03:49:13",
    "not_after": "2025-12-06T03:49:12",
    "serial_number": "064b4b5757cf79698c883f6f829a61a453f1",
    "result_count": 1
  },
  {
    "issuer_ca_id": 295809,
    "issuer_name": "C=US, O=Let's Encrypt, CN=E8",
    "name_value": "ntusa.ntu.edu.tw",
    "id": 20845705587,
    "entry_timestamp": "2025-09-07T04:47:43.714",
    "not_before": "2025-09-07T03:49:13",
    "not_after": "2025-12-06T03:49:12",
    "serial_number": "064b4b5757cf79698c883f6f829a61a453f1",
    "result_count": 1
  },
  {
    "issuer_ca_id": 295809,
    "issuer_name": "C=US, O=Let's Encrypt, CN=E8",
    "name_value": "gibms.mc.ntu.edu.tw",
    "id": 20838707373,
    "entry_timestamp": "2025-09-06T23:31:55.515",
    "not_before": "2025-09-06T22:33:25",
    "not_after": "2025-12-05T22:33:24",
    "serial_number": "0556a0997b34ca662fb0a7922bee789d4f11",
    "result_count": 1
  },
  {
    "issuer_ca_id": 295809,
    "issuer_name": "C=US, O=Let's Encrypt, CN=E8",
    "name_value": "gibms.mc.ntu.edu.tw",
    "id": 20838702990,
    "entry_timestamp": "2025-09-06T23:31:55.325",
    "not_before": "2025-09-06T22:33:25",
    "not_after": "2025-12-05T22:33:24",
    "serial_number": "0556a0997b34ca662fb0a7922bee789d4f11",
    "result_count": 1
  },
  {
    "issuer_ca_id": 295813,
    "issuer_name": "C=US, O=Let's Encrypt, CN=E7",
    "name_value": "eda.ee.ntu.edu.tw",
    "id": 20838446614,
    "entry_timestamp": "2025-09-06T23:12:00.93",
    "not_before": "2025-09-06T22:13:30",
    "not_after": "2025-12-05T22:13:29",
    "serial_number": "06a6c19d75a0c6e57d96842db7e38b60ed57",
    "result_count": 1
  },
  {
    "issuer_ca_id": 295813,
    "issuer_name": "C=US, O=Let's Encrypt, CN=E7",
    "name_value": "eda.ee.ntu.edu.tw",
    "id": 20838562059,
    "entry_timestamp": "2025-09-06T23:12:00.788",
    "not_before": "2025-09-06T22:13:30",
    "not_after": "2025-12-05T22:13:29",
    "serial_number": "06a6c19d75a0c6e57d96842db7e38b60ed57",
    "result_count": 1
  },
  {
    "issuer_ca_id": 295809,
    "issuer_name": "C=US, O=Let's Encrypt, CN=E8",
    "name_value": "mcwasn2025.ntu.edu.tw",
    "id": 20836619202,
    "entry_timestamp": "2025-09-06T21:02:47.957",
    "not_before": "2025-09-06T20:04:17",
    "not_after": "2025-12-05T20:04:16",
    "serial_number": "0545f185520bd3d02129eec3d3fa47d98629",
    "result_count": 1
  },
  {
    "issuer_ca_id": 295809,
    "issuer_name": "C=US, O=Let's Encrypt, CN=E8",
    "name_value": "mcwasn2025.ntu.edu.tw",
    "id": 20837301617,
    "entry_timestamp": "2025-09-06T21:02:47.67",
    "not_before": "2025-09-06T20:04:17",
    "not_after": "2025-12-05T20:04:16",
    "serial_number": "0545f185520bd3d02129eec3d3fa47d98629",
    "result_count": 1
  },
  {
    "issuer_ca_id": 295816,
    "issuer_name": "C=US, O=Let's Encrypt, CN=R12",
    "name_value": "git.nslab.csie.ntu.edu.tw",
    "id": 20834921261,
    "entry_timestamp": "2025-09-06T19:12:51.941",
    "not_before": "2025-09-06T18:14:21",
    "not_after": "2025-12-05T18:14:20",
    "serial_number": "06fee03529a869c6aa17aa0353bebdf3118b",
    "result_count": 1
  },
  {
    "issuer_ca_id": 295816,
    "issuer_name": "C=US, O=Let's Encrypt, CN=R12",
    "name_value": "git.nslab.csie.ntu.edu.tw",
    "id": 20836120300,
    "entry_timestamp": "2025-09-06T19:12:51.746",
    "not_before": "2025-09-06T18:14:21",
    "not_after": "2025-12-05T18:14:20",
    "serial_number": "06fee03529a869c6aa17aa0353bebdf3118b",
    "result_count": 1
  },
  {
    "issuer_ca_id": 295809,
    "issuer_name": "C=US, O=Let's Encrypt, CN=E8",
    "name_value": "xdn20o193.ee.ntu.edu.tw",
    "id": 20834282222,
    "entry_timestamp": "2025-09-06T18:36:59.443",
    "not_before": "2025-09-06T17:38:29",
    "not_after": "2025-12-05T17:38:28",
    "serial_number": "066c5a1bd51c5253acbb944e394395082181",
    "result_count": 1
  },
  {
    "issuer_ca_id": 295809,
    "issuer_name": "C=US, O=Let's Encrypt, CN=E8",
    "name_value": "xdn20o193.ee.ntu.edu.tw",
    "id": 20835277185,
    "entry_timestamp": "2025-09-06T18:36:59.307",
    "not_before": "2025-09-06T17:38:29",
    "not_after": "2025-12-05T17:38:28",
    "serial_number": "066c5a1bd51c5253acbb944e394395082181",
    "result_count": 1
  },
  {
    "issuer_ca_id": 295816,
    "issuer_name": "C=US, O=Let's Encrypt, CN=R12",
    "name_value": "xdn20o193.ee.ntu.edu.tw",
    "id": 20835085529,
    "entry_timestamp": "2025-09-06T18:36:56.618",
    "not_before": "2025-09-06T17:38:26",
    "not_after": "2025-12-05T17:38:25",
    "serial_number": "06690bd7d98fd5424075d2744cf4aa78c505",
    "result_count": 1
  },
  {
    "issuer_ca_id": 295816,
    "issuer_name": "C=US, O=Let's Encrypt, CN=R12",
    "name_value": "xdn20o193.ee.ntu.edu.tw",
    "id": 20838994838,
    "entry_timestamp": "2025-09-06T18:36:56.506",
    "not_before": "2025-09-06T17:38:26",
    "not_after": "2025-12-05T17:38:25",
    "serial_number": "06690bd7d98fd5424075d2744cf4aa78c505",
    "result_count": 1
  },
  {
    "issuer_ca_id": 295816,
    "issuer_name": "C=US, O=Let's Encrypt, CN=R12",
    "name_value": "course.lib.ntu.edu.tw",
    "id": 20831775956,
    "entry_timestamp": "2025-09-06T16:05:25.036",
    "not_before": "2025-09-06T15:06:54",
    "not_after": "2025-12-05T15:06:53",
    "serial_number": "06b0e9ffd080c26e43e54dcb620953543346",
    "result_count": 1
  },
  {
    "issuer_ca_id": 295816,
    "issuer_name": "C=US, O=Let's Encrypt, CN=R12",
    "name_value": "course.lib.ntu.edu.tw",
    "id": 20831768145,
    "entry_timestamp": "2025-09-06T16:05:24.875",
    "not_before": "2025-09-06T15:06:54",
    "not_after": "2025-12-05T15:06:53",
    "serial_number": "06b0e9ffd080c26e43e54dcb620953543346",
    "result_count": 1
  },
  {
    "issuer_ca_id": 295809,
    "issuer_name": "C=US, O=Let's Encrypt, CN=E8",
    "name_value": "yrwu-wk.ee.ntu.edu.tw",
    "id": 20829151937,
    "entry_timestamp": "2025-09-06T13:30:01.087",
    "not_before": "2025-09-06T12:31:30",
    "not_after": "2025-12-05T12:31:29",
    "serial_number": "06f5926f82270f677f9fb40349cec31e5c13",
    "result_count": 1
  },
  {
    "issuer_ca_id": 295809,
    "issuer_name": "C=US, O=Let's Encrypt, CN=E8",
    "name_value": "yrwu-wk.ee.ntu.edu.tw",
    "id": 20830389181,
    "entry_timestamp": "2025-09-06T13:30:00.865",
    "not_before": "2025-09-06T12:31:30",
    "not_after": "2025-12-05T12:31:29",
    "serial_number": "06f5926f82270f677f9fb40349cec31e5c13",
    "result_count": 1
  },
  {
    "issuer_ca_id": 295816,
    "issuer_name": "C=US, O=Let's Encrypt, CN=R12",
    "name_value": "xdn20o193.ee.ntu.edu.tw",
    "id": 20828499995,
    "entry_timestamp": "2025-09-06T12:52:46.005",
    "not_before": "2025-09-06T11:54:15",
    "not_after": "2025-12-05T11:54:14",
    "serial_number": "067827797e7a57cfd449408314a7015b4eb5",
    "result_count": 1
  },
  {
    "issuer_ca_id": 295816,
    "issuer_name": "C=US, O=Let's Encrypt, CN=R12",
    "name_value": "xdn20o193.ee.ntu.edu.tw",
    "id": 20828497073,
    "entry_timestamp": "2025-09-06T12:52:45.822",
    "not_before": "2025-09-06T11:54:15",
    "not_after": "2025-12-05T11:54:14",
    "serial_number": "067827797e7a57cfd449408314a7015b4eb5",
    "result_count": 1
  },
  {
    "issuer_ca_id": 295817,
    "issuer_name": "C=US, O=Let's Encrypt, CN=R13",
    "name_value": "spmtdb.phys.ntu.edu.tw",
    "id": 20825816424,
    "entry_timestamp": "2025-09-06T10:13:17.329",
    "not_before": "2025-09-06T09:14:46",
    "not_after": "2025-12-05T09:14:45",
    "serial_number": "0502c82f4c8d4558abcc96f6fe91e8dae74c",
    "result_count": 1
  },
  {
    "issuer_ca_id": 295817,
    "issuer_name": "C=US, O=Let's Encrypt, CN=R13",
    "name_value": "spmtdb.phys.ntu.edu.tw",
    "id": 20825807124,
    "entry_timestamp": "2025-09-06T10:13:16.55",
    "not_before": "2025-09-06T09:14:46",
    "not_after": "2025-12-05T09:14:45",
    "serial_number": "0502c82f4c8d4558abcc96f6fe91e8dae74c",
    "result_count": 1
  },
  {
    "issuer_ca_id": 286236,
    "issuer_name": "C=US, O=Google Trust Services, CN=WE1",
    "name_value": "announcement.dlc.ntu.edu.tw",
    "id": 20824937505,
    "entry_timestamp": "2025-09-06T09:15:55.191",
    "not_before": "2025-09-06T07:12:44",
    "not_after": "2025-12-05T08:12:36",
    "serial_number": "008fd83ab0b905255d11fa3fe5f029bb3e",
    "result_count": 1
  },
  {
    "issuer_ca_id": 286236,
    "issuer_name": "C=US, O=Google Trust Services, CN=WE1",
    "name_value": "announcement.dlc.ntu.edu.tw",
    "id": 20831673911,
    "entry_timestamp": "2025-09-06T08:12:44.763",
    "not_before": "2025-09-06T07:12:44",
    "not_after": "2025-12-05T08:12:36",
    "serial_number": "008fd83ab0b905255d11fa3fe5f029bb3e",
    "result_count": 1
  },
  {
    "issuer_ca_id": 286242,
    "issuer_name": "C=US, O=Google Trust Services, CN=WR1",
    "name_value": "announcement.dlc.ntu.edu.tw",
    "id": 20831667644,
    "entry_timestamp": "2025-09-06T08:12:29.786",
    "not_before": "2025-09-06T07:12:29",
    "not_after": "2025-12-05T08:11:04",
    "serial_number": "0096f0d147e432397711ed765220eee6fb",
    "result_count": 1
  },
  {
    "issuer_ca_id": 295813,
    "issuer_name": "C=US, O=Let's Encrypt, CN=E7",
    "name_value": "access.ee.ntu.edu.tw",
    "id": 20822952195,
    "entry_timestamp": "2025-09-06T06:57:52.002",
    "not_before": "2025-09-06T05:59:21",
    "not_after": "2025-12-05T05:59:20",
    "serial_number": "0607977f1eed1d5cf74217ed283d6ec501f2",
    "result_count": 1
  },
  {
    "issuer_ca_id": 295813,
    "issuer_name": "C=US, O=Let's Encrypt, CN=E7",
    "name_value": "access.ee.ntu.edu.tw",
    "id": 20826082522,
    "entry_timestamp": "2025-09-06T06:57:51.831",
    "not_before": "2025-09-06T05:59:21",
    "not_after": "2025-12-05T05:59:20",
    "serial_number": "0607977f1eed1d5cf74217ed283d6ec501f2",
    "result_count": 1
  },
  {
    "issuer_ca_id": 295816,
    "issuer_name": "C=US, O=Let's Encrypt, CN=R12",
    "name_value": "www.vm.ntu.edu.tw",
    "id": 20822688692,
    "entry_timestamp": "2025-09-06T06:42:34.732",
    "not_before": "2025-09-06T05:44:04",
    "not_after": "2025-12-05T05:44:03",
    "serial_number": "06da57515cd22811ca2b2a2bdeb728cfc5ab",
    "result_count": 1
  },
  {
    "issuer_ca_id": 295816,
    "issuer_name": "C=US, O=Let's Encrypt, CN=R12",
    "name_value": "www.vm.ntu.edu.tw",
    "id": 20825889582,
    "entry_timestamp": "2025-09-06T06:42:34.56",
    "not_before": "2025-09-06T05:44:04",
    "not_after": "2025-12-05T05:44:03",
    "serial_number": "06da57515cd22811ca2b2a2bdeb728cfc5ab",
    "result_count": 1
  },
  {
    "issuer_ca_id": 295817,
    "issuer_name": "C=US, O=Let's Encrypt, CN=R13",
    "name_value": "rpis.mc.ntu.edu.tw",
    "id": 20818190103,
    "entry_timestamp": "2025-09-06T02:19:31.844",
    "not_before": "2025-09-06T01:20:59",
    "not_after": "2025-12-05T01:20:58",
    "serial_number": "05962bd5d9696ed42276c956f103d377000c",
    "result_count": 1
  },
  {
    "issuer_ca_id": 295817,
    "issuer_name": "C=US, O=Let's Encrypt, CN=R13",
    "name_value": "rpis.mc.ntu.edu.tw",
    "id": 20818168806,
    "entry_timestamp": "2025-09-06T02:19:29.654",
    "not_before": "2025-09-06T01:20:59",
    "not_after": "2025-12-05T01:20:58",
    "serial_number": "05962bd5d9696ed42276c956f103d377000c",
    "result_count": 1
  },
  {
    "issuer_ca_id": 158800,
    "issuer_name": "C=AT, O=ZeroSSL, CN=ZeroSSL RSA Domain Secure Site CA",
    "name_value": "cep.ntu.edu.tw",
    "id": 20816826853,
    "entry_timestamp": "2025-09-06T00:55:34.938",
    "not_before": "2025-09-06T00:00:00",
    "not_after": "2025-12-05T23:59:59",
    "serial_number": "582b20cb5e0a12108e68b4f6687b0a93",
    "result_count": 1
  },
  {
    "issuer_ca_id": 158800,
    "issuer_name": "C=AT, O=ZeroSSL, CN=ZeroSSL RSA Domain Secure Site CA",
    "name_value": "cep.ntu.edu.tw",
    "id": 20819029850,
    "entry_timestamp": "2025-09-06T00:55:34.146",
    "not_before": "2025-09-06T00:00:00",
    "not_after": "2025-12-05T23:59:59",
    "serial_number": "582b20cb5e0a12108e68b4f6687b0a93",
    "result_count": 1
  },
  {
    "issuer_ca_id": 295813,
    "issuer_name": "C=US, O=Let's Encrypt, CN=E7",
    "name_value": "muse.csie.ntu.edu.tw",
    "id": 20812635751,
    "entry_timestamp": "2025-09-05T20:15:39.127",
    "not_before": "2025-09-05T19:17:06",
    "not_after": "2025-12-04T19:17:05",
    "serial_number": "058d4054432dcf7c31d53f54d67676979131",
    "result_count": 1
  },
  {
    "issuer_ca_id": 295813,
    "issuer_name": "C=US, O=Let's Encrypt, CN=E7",
    "name_value": "muse.csie.ntu.edu.tw",
    "id": 20812630375,
    "entry_timestamp": "2025-09-05T20:15:36.911",
    "not_before": "2025-09-05T19:17:06",
    "not_after": "2025-12-04T19:17:05",
    "serial_number": "058d4054432dcf7c31d53f54d67676979131",
    "result_count": 1
  },
  {
    "issuer_ca_id": 295817,
    "issuer_name": "C=US, O=Let's Encrypt, CN=R13",
    "name_value": "robotlab.csie.ntu.edu.tw",
    "id": 20805081433,
    "entry_timestamp": "2025-09-05T11:50:38.81",
    "not_before": "2025-09-05T10:52:08",
    "not_after": "2025-12-04T10:52:07",
    "serial_number": "06d0ffdea7129ecd3946fdb10f35a6e6361e",
    "result_count": 1
  },
  {
    "issuer_ca_id": 295817,
    "issuer_name": "C=US, O=Let's Encrypt, CN=R13",
    "name_value": "robotlab.csie.ntu.edu.tw",
    "id": 20808881190,
    "entry_timestamp": "2025-09-05T11:50:38.674",
    "not_before": "2025-09-05T10:52:08",
    "not_after": "2025-12-04T10:52:07",
    "serial_number": "06d0ffdea7129ecd3946fdb10f35a6e6361e",
    "result_count": 1
  },
  {
    "issuer_ca_id": 279003,
    "issuer_name": "C=TW, O=TAIWAN-CA, CN=TWCA Secure SSL Certification Authority",
    "name_value": "adfs.ntu.edu.tw",
    "id": 20802206801,
    "entry_timestamp": "2025-09-05T08:32:07.801",
    "not_before": "2025-09-05T08:32:05",
    "not_after": "2026-10-02T15:59:59",
    "serial_number": "47e900000008752c73fd88bb550ab5b9",
    "result_count": 1
  },
  {
    "issuer_ca_id": 279003,
    "issuer_name": "C=TW, O=TAIWAN-CA, CN=TWCA Secure SSL Certification Authority",
    "name_value": "adfs.ntu.edu.tw",
    "id": 20802206736,
    "entry_timestamp": "2025-09-05T08:32:06.574",
    "not_before": "2025-09-05T08:32:05",
    "not_after": "2026-10-02T15:59:59",
    "serial_number": "47e900000008752c73fd88bb550ab5b9",
    "result_count": 1
  },
  {
    "issuer_ca_id": 295817,
    "issuer_name": "C=US, O=Let's Encrypt, CN=R13",
    "name_value": "cc.ee.ntu.edu.tw",
    "id": 20798967669,
    "entry_timestamp": "2025-09-05T04:44:33.353",
    "not_before": "2025-09-05T03:46:02",
    "not_after": "2025-12-04T03:46:01",
    "serial_number": "052d37b79176e621eaa90760d88d1adfffa4",
    "result_count": 1
  },
  {
    "issuer_ca_id": 295817,
    "issuer_name": "C=US, O=Let's Encrypt, CN=R13",
    "name_value": "cc.ee.ntu.edu.tw",
    "id": 20798939511,
    "entry_timestamp": "2025-09-05T04:44:33.15",
    "not_before": "2025-09-05T03:46:02",
    "not_after": "2025-12-04T03:46:01",
    "serial_number": "052d37b79176e621eaa90760d88d1adfffa4",
    "result_count": 1
  },
  {
    "issuer_ca_id": 286244,
    "issuer_name": "C=US, O=Google Trust Services, CN=WR3",
    "name_value": "gups.ntu.edu.tw",
    "id": 20804633528,
    "entry_timestamp": "2025-09-05T00:06:39.775",
    "not_before": "2025-09-04T23:06:39",
    "not_after": "2025-12-03T23:58:11",
    "serial_number": "00eadb2bd9e209935a09ca21100fc0c5e2",
    "result_count": 1
  },
  {
    "issuer_ca_id": 295816,
    "issuer_name": "C=US, O=Let's Encrypt, CN=R12",
    "name_value": "physiology.mc.ntu.edu.tw",
    "id": 20793845053,
    "entry_timestamp": "2025-09-04T22:02:30.106",
    "not_before": "2025-09-04T21:03:59",
    "not_after": "2025-12-03T21:03:58",
    "serial_number": "06c0cc2821eaba6060369f8563d44a5321f6",
    "result_count": 1
  },
  {
    "issuer_ca_id": 295816,
    "issuer_name": "C=US, O=Let's Encrypt, CN=R12",
    "name_value": "physiology.mc.ntu.edu.tw",
    "id": 20792990913,
    "entry_timestamp": "2025-09-04T22:02:29.508",
    "not_before": "2025-09-04T21:03:59",
    "not_after": "2025-12-03T21:03:58",
    "serial_number": "06c0cc2821eaba6060369f8563d44a5321f6",
    "result_count": 1
  },
  {
    "issuer_ca_id": 295816,
    "issuer_name": "C=US, O=Let's Encrypt, CN=R12",
    "name_value": "www.ch.ntu.edu.tw",
    "id": 20790687893,
    "entry_timestamp": "2025-09-04T19:17:06.416",
    "not_before": "2025-09-04T18:18:35",
    "not_after": "2025-12-03T18:18:34",
    "serial_number": "05e9faa521c74289d5b8f4c1987bdde9d065",
    "result_count": 1
  },
  {
    "issuer_ca_id": 295816,
    "issuer_name": "C=US, O=Let's Encrypt, CN=R12",
    "name_value": "www.ch.ntu.edu.tw",
    "id": 20795025661,
    "entry_timestamp": "2025-09-04T19:17:06.072",
    "not_before": "2025-09-04T18:18:35",
    "not_after": "2025-12-03T18:18:34",
    "serial_number": "05e9faa521c74289d5b8f4c1987bdde9d065",
    "result_count": 1
  },
  {
    "issuer_ca_id": 904,
    "issuer_name": "C=US, ST=Arizona, L=Scottsdale, O=\"GoDaddy.com, Inc.\", OU=http://certs.godaddy.com/repository/, CN=Go Daddy Secure Certificate Authority - G2",
    "name_value": "aicdm.ntu.edu.tw",
    "id": 20790371371,
    "entry_timestamp": "2025-09-04T18:57:54.457",
    "not_before": "2025-09-04T18:57:53",
    "not_after": "2026-10-06T18:57:53",
    "serial_number": "04484e6f143ead85",
    "result_count": 1
  },
  {
    "issuer_ca_id": 295813,
    "issuer_name": "C=US, O=Let's Encrypt, CN=E7",
    "name_value": "bio.odb.ntu.edu.tw",
    "id": 20785777123,
    "entry_timestamp": "2025-09-04T13:26:07.809",
    "not_before": "2025-09-04T12:27:37",
    "not_after": "2025-12-03T12:27:36",
    "serial_number": "06fdfb4f805debdd8847ce19923515ad6049",
    "result_count": 1
  },
  {
    "issuer_ca_id": 295813,
    "issuer_name": "C=US, O=Let's Encrypt, CN=E7",
    "name_value": "bio.odb.ntu.edu.tw",
    "id": 20790634474,
    "entry_timestamp": "2025-09-04T13:26:07.677",
    "not_before": "2025-09-04T12:27:37",
    "not_after": "2025-12-03T12:27:36",
    "serial_number": "06fdfb4f805debdd8847ce19923515ad6049",
    "result_count": 1
  },
  {
    "issuer_ca_id": 295809,
    "issuer_name": "C=US, O=Let's Encrypt, CN=E8",
    "name_value": "api.odb.ntu.edu.tw",
    "id": 20782545621,
    "entry_timestamp": "2025-09-04T08:44:29.395",
    "not_before": "2025-09-04T07:45:58",
    "not_after": "2025-12-03T07:45:57",
    "serial_number": "05e390064936e83b59bef1f2de344d299692",
    "result_count": 1
  },
  {
    "issuer_ca_id": 295809,
    "issuer_name": "C=US, O=Let's Encrypt, CN=E8",
    "name_value": "api.odb.ntu.edu.tw",
    "id": 20781918172,
    "entry_timestamp": "2025-09-04T08:44:29.073",
    "not_before": "2025-09-04T07:45:58",
    "not_after": "2025-12-03T07:45:57",
    "serial_number": "05e390064936e83b59bef1f2de344d299692",
    "result_count": 1
  },
  {
    "issuer_ca_id": 295817,
    "issuer_name": "C=US, O=Let's Encrypt, CN=R13",
    "name_value": "nlg14.csie.ntu.edu.tw",
    "id": 20779563202,
    "entry_timestamp": "2025-09-04T06:01:42.228",
    "not_before": "2025-09-04T05:03:09",
    "not_after": "2025-12-03T05:03:08",
    "serial_number": "05ec5c5cd08c71ce309631c9d5b5b669e4e7",
    "result_count": 1
  },
  {
    "issuer_ca_id": 295817,
    "issuer_name": "C=US, O=Let's Encrypt, CN=R13",
    "name_value": "nlg14.csie.ntu.edu.tw",
    "id": 20779562370,
    "entry_timestamp": "2025-09-04T06:01:40.045",
    "not_before": "2025-09-04T05:03:09",
    "not_after": "2025-12-03T05:03:08",
    "serial_number": "05ec5c5cd08c71ce309631c9d5b5b669e4e7",
    "result_count": 1
  },
  {
    "issuer_ca_id": 295813,
    "issuer_name": "C=US, O=Let's Encrypt, CN=E7",
    "name_value": "overleaf.fgcn.csie.ntu.edu.tw",
    "id": 20779593969,
    "entry_timestamp": "2025-09-04T05:40:50.055",
    "not_before": "2025-09-04T04:42:17",
    "not_after": "2025-12-03T04:42:16",
    "serial_number": "069243dc4ac7b494115015310be0e24ba472",
    "result_count": 1
  },
  {
    "issuer_ca_id": 295813,
    "issuer_name": "C=US, O=Let's Encrypt, CN=E7",
    "name_value": "overleaf.fgcn.csie.ntu.edu.tw",
    "id": 20779225915,
    "entry_timestamp": "2025-09-04T05:40:47.945",
    "not_before": "2025-09-04T04:42:17",
    "not_after": "2025-12-03T04:42:16",
    "serial_number": "069243dc4ac7b494115015310be0e24ba472",
    "result_count": 1
  },
  {
    "issuer_ca_id": 286244,
    "issuer_name": "C=US, O=Google Trust Services, CN=WR3",
    "name_value": "www.idssp.ee.ntu.edu.tw",
    "id": 20783213830,
    "entry_timestamp": "2025-09-04T01:32:35.928",
    "not_before": "2025-09-04T00:32:35",
    "not_after": "2025-12-03T01:22:07",
    "serial_number": "5ed3686e13dec8ce100053d18a4803e7",
    "result_count": 1
  },
  {
    "issuer_ca_id": 295817,
    "issuer_name": "C=US, O=Let's Encrypt, CN=R13",
    "name_value": "catd.cph.ntu.edu.tw",
    "id": 20778964334,
    "entry_timestamp": "2025-09-04T00:32:42.95",
    "not_before": "2025-09-03T23:34:10",
    "not_after": "2025-12-02T23:34:09",
    "serial_number": "0650091741a9fa2044f0883a0b95aaca9dfe",
    "result_count": 1
  },
  {
    "issuer_ca_id": 295817,
    "issuer_name": "C=US, O=Let's Encrypt, CN=R13",
    "name_value": "catd.cph.ntu.edu.tw",
    "id": 20782942565,
    "entry_timestamp": "2025-09-04T00:32:40.615",
    "not_before": "2025-09-03T23:34:10",
    "not_after": "2025-12-02T23:34:09",
    "serial_number": "0650091741a9fa2044f0883a0b95aaca9dfe",
    "result_count": 1
  },
  {
    "issuer_ca_id": 295817,
    "issuer_name": "C=US, O=Let's Encrypt, CN=R13",
    "name_value": "eem.bime.ntu.edu.tw",
    "id": 20773716170,
    "entry_timestamp": "2025-09-03T22:11:45.085",
    "not_before": "2025-09-03T21:13:14",
    "not_after": "2025-12-02T21:13:13",
    "serial_number": "066398a72f0684dfe899306577624f3cf527",
    "result_count": 1
  },
  {
    "issuer_ca_id": 295817,
    "issuer_name": "C=US, O=Let's Encrypt, CN=R13",
    "name_value": "eem.bime.ntu.edu.tw",
    "id": 20772830924,
    "entry_timestamp": "2025-09-03T22:11:44.916",
    "not_before": "2025-09-03T21:13:14",
    "not_after": "2025-12-02T21:13:13",
    "serial_number": "066398a72f0684dfe899306577624f3cf527",
    "result_count": 1
  },
  {
    "issuer_ca_id": 295817,
    "issuer_name": "C=US, O=Let's Encrypt, CN=R13",
    "name_value": "www.alumni.ntu.edu.tw",
    "id": 20773637576,
    "entry_timestamp": "2025-09-03T22:05:51.067",
    "not_before": "2025-09-03T21:07:16",
    "not_after": "2025-12-02T21:07:15",
    "serial_number": "05b82a980aa772fa2e5dd31b6b4085856adb",
    "result_count": 1
  },
  {
    "issuer_ca_id": 295817,
    "issuer_name": "C=US, O=Let's Encrypt, CN=R13",
    "name_value": "www.alumni.ntu.edu.tw",
    "id": 20772752259,
    "entry_timestamp": "2025-09-03T22:05:46.809",
    "not_before": "2025-09-03T21:07:16",
    "not_after": "2025-12-02T21:07:15",
    "serial_number": "05b82a980aa772fa2e5dd31b6b4085856adb",
    "result_count": 1
  },
  {
    "issuer_ca_id": 295813,
    "issuer_name": "C=US, O=Let's Encrypt, CN=E7",
    "name_value": "rcfben.bioagri.ntu.edu.tw",
    "id": 20771927815,
    "entry_timestamp": "2025-09-03T19:26:56.196",
    "not_before": "2025-09-03T18:28:24",
    "not_after": "2025-12-02T18:28:23",
    "serial_number": "0636cb8833b7ff2758675720d3008ba9a8a2",
    "result_count": 1
  },
  {
    "issuer_ca_id": 295813,
    "issuer_name": "C=US, O=Let's Encrypt, CN=E7",
    "name_value": "rcfben.bioagri.ntu.edu.tw",
    "id": 20770481933,
    "entry_timestamp": "2025-09-03T19:26:54.048",
    "not_before": "2025-09-03T18:28:24",
    "not_after": "2025-12-02T18:28:23",
    "serial_number": "0636cb8833b7ff2758675720d3008ba9a8a2",
    "result_count": 1
  },
  {
    "issuer_ca_id": 295813,
    "issuer_name": "C=US, O=Let's Encrypt, CN=E7",
    "name_value": "rcfb.bioagri.ntu.edu.tw",
    "id": 20771817183,
    "entry_timestamp": "2025-09-03T19:20:30.457",
    "not_before": "2025-09-03T18:21:59",
    "not_after": "2025-12-02T18:21:58",
    "serial_number": "05a2cd9504004d540c2a53a52fd0860bce11",
    "result_count": 1
  },
  {
    "issuer_ca_id": 295813,
    "issuer_name": "C=US, O=Let's Encrypt, CN=E7",
    "name_value": "rcfb.bioagri.ntu.edu.tw",
    "id": 20774249399,
    "entry_timestamp": "2025-09-03T19:20:29.903",
    "not_before": "2025-09-03T18:21:59",
    "not_after": "2025-12-02T18:21:58",
    "serial_number": "05a2cd9504004d540c2a53a52fd0860bce11",
    "result_count": 1
  },
  {
    "issuer_ca_id": 295809,
    "issuer_name": "C=US, O=Let's Encrypt, CN=E8",
    "name_value": "ollama.fgcn.csie.ntu.edu.tw",
    "id": 20770262789,
    "entry_timestamp": "2025-09-03T19:09:48.88",
    "not_before": "2025-09-03T18:11:16",
    "not_after": "2025-12-02T18:11:15",
    "serial_number": "053f82489edbcd971acb8aa05ceb787c57c4",
    "result_count": 1
  },
  {
    "issuer_ca_id": 295809,
    "issuer_name": "C=US, O=Let's Encrypt, CN=E8",
    "name_value": "ollama.fgcn.csie.ntu.edu.tw",
    "id": 20770233147,
    "entry_timestamp": "2025-09-03T19:09:46.664",
    "not_before": "2025-09-03T18:11:16",
    "not_after": "2025-12-02T18:11:15",
    "serial_number": "053f82489edbcd971acb8aa05ceb787c57c4",
    "result_count": 1
  },
  {
    "issuer_ca_id": 295817,
    "issuer_name": "C=US, O=Let's Encrypt, CN=R13",
    "name_value": "www.alumni.ntu.edu.tw",
    "id": 20771422497,
    "entry_timestamp": "2025-09-03T18:53:25.832",
    "not_before": "2025-09-03T17:54:55",
    "not_after": "2025-12-02T17:54:54",
    "serial_number": "061fc09dc06df2899a44edf5b8ef2ffdd172",
    "result_count": 1
  },
  {
    "issuer_ca_id": 295817,
    "issuer_name": "C=US, O=Let's Encrypt, CN=R13",
    "name_value": "www.alumni.ntu.edu.tw",
    "id": 20769992688,
    "entry_timestamp": "2025-09-03T18:53:25.598",
    "not_before": "2025-09-03T17:54:55",
    "not_after": "2025-12-02T17:54:54",
    "serial_number": "061fc09dc06df2899a44edf5b8ef2ffdd172",
    "result_count": 1
  },
  {
    "issuer_ca_id": 295809,
    "issuer_name": "C=US, O=Let's Encrypt, CN=E8",
    "name_value": "ncfser.ntu.edu.tw",
    "id": 20771113269,
    "entry_timestamp": "2025-09-03T18:27:33.924",
    "not_before": "2025-09-03T17:29:03",
    "not_after": "2025-12-02T17:29:02",
    "serial_number": "0525a324c96ab6f7f2654ecd1aff5a7b5ebb",
    "result_count": 1
  },
  {
    "issuer_ca_id": 295809,
    "issuer_name": "C=US, O=Let's Encrypt, CN=E8",
    "name_value": "ncfser.ntu.edu.tw",
    "id": 20773441784,
    "entry_timestamp": "2025-09-03T18:27:33.584",
    "not_before": "2025-09-03T17:29:03",
    "not_after": "2025-12-02T17:29:02",
    "serial_number": "0525a324c96ab6f7f2654ecd1aff5a7b5ebb",
    "result_count": 1
  },
  {
    "issuer_ca_id": 295816,
    "issuer_name": "C=US, O=Let's Encrypt, CN=R12",
    "name_value": "imta.vpn.im.ntu.edu.tw",
    "id": 20764059979,
    "entry_timestamp": "2025-09-03T11:27:04.39",
    "not_before": "2025-09-03T10:28:34",
    "not_after": "2025-12-02T10:28:33",
    "serial_number": "065a95554b5c5b7afa31d20b634b96d9eab7",
    "result_count": 1
  },
  {
    "issuer_ca_id": 295816,
    "issuer_name": "C=US, O=Let's Encrypt, CN=R12",
    "name_value": "imta.vpn.im.ntu.edu.tw",
    "id": 20764055601,
    "entry_timestamp": "2025-09-03T11:27:04.205",
    "not_before": "2025-09-03T10:28:34",
    "not_after": "2025-12-02T10:28:33",
    "serial_number": "065a95554b5c5b7afa31d20b634b96d9eab7",
    "result_count": 1
  },
  {
    "issuer_ca_id": 286244,
    "issuer_name": "C=US, O=Google Trust Services, CN=WR3",
    "name_value": "colloquium.phys.ntu.edu.tw",
    "id": 20761033687,
    "entry_timestamp": "2025-09-03T07:03:12.838",
    "not_before": "2025-09-03T04:52:38",
    "not_after": "2025-12-02T05:40:08",
    "serial_number": "00ce67b40c5284e82d0a54c597185fb354",
    "result_count": 1
  },
  {
    "issuer_ca_id": 286244,
    "issuer_name": "C=US, O=Google Trust Services, CN=WR3",
    "name_value": "colloquium.phys.ntu.edu.tw",
    "id": 20760416226,
    "entry_timestamp": "2025-09-03T05:52:38.919",
    "not_before": "2025-09-03T04:52:38",
    "not_after": "2025-12-02T05:40:08",
    "serial_number": "00ce67b40c5284e82d0a54c597185fb354",
    "result_count": 1
  },
  {
    "issuer_ca_id": 286244,
    "issuer_name": "C=US, O=Google Trust Services, CN=WR3",
    "name_value": "colloquium.phys.ntu.edu.tw",
    "id": 20759376810,
    "entry_timestamp": "2025-09-03T05:14:50.119",
    "not_before": "2025-09-03T03:12:29",
    "not_after": "2025-12-02T04:03:00",
    "serial_number": "7e1eaea583cb08a1091094b075f76644",
    "result_count": 1
  },
  {
    "issuer_ca_id": 295817,
    "issuer_name": "C=US, O=Let's Encrypt, CN=R13",
    "name_value": "pharmacyedu.mc.ntu.edu.tw",
    "id": 20758313507,
    "entry_timestamp": "2025-09-03T04:13:29.739",
    "not_before": "2025-09-03T03:14:59",
    "not_after": "2025-12-02T03:14:58",
    "serial_number": "05c268ead11c44067cb132d63a39048fa504",
    "result_count": 1
  },
  {
    "issuer_ca_id": 295817,
    "issuer_name": "C=US, O=Let's Encrypt, CN=R13",
    "name_value": "pharmacyedu.mc.ntu.edu.tw",
    "id": 20758300029,
    "entry_timestamp": "2025-09-03T04:13:29.562",
    "not_before": "2025-09-03T03:14:59",
    "not_after": "2025-12-02T03:14:58",
    "serial_number": "05c268ead11c44067cb132d63a39048fa504",
    "result_count": 1
  },
  {
    "issuer_ca_id": 286244,
    "issuer_name": "C=US, O=Google Trust Services, CN=WR3",
    "name_value": "colloquium.phys.ntu.edu.tw",
    "id": 20758319205,
    "entry_timestamp": "2025-09-03T04:12:29.809",
    "not_before": "2025-09-03T03:12:29",
    "not_after": "2025-12-02T04:03:00",
    "serial_number": "7e1eaea583cb08a1091094b075f76644",
    "result_count": 1
  },
  {
    "issuer_ca_id": 286244,
    "issuer_name": "C=US, O=Google Trust Services, CN=WR3",
    "name_value": "mpb.ntu.edu.tw",
    "id": 20745341731,
    "entry_timestamp": "2025-09-02T13:39:25.552",
    "not_before": "2025-08-26T13:53:57",
    "not_after": "2025-11-24T14:43:48",
    "serial_number": "00c354f21b63b272f3128cef41f4fce41b",
    "result_count": 1
  },
  {
    "issuer_ca_id": 295816,
    "issuer_name": "C=US, O=Let's Encrypt, CN=R12",
    "name_value": "rx.mc.ntu.edu.tw",
    "id": 20744914081,
    "entry_timestamp": "2025-09-02T13:11:57.481",
    "not_before": "2025-09-02T12:13:27",
    "not_after": "2025-12-01T12:13:26",
    "serial_number": "057abdea6a1043d0b020010d430130b272ca",
    "result_count": 1
  },
  {
    "issuer_ca_id": 295816,
    "issuer_name": "C=US, O=Let's Encrypt, CN=R12",
    "name_value": "rx.mc.ntu.edu.tw",
    "id": 20744912190,
    "entry_timestamp": "2025-09-02T13:11:57.173",
    "not_before": "2025-09-02T12:13:27",
    "not_after": "2025-12-01T12:13:26",
    "serial_number": "057abdea6a1043d0b020010d430130b272ca",
    "result_count": 1
  },
  {
    "issuer_ca_id": 295817,
    "issuer_name": "C=US, O=Let's Encrypt, CN=R13",
    "name_value": "ntuio.oc.ntu.edu.tw",
    "id": 20740768311,
    "entry_timestamp": "2025-09-02T08:44:13.755",
    "not_before": "2025-09-02T07:45:41",
    "not_after": "2025-12-01T07:45:40",
    "serial_number": "050ba5819dbadc8879a022baee412e346c8d",
    "result_count": 1
  },
  {
    "issuer_ca_id": 295817,
    "issuer_name": "C=US, O=Let's Encrypt, CN=R13",
    "name_value": "ntuio.oc.ntu.edu.tw",
    "id": 20740767158,
    "entry_timestamp": "2025-09-02T08:44:11.915",
    "not_before": "2025-09-02T07:45:41",
    "not_after": "2025-12-01T07:45:40",
    "serial_number": "050ba5819dbadc8879a022baee412e346c8d",
    "result_count": 1
  },
  {
    "issuer_ca_id": 295816,
    "issuer_name": "C=US, O=Let's Encrypt, CN=R12",
    "name_value": "sp.mc.ntu.edu.tw",
    "id": 20739435933,
    "entry_timestamp": "2025-09-02T07:13:16.391",
    "not_before": "2025-09-02T06:14:43",
    "not_after": "2025-12-01T06:14:42",
    "serial_number": "061d46f26a7636af96c26fe3ab56d752f87a",
    "result_count": 1
  },
  {
    "issuer_ca_id": 295816,
    "issuer_name": "C=US, O=Let's Encrypt, CN=R12",
    "name_value": "sp.mc.ntu.edu.tw",
    "id": 20739432453,
    "entry_timestamp": "2025-09-02T07:13:14.162",
    "not_before": "2025-09-02T06:14:43",
    "not_after": "2025-12-01T06:14:42",
    "serial_number": "061d46f26a7636af96c26fe3ab56d752f87a",
    "result_count": 1
  },
  {
    "issuer_ca_id": 295817,
    "issuer_name": "C=US, O=Let's Encrypt, CN=R13",
    "name_value": "bfn.ntu.edu.tw",
    "id": 20734936789,
    "entry_timestamp": "2025-09-02T02:24:26.914",
    "not_before": "2025-09-02T01:25:56",
    "not_after": "2025-12-01T01:25:55",
    "serial_number": "0693c21dba9996590c371f9d53b40f8b1696",
    "result_count": 1
  },
  {
    "issuer_ca_id": 295817,
    "issuer_name": "C=US, O=Let's Encrypt, CN=R13",
    "name_value": "bfn.ntu.edu.tw",
    "id": 20734898972,
    "entry_timestamp": "2025-09-02T02:24:26.653",
    "not_before": "2025-09-02T01:25:56",
    "not_after": "2025-12-01T01:25:55",
    "serial_number": "0693c21dba9996590c371f9d53b40f8b1696",
    "result_count": 1
  },
  {
    "issuer_ca_id": 295809,
    "issuer_name": "C=US, O=Let's Encrypt, CN=E8",
    "name_value": "mtkntu.ntu.edu.tw",
    "id": 20728078607,
    "entry_timestamp": "2025-09-01T18:01:33.981",
    "not_before": "2025-09-01T17:03:01",
    "not_after": "2025-11-30T17:03:00",
    "serial_number": "0659db68703064cbeb92b62fcb4c0054893b",
    "result_count": 1
  },
  {
    "issuer_ca_id": 295809,
    "issuer_name": "C=US, O=Let's Encrypt, CN=E8",
    "name_value": "mtkntu.ntu.edu.tw",
    "id": 20728077083,
    "entry_timestamp": "2025-09-01T18:01:31.787",
    "not_before": "2025-09-01T17:03:01",
    "not_after": "2025-11-30T17:03:00",
    "serial_number": "0659db68703064cbeb92b62fcb4c0054893b",
    "result_count": 1
  },
  {
    "issuer_ca_id": 295817,
    "issuer_name": "C=US, O=Let's Encrypt, CN=R13",
    "name_value": "mtkntu.ntu.edu.tw",
    "id": 20728077338,
    "entry_timestamp": "2025-09-01T18:01:25.21",
    "not_before": "2025-09-01T17:02:55",
    "not_after": "2025-11-30T17:02:54",
    "serial_number": "050df09942fbc6f71fd1a35f48617a78e3f4",
    "result_count": 1
  },
  {
    "issuer_ca_id": 295817,
    "issuer_name": "C=US, O=Let's Encrypt, CN=R13",
    "name_value": "mtkntu.ntu.edu.tw",
    "id": 20728075637,
    "entry_timestamp": "2025-09-01T18:01:25.105",
    "not_before": "2025-09-01T17:02:55",
    "not_after": "2025-11-30T17:02:54",
    "serial_number": "050df09942fbc6f71fd1a35f48617a78e3f4",
    "result_count": 1
  },
  {
    "issuer_ca_id": 295817,
    "issuer_name": "C=US, O=Let's Encrypt, CN=R13",
    "name_value": "www.eerc.ntu.edu.tw",
    "id": 20725897529,
    "entry_timestamp": "2025-09-01T15:40:45.448",
    "not_before": "2025-09-01T14:42:15",
    "not_after": "2025-11-30T14:42:14",
    "serial_number": "050c9b1aa45cec25871b6338e7d945063b75",
    "result_count": 1
  },
  {
    "issuer_ca_id": 295817,
    "issuer_name": "C=US, O=Let's Encrypt, CN=R13",
    "name_value": "www.eerc.ntu.edu.tw",
    "id": 20725896680,
    "entry_timestamp": "2025-09-01T15:40:45.203",
    "not_before": "2025-09-01T14:42:15",
    "not_after": "2025-11-30T14:42:14",
    "serial_number": "050c9b1aa45cec25871b6338e7d945063b75",
    "result_count": 1
  },
  {
    "issuer_ca_id": 295809,
    "issuer_name": "C=US, O=Let's Encrypt, CN=E8",
    "name_value": "aaoffice-new.cloud.ntu.edu.tw",
    "id": 20723913752,
    "entry_timestamp": "2025-09-01T13:23:48.042",
    "not_before": "2025-09-01T12:25:15",
    "not_after": "2025-11-30T12:25:14",
    "serial_number": "050ef0ec15320a63f5713b777d448456629c",
    "result_count": 1
  },
  {
    "issuer_ca_id": 295809,
    "issuer_name": "C=US, O=Let's Encrypt, CN=E8",
    "name_value": "aaoffice-new.cloud.ntu.edu.tw",
    "id": 20723909315,
    "entry_timestamp": "2025-09-01T13:23:45.932",
    "not_before": "2025-09-01T12:25:15",
    "not_after": "2025-11-30T12:25:14",
    "serial_number": "050ef0ec15320a63f5713b777d448456629c",
    "result_count": 1
  },
  {
    "issuer_ca_id": 295817,
    "issuer_name": "C=US, O=Let's Encrypt, CN=R13",
    "name_value": "ntuacare.ntu.edu.tw",
    "id": 20719657337,
    "entry_timestamp": "2025-09-01T08:52:54.445",
    "not_before": "2025-09-01T07:54:23",
    "not_after": "2025-11-30T07:54:22",
    "serial_number": "068c03c0c79dc61a174201f9271921819676",
    "result_count": 1
  },
  {
    "issuer_ca_id": 295817,
    "issuer_name": "C=US, O=Let's Encrypt, CN=R13",
    "name_value": "ntuacare.ntu.edu.tw",
    "id": 20719654028,
    "entry_timestamp": "2025-09-01T08:52:53.784",
    "not_before": "2025-09-01T07:54:23",
    "not_after": "2025-11-30T07:54:22",
    "serial_number": "068c03c0c79dc61a174201f9271921819676",
    "result_count": 1
  },
  {
    "issuer_ca_id": 295817,
    "issuer_name": "C=US, O=Let's Encrypt, CN=R13",
    "name_value": "toolmen.bime.ntu.edu.tw",
    "id": 20714661050,
    "entry_timestamp": "2025-09-01T03:54:30.753",
    "not_before": "2025-09-01T02:56:00",
    "not_after": "2025-11-30T02:55:59",
    "serial_number": "057f27219d8c250f77b82d5e9ed198c6579a",
    "result_count": 1
  },
  {
    "issuer_ca_id": 295817,
    "issuer_name": "C=US, O=Let's Encrypt, CN=R13",
    "name_value": "toolmen.bime.ntu.edu.tw",
    "id": 20714655805,
    "entry_timestamp": "2025-09-01T03:54:30.544",
    "not_before": "2025-09-01T02:56:00",
    "not_after": "2025-11-30T02:55:59",
    "serial_number": "057f27219d8c250f77b82d5e9ed198c6579a",
    "result_count": 1
  },
  {
    "issuer_ca_id": 295817,
    "issuer_name": "C=US, O=Let's Encrypt, CN=R13",
    "name_value": "rd.mc.ntu.edu.tw",
    "id": 20714391544,
    "entry_timestamp": "2025-09-01T03:38:33.926",
    "not_before": "2025-09-01T02:40:03",
    "not_after": "2025-11-30T02:40:02",
    "serial_number": "05c13a1b12acb78d1b8db3a362faa8d05c4b",
    "result_count": 1
  },
  {
    "issuer_ca_id": 295817,
    "issuer_name": "C=US, O=Let's Encrypt, CN=R13",
    "name_value": "rd.mc.ntu.edu.tw",
    "id": 20714389300,
    "entry_timestamp": "2025-09-01T03:38:33.651",
    "not_before": "2025-09-01T02:40:03",
    "not_after": "2025-11-30T02:40:02",
    "serial_number": "05c13a1b12acb78d1b8db3a362faa8d05c4b",
    "result_count": 1
  },
  {
    "issuer_ca_id": 295817,
    "issuer_name": "C=US, O=Let's Encrypt, CN=R13",
    "name_value": "epaper.mc.ntu.edu.tw",
    "id": 20713019455,
    "entry_timestamp": "2025-09-01T02:13:59.09",
    "not_before": "2025-09-01T01:15:28",
    "not_after": "2025-11-30T01:15:27",
    "serial_number": "05075ba37af93e13e386c5e3e347920d11ae",
    "result_count": 1
  },
  {
    "issuer_ca_id": 295817,
    "issuer_name": "C=US, O=Let's Encrypt, CN=R13",
    "name_value": "epaper.mc.ntu.edu.tw",
    "id": 20712997996,
    "entry_timestamp": "2025-09-01T02:13:58.876",
    "not_before": "2025-09-01T01:15:28",
    "not_after": "2025-11-30T01:15:27",
    "serial_number": "05075ba37af93e13e386c5e3e347920d11ae",
    "result_count": 1
  },
  {
    "issuer_ca_id": 295817,
    "issuer_name": "C=US, O=Let's Encrypt, CN=R13",
    "name_value": "alcom.ee.ntu.edu.tw",
    "id": 20712014073,
    "entry_timestamp": "2025-09-01T01:08:29.799",
    "not_before": "2025-09-01T00:09:59",
    "not_after": "2025-11-30T00:09:58",
    "serial_number": "053759af8102588ee8a615c73748f57cff07",
    "result_count": 1
  },
  {
    "issuer_ca_id": 295817,
    "issuer_name": "C=US, O=Let's Encrypt, CN=R13",
    "name_value": "alcom.ee.ntu.edu.tw",
    "id": 20712010515,
    "entry_timestamp": "2025-09-01T01:08:29.487",
    "not_before": "2025-09-01T00:09:59",
    "not_after": "2025-11-30T00:09:58",
    "serial_number": "053759af8102588ee8a615c73748f57cff07",
    "result_count": 1
  },
  {
    "issuer_ca_id": 295817,
    "issuer_name": "C=US, O=Let's Encrypt, CN=R13",
    "name_value": "smcase.ntu.edu.tw",
    "id": 20711526733,
    "entry_timestamp": "2025-09-01T00:39:41.095",
    "not_before": "2025-08-31T23:41:10",
    "not_after": "2025-11-29T23:41:09",
    "serial_number": "05a55f62aa5df2c02b3fa27b12a299155e6d",
    "result_count": 1
  },
  {
    "issuer_ca_id": 295817,
    "issuer_name": "C=US, O=Let's Encrypt, CN=R13",
    "name_value": "smcase.ntu.edu.tw",
    "id": 20711526270,
    "entry_timestamp": "2025-09-01T00:39:40.904",
    "not_before": "2025-08-31T23:41:10",
    "not_after": "2025-11-29T23:41:09",
    "serial_number": "05a55f62aa5df2c02b3fa27b12a299155e6d",
    "result_count": 1
  },
  {
    "issuer_ca_id": 295816,
    "issuer_name": "C=US, O=Let's Encrypt, CN=R12",
    "name_value": "highscope.ch.ntu.edu.tw",
    "id": 20711422184,
    "entry_timestamp": "2025-09-01T00:31:42.098",
    "not_before": "2025-08-31T23:33:11",
    "not_after": "2025-11-29T23:33:10",
    "serial_number": "05692f6dfe57080687491c0d836c015bb0d2",
    "result_count": 1
  },
  {
    "issuer_ca_id": 295816,
    "issuer_name": "C=US, O=Let's Encrypt, CN=R12",
    "name_value": "highscope.ch.ntu.edu.tw",
    "id": 20711402369,
    "entry_timestamp": "2025-09-01T00:31:41.817",
    "not_before": "2025-08-31T23:33:11",
    "not_after": "2025-11-29T23:33:10",
    "serial_number": "05692f6dfe57080687491c0d836c015bb0d2",
    "result_count": 1
  },
  {
    "issuer_ca_id": 295817,
    "issuer_name": "C=US, O=Let's Encrypt, CN=R13",
    "name_value": "ntubeyondborders.ntu.edu.tw",
    "id": 20710298872,
    "entry_timestamp": "2025-08-31T23:19:28.391",
    "not_before": "2025-08-31T22:20:57",
    "not_after": "2025-11-29T22:20:56",
    "serial_number": "06db120008dd8890c8a1b9c19dd521a15cc7",
    "result_count": 1
  },
  {
    "issuer_ca_id": 295817,
    "issuer_name": "C=US, O=Let's Encrypt, CN=R13",
    "name_value": "ntubeyondborders.ntu.edu.tw",
    "id": 20710297241,
    "entry_timestamp": "2025-08-31T23:19:27.499",
    "not_before": "2025-08-31T22:20:57",
    "not_after": "2025-11-29T22:20:56",
    "serial_number": "06db120008dd8890c8a1b9c19dd521a15cc7",
    "result_count": 1
  },
  {
    "issuer_ca_id": 295817,
    "issuer_name": "C=US, O=Let's Encrypt, CN=R13",
    "name_value": "ochre.gl.ntu.edu.tw",
    "id": 20706816961,
    "entry_timestamp": "2025-08-31T19:07:59.007",
    "not_before": "2025-08-31T18:09:28",
    "not_after": "2025-11-29T18:09:27",
    "serial_number": "0538248609057ef7bdae337b9de87ba7fbdb",
    "result_count": 1
  },
  {
    "issuer_ca_id": 295817,
    "issuer_name": "C=US, O=Let's Encrypt, CN=R13",
    "name_value": "ochre.gl.ntu.edu.tw",
    "id": 20706810843,
    "entry_timestamp": "2025-08-31T19:07:58.885",
    "not_before": "2025-08-31T18:09:28",
    "not_after": "2025-11-29T18:09:27",
    "serial_number": "0538248609057ef7bdae337b9de87ba7fbdb",
    "result_count": 1
  },
  {
    "issuer_ca_id": 295813,
    "issuer_name": "C=US, O=Let's Encrypt, CN=E7",
    "name_value": "hpc.psy.ntu.edu.tw",
    "id": 20704055793,
    "entry_timestamp": "2025-08-31T16:05:52.574",
    "not_before": "2025-08-31T15:07:22",
    "not_after": "2025-11-29T15:07:21",
    "serial_number": "0571b267dedb77d390ed3466ce1b97140af4",
    "result_count": 1
  },
  {
    "issuer_ca_id": 295813,
    "issuer_name": "C=US, O=Let's Encrypt, CN=E7",
    "name_value": "hpc.psy.ntu.edu.tw",
    "id": 20704054802,
    "entry_timestamp": "2025-08-31T16:05:52.485",
    "not_before": "2025-08-31T15:07:22",
    "not_after": "2025-11-29T15:07:21",
    "serial_number": "0571b267dedb77d390ed3466ce1b97140af4",
    "result_count": 1
  },
  {
    "issuer_ca_id": 295816,
    "issuer_name": "C=US, O=Let's Encrypt, CN=R12",
    "name_value": "www.acc.ntu.edu.tw",
    "id": 20704028564,
    "entry_timestamp": "2025-08-31T16:03:52.432",
    "not_before": "2025-08-31T15:05:20",
    "not_after": "2025-11-29T15:05:19",
    "serial_number": "06b9906d3d37210310b177f65d6f6aecff50",
    "result_count": 1
  },
  {
    "issuer_ca_id": 295816,
    "issuer_name": "C=US, O=Let's Encrypt, CN=R12",
    "name_value": "www.acc.ntu.edu.tw",
    "id": 20704027318,
    "entry_timestamp": "2025-08-31T16:03:50.23",
    "not_before": "2025-08-31T15:05:20",
    "not_after": "2025-11-29T15:05:19",
    "serial_number": "06b9906d3d37210310b177f65d6f6aecff50",
    "result_count": 1
  },
  {
    "issuer_ca_id": 295816,
    "issuer_name": "C=US, O=Let's Encrypt, CN=R12",
    "name_value": "www.ce.ntu.edu.tw",
    "id": 20701483172,
    "entry_timestamp": "2025-08-31T13:23:28.138",
    "not_before": "2025-08-31T12:24:55",
    "not_after": "2025-11-29T12:24:54",
    "serial_number": "064ac30335a05746473c4b7ce4637eb5512a",
    "result_count": 1
  },
  {
    "issuer_ca_id": 295816,
    "issuer_name": "C=US, O=Let's Encrypt, CN=R12",
    "name_value": "www.ce.ntu.edu.tw",
    "id": 20701482829,
    "entry_timestamp": "2025-08-31T13:23:26.176",
    "not_before": "2025-08-31T12:24:55",
    "not_after": "2025-11-29T12:24:54",
    "serial_number": "064ac30335a05746473c4b7ce4637eb5512a",
    "result_count": 1
  },
  {
    "issuer_ca_id": 295809,
    "issuer_name": "C=US, O=Let's Encrypt, CN=E8",
    "name_value": "aaoffice.ntu.edu.tw",
    "id": 20699519717,
    "entry_timestamp": "2025-08-31T11:25:45.084",
    "not_before": "2025-08-31T10:27:14",
    "not_after": "2025-11-29T10:27:13",
    "serial_number": "0509736cd9d483ac7573b634cea5c3607706",
    "result_count": 1
  },
  {
    "issuer_ca_id": 295809,
    "issuer_name": "C=US, O=Let's Encrypt, CN=E8",
    "name_value": "aaoffice.ntu.edu.tw",
    "id": 20699518961,
    "entry_timestamp": "2025-08-31T11:25:44.885",
    "not_before": "2025-08-31T10:27:14",
    "not_after": "2025-11-29T10:27:13",
    "serial_number": "0509736cd9d483ac7573b634cea5c3607706",
    "result_count": 1
  },
  {
    "issuer_ca_id": 295813,
    "issuer_name": "C=US, O=Let's Encrypt, CN=E7",
    "name_value": "www.tassel.econ.ntu.edu.tw",
    "id": 20698155164,
    "entry_timestamp": "2025-08-31T09:57:34.272",
    "not_before": "2025-08-31T08:59:04",
    "not_after": "2025-11-29T08:59:03",
    "serial_number": "05ca1eef7c60f00c7290141cd48517b142a6",
    "result_count": 1
  },
  {
    "issuer_ca_id": 295813,
    "issuer_name": "C=US, O=Let's Encrypt, CN=E7",
    "name_value": "www.tassel.econ.ntu.edu.tw",
    "id": 20698154216,
    "entry_timestamp": "2025-08-31T09:57:34.168",
    "not_before": "2025-08-31T08:59:04",
    "not_after": "2025-11-29T08:59:03",
    "serial_number": "05ca1eef7c60f00c7290141cd48517b142a6",
    "result_count": 1
  },
  {
    "issuer_ca_id": 295813,
    "issuer_name": "C=US, O=Let's Encrypt, CN=E7",
    "name_value": "wmnlab.ee.ntu.edu.tw",
    "id": 20696724326,
    "entry_timestamp": "2025-08-31T08:33:09.523",
    "not_before": "2025-08-31T07:34:39",
    "not_after": "2025-11-29T07:34:38",
    "serial_number": "052a2557ca9fecae6c9f495118acdba5bdd4",
    "result_count": 1
  },
  {
    "issuer_ca_id": 295813,
    "issuer_name": "C=US, O=Let's Encrypt, CN=E7",
    "name_value": "wmnlab.ee.ntu.edu.tw",
    "id": 20696724003,
    "entry_timestamp": "2025-08-31T08:33:09.258",
    "not_before": "2025-08-31T07:34:39",
    "not_after": "2025-11-29T07:34:38",
    "serial_number": "052a2557ca9fecae6c9f495118acdba5bdd4",
    "result_count": 1
  },
  {
    "issuer_ca_id": 295816,
    "issuer_name": "C=US, O=Let's Encrypt, CN=R12",
    "name_value": "lope.linguistics.ntu.edu.tw",
    "id": 20696705924,
    "entry_timestamp": "2025-08-31T08:32:03.085",
    "not_before": "2025-08-31T07:33:32",
    "not_after": "2025-11-29T07:33:31",
    "serial_number": "050027df31b7ae7d3204c9170e3523d6e71b",
    "result_count": 1
  },
  {
    "issuer_ca_id": 295816,
    "issuer_name": "C=US, O=Let's Encrypt, CN=R12",
    "name_value": "lope.linguistics.ntu.edu.tw",
    "id": 20696706142,
    "entry_timestamp": "2025-08-31T08:32:02.863",
    "not_before": "2025-08-31T07:33:32",
    "not_after": "2025-11-29T07:33:31",
    "serial_number": "050027df31b7ae7d3204c9170e3523d6e71b",
    "result_count": 1
  },
  {
    "issuer_ca_id": 295816,
    "issuer_name": "C=US, O=Let's Encrypt, CN=R12",
    "name_value": "*.yvtsai.gpti.ntu.edu.tw",
    "id": 20691445641,
    "entry_timestamp": "2025-08-31T02:39:31.82",
    "not_before": "2025-08-31T01:41:01",
    "not_after": "2025-11-29T01:41:00",
    "serial_number": "0649aacfd5dde33a5db7e0d340684087f348",
    "result_count": 1
  },
  {
    "issuer_ca_id": 295816,
    "issuer_name": "C=US, O=Let's Encrypt, CN=R12",
    "name_value": "*.yvtsai.gpti.ntu.edu.tw",
    "id": 20691445639,
    "entry_timestamp": "2025-08-31T02:39:31.604",
    "not_before": "2025-08-31T01:41:01",
    "not_after": "2025-11-29T01:41:00",
    "serial_number": "0649aacfd5dde33a5db7e0d340684087f348",
    "result_count": 1
  },
  {
    "issuer_ca_id": 295813,
    "issuer_name": "C=US, O=Let's Encrypt, CN=E7",
    "name_value": "cveinfo.cc.ntu.edu.tw",
    "id": 20687536571,
    "entry_timestamp": "2025-08-30T22:06:10.233",
    "not_before": "2025-08-30T21:07:39",
    "not_after": "2025-11-28T21:07:38",
    "serial_number": "05d8b2ecdae58a78b927e1cec5f37969302e",
    "result_count": 1
  },
  {
    "issuer_ca_id": 295813,
    "issuer_name": "C=US, O=Let's Encrypt, CN=E7",
    "name_value": "cveinfo.cc.ntu.edu.tw",
    "id": 20687536562,
    "entry_timestamp": "2025-08-30T22:06:09.941",
    "not_before": "2025-08-30T21:07:39",
    "not_after": "2025-11-28T21:07:38",
    "serial_number": "05d8b2ecdae58a78b927e1cec5f37969302e",
    "result_count": 1
  },
  {
    "issuer_ca_id": 295816,
    "issuer_name": "C=US, O=Let's Encrypt, CN=R12",
    "name_value": "lcdm.as.ntu.edu.tw",
    "id": 20685007636,
    "entry_timestamp": "2025-08-30T19:03:48.638",
    "not_before": "2025-08-30T18:05:16",
    "not_after": "2025-11-28T18:05:15",
    "serial_number": "06cc2f2b5d0a1b31e22e79de4f7b1f6fd009",
    "result_count": 1
  },
  {
    "issuer_ca_id": 295816,
    "issuer_name": "C=US, O=Let's Encrypt, CN=R12",
    "name_value": "lcdm.as.ntu.edu.tw",
    "id": 20685008882,
    "entry_timestamp": "2025-08-30T19:03:46.381",
    "not_before": "2025-08-30T18:05:16",
    "not_after": "2025-11-28T18:05:15",
    "serial_number": "06cc2f2b5d0a1b31e22e79de4f7b1f6fd009",
    "result_count": 1
  },
  {
    "issuer_ca_id": 295817,
    "issuer_name": "C=US, O=Let's Encrypt, CN=R13",
    "name_value": "ael.as.ntu.edu.tw",
    "id": 20684987017,
    "entry_timestamp": "2025-08-30T19:03:27.481",
    "not_before": "2025-08-30T18:04:57",
    "not_after": "2025-11-28T18:04:56",
    "serial_number": "05397be424471969f1b4348b052790688e66",
    "result_count": 1
  },
  {
    "issuer_ca_id": 295817,
    "issuer_name": "C=US, O=Let's Encrypt, CN=R13",
    "name_value": "ael.as.ntu.edu.tw",
    "id": 20684981494,
    "entry_timestamp": "2025-08-30T19:03:27.331",
    "not_before": "2025-08-30T18:04:57",
    "not_after": "2025-11-28T18:04:56",
    "serial_number": "05397be424471969f1b4348b052790688e66",
    "result_count": 1
  },
  {
    "issuer_ca_id": 158800,
    "issuer_name": "C=AT, O=ZeroSSL, CN=ZeroSSL RSA Domain Secure Site CA",
    "name_value": "openhouse.ntu.edu.tw",
    "id": 20665698066,
    "entry_timestamp": "2025-08-30T00:06:33.245",
    "not_before": "2025-08-30T00:00:00",
    "not_after": "2025-11-28T23:59:59",
    "serial_number": "00bdcac431042e61306e7411e5ed67c766",
    "result_count": 1
  },
  {
    "issuer_ca_id": 158800,
    "issuer_name": "C=AT, O=ZeroSSL, CN=ZeroSSL RSA Domain Secure Site CA",
    "name_value": "openhouse.ntu.edu.tw",
    "id": 20665697908,
    "entry_timestamp": "2025-08-30T00:06:33.013",
    "not_before": "2025-08-30T00:00:00",
    "not_after": "2025-11-28T23:59:59",
    "serial_number": "00bdcac431042e61306e7411e5ed67c766",
    "result_count": 1
  },
  {
    "issuer_ca_id": 158800,
    "issuer_name": "C=AT, O=ZeroSSL, CN=ZeroSSL RSA Domain Secure Site CA",
    "name_value": "www.openhouse.ntu.edu.tw",
    "id": 20665624340,
    "entry_timestamp": "2025-08-30T00:02:44.922",
    "not_before": "2025-08-30T00:00:00",
    "not_after": "2025-11-28T23:59:59",
    "serial_number": "00faf85f8961839bea989dedc3060014d5",
    "result_count": 1
  },
  {
    "issuer_ca_id": 158800,
    "issuer_name": "C=AT, O=ZeroSSL, CN=ZeroSSL RSA Domain Secure Site CA",
    "name_value": "www.openhouse.ntu.edu.tw",
    "id": 20665624138,
    "entry_timestamp": "2025-08-30T00:02:44.434",
    "not_before": "2025-08-30T00:00:00",
    "not_after": "2025-11-28T23:59:59",
    "serial_number": "00faf85f8961839bea989dedc3060014d5",
    "result_count": 1
  },
  {
    "issuer_ca_id": 158800,
    "issuer_name": "C=AT, O=ZeroSSL, CN=ZeroSSL RSA Domain Secure Site CA",
    "name_value": "cdn.openhouse.ntu.edu.tw",
    "id": 20665622843,
    "entry_timestamp": "2025-08-30T00:02:24.528",
    "not_before": "2025-08-30T00:00:00",
    "not_after": "2025-11-28T23:59:59",
    "serial_number": "083a9dca1534aa94ad54a1a58c93da34",
    "result_count": 1
  },
  {
    "issuer_ca_id": 158800,
    "issuer_name": "C=AT, O=ZeroSSL, CN=ZeroSSL RSA Domain Secure Site CA",
    "name_value": "cdn.openhouse.ntu.edu.tw",
    "id": 20665623541,
    "entry_timestamp": "2025-08-30T00:02:23.951",
    "not_before": "2025-08-30T00:00:00",
    "not_after": "2025-11-28T23:59:59",
    "serial_number": "083a9dca1534aa94ad54a1a58c93da34",
    "result_count": 1
  },
  {
    "issuer_ca_id": 158800,
    "issuer_name": "C=AT, O=ZeroSSL, CN=ZeroSSL RSA Domain Secure Site CA",
    "name_value": "api.openhouse.ntu.edu.tw",
    "id": 20665604893,
    "entry_timestamp": "2025-08-30T00:01:14.86",
    "not_before": "2025-08-30T00:00:00",
    "not_after": "2025-11-28T23:59:59",
    "serial_number": "00861193ad3e4777a944c1769c17948b50",
    "result_count": 1
  },
  {
    "issuer_ca_id": 158800,
    "issuer_name": "C=AT, O=ZeroSSL, CN=ZeroSSL RSA Domain Secure Site CA",
    "name_value": "api.openhouse.ntu.edu.tw",
    "id": 20665604875,
    "entry_timestamp": "2025-08-30T00:01:14.292",
    "not_before": "2025-08-30T00:00:00",
    "not_after": "2025-11-28T23:59:59",
    "serial_number": "00861193ad3e4777a944c1769c17948b50",
    "result_count": 1
  },
  {
    "issuer_ca_id": 158800,
    "issuer_name": "C=AT, O=ZeroSSL, CN=ZeroSSL RSA Domain Secure Site CA",
    "name_value": "backend.openhouse.ntu.edu.tw",
    "id": 20665588704,
    "entry_timestamp": "2025-08-30T00:00:49.962",
    "not_before": "2025-08-30T00:00:00",
    "not_after": "2025-11-28T23:59:59",
    "serial_number": "00f775ae8f62c5fd43d6fd9ace72d4aea1",
    "result_count": 1
  },
  {
    "issuer_ca_id": 158800,
    "issuer_name": "C=AT, O=ZeroSSL, CN=ZeroSSL RSA Domain Secure Site CA",
    "name_value": "backend.openhouse.ntu.edu.tw",
    "id": 20665588918,
    "entry_timestamp": "2025-08-30T00:00:48.992",
    "not_before": "2025-08-30T00:00:00",
    "not_after": "2025-11-28T23:59:59",
    "serial_number": "00f775ae8f62c5fd43d6fd9ace72d4aea1",
    "result_count": 1
  },
  {
    "issuer_ca_id": 158799,
    "issuer_name": "C=AT, O=ZeroSSL, CN=ZeroSSL ECC Domain Secure Site CA",
    "name_value": "djj.ee.ntu.edu.tw",
    "id": 20664615446,
    "entry_timestamp": "2025-08-29T22:42:44.259",
    "not_before": "2025-08-29T00:00:00",
    "not_after": "2025-11-27T23:59:59",
    "serial_number": "0e8e94ec5c8d382170ac5063460fe4ec",
    "result_count": 1
  },
  {
    "issuer_ca_id": 158799,
    "issuer_name": "C=AT, O=ZeroSSL, CN=ZeroSSL ECC Domain Secure Site CA",
    "name_value": "djj.ee.ntu.edu.tw",
    "id": 20664615403,
    "entry_timestamp": "2025-08-29T22:42:43.517",
    "not_before": "2025-08-29T00:00:00",
    "not_after": "2025-11-27T23:59:59",
    "serial_number": "0e8e94ec5c8d382170ac5063460fe4ec",
    "result_count": 1
  },
  {
    "issuer_ca_id": 295817,
    "issuer_name": "C=US, O=Let's Encrypt, CN=R13",
    "name_value": "docs.dzoo.ntu.edu.tw",
    "id": 20660030405,
    "entry_timestamp": "2025-08-29T17:59:58.459",
    "not_before": "2025-08-29T17:01:28",
    "not_after": "2025-11-27T17:01:27",
    "serial_number": "066ffa45336d731692f9bd01d5bd4329ab93",
    "result_count": 1
  },
  {
    "issuer_ca_id": 295817,
    "issuer_name": "C=US, O=Let's Encrypt, CN=R13",
    "name_value": "docs.dzoo.ntu.edu.tw",
    "id": 20660021262,
    "entry_timestamp": "2025-08-29T17:59:58.254",
    "not_before": "2025-08-29T17:01:28",
    "not_after": "2025-11-27T17:01:27",
    "serial_number": "066ffa45336d731692f9bd01d5bd4329ab93",
    "result_count": 1
  },
  {
    "issuer_ca_id": 295813,
    "issuer_name": "C=US, O=Let's Encrypt, CN=E7",
    "name_value": "pc201.ee.ntu.edu.tw",
    "id": 20658933133,
    "entry_timestamp": "2025-08-29T16:46:21.024",
    "not_before": "2025-08-29T15:47:50",
    "not_after": "2025-11-27T15:47:49",
    "serial_number": "0512d08f72d94a811f60fe6400105740fa9b",
    "result_count": 1
  },
  {
    "issuer_ca_id": 295813,
    "issuer_name": "C=US, O=Let's Encrypt, CN=E7",
    "name_value": "pc201.ee.ntu.edu.tw",
    "id": 20658933369,
    "entry_timestamp": "2025-08-29T16:46:20.828",
    "not_before": "2025-08-29T15:47:50",
    "not_after": "2025-11-27T15:47:49",
    "serial_number": "0512d08f72d94a811f60fe6400105740fa9b",
    "result_count": 1
  },
  {
    "issuer_ca_id": 286236,
    "issuer_name": "C=US, O=Google Trust Services, CN=WE1",
    "name_value": "sdl.bse.ntu.edu.tw",
    "id": 20654716971,
    "entry_timestamp": "2025-08-29T12:31:47.485",
    "not_before": "2025-08-29T07:11:56",
    "not_after": "2025-11-27T08:11:43",
    "serial_number": "76b6f15f2a93a10d0e264f9a5277d9de",
    "result_count": 1
  },
  {
    "issuer_ca_id": 158800,
    "issuer_name": "C=AT, O=ZeroSSL, CN=ZeroSSL RSA Domain Secure Site CA",
    "name_value": "chopin.ee.ntu.edu.tw",
    "id": 20653922746,
    "entry_timestamp": "2025-08-29T11:48:27.045",
    "not_before": "2025-08-29T00:00:00",
    "not_after": "2025-11-27T23:59:59",
    "serial_number": "00d55551cffae56eb53673bc800b25c111",
    "result_count": 1
  },
  {
    "issuer_ca_id": 158800,
    "issuer_name": "C=AT, O=ZeroSSL, CN=ZeroSSL RSA Domain Secure Site CA",
    "name_value": "chopin.ee.ntu.edu.tw",
    "id": 20653920431,
    "entry_timestamp": "2025-08-29T11:48:26.471",
    "not_before": "2025-08-29T00:00:00",
    "not_after": "2025-11-27T23:59:59",
    "serial_number": "00d55551cffae56eb53673bc800b25c111",
    "result_count": 1
  },
  {
    "issuer_ca_id": 295817,
    "issuer_name": "C=US, O=Let's Encrypt, CN=R13",
    "name_value": "mail.iam.ntu.edu.tw",
    "id": 20651895927,
    "entry_timestamp": "2025-08-29T09:45:46.293",
    "not_before": "2025-08-29T08:47:15",
    "not_after": "2025-11-27T08:47:14",
    "serial_number": "06e38956fa9c0f673d3d2cf789d54000c795",
    "result_count": 1
  },
  {
    "issuer_ca_id": 295817,
    "issuer_name": "C=US, O=Let's Encrypt, CN=R13",
    "name_value": "mail.iam.ntu.edu.tw",
    "id": 20651895735,
    "entry_timestamp": "2025-08-29T09:45:46.106",
    "not_before": "2025-08-29T08:47:15",
    "not_after": "2025-11-27T08:47:14",
    "serial_number": "06e38956fa9c0f673d3d2cf789d54000c795",
    "result_count": 1
  },
  {
    "issuer_ca_id": 295809,
    "issuer_name": "C=US, O=Let's Encrypt, CN=E8",
    "name_value": "hanshi.cl.ntu.edu.tw",
    "id": 20650582634,
    "entry_timestamp": "2025-08-29T08:28:16.586",
    "not_before": "2025-08-29T07:29:46",
    "not_after": "2025-11-27T07:29:45",
    "serial_number": "068a9231ab6597cf66315d53aa0d9d0b1f92",
    "result_count": 1
  },
  {
    "issuer_ca_id": 295809,
    "issuer_name": "C=US, O=Let's Encrypt, CN=E8",
    "name_value": "hanshi.cl.ntu.edu.tw",
    "id": 20650575751,
    "entry_timestamp": "2025-08-29T08:28:16.374",
    "not_before": "2025-08-29T07:29:46",
    "not_after": "2025-11-27T07:29:45",
    "serial_number": "068a9231ab6597cf66315d53aa0d9d0b1f92",
    "result_count": 1
  },
  {
    "issuer_ca_id": 286236,
    "issuer_name": "C=US, O=Google Trust Services, CN=WE1",
    "name_value": "sdl.bse.ntu.edu.tw",
    "id": 20650288128,
    "entry_timestamp": "2025-08-29T08:11:56.72",
    "not_before": "2025-08-29T07:11:56",
    "not_after": "2025-11-27T08:11:43",
    "serial_number": "76b6f15f2a93a10d0e264f9a5277d9de",
    "result_count": 1
  },
  {
    "issuer_ca_id": 286242,
    "issuer_name": "C=US, O=Google Trust Services, CN=WR1",
    "name_value": "sdl.bse.ntu.edu.tw",
    "id": 20650293634,
    "entry_timestamp": "2025-08-29T08:11:33.153",
    "not_before": "2025-08-29T07:11:32",
    "not_after": "2025-11-26T04:31:22",
    "serial_number": "6ccffa5b56b2ac290e7c0111f4bd4cee",
    "result_count": 1
  },
  {
    "issuer_ca_id": 1642,
    "issuer_name": "C=PL, O=Unizeto Technologies S.A., OU=Certum Certification Authority, CN=Certum Domain Validation CA SHA2",
    "name_value": "itdels.digital.ntu.edu.tw",
    "id": 20649682698,
    "entry_timestamp": "2025-08-29T07:40:53.685",
    "not_before": "2025-08-29T07:40:52",
    "not_after": "2026-08-29T07:40:51",
    "serial_number": "1e81225a926b03f9043fe5efdf57447d",
    "result_count": 1
  },
  {
    "issuer_ca_id": 295813,
    "issuer_name": "C=US, O=Let's Encrypt, CN=E7",
    "name_value": "www.mse.ntu.edu.tw",
    "id": 20643907847,
    "entry_timestamp": "2025-08-29T02:07:34.092",
    "not_before": "2025-08-29T01:09:03",
    "not_after": "2025-11-27T01:09:02",
    "serial_number": "059e5b05acb6679b7e434abfc38682bfd720",
    "result_count": 1
  },
  {
    "issuer_ca_id": 295813,
    "issuer_name": "C=US, O=Let's Encrypt, CN=E7",
    "name_value": "www.mse.ntu.edu.tw",
    "id": 20643895924,
    "entry_timestamp": "2025-08-29T02:07:34.007",
    "not_before": "2025-08-29T01:09:03",
    "not_after": "2025-11-27T01:09:02",
    "serial_number": "059e5b05acb6679b7e434abfc38682bfd720",
    "result_count": 1
  },
  {
    "issuer_ca_id": 158800,
    "issuer_name": "C=AT, O=ZeroSSL, CN=ZeroSSL RSA Domain Secure Site CA",
    "name_value": "www.studyabroadexpo.ntu.edu.tw",
    "id": 20641597721,
    "entry_timestamp": "2025-08-29T00:01:39.77",
    "not_before": "2025-08-29T00:00:00",
    "not_after": "2025-11-27T23:59:59",
    "serial_number": "2b263ae5d1214ca97fe66bf3d3169383",
    "result_count": 1
  },
  {
    "issuer_ca_id": 158800,
    "issuer_name": "C=AT, O=ZeroSSL, CN=ZeroSSL RSA Domain Secure Site CA",
    "name_value": "www.studyabroadexpo.ntu.edu.tw",
    "id": 20641597606,
    "entry_timestamp": "2025-08-29T00:01:39.342",
    "not_before": "2025-08-29T00:00:00",
    "not_after": "2025-11-27T23:59:59",
    "serial_number": "2b263ae5d1214ca97fe66bf3d3169383",
    "result_count": 1
  },
  {
    "issuer_ca_id": 158800,
    "issuer_name": "C=AT, O=ZeroSSL, CN=ZeroSSL RSA Domain Secure Site CA",
    "name_value": "studyabroadexpo.ntu.edu.tw",
    "id": 20641588762,
    "entry_timestamp": "2025-08-29T00:01:06.848",
    "not_before": "2025-08-29T00:00:00",
    "not_after": "2025-11-27T23:59:59",
    "serial_number": "00d552731463fc97a91e23779cf0739e1e",
    "result_count": 1
  },
  {
    "issuer_ca_id": 158800,
    "issuer_name": "C=AT, O=ZeroSSL, CN=ZeroSSL RSA Domain Secure Site CA",
    "name_value": "studyabroadexpo.ntu.edu.tw",
    "id": 20641588217,
    "entry_timestamp": "2025-08-29T00:01:06.344",
    "not_before": "2025-08-29T00:00:00",
    "not_after": "2025-11-27T23:59:59",
    "serial_number": "00d552731463fc97a91e23779cf0739e1e",
    "result_count": 1
  },
  {
    "issuer_ca_id": 295817,
    "issuer_name": "C=US, O=Let's Encrypt, CN=R13",
    "name_value": "www.ce.ntu.edu.tw",
    "id": 20641407993,
    "entry_timestamp": "2025-08-28T23:48:09.241",
    "not_before": "2025-08-28T22:49:38",
    "not_after": "2025-11-26T22:49:37",
    "serial_number": "05bdfd303a17c8f32ce12e000fae8756067a",
    "result_count": 1
  },
  {
    "issuer_ca_id": 295817,
    "issuer_name": "C=US, O=Let's Encrypt, CN=R13",
    "name_value": "www.ce.ntu.edu.tw",
    "id": 20641406957,
    "entry_timestamp": "2025-08-28T23:48:08.996",
    "not_before": "2025-08-28T22:49:38",
    "not_after": "2025-11-26T22:49:37",
    "serial_number": "05bdfd303a17c8f32ce12e000fae8756067a",
    "result_count": 1
  },
  {
    "issuer_ca_id": 295816,
    "issuer_name": "C=US, O=Let's Encrypt, CN=R12",
    "name_value": "www.ce.ntu.edu.tw",
    "id": 20631868796,
    "entry_timestamp": "2025-08-28T14:11:47.74",
    "not_before": "2025-08-28T13:13:13",
    "not_after": "2025-11-26T13:13:12",
    "serial_number": "05b6f05de2c9c5f79e0ebfe0f05477a69804",
    "result_count": 1
  },
  {
    "issuer_ca_id": 295816,
    "issuer_name": "C=US, O=Let's Encrypt, CN=R12",
    "name_value": "www.ce.ntu.edu.tw",
    "id": 20631866419,
    "entry_timestamp": "2025-08-28T14:11:43.628",
    "not_before": "2025-08-28T13:13:13",
    "not_after": "2025-11-26T13:13:12",
    "serial_number": "05b6f05de2c9c5f79e0ebfe0f05477a69804",
    "result_count": 1
  },
  {
    "issuer_ca_id": 279003,
    "issuer_name": "C=TW, O=TAIWAN-CA, CN=TWCA Secure SSL Certification Authority",
    "name_value": "sms.lib.ntu.edu.tw",
    "id": 20624225549,
    "entry_timestamp": "2025-08-28T06:32:12.866",
    "not_before": "2025-08-28T06:32:10",
    "not_after": "2026-09-02T15:59:59",
    "serial_number": "47e9000000086ffb309652b18f901e2d",
    "result_count": 1
  },
  {
    "issuer_ca_id": 279003,
    "issuer_name": "C=TW, O=TAIWAN-CA, CN=TWCA Secure SSL Certification Authority",
    "name_value": "sms.lib.ntu.edu.tw",
    "id": 20624225871,
    "entry_timestamp": "2025-08-28T06:32:11.921",
    "not_before": "2025-08-28T06:32:10",
    "not_after": "2026-09-02T15:59:59",
    "serial_number": "47e9000000086ffb309652b18f901e2d",
    "result_count": 1
  },
  {
    "issuer_ca_id": 295816,
    "issuer_name": "C=US, O=Let's Encrypt, CN=R12",
    "name_value": "wp.lis.ntu.edu.tw",
    "id": 20622492037,
    "entry_timestamp": "2025-08-28T04:46:45.595",
    "not_before": "2025-08-28T03:48:13",
    "not_after": "2025-11-26T03:48:12",
    "serial_number": "05ef1e06281e427ae5ff873d2e7d3a1f1167",
    "result_count": 1
  },
  {
    "issuer_ca_id": 295816,
    "issuer_name": "C=US, O=Let's Encrypt, CN=R12",
    "name_value": "wp.lis.ntu.edu.tw",
    "id": 20622484661,
    "entry_timestamp": "2025-08-28T04:46:43.554",
    "not_before": "2025-08-28T03:48:13",
    "not_after": "2025-11-26T03:48:12",
    "serial_number": "05ef1e06281e427ae5ff873d2e7d3a1f1167",
    "result_count": 1
  },
  {
    "issuer_ca_id": 295813,
    "issuer_name": "C=US, O=Let's Encrypt, CN=E7",
    "name_value": "tswp.wcdr.ntu.edu.tw",
    "id": 20621596442,
    "entry_timestamp": "2025-08-28T03:56:24.884",
    "not_before": "2025-08-28T02:57:54",
    "not_after": "2025-11-26T02:57:53",
    "serial_number": "05b96b2d00aee5d3085ac283b5e624b50b9a",
    "result_count": 1
  },
  {
    "issuer_ca_id": 295813,
    "issuer_name": "C=US, O=Let's Encrypt, CN=E7",
    "name_value": "tswp.wcdr.ntu.edu.tw",
    "id": 20621596440,
    "entry_timestamp": "2025-08-28T03:56:24.64",
    "not_before": "2025-08-28T02:57:54",
    "not_after": "2025-11-26T02:57:53",
    "serial_number": "05b96b2d00aee5d3085ac283b5e624b50b9a",
    "result_count": 1
  },
  {
    "issuer_ca_id": 295817,
    "issuer_name": "C=US, O=Let's Encrypt, CN=R13",
    "name_value": "labspotlight.ntu.edu.tw",
    "id": 20621317917,
    "entry_timestamp": "2025-08-28T03:38:25.766",
    "not_before": "2025-08-28T02:39:55",
    "not_after": "2025-11-26T02:39:54",
    "serial_number": "053b95dea5740fcdf8cd2734189e7ba1d787",
    "result_count": 1
  },
  {
    "issuer_ca_id": 295817,
    "issuer_name": "C=US, O=Let's Encrypt, CN=R13",
    "name_value": "labspotlight.ntu.edu.tw",
    "id": 20621318013,
    "entry_timestamp": "2025-08-28T03:38:25.538",
    "not_before": "2025-08-28T02:39:55",
    "not_after": "2025-11-26T02:39:54",
    "serial_number": "053b95dea5740fcdf8cd2734189e7ba1d787",
    "result_count": 1
  },
  {
    "issuer_ca_id": 295816,
    "issuer_name": "C=US, O=Let's Encrypt, CN=R12",
    "name_value": "app05.odb.ntu.edu.tw",
    "id": 20620514670,
    "entry_timestamp": "2025-08-28T02:51:08.276",
    "not_before": "2025-08-28T01:52:37",
    "not_after": "2025-11-26T01:52:36",
    "serial_number": "06d39a7781dc9a68846c013d7bc711f9caf7",
    "result_count": 1
  },
  {
    "issuer_ca_id": 295816,
    "issuer_name": "C=US, O=Let's Encrypt, CN=R12",
    "name_value": "app05.odb.ntu.edu.tw",
    "id": 20620515407,
    "entry_timestamp": "2025-08-28T02:51:07.528",
    "not_before": "2025-08-28T01:52:37",
    "not_after": "2025-11-26T01:52:36",
    "serial_number": "06d39a7781dc9a68846c013d7bc711f9caf7",
    "result_count": 1
  },
  {
    "issuer_ca_id": 295817,
    "issuer_name": "C=US, O=Let's Encrypt, CN=R13",
    "name_value": "app05.odb.ntu.edu.tw",
    "id": 20620512766,
    "entry_timestamp": "2025-08-28T02:51:03.772",
    "not_before": "2025-08-28T01:52:31",
    "not_after": "2025-11-26T01:52:30",
    "serial_number": "06a70bb9875caeb0980a7365b0600854fd4c",
    "result_count": 1
  },
  {
    "issuer_ca_id": 295817,
    "issuer_name": "C=US, O=Let's Encrypt, CN=R13",
    "name_value": "app05.odb.ntu.edu.tw",
    "id": 20620512317,
    "entry_timestamp": "2025-08-28T02:51:01.537",
    "not_before": "2025-08-28T01:52:31",
    "not_after": "2025-11-26T01:52:30",
    "serial_number": "06a70bb9875caeb0980a7365b0600854fd4c",
    "result_count": 1
  },
  {
    "issuer_ca_id": 295817,
    "issuer_name": "C=US, O=Let's Encrypt, CN=R13",
    "name_value": "hep4.phys.ntu.edu.tw",
    "id": 20619574185,
    "entry_timestamp": "2025-08-28T01:50:50.145",
    "not_before": "2025-08-28T00:52:19",
    "not_after": "2025-11-26T00:52:18",
    "serial_number": "059b48504cb3acbd498bf61ef5a711fb9a40",
    "result_count": 1
  },
  {
    "issuer_ca_id": 295817,
    "issuer_name": "C=US, O=Let's Encrypt, CN=R13",
    "name_value": "hep4.phys.ntu.edu.tw",
    "id": 20619573617,
    "entry_timestamp": "2025-08-28T01:50:50.039",
    "not_before": "2025-08-28T00:52:19",
    "not_after": "2025-11-26T00:52:18",
    "serial_number": "059b48504cb3acbd498bf61ef5a711fb9a40",
    "result_count": 1
  },
  {
    "issuer_ca_id": 158800,
    "issuer_name": "C=AT, O=ZeroSSL, CN=ZeroSSL RSA Domain Secure Site CA",
    "name_value": "api.studyabroadexpo.ntu.edu.tw",
    "id": 20618702983,
    "entry_timestamp": "2025-08-28T01:00:32.407",
    "not_before": "2025-08-28T00:00:00",
    "not_after": "2025-11-26T23:59:59",
    "serial_number": "3b2eb6b2ff6eaccb18979b27f1059c36",
    "result_count": 1
  },
  {
    "issuer_ca_id": 158800,
    "issuer_name": "C=AT, O=ZeroSSL, CN=ZeroSSL RSA Domain Secure Site CA",
    "name_value": "api.studyabroadexpo.ntu.edu.tw",
    "id": 20618703262,
    "entry_timestamp": "2025-08-28T01:00:31.787",
    "not_before": "2025-08-28T00:00:00",
    "not_after": "2025-11-26T23:59:59",
    "serial_number": "3b2eb6b2ff6eaccb18979b27f1059c36",
    "result_count": 1
  },
  {
    "issuer_ca_id": 158800,
    "issuer_name": "C=AT, O=ZeroSSL, CN=ZeroSSL RSA Domain Secure Site CA",
    "name_value": "cdn.studyabroadexpo.ntu.edu.tw",
    "id": 20617578556,
    "entry_timestamp": "2025-08-28T00:02:22.368",
    "not_before": "2025-08-28T00:00:00",
    "not_after": "2025-11-26T23:59:59",
    "serial_number": "00a6e0863621a2716d48d4cc81ede70331",
    "result_count": 1
  },
  {
    "issuer_ca_id": 158800,
    "issuer_name": "C=AT, O=ZeroSSL, CN=ZeroSSL RSA Domain Secure Site CA",
    "name_value": "cdn.studyabroadexpo.ntu.edu.tw",
    "id": 20617578470,
    "entry_timestamp": "2025-08-28T00:02:21.853",
    "not_before": "2025-08-28T00:00:00",
    "not_after": "2025-11-26T23:59:59",
    "serial_number": "00a6e0863621a2716d48d4cc81ede70331",
    "result_count": 1
  },
  {
    "issuer_ca_id": 158800,
    "issuer_name": "C=AT, O=ZeroSSL, CN=ZeroSSL RSA Domain Secure Site CA",
    "name_value": "backend.studyabroadexpo.ntu.edu.tw",
    "id": 20617565837,
    "entry_timestamp": "2025-08-28T00:01:23.438",
    "not_before": "2025-08-28T00:00:00",
    "not_after": "2025-11-26T23:59:59",
    "serial_number": "00838638a5f6b95756aeb4ef0334e45b1d",
    "result_count": 1
  },
  {
    "issuer_ca_id": 158800,
    "issuer_name": "C=AT, O=ZeroSSL, CN=ZeroSSL RSA Domain Secure Site CA",
    "name_value": "backend.studyabroadexpo.ntu.edu.tw",
    "id": 20617564929,
    "entry_timestamp": "2025-08-28T00:01:22.092",
    "not_before": "2025-08-28T00:00:00",
    "not_after": "2025-11-26T23:59:59",
    "serial_number": "00838638a5f6b95756aeb4ef0334e45b1d",
    "result_count": 1
  },
  {
    "issuer_ca_id": 295817,
    "issuer_name": "C=US, O=Let's Encrypt, CN=R13",
    "name_value": "speech.ee.ntu.edu.tw",
    "id": 20617119427,
    "entry_timestamp": "2025-08-27T23:25:24.931",
    "not_before": "2025-08-27T22:26:54",
    "not_after": "2025-11-25T22:26:53",
    "serial_number": "05f28ae1bbb2647292c871aa0f513e8de594",
    "result_count": 1
  },
  {
    "issuer_ca_id": 295817,
    "issuer_name": "C=US, O=Let's Encrypt, CN=R13",
    "name_value": "speech.ee.ntu.edu.tw",
    "id": 20617116886,
    "entry_timestamp": "2025-08-27T23:25:24.793",
    "not_before": "2025-08-27T22:26:54",
    "not_after": "2025-11-25T22:26:53",
    "serial_number": "05f28ae1bbb2647292c871aa0f513e8de594",
    "result_count": 1
  },
  {
    "issuer_ca_id": 295816,
    "issuer_name": "C=US, O=Let's Encrypt, CN=R12",
    "name_value": "studyabroad.ntu.edu.tw",
    "id": 20614832323,
    "entry_timestamp": "2025-08-27T20:50:28.92",
    "not_before": "2025-08-27T19:51:58",
    "not_after": "2025-11-25T19:51:57",
    "serial_number": "051fa67ec7c95cd0386fe4a7fd79757cf0d0",
    "result_count": 1
  },
  {
    "issuer_ca_id": 295816,
    "issuer_name": "C=US, O=Let's Encrypt, CN=R12",
    "name_value": "studyabroad.ntu.edu.tw",
    "id": 20614832491,
    "entry_timestamp": "2025-08-27T20:50:28.611",
    "not_before": "2025-08-27T19:51:58",
    "not_after": "2025-11-25T19:51:57",
    "serial_number": "051fa67ec7c95cd0386fe4a7fd79757cf0d0",
    "result_count": 1
  },
  {
    "issuer_ca_id": 295817,
    "issuer_name": "C=US, O=Let's Encrypt, CN=R13",
    "name_value": "scplus-iot.ipcs.ntu.edu.tw",
    "id": 20605017723,
    "entry_timestamp": "2025-08-27T09:54:57.398",
    "not_before": "2025-08-27T08:56:27",
    "not_after": "2025-11-25T08:56:26",
    "serial_number": "05df38c8ed706555b48b1c0f0155fa881ed7",
    "result_count": 1
  },
  {
    "issuer_ca_id": 295817,
    "issuer_name": "C=US, O=Let's Encrypt, CN=R13",
    "name_value": "scplus-iot.ipcs.ntu.edu.tw",
    "id": 20605023469,
    "entry_timestamp": "2025-08-27T09:54:57.201",
    "not_before": "2025-08-27T08:56:27",
    "not_after": "2025-11-25T08:56:26",
    "serial_number": "05df38c8ed706555b48b1c0f0155fa881ed7",
    "result_count": 1
  },
  {
    "issuer_ca_id": 295817,
    "issuer_name": "C=US, O=Let's Encrypt, CN=R13",
    "name_value": "mail.ccsun53.cc.ntu.edu.tw",
    "id": 20600400942,
    "entry_timestamp": "2025-08-27T04:37:53.951",
    "not_before": "2025-08-27T03:39:23",
    "not_after": "2025-11-25T03:39:22",
    "serial_number": "05fca56aa2f101a62ce4f80bd75d2bf6e0e6",
    "result_count": 1
  },
  {
    "issuer_ca_id": 295817,
    "issuer_name": "C=US, O=Let's Encrypt, CN=R13",
    "name_value": "mail.ccsun53.cc.ntu.edu.tw",
    "id": 20600000384,
    "entry_timestamp": "2025-08-27T04:37:53.722",
    "not_before": "2025-08-27T03:39:23",
    "not_after": "2025-11-25T03:39:22",
    "serial_number": "05fca56aa2f101a62ce4f80bd75d2bf6e0e6",
    "result_count": 1
  },
  {
    "issuer_ca_id": 295813,
    "issuer_name": "C=US, O=Let's Encrypt, CN=E7",
    "name_value": "bernoulli.iam.ntu.edu.tw",
    "id": 20592062302,
    "entry_timestamp": "2025-08-26T17:50:25.939",
    "not_before": "2025-08-26T16:51:55",
    "not_after": "2025-11-24T16:51:54",
    "serial_number": "06777d2ca80b6e5f02fddb3fba4a2f8bd70a",
    "result_count": 1
  },
  {
    "issuer_ca_id": 295813,
    "issuer_name": "C=US, O=Let's Encrypt, CN=E7",
    "name_value": "bernoulli.iam.ntu.edu.tw",
    "id": 20592061345,
    "entry_timestamp": "2025-08-26T17:50:25.623",
    "not_before": "2025-08-26T16:51:55",
    "not_after": "2025-11-24T16:51:54",
    "serial_number": "06777d2ca80b6e5f02fddb3fba4a2f8bd70a",
    "result_count": 1
  },
  {
    "issuer_ca_id": 295816,
    "issuer_name": "C=US, O=Let's Encrypt, CN=R12",
    "name_value": "bernoulli.iam.ntu.edu.tw",
    "id": 20592062074,
    "entry_timestamp": "2025-08-26T17:50:22.807",
    "not_before": "2025-08-26T16:51:52",
    "not_after": "2025-11-24T16:51:51",
    "serial_number": "050c9f2c75f1c407cb7390306372ee80ede8",
    "result_count": 1
  },
  {
    "issuer_ca_id": 295816,
    "issuer_name": "C=US, O=Let's Encrypt, CN=R12",
    "name_value": "bernoulli.iam.ntu.edu.tw",
    "id": 20592062239,
    "entry_timestamp": "2025-08-26T17:50:22.588",
    "not_before": "2025-08-26T16:51:52",
    "not_after": "2025-11-24T16:51:51",
    "serial_number": "050c9f2c75f1c407cb7390306372ee80ede8",
    "result_count": 1
  },
  {
    "issuer_ca_id": 286244,
    "issuer_name": "C=US, O=Google Trust Services, CN=WR3",
    "name_value": "mpb.ntu.edu.tw",
    "id": 20589555439,
    "entry_timestamp": "2025-08-26T14:53:58",
    "not_before": "2025-08-26T13:53:57",
    "not_after": "2025-11-24T14:43:48",
    "serial_number": "00c354f21b63b272f3128cef41f4fce41b",
    "result_count": 1
  },
  {
    "issuer_ca_id": 295817,
    "issuer_name": "C=US, O=Let's Encrypt, CN=R13",
    "name_value": "datajournalism.ntu.edu.tw",
    "id": 20589126979,
    "entry_timestamp": "2025-08-26T14:25:57.321",
    "not_before": "2025-08-26T13:27:26",
    "not_after": "2025-11-24T13:27:25",
    "serial_number": "0679df048e51ea1cb52b35f74d436bf50589",
    "result_count": 1
  },
  {
    "issuer_ca_id": 295817,
    "issuer_name": "C=US, O=Let's Encrypt, CN=R13",
    "name_value": "datajournalism.ntu.edu.tw",
    "id": 20589121725,
    "entry_timestamp": "2025-08-26T14:25:56.982",
    "not_before": "2025-08-26T13:27:26",
    "not_after": "2025-11-24T13:27:25",
    "serial_number": "0679df048e51ea1cb52b35f74d436bf50589",
    "result_count": 1
  },
  {
    "issuer_ca_id": 286244,
    "issuer_name": "C=US, O=Google Trust Services, CN=WR3",
    "name_value": "easse2025.ntu.edu.tw",
    "id": 20586930184,
    "entry_timestamp": "2025-08-26T11:58:32.905",
    "not_before": "2025-08-26T09:51:46",
    "not_after": "2025-11-24T10:39:36",
    "serial_number": "00db79dc24f8f710820983bf16bbca701b",
    "result_count": 1
  },
  {
    "issuer_ca_id": 286244,
    "issuer_name": "C=US, O=Google Trust Services, CN=WR3",
    "name_value": "easse2025.ntu.edu.tw",
    "id": 20585905824,
    "entry_timestamp": "2025-08-26T10:51:47.213",
    "not_before": "2025-08-26T09:51:46",
    "not_after": "2025-11-24T10:39:36",
    "serial_number": "00db79dc24f8f710820983bf16bbca701b",
    "result_count": 1
  },
  {
    "issuer_ca_id": 295813,
    "issuer_name": "C=US, O=Let's Encrypt, CN=E7",
    "name_value": "ycflab.cph.ntu.edu.tw",
    "id": 20584692198,
    "entry_timestamp": "2025-08-26T09:39:15.805",
    "not_before": "2025-08-26T08:40:45",
    "not_after": "2025-11-24T08:40:44",
    "serial_number": "0531d1f1b4f9c8149d4091c76a5d0871682c",
    "result_count": 1
  },
  {
    "issuer_ca_id": 295813,
    "issuer_name": "C=US, O=Let's Encrypt, CN=E7",
    "name_value": "ycflab.cph.ntu.edu.tw",
    "id": 20584691792,
    "entry_timestamp": "2025-08-26T09:39:15.275",
    "not_before": "2025-08-26T08:40:45",
    "not_after": "2025-11-24T08:40:44",
    "serial_number": "0531d1f1b4f9c8149d4091c76a5d0871682c",
    "result_count": 1
  },
  {
    "issuer_ca_id": 295817,
    "issuer_name": "C=US, O=Let's Encrypt, CN=R13",
    "name_value": "ycflab.cph.ntu.edu.tw",
    "id": 20584691566,
    "entry_timestamp": "2025-08-26T09:39:12.782",
    "not_before": "2025-08-26T08:40:40",
    "not_after": "2025-11-24T08:40:39",
    "serial_number": "0584a27a8f3c155e68b9d435484c74d4727b",
    "result_count": 1
  },
  {
    "issuer_ca_id": 295817,
    "issuer_name": "C=US, O=Let's Encrypt, CN=R13",
    "name_value": "ycflab.cph.ntu.edu.tw",
    "id": 20584691157,
    "entry_timestamp": "2025-08-26T09:39:10.761",
    "not_before": "2025-08-26T08:40:40",
    "not_after": "2025-11-24T08:40:39",
    "serial_number": "0584a27a8f3c155e68b9d435484c74d4727b",
    "result_count": 1
  },
  {
    "issuer_ca_id": 204406,
    "issuer_name": "C=GB, O=Sectigo Limited, CN=Sectigo Public Server Authentication CA DV R36",
    "name_value": "www.wcdr.ntu.edu.tw",
    "id": 20582449940,
    "entry_timestamp": "2025-08-26T07:19:42.973",
    "not_before": "2025-08-26T00:00:00",
    "not_after": "2026-08-26T23:59:59",
    "serial_number": "00b706948b469d45d7735a991dec69733d",
    "result_count": 1
  },
  {
    "issuer_ca_id": 204406,
    "issuer_name": "C=GB, O=Sectigo Limited, CN=Sectigo Public Server Authentication CA DV R36",
    "name_value": "www.wcdr.ntu.edu.tw",
    "id": 20582448892,
    "entry_timestamp": "2025-08-26T07:19:41.997",
    "not_before": "2025-08-26T00:00:00",
    "not_after": "2026-08-26T23:59:59",
    "serial_number": "00b706948b469d45d7735a991dec69733d",
    "result_count": 1
  },
  {
    "issuer_ca_id": 295813,
    "issuer_name": "C=US, O=Let's Encrypt, CN=E7",
    "name_value": "taihu.ntu.edu.tw",
    "id": 20582363612,
    "entry_timestamp": "2025-08-26T07:13:31.048",
    "not_before": "2025-08-26T06:15:00",
    "not_after": "2025-11-24T06:14:59",
    "serial_number": "0537d1bcb68d86e799611376b563e4930324",
    "result_count": 1
  },
  {
    "issuer_ca_id": 295813,
    "issuer_name": "C=US, O=Let's Encrypt, CN=E7",
    "name_value": "taihu.ntu.edu.tw",
    "id": 20582363419,
    "entry_timestamp": "2025-08-26T07:13:30.487",
    "not_before": "2025-08-26T06:15:00",
    "not_after": "2025-11-24T06:14:59",
    "serial_number": "0537d1bcb68d86e799611376b563e4930324",
    "result_count": 1
  },
  {
    "issuer_ca_id": 295813,
    "issuer_name": "C=US, O=Let's Encrypt, CN=E7",
    "name_value": "tjn.ntu.edu.tw",
    "id": 20580653643,
    "entry_timestamp": "2025-08-26T05:10:31.736",
    "not_before": "2025-08-26T04:12:01",
    "not_after": "2025-11-24T04:12:00",
    "serial_number": "053878e3bf2ef4c676d2304f6e73fad290c0",
    "result_count": 1
  },
  {
    "issuer_ca_id": 295813,
    "issuer_name": "C=US, O=Let's Encrypt, CN=E7",
    "name_value": "tjn.ntu.edu.tw",
    "id": 20580653332,
    "entry_timestamp": "2025-08-26T05:10:31.543",
    "not_before": "2025-08-26T04:12:01",
    "not_after": "2025-11-24T04:12:00",
    "serial_number": "053878e3bf2ef4c676d2304f6e73fad290c0",
    "result_count": 1
  },
  {
    "issuer_ca_id": 295817,
    "issuer_name": "C=US, O=Let's Encrypt, CN=R13",
    "name_value": "focus.lib.ntu.edu.tw",
    "id": 20576954809,
    "entry_timestamp": "2025-08-26T01:00:24.701",
    "not_before": "2025-08-26T00:01:54",
    "not_after": "2025-11-24T00:01:53",
    "serial_number": "06ae735b983aaea8dbd01d0c9eb8db138bc0",
    "result_count": 1
  },
  {
    "issuer_ca_id": 295817,
    "issuer_name": "C=US, O=Let's Encrypt, CN=R13",
    "name_value": "focus.lib.ntu.edu.tw",
    "id": 20576955051,
    "entry_timestamp": "2025-08-26T01:00:24.352",
    "not_before": "2025-08-26T00:01:54",
    "not_after": "2025-11-24T00:01:53",
    "serial_number": "06ae735b983aaea8dbd01d0c9eb8db138bc0",
    "result_count": 1
  },
  {
    "issuer_ca_id": 295809,
    "issuer_name": "C=US, O=Let's Encrypt, CN=E8",
    "name_value": "web.lis.ntu.edu.tw",
    "id": 20576732745,
    "entry_timestamp": "2025-08-26T00:45:13.898",
    "not_before": "2025-08-25T23:46:41",
    "not_after": "2025-11-23T23:46:40",
    "serial_number": "05477baf7ec0e7b4273c3e7f9bb60efa69f8",
    "result_count": 1
  },
  {
    "issuer_ca_id": 295809,
    "issuer_name": "C=US, O=Let's Encrypt, CN=E8",
    "name_value": "web.lis.ntu.edu.tw",
    "id": 20576733390,
    "entry_timestamp": "2025-08-26T00:45:11.791",
    "not_before": "2025-08-25T23:46:41",
    "not_after": "2025-11-23T23:46:40",
    "serial_number": "05477baf7ec0e7b4273c3e7f9bb60efa69f8",
    "result_count": 1
  },
  {
    "issuer_ca_id": 247115,
    "issuer_name": "C=US, O=Amazon, CN=Amazon RSA 2048 M02",
    "name_value": "nd.ntu.edu.tw",
    "id": 20576498098,
    "entry_timestamp": "2025-08-26T00:28:36.27",
    "not_before": "2025-08-26T00:00:00",
    "not_after": "2026-09-24T23:59:59",
    "serial_number": "01614e9df99da4bdaf24ba510a2bbb51",
    "result_count": 1
  },
  {
    "issuer_ca_id": 295816,
    "issuer_name": "C=US, O=Let's Encrypt, CN=R12",
    "name_value": "mis.cph.ntu.edu.tw",
    "id": 20574825656,
    "entry_timestamp": "2025-08-25T22:29:10.889",
    "not_before": "2025-08-25T21:30:40",
    "not_after": "2025-11-23T21:30:39",
    "serial_number": "06f56aa5bdf2dce26bf0651a5f26254b1f7f",
    "result_count": 1
  },
  {
    "issuer_ca_id": 295816,
    "issuer_name": "C=US, O=Let's Encrypt, CN=R12",
    "name_value": "mis.cph.ntu.edu.tw",
    "id": 20574825765,
    "entry_timestamp": "2025-08-25T22:29:10.585",
    "not_before": "2025-08-25T21:30:40",
    "not_after": "2025-11-23T21:30:39",
    "serial_number": "06f56aa5bdf2dce26bf0651a5f26254b1f7f",
    "result_count": 1
  },
  {
    "issuer_ca_id": 295817,
    "issuer_name": "C=US, O=Let's Encrypt, CN=R13",
    "name_value": "app.oc.ntu.edu.tw",
    "id": 20572554325,
    "entry_timestamp": "2025-08-25T19:40:50.708",
    "not_before": "2025-08-25T18:42:17",
    "not_after": "2025-11-23T18:42:16",
    "serial_number": "0609158a94cd91dd9d88658303699465c7ff",
    "result_count": 1
  },
  {
    "issuer_ca_id": 295817,
    "issuer_name": "C=US, O=Let's Encrypt, CN=R13",
    "name_value": "app.oc.ntu.edu.tw",
    "id": 20572554184,
    "entry_timestamp": "2025-08-25T19:40:48.192",
    "not_before": "2025-08-25T18:42:17",
    "not_after": "2025-11-23T18:42:16",
    "serial_number": "0609158a94cd91dd9d88658303699465c7ff",
    "result_count": 1
  },
  {
    "issuer_ca_id": 295817,
    "issuer_name": "C=US, O=Let's Encrypt, CN=R13",
    "name_value": "venus.phys.ntu.edu.tw",
    "id": 20571956443,
    "entry_timestamp": "2025-08-25T19:00:21.369",
    "not_before": "2025-08-25T18:01:50",
    "not_after": "2025-11-23T18:01:49",
    "serial_number": "050a9ae694446e5ff07ea7b92945cdd75d4c",
    "result_count": 1
  },
  {
    "issuer_ca_id": 295817,
    "issuer_name": "C=US, O=Let's Encrypt, CN=R13",
    "name_value": "venus.phys.ntu.edu.tw",
    "id": 20571956297,
    "entry_timestamp": "2025-08-25T19:00:20.922",
    "not_before": "2025-08-25T18:01:50",
    "not_after": "2025-11-23T18:01:49",
    "serial_number": "050a9ae694446e5ff07ea7b92945cdd75d4c",
    "result_count": 1
  },
  {
    "issuer_ca_id": 295813,
    "issuer_name": "C=US, O=Let's Encrypt, CN=E7",
    "name_value": "cc.cl.ntu.edu.tw",
    "id": 20571585579,
    "entry_timestamp": "2025-08-25T18:35:53.243",
    "not_before": "2025-08-25T17:37:22",
    "not_after": "2025-11-23T17:37:21",
    "serial_number": "06c1c211f1235703c056274e414eefade593",
    "result_count": 1
  },
  {
    "issuer_ca_id": 295813,
    "issuer_name": "C=US, O=Let's Encrypt, CN=E7",
    "name_value": "cc.cl.ntu.edu.tw",
    "id": 20571573686,
    "entry_timestamp": "2025-08-25T18:35:53.007",
    "not_before": "2025-08-25T17:37:22",
    "not_after": "2025-11-23T17:37:21",
    "serial_number": "06c1c211f1235703c056274e414eefade593",
    "result_count": 1
  },
  {
    "issuer_ca_id": 295816,
    "issuer_name": "C=US, O=Let's Encrypt, CN=R12",
    "name_value": "booking.aca.ntu.edu.tw",
    "id": 20570013775,
    "entry_timestamp": "2025-08-25T17:05:48.164",
    "not_before": "2025-08-25T16:07:15",
    "not_after": "2025-11-23T16:07:14",
    "serial_number": "05077fe4b1b275853b91e99a1c61393dc9e2",
    "result_count": 1
  },
  {
    "issuer_ca_id": 295816,
    "issuer_name": "C=US, O=Let's Encrypt, CN=R12",
    "name_value": "booking.aca.ntu.edu.tw",
    "id": 20570010898,
    "entry_timestamp": "2025-08-25T17:05:45.947",
    "not_before": "2025-08-25T16:07:15",
    "not_after": "2025-11-23T16:07:14",
    "serial_number": "05077fe4b1b275853b91e99a1c61393dc9e2",
    "result_count": 1
  },
  {
    "issuer_ca_id": 295817,
    "issuer_name": "C=US, O=Let's Encrypt, CN=R13",
    "name_value": "back.press.ntu.edu.tw",
    "id": 20569667402,
    "entry_timestamp": "2025-08-25T16:45:03.237",
    "not_before": "2025-08-25T15:46:32",
    "not_after": "2025-11-23T15:46:31",
    "serial_number": "061fb10679f872f412f30104c008a536f352",
    "result_count": 1
  },
  {
    "issuer_ca_id": 295817,
    "issuer_name": "C=US, O=Let's Encrypt, CN=R13",
    "name_value": "back.press.ntu.edu.tw",
    "id": 20569658299,
    "entry_timestamp": "2025-08-25T16:45:02.993",
    "not_before": "2025-08-25T15:46:32",
    "not_after": "2025-11-23T15:46:31",
    "serial_number": "061fb10679f872f412f30104c008a536f352",
    "result_count": 1
  },
  {
    "issuer_ca_id": 295813,
    "issuer_name": "C=US, O=Let's Encrypt, CN=E7",
    "name_value": "sslab.csie.ntu.edu.tw",
    "id": 20568934546,
    "entry_timestamp": "2025-08-25T14:15:55.687",
    "not_before": "2025-08-25T13:17:23",
    "not_after": "2025-11-23T13:17:22",
    "serial_number": "06fa5b36f6c91995f4950b86b7b2d733c8a7",
    "result_count": 1
  },
  {
    "issuer_ca_id": 295813,
    "issuer_name": "C=US, O=Let's Encrypt, CN=E7",
    "name_value": "sslab.csie.ntu.edu.tw",
    "id": 20570369836,
    "entry_timestamp": "2025-08-25T14:15:53.254",
    "not_before": "2025-08-25T13:17:23",
    "not_after": "2025-11-23T13:17:22",
    "serial_number": "06fa5b36f6c91995f4950b86b7b2d733c8a7",
    "result_count": 1
  },
  {
    "issuer_ca_id": 295809,
    "issuer_name": "C=US, O=Let's Encrypt, CN=E8",
    "name_value": "bdsrc.ntu.edu.tw",
    "id": 20567268182,
    "entry_timestamp": "2025-08-25T13:13:32.132",
    "not_before": "2025-08-25T12:15:01",
    "not_after": "2025-11-23T12:15:00",
    "serial_number": "0539bd48140a59d69f4eca5e8cb5162dd146",
    "result_count": 1
  },
  {
    "issuer_ca_id": 295809,
    "issuer_name": "C=US, O=Let's Encrypt, CN=E8",
    "name_value": "bdsrc.ntu.edu.tw",
    "id": 20567276093,
    "entry_timestamp": "2025-08-25T13:13:31.898",
    "not_before": "2025-08-25T12:15:01",
    "not_after": "2025-11-23T12:15:00",
    "serial_number": "0539bd48140a59d69f4eca5e8cb5162dd146",
    "result_count": 1
  },
  {
    "issuer_ca_id": 295813,
    "issuer_name": "C=US, O=Let's Encrypt, CN=E7",
    "name_value": "www.econ.ntu.edu.tw",
    "id": 20565676497,
    "entry_timestamp": "2025-08-25T13:13:28.589",
    "not_before": "2025-08-25T12:14:58",
    "not_after": "2025-11-23T12:14:57",
    "serial_number": "0549c252c50b2ec1d7297880d00086dc4849",
    "result_count": 1
  },
  {
    "issuer_ca_id": 295813,
    "issuer_name": "C=US, O=Let's Encrypt, CN=E7",
    "name_value": "www.econ.ntu.edu.tw",
    "id": 20565672807,
    "entry_timestamp": "2025-08-25T13:13:28.48",
    "not_before": "2025-08-25T12:14:58",
    "not_after": "2025-11-23T12:14:57",
    "serial_number": "0549c252c50b2ec1d7297880d00086dc4849",
    "result_count": 1
  },
  {
    "issuer_ca_id": 295809,
    "issuer_name": "C=US, O=Let's Encrypt, CN=E8",
    "name_value": "ibp.bime.ntu.edu.tw",
    "id": 20567806328,
    "entry_timestamp": "2025-08-25T11:05:05.671",
    "not_before": "2025-08-25T10:06:34",
    "not_after": "2025-11-23T10:06:33",
    "serial_number": "0660e5e70929c3ac3cdecc4f4fed543299c6",
    "result_count": 1
  },
  {
    "issuer_ca_id": 295809,
    "issuer_name": "C=US, O=Let's Encrypt, CN=E8",
    "name_value": "ibp.bime.ntu.edu.tw",
    "id": 20567815331,
    "entry_timestamp": "2025-08-25T11:05:04.96",
    "not_before": "2025-08-25T10:06:34",
    "not_after": "2025-11-23T10:06:33",
    "serial_number": "0660e5e70929c3ac3cdecc4f4fed543299c6",
    "result_count": 1
  },
  {
    "issuer_ca_id": 279003,
    "issuer_name": "C=TW, O=TAIWAN-CA, CN=TWCA Secure SSL Certification Authority",
    "name_value": "ld-cat.lib.ntu.edu.tw",
    "id": 20560022266,
    "entry_timestamp": "2025-08-25T07:28:27.11",
    "not_before": "2025-08-25T07:28:25",
    "not_after": "2026-09-16T15:59:59",
    "serial_number": "47e9000000086d913ccdf87c90d92a58",
    "result_count": 1
  },
  {
    "issuer_ca_id": 279003,
    "issuer_name": "C=TW, O=TAIWAN-CA, CN=TWCA Secure SSL Certification Authority",
    "name_value": "ld-cat.lib.ntu.edu.tw",
    "id": 20560022069,
    "entry_timestamp": "2025-08-25T07:28:26.638",
    "not_before": "2025-08-25T07:28:25",
    "not_after": "2026-09-16T15:59:59",
    "serial_number": "47e9000000086d913ccdf87c90d92a58",
    "result_count": 1
  },
  {
    "issuer_ca_id": 279003,
    "issuer_name": "C=TW, O=TAIWAN-CA, CN=TWCA Secure SSL Certification Authority",
    "name_value": "ld.ncl.lib.ntu.edu.tw",
    "id": 20559988657,
    "entry_timestamp": "2025-08-25T07:26:16.766",
    "not_before": "2025-08-25T07:26:15",
    "not_after": "2026-09-14T15:59:59",
    "serial_number": "47e9000000086d90666c0b14d7a9e170",
    "result_count": 1
  },
  {
    "issuer_ca_id": 279003,
    "issuer_name": "C=TW, O=TAIWAN-CA, CN=TWCA Secure SSL Certification Authority",
    "name_value": "ld.ncl.lib.ntu.edu.tw",
    "id": 20559988048,
    "entry_timestamp": "2025-08-25T07:26:16.307",
    "not_before": "2025-08-25T07:26:15",
    "not_after": "2026-09-14T15:59:59",
    "serial_number": "47e9000000086d90666c0b14d7a9e170",
    "result_count": 1
  },
  {
    "issuer_ca_id": 295817,
    "issuer_name": "C=US, O=Let's Encrypt, CN=R13",
    "name_value": "po.oc.ntu.edu.tw",
    "id": 20558778706,
    "entry_timestamp": "2025-08-25T05:56:52.111",
    "not_before": "2025-08-25T04:58:21",
    "not_after": "2025-11-23T04:58:20",
    "serial_number": "05718492e974337dd7e13c047ed9892a28d2",
    "result_count": 1
  },
  {
    "issuer_ca_id": 295817,
    "issuer_name": "C=US, O=Let's Encrypt, CN=R13",
    "name_value": "po.oc.ntu.edu.tw",
    "id": 20558777419,
    "entry_timestamp": "2025-08-25T05:56:51.675",
    "not_before": "2025-08-25T04:58:21",
    "not_after": "2025-11-23T04:58:20",
    "serial_number": "05718492e974337dd7e13c047ed9892a28d2",
    "result_count": 1
  },
  {
    "issuer_ca_id": 295809,
    "issuer_name": "C=US, O=Let's Encrypt, CN=E8",
    "name_value": "www.cl.ntu.edu.tw",
    "id": 20563832943,
    "entry_timestamp": "2025-08-25T05:45:50.757",
    "not_before": "2025-08-25T04:47:20",
    "not_after": "2025-11-23T04:47:19",
    "serial_number": "055698ee5eb8c7b2662d29db9263fe5688cd",
    "result_count": 1
  },
  {
    "issuer_ca_id": 295809,
    "issuer_name": "C=US, O=Let's Encrypt, CN=E8",
    "name_value": "www.cl.ntu.edu.tw",
    "id": 20558640883,
    "entry_timestamp": "2025-08-25T05:45:50.535",
    "not_before": "2025-08-25T04:47:20",
    "not_after": "2025-11-23T04:47:19",
    "serial_number": "055698ee5eb8c7b2662d29db9263fe5688cd",
    "result_count": 1
  },
  {
    "issuer_ca_id": 295817,
    "issuer_name": "C=US, O=Let's Encrypt, CN=R13",
    "name_value": "www.eng.ntu.edu.tw",
    "id": 20554541567,
    "entry_timestamp": "2025-08-25T01:16:10.99",
    "not_before": "2025-08-25T00:17:40",
    "not_after": "2025-11-23T00:17:39",
    "serial_number": "0666a900e710fa3c855fb97efb2d9e2f3e71",
    "result_count": 1
  },
  {
    "issuer_ca_id": 295817,
    "issuer_name": "C=US, O=Let's Encrypt, CN=R13",
    "name_value": "www.eng.ntu.edu.tw",
    "id": 20554533362,
    "entry_timestamp": "2025-08-25T01:16:10.433",
    "not_before": "2025-08-25T00:17:40",
    "not_after": "2025-11-23T00:17:39",
    "serial_number": "0666a900e710fa3c855fb97efb2d9e2f3e71",
    "result_count": 1
  },
  {
    "issuer_ca_id": 295817,
    "issuer_name": "C=US, O=Let's Encrypt, CN=R13",
    "name_value": "tai2.ntu.edu.tw",
    "id": 20554460234,
    "entry_timestamp": "2025-08-25T01:11:26.561",
    "not_before": "2025-08-25T00:12:55",
    "not_after": "2025-11-23T00:12:54",
    "serial_number": "06a584224549b6659a3aece385705067b89a",
    "result_count": 1
  },
  {
    "issuer_ca_id": 295817,
    "issuer_name": "C=US, O=Let's Encrypt, CN=R13",
    "name_value": "tai2.ntu.edu.tw",
    "id": 20554456363,
    "entry_timestamp": "2025-08-25T01:11:26.065",
    "not_before": "2025-08-25T00:12:55",
    "not_after": "2025-11-23T00:12:54",
    "serial_number": "06a584224549b6659a3aece385705067b89a",
    "result_count": 1
  },
  {
    "issuer_ca_id": 295817,
    "issuer_name": "C=US, O=Let's Encrypt, CN=R13",
    "name_value": "elearning.lib.ntu.edu.tw",
    "id": 20554354038,
    "entry_timestamp": "2025-08-25T01:00:27.623",
    "not_before": "2025-08-25T00:01:57",
    "not_after": "2025-11-23T00:01:56",
    "serial_number": "06bfa28b838271026757f01a9711e738c8d4",
    "result_count": 1
  },
  {
    "issuer_ca_id": 295817,
    "issuer_name": "C=US, O=Let's Encrypt, CN=R13",
    "name_value": "elearning.lib.ntu.edu.tw",
    "id": 20554305269,
    "entry_timestamp": "2025-08-25T01:00:27.305",
    "not_before": "2025-08-25T00:01:57",
    "not_after": "2025-11-23T00:01:56",
    "serial_number": "06bfa28b838271026757f01a9711e738c8d4",
    "result_count": 1
  },
  {
    "issuer_ca_id": 295809,
    "issuer_name": "C=US, O=Let's Encrypt, CN=E8",
    "name_value": "nat1.as.ntu.edu.tw",
    "id": 20554142597,
    "entry_timestamp": "2025-08-25T00:49:32.475",
    "not_before": "2025-08-24T23:51:01",
    "not_after": "2025-11-22T23:51:00",
    "serial_number": "06972c45656b28410d3cfc80357373e21366",
    "result_count": 1
  },
  {
    "issuer_ca_id": 295809,
    "issuer_name": "C=US, O=Let's Encrypt, CN=E8",
    "name_value": "nat1.as.ntu.edu.tw",
    "id": 20554137179,
    "entry_timestamp": "2025-08-25T00:49:32.184",
    "not_before": "2025-08-24T23:51:01",
    "not_after": "2025-11-22T23:51:00",
    "serial_number": "06972c45656b28410d3cfc80357373e21366",
    "result_count": 1
  },
  {
    "issuer_ca_id": 295816,
    "issuer_name": "C=US, O=Let's Encrypt, CN=R12",
    "name_value": "gitlab.comm.ntu.edu.tw",
    "id": 20551601218,
    "entry_timestamp": "2025-08-24T21:45:37.266",
    "not_before": "2025-08-24T20:47:06",
    "not_after": "2025-11-22T20:47:05",
    "serial_number": "0639c0d0946d08aa8dcb901f245dcc5182c1",
    "result_count": 1
  },
  {
    "issuer_ca_id": 295816,
    "issuer_name": "C=US, O=Let's Encrypt, CN=R12",
    "name_value": "gitlab.comm.ntu.edu.tw",
    "id": 20551598032,
    "entry_timestamp": "2025-08-24T21:45:36.959",
    "not_before": "2025-08-24T20:47:06",
    "not_after": "2025-11-22T20:47:05",
    "serial_number": "0639c0d0946d08aa8dcb901f245dcc5182c1",
    "result_count": 1
  },
  {
    "issuer_ca_id": 295817,
    "issuer_name": "C=US, O=Let's Encrypt, CN=R13",
    "name_value": "code.comm.ntu.edu.tw",
    "id": 20551574197,
    "entry_timestamp": "2025-08-24T21:45:17.957",
    "not_before": "2025-08-24T20:46:47",
    "not_after": "2025-11-22T20:46:46",
    "serial_number": "06b34d5ffde22cf189b226368249892d6017",
    "result_count": 1
  },
  {
    "issuer_ca_id": 295817,
    "issuer_name": "C=US, O=Let's Encrypt, CN=R13",
    "name_value": "code.comm.ntu.edu.tw",
    "id": 20551563672,
    "entry_timestamp": "2025-08-24T21:45:17.404",
    "not_before": "2025-08-24T20:46:47",
    "not_after": "2025-11-22T20:46:46",
    "serial_number": "06b34d5ffde22cf189b226368249892d6017",
    "result_count": 1
  },
  {
    "issuer_ca_id": 295816,
    "issuer_name": "C=US, O=Let's Encrypt, CN=R12",
    "name_value": "cecf.csbb.ntu.edu.tw",
    "id": 20549510852,
    "entry_timestamp": "2025-08-24T18:52:51.563",
    "not_before": "2025-08-24T17:54:20",
    "not_after": "2025-11-22T17:54:19",
    "serial_number": "0627feab05e9b476f5414b94c0fac12dbe52",
    "result_count": 1
  },
  {
    "issuer_ca_id": 295816,
    "issuer_name": "C=US, O=Let's Encrypt, CN=R12",
    "name_value": "cecf.csbb.ntu.edu.tw",
    "id": 20550189461,
    "entry_timestamp": "2025-08-24T18:52:51.09",
    "not_before": "2025-08-24T17:54:20",
    "not_after": "2025-11-22T17:54:19",
    "serial_number": "0627feab05e9b476f5414b94c0fac12dbe52",
    "result_count": 1
  },
  {
    "issuer_ca_id": 295816,
    "issuer_name": "C=US, O=Let's Encrypt, CN=R12",
    "name_value": "nbsc.cbt.ntu.edu.tw",
    "id": 20540702874,
    "entry_timestamp": "2025-08-24T11:16:39.539",
    "not_before": "2025-08-24T10:18:08",
    "not_after": "2025-11-22T10:18:07",
    "serial_number": "06a3867ef2294807e6760e7029ca32c64fb8",
    "result_count": 1
  },
  {
    "issuer_ca_id": 295816,
    "issuer_name": "C=US, O=Let's Encrypt, CN=R12",
    "name_value": "nbsc.cbt.ntu.edu.tw",
    "id": 20540701937,
    "entry_timestamp": "2025-08-24T11:16:39.198",
    "not_before": "2025-08-24T10:18:08",
    "not_after": "2025-11-22T10:18:07",
    "serial_number": "06a3867ef2294807e6760e7029ca32c64fb8",
    "result_count": 1
  },
  {
    "issuer_ca_id": 295816,
    "issuer_name": "C=US, O=Let's Encrypt, CN=R12",
    "name_value": "cool.ntu.edu.tw",
    "id": 20545109538,
    "entry_timestamp": "2025-08-23T19:31:01.603",
    "not_before": "2025-08-23T18:32:29",
    "not_after": "2025-11-21T18:32:28",
    "serial_number": "056c24cbc9867718dd6fb5161b8149f38046",
    "result_count": 1
  },
  {
    "issuer_ca_id": 295816,
    "issuer_name": "C=US, O=Let's Encrypt, CN=R12",
    "name_value": "cool.ntu.edu.tw",
    "id": 20527297037,
    "entry_timestamp": "2025-08-23T19:30:59.529",
    "not_before": "2025-08-23T18:32:29",
    "not_after": "2025-11-21T18:32:28",
    "serial_number": "056c24cbc9867718dd6fb5161b8149f38046",
    "result_count": 1
  },
  {
    "issuer_ca_id": 295817,
    "issuer_name": "C=US, O=Let's Encrypt, CN=R13",
    "name_value": "internshipabroad.ntu.edu.tw",
    "id": 20526637762,
    "entry_timestamp": "2025-08-23T18:27:20.162",
    "not_before": "2025-08-23T17:28:49",
    "not_after": "2025-11-21T17:28:48",
    "serial_number": "061fdf870be274b8ea59cc0f759ca7ed576b",
    "result_count": 1
  },
  {
    "issuer_ca_id": 295817,
    "issuer_name": "C=US, O=Let's Encrypt, CN=R13",
    "name_value": "internshipabroad.ntu.edu.tw",
    "id": 20526635028,
    "entry_timestamp": "2025-08-23T18:27:19.678",
    "not_before": "2025-08-23T17:28:49",
    "not_after": "2025-11-21T17:28:48",
    "serial_number": "061fdf870be274b8ea59cc0f759ca7ed576b",
    "result_count": 1
  },
  {
    "issuer_ca_id": 295813,
    "issuer_name": "C=US, O=Let's Encrypt, CN=E7",
    "name_value": "nems.ntu.edu.tw",
    "id": 20535580168,
    "entry_timestamp": "2025-08-23T10:22:57.521",
    "not_before": "2025-08-23T09:24:27",
    "not_after": "2025-11-21T09:24:26",
    "serial_number": "053b8324c64dd1e157da9149110474765165",
    "result_count": 1
  },
  {
    "issuer_ca_id": 295813,
    "issuer_name": "C=US, O=Let's Encrypt, CN=E7",
    "name_value": "nems.ntu.edu.tw",
    "id": 20535560322,
    "entry_timestamp": "2025-08-23T10:22:57.11",
    "not_before": "2025-08-23T09:24:27",
    "not_after": "2025-11-21T09:24:26",
    "serial_number": "053b8324c64dd1e157da9149110474765165",
    "result_count": 1
  },
  {
    "issuer_ca_id": 295809,
    "issuer_name": "C=US, O=Let's Encrypt, CN=E8",
    "name_value": "emha.coph.ntu.edu.tw",
    "id": 20541060036,
    "entry_timestamp": "2025-08-23T04:58:31.124",
    "not_before": "2025-08-23T04:00:00",
    "not_after": "2025-11-21T03:59:59",
    "serial_number": "069877f6f1c3111fde51292ee8517058b1fd",
    "result_count": 1
  },
  {
    "issuer_ca_id": 295809,
    "issuer_name": "C=US, O=Let's Encrypt, CN=E8",
    "name_value": "emha.coph.ntu.edu.tw",
    "id": 20517021939,
    "entry_timestamp": "2025-08-23T04:58:30.886",
    "not_before": "2025-08-23T04:00:00",
    "not_after": "2025-11-21T03:59:59",
    "serial_number": "069877f6f1c3111fde51292ee8517058b1fd",
    "result_count": 1
  },
  {
    "issuer_ca_id": 295816,
    "issuer_name": "C=US, O=Let's Encrypt, CN=R12",
    "name_value": "focus.lib.ntu.edu.tw",
    "id": 20537720344,
    "entry_timestamp": "2025-08-23T01:01:24.478",
    "not_before": "2025-08-23T00:02:54",
    "not_after": "2025-11-21T00:02:53",
    "serial_number": "05db8e02d36351392514b2b7d629723d4497",
    "result_count": 1
  },
  {
    "issuer_ca_id": 295816,
    "issuer_name": "C=US, O=Let's Encrypt, CN=R12",
    "name_value": "focus.lib.ntu.edu.tw",
    "id": 20513711192,
    "entry_timestamp": "2025-08-23T01:01:24.359",
    "not_before": "2025-08-23T00:02:54",
    "not_after": "2025-11-21T00:02:53",
    "serial_number": "05db8e02d36351392514b2b7d629723d4497",
    "result_count": 1
  },
  {
    "issuer_ca_id": 295817,
    "issuer_name": "C=US, O=Let's Encrypt, CN=R13",
    "name_value": "focus.lib.ntu.edu.tw",
    "id": 20513730413,
    "entry_timestamp": "2025-08-23T01:01:12.788",
    "not_before": "2025-08-23T00:02:42",
    "not_after": "2025-11-21T00:02:41",
    "serial_number": "0506320109576778a58a0656ef57b3071997",
    "result_count": 1
  },
  {
    "issuer_ca_id": 295817,
    "issuer_name": "C=US, O=Let's Encrypt, CN=R13",
    "name_value": "focus.lib.ntu.edu.tw",
    "id": 20513706893,
    "entry_timestamp": "2025-08-23T01:01:12.48",
    "not_before": "2025-08-23T00:02:42",
    "not_after": "2025-11-21T00:02:41",
    "serial_number": "0506320109576778a58a0656ef57b3071997",
    "result_count": 1
  },
  {
    "issuer_ca_id": 295817,
    "issuer_name": "C=US, O=Let's Encrypt, CN=R13",
    "name_value": "focus.lib.ntu.edu.tw",
    "id": 20515062999,
    "entry_timestamp": "2025-08-23T01:01:06.276",
    "not_before": "2025-08-23T00:02:36",
    "not_after": "2025-11-21T00:02:35",
    "serial_number": "050235de8b96ed902b2a7a78ac13c29dd6eb",
    "result_count": 1
  },
  {
    "issuer_ca_id": 295817,
    "issuer_name": "C=US, O=Let's Encrypt, CN=R13",
    "name_value": "focus.lib.ntu.edu.tw",
    "id": 20513704661,
    "entry_timestamp": "2025-08-23T01:01:06.178",
    "not_before": "2025-08-23T00:02:36",
    "not_after": "2025-11-21T00:02:35",
    "serial_number": "050235de8b96ed902b2a7a78ac13c29dd6eb",
    "result_count": 1
  },
  {
    "issuer_ca_id": 295817,
    "issuer_name": "C=US, O=Let's Encrypt, CN=R13",
    "name_value": "web.lib.ntu.edu.tw",
    "id": 20514413346,
    "entry_timestamp": "2025-08-23T01:00:50.04",
    "not_before": "2025-08-23T00:02:19",
    "not_after": "2025-11-21T00:02:18",
    "serial_number": "0536a1edaf3b4e31e48e6daf8277bb551f3d",
    "result_count": 1
  },
  {
    "issuer_ca_id": 295817,
    "issuer_name": "C=US, O=Let's Encrypt, CN=R13",
    "name_value": "web.lib.ntu.edu.tw",
    "id": 20515238816,
    "entry_timestamp": "2025-08-23T01:00:49.6",
    "not_before": "2025-08-23T00:02:19",
    "not_after": "2025-11-21T00:02:18",
    "serial_number": "0536a1edaf3b4e31e48e6daf8277bb551f3d",
    "result_count": 1
  },
  {
    "issuer_ca_id": 295813,
    "issuer_name": "C=US, O=Let's Encrypt, CN=E7",
    "name_value": "tec.ntu.edu.tw",
    "id": 20514333281,
    "entry_timestamp": "2025-08-23T00:04:39.982",
    "not_before": "2025-08-22T23:06:09",
    "not_after": "2025-11-20T23:06:08",
    "serial_number": "05224534049f8050020c45e23af5d5b146b3",
    "result_count": 1
  },
  {
    "issuer_ca_id": 295813,
    "issuer_name": "C=US, O=Let's Encrypt, CN=E7",
    "name_value": "tec.ntu.edu.tw",
    "id": 20512780265,
    "entry_timestamp": "2025-08-23T00:04:39.801",
    "not_before": "2025-08-22T23:06:09",
    "not_after": "2025-11-20T23:06:08",
    "serial_number": "05224534049f8050020c45e23af5d5b146b3",
    "result_count": 1
  },
  {
    "issuer_ca_id": 279003,
    "issuer_name": "C=TW, O=TAIWAN-CA, CN=TWCA Secure SSL Certification Authority",
    "name_value": "multimedia.lib.ntu.edu.tw",
    "id": 20497770990,
    "entry_timestamp": "2025-08-22T07:23:40.897",
    "not_before": "2025-08-22T07:23:38",
    "not_after": "2026-09-02T15:59:59",
    "serial_number": "47e9000000086bd534780a3be73a4a7a",
    "result_count": 1
  },
  {
    "issuer_ca_id": 279003,
    "issuer_name": "C=TW, O=TAIWAN-CA, CN=TWCA Secure SSL Certification Authority",
    "name_value": "multimedia.lib.ntu.edu.tw",
    "id": 20497771779,
    "entry_timestamp": "2025-08-22T07:23:39.931",
    "not_before": "2025-08-22T07:23:38",
    "not_after": "2026-09-02T15:59:59",
    "serial_number": "47e9000000086bd534780a3be73a4a7a",
    "result_count": 1
  },
  {
    "issuer_ca_id": 279003,
    "issuer_name": "C=TW, O=TAIWAN-CA, CN=TWCA Secure SSL Certification Authority",
    "name_value": "scholars.lib.ntu.edu.tw",
    "id": 20496295113,
    "entry_timestamp": "2025-08-22T05:50:54.407",
    "not_before": "2025-08-22T05:50:53",
    "not_after": "2026-09-13T15:59:59",
    "serial_number": "47e9000000086bb52321caf597274e11",
    "result_count": 1
  },
  {
    "issuer_ca_id": 279003,
    "issuer_name": "C=TW, O=TAIWAN-CA, CN=TWCA Secure SSL Certification Authority",
    "name_value": "scholars.lib.ntu.edu.tw",
    "id": 20496295417,
    "entry_timestamp": "2025-08-22T05:50:54.02",
    "not_before": "2025-08-22T05:50:53",
    "not_after": "2026-09-13T15:59:59",
    "serial_number": "47e9000000086bb52321caf597274e11",
    "result_count": 1
  },
  {
    "issuer_ca_id": 279003,
    "issuer_name": "C=TW, O=TAIWAN-CA, CN=TWCA Secure SSL Certification Authority",
    "name_value": "mse.ntu.edu.tw",
    "id": 20475634094,
    "entry_timestamp": "2025-08-21T07:41:57.937",
    "not_before": "2025-08-21T07:41:56",
    "not_after": "2026-08-21T15:59:59",
    "serial_number": "47e9000000086b216dbafcc69d58dbc7",
    "result_count": 1
  },
  {
    "issuer_ca_id": 279003,
    "issuer_name": "C=TW, O=TAIWAN-CA, CN=TWCA Secure SSL Certification Authority",
    "name_value": "mse.ntu.edu.tw",
    "id": 20475634619,
    "entry_timestamp": "2025-08-21T07:41:57.516",
    "not_before": "2025-08-21T07:41:56",
    "not_after": "2026-08-21T15:59:59",
    "serial_number": "47e9000000086b216dbafcc69d58dbc7",
    "result_count": 1
  },
  {
    "issuer_ca_id": 204406,
    "issuer_name": "C=GB, O=Sectigo Limited, CN=Sectigo Public Server Authentication CA DV R36",
    "name_value": "redcap.mc.ntu.edu.tw",
    "id": 20469628293,
    "entry_timestamp": "2025-08-21T01:10:21.236",
    "not_before": "2025-08-21T00:00:00",
    "not_after": "2026-09-20T23:59:59",
    "serial_number": "30fe6bd12ee06aa5dbeb9b20436dff9b",
    "result_count": 1
  },
  {
    "issuer_ca_id": 204406,
    "issuer_name": "C=GB, O=Sectigo Limited, CN=Sectigo Public Server Authentication CA DV R36",
    "name_value": "redcap.mc.ntu.edu.tw",
    "id": 20469628292,
    "entry_timestamp": "2025-08-21T01:10:20.661",
    "not_before": "2025-08-21T00:00:00",
    "not_after": "2026-09-20T23:59:59",
    "serial_number": "30fe6bd12ee06aa5dbeb9b20436dff9b",
    "result_count": 1
  },
  {
    "issuer_ca_id": 279003,
    "issuer_name": "C=TW, O=TAIWAN-CA, CN=TWCA Secure SSL Certification Authority",
    "name_value": "hcregister.ntu.edu.tw",
    "id": 20341175011,
    "entry_timestamp": "2025-08-15T03:32:01.187",
    "not_before": "2025-08-15T03:31:54",
    "not_after": "2026-09-08T15:59:59",
    "serial_number": "47e90000000866e8753ee2bcc0c494ec",
    "result_count": 1
  },
  {
    "issuer_ca_id": 279003,
    "issuer_name": "C=TW, O=TAIWAN-CA, CN=TWCA Secure SSL Certification Authority",
    "name_value": "hcregister.ntu.edu.tw",
    "id": 20341174591,
    "entry_timestamp": "2025-08-15T03:32:00.256",
    "not_before": "2025-08-15T03:31:54",
    "not_after": "2026-09-08T15:59:59",
    "serial_number": "47e90000000866e8753ee2bcc0c494ec",
    "result_count": 1
  },
  {
    "issuer_ca_id": 279003,
    "issuer_name": "C=TW, O=TAIWAN-CA, CN=TWCA Secure SSL Certification Authority",
    "name_value": "*.exfo.ntu.edu.tw",
    "id": 20295826513,
    "entry_timestamp": "2025-08-12T22:59:10.276",
    "not_before": "2025-08-12T22:59:09",
    "not_after": "2026-09-06T15:59:59",
    "serial_number": "47e90000000865134cf4083fa5caaaa0",
    "result_count": 1
  },
  {
    "issuer_ca_id": 279003,
    "issuer_name": "C=TW, O=TAIWAN-CA, CN=TWCA Secure SSL Certification Authority",
    "name_value": "*.exfo.ntu.edu.tw",
    "id": 20295826224,
    "entry_timestamp": "2025-08-12T22:59:09.944",
    "not_before": "2025-08-12T22:59:09",
    "not_after": "2026-09-06T15:59:59",
    "serial_number": "47e90000000865134cf4083fa5caaaa0",
    "result_count": 1
  },
  {
    "issuer_ca_id": 239799,
    "issuer_name": "C=US, O=\"DigiCert, Inc.\", CN=GeoTrust Global TLS RSA4096 SHA256 2022 CA1",
    "name_value": "erating-ms.lttc.ntu.edu.tw",
    "id": 20264926255,
    "entry_timestamp": "2025-08-11T11:46:55.393",
    "not_before": "2025-08-11T00:00:00",
    "not_after": "2026-02-11T23:59:59",
    "serial_number": "0c7d3c597ebeac4e3930513c79386657",
    "result_count": 1
  },
  {
    "issuer_ca_id": 239799,
    "issuer_name": "C=US, O=\"DigiCert, Inc.\", CN=GeoTrust Global TLS RSA4096 SHA256 2022 CA1",
    "name_value": "erating-ms.lttc.ntu.edu.tw",
    "id": 20261250659,
    "entry_timestamp": "2025-08-11T07:19:02.066",
    "not_before": "2025-08-11T00:00:00",
    "not_after": "2026-02-11T23:59:59",
    "serial_number": "09d94f83a060840e58194f8a1b281a44",
    "result_count": 1
  },
  {
    "issuer_ca_id": 239799,
    "issuer_name": "C=US, O=\"DigiCert, Inc.\", CN=GeoTrust Global TLS RSA4096 SHA256 2022 CA1",
    "name_value": "erating-ms.lttc.ntu.edu.tw",
    "id": 20260397331,
    "entry_timestamp": "2025-08-11T06:25:29.703",
    "not_before": "2025-05-29T00:00:00",
    "not_after": "2025-11-29T23:59:59",
    "serial_number": "021b8253ad53e900c9e01fd7e8aa6ed8",
    "result_count": 1
  },
  {
    "issuer_ca_id": 239799,
    "issuer_name": "C=US, O=\"DigiCert, Inc.\", CN=GeoTrust Global TLS RSA4096 SHA256 2022 CA1",
    "name_value": "erating-ms.lttc.ntu.edu.tw",
    "id": 20260369428,
    "entry_timestamp": "2025-08-11T06:24:00.235",
    "not_before": "2025-08-11T00:00:00",
    "not_after": "2026-02-11T23:59:59",
    "serial_number": "09d94f83a060840e58194f8a1b281a44",
    "result_count": 1
  },
  {
    "issuer_ca_id": 279003,
    "issuer_name": "C=TW, O=TAIWAN-CA, CN=TWCA Secure SSL Certification Authority",
    "name_value": "suggestion.lib.ntu.edu.tw",
    "id": 20150232647,
    "entry_timestamp": "2025-08-06T04:20:52.29",
    "not_before": "2025-08-06T04:20:50",
    "not_after": "2026-08-26T15:59:59",
    "serial_number": "47e90000000860436973ab2847d6faa1",
    "result_count": 1
  },
  {
    "issuer_ca_id": 279003,
    "issuer_name": "C=TW, O=TAIWAN-CA, CN=TWCA Secure SSL Certification Authority",
    "name_value": "suggestion.lib.ntu.edu.tw",
    "id": 20150232282,
    "entry_timestamp": "2025-08-06T04:20:51.824",
    "not_before": "2025-08-06T04:20:50",
    "not_after": "2026-08-26T15:59:59",
    "serial_number": "47e90000000860436973ab2847d6faa1",
    "result_count": 1
  },
  {
    "issuer_ca_id": 279003,
    "issuer_name": "C=TW, O=TAIWAN-CA, CN=TWCA Secure SSL Certification Authority",
    "name_value": "jade.lib.ntu.edu.tw",
    "id": 20150188557,
    "entry_timestamp": "2025-08-06T04:18:16.512",
    "not_before": "2025-08-06T04:18:14",
    "not_after": "2026-08-26T15:59:59",
    "serial_number": "47e900000008604204bb01d82c66820e",
    "result_count": 1
  },
  {
    "issuer_ca_id": 279003,
    "issuer_name": "C=TW, O=TAIWAN-CA, CN=TWCA Secure SSL Certification Authority",
    "name_value": "jade.lib.ntu.edu.tw",
    "id": 20150188889,
    "entry_timestamp": "2025-08-06T04:18:15.951",
    "not_before": "2025-08-06T04:18:14",
    "not_after": "2026-08-26T15:59:59",
    "serial_number": "47e900000008604204bb01d82c66820e",
    "result_count": 1
  },
  {
    "issuer_ca_id": 279003,
    "issuer_name": "C=TW, O=TAIWAN-CA, CN=TWCA Secure SSL Certification Authority",
    "name_value": "dl.lib.ntu.edu.tw",
    "id": 20147884646,
    "entry_timestamp": "2025-08-06T01:49:46.571",
    "not_before": "2025-08-06T01:49:45",
    "not_after": "2026-08-06T15:59:59",
    "serial_number": "47e900000008602a75373da39e2417d8",
    "result_count": 1
  },
  {
    "issuer_ca_id": 279003,
    "issuer_name": "C=TW, O=TAIWAN-CA, CN=TWCA Secure SSL Certification Authority",
    "name_value": "dl.lib.ntu.edu.tw",
    "id": 20147884169,
    "entry_timestamp": "2025-08-06T01:49:46.158",
    "not_before": "2025-08-06T01:49:45",
    "not_after": "2026-08-06T15:59:59",
    "serial_number": "47e900000008602a75373da39e2417d8",
    "result_count": 1
  },
  {
    "issuer_ca_id": 239799,
    "issuer_name": "C=US, O=\"DigiCert, Inc.\", CN=GeoTrust Global TLS RSA4096 SHA256 2022 CA1",
    "name_value": "erating.lttc.ntu.edu.tw",
    "id": 20039689468,
    "entry_timestamp": "2025-08-01T00:04:09.396",
    "not_before": "2025-08-01T00:00:00",
    "not_after": "2026-02-01T23:59:59",
    "serial_number": "0366976ed2ef221b9c0fb123b3952895",
    "result_count": 1
  },
  {
    "issuer_ca_id": 279003,
    "issuer_name": "C=TW, O=TAIWAN-CA, CN=TWCA Secure SSL Certification Authority",
    "name_value": "roomreserv.scc.osa.ntu.edu.tw",
    "id": 20024188569,
    "entry_timestamp": "2025-07-31T06:19:57.54",
    "not_before": "2025-07-31T06:19:56",
    "not_after": "2026-08-01T15:59:59",
    "serial_number": "47e9000000085be457950bd8db5f4b5c",
    "result_count": 1
  },
  {
    "issuer_ca_id": 279003,
    "issuer_name": "C=TW, O=TAIWAN-CA, CN=TWCA Secure SSL Certification Authority",
    "name_value": "roomreserv.scc.osa.ntu.edu.tw",
    "id": 20024187902,
    "entry_timestamp": "2025-07-31T06:19:57.212",
    "not_before": "2025-07-31T06:19:56",
    "not_after": "2026-08-01T15:59:59",
    "serial_number": "47e9000000085be457950bd8db5f4b5c",
    "result_count": 1
  },
  {
    "issuer_ca_id": 247106,
    "issuer_name": "C=US, O=Amazon, CN=Amazon RSA 2048 M03",
    "name_value": "www.nd.ntu.edu.tw",
    "id": 20019423414,
    "entry_timestamp": "2025-07-31T00:31:38.693",
    "not_before": "2025-07-31T00:00:00",
    "not_after": "2026-08-29T23:59:59",
    "serial_number": "03ff07cacb4cf880e416f5d19ebc0adf",
    "result_count": 1
  },
  {
    "issuer_ca_id": 272008,
    "issuer_name": "C=TW, O=TAIWAN-CA, OU=Secure SSL Sub-CA, CN=TWCA Secure SSL Certification Authority",
    "name_value": "if190.aca.ntu.edu.tw",
    "id": 19983164223,
    "entry_timestamp": "2025-07-29T10:00:46.419",
    "not_before": "2025-07-29T10:00:44",
    "not_after": "2026-08-23T15:59:59",
    "serial_number": "47e9000000085a711eaa84654e74cc3c",
    "result_count": 1
  },
  {
    "issuer_ca_id": 272008,
    "issuer_name": "C=TW, O=TAIWAN-CA, OU=Secure SSL Sub-CA, CN=TWCA Secure SSL Certification Authority",
    "name_value": "if190.aca.ntu.edu.tw",
    "id": 19983164528,
    "entry_timestamp": "2025-07-29T10:00:45.933",
    "not_before": "2025-07-29T10:00:44",
    "not_after": "2026-08-23T15:59:59",
    "serial_number": "47e9000000085a711eaa84654e74cc3c",
    "result_count": 1
  },
  {
    "issuer_ca_id": 279003,
    "issuer_name": "C=TW, O=TAIWAN-CA, CN=TWCA Secure SSL Certification Authority",
    "name_value": "mail.aca.ntu.edu.tw",
    "id": 19982895882,
    "entry_timestamp": "2025-07-29T09:44:20.299",
    "not_before": "2025-07-29T09:44:18",
    "not_after": "2026-08-02T15:59:59",
    "serial_number": "47e9000000085a68777b22ffcee6636f",
    "result_count": 1
  },
  {
    "issuer_ca_id": 279003,
    "issuer_name": "C=TW, O=TAIWAN-CA, CN=TWCA Secure SSL Certification Authority",
    "name_value": "mail.aca.ntu.edu.tw",
    "id": 19982894722,
    "entry_timestamp": "2025-07-29T09:44:19.999",
    "not_before": "2025-07-29T09:44:18",
    "not_after": "2026-08-02T15:59:59",
    "serial_number": "47e9000000085a68777b22ffcee6636f",
    "result_count": 1
  },
  {
    "issuer_ca_id": 272008,
    "issuer_name": "C=TW, O=TAIWAN-CA, OU=Secure SSL Sub-CA, CN=TWCA Secure SSL Certification Authority",
    "name_value": "if192.aca.ntu.edu.tw",
    "id": 19982054724,
    "entry_timestamp": "2025-07-29T08:52:39.694",
    "not_before": "2025-07-29T08:52:38",
    "not_after": "2026-07-29T15:59:59",
    "serial_number": "47e9000000085a501b7489ced26b2294",
    "result_count": 1
  },
  {
    "issuer_ca_id": 272008,
    "issuer_name": "C=TW, O=TAIWAN-CA, OU=Secure SSL Sub-CA, CN=TWCA Secure SSL Certification Authority",
    "name_value": "if192.aca.ntu.edu.tw",
    "id": 19982055034,
    "entry_timestamp": "2025-07-29T08:52:39.268",
    "not_before": "2025-07-29T08:52:38",
    "not_after": "2026-07-29T15:59:59",
    "serial_number": "47e9000000085a501b7489ced26b2294",
    "result_count": 1
  },
  {
    "issuer_ca_id": 279003,
    "issuer_name": "C=TW, O=TAIWAN-CA, CN=TWCA Secure SSL Certification Authority",
    "name_value": "tonic.ee.ntu.edu.tw",
    "id": 19957205651,
    "entry_timestamp": "2025-07-28T06:26:34.671",
    "not_before": "2025-07-28T06:26:33",
    "not_after": "2026-07-31T15:59:59",
    "serial_number": "47e900000008595a051a2d2f1c9c1c91",
    "result_count": 1
  },
  {
    "issuer_ca_id": 279003,
    "issuer_name": "C=TW, O=TAIWAN-CA, CN=TWCA Secure SSL Certification Authority",
    "name_value": "tonic.ee.ntu.edu.tw",
    "id": 19957206312,
    "entry_timestamp": "2025-07-28T06:26:34.302",
    "not_before": "2025-07-28T06:26:33",
    "not_after": "2026-07-31T15:59:59",
    "serial_number": "47e900000008595a051a2d2f1c9c1c91",
    "result_count": 1
  },
  {
    "issuer_ca_id": 279003,
    "issuer_name": "C=TW, O=TAIWAN-CA, CN=TWCA Secure SSL Certification Authority",
    "name_value": "glptaipei.ntu.edu.tw",
    "id": 19893864140,
    "entry_timestamp": "2025-07-25T07:17:07.604",
    "not_before": "2025-07-25T07:17:06",
    "not_after": "2026-07-25T15:59:59",
    "serial_number": "47e900000008573f2c58115776bd09ee",
    "result_count": 1
  },
  {
    "issuer_ca_id": 279003,
    "issuer_name": "C=TW, O=TAIWAN-CA, CN=TWCA Secure SSL Certification Authority",
    "name_value": "glptaipei.ntu.edu.tw",
    "id": 19893863797,
    "entry_timestamp": "2025-07-25T07:17:07.236",
    "not_before": "2025-07-25T07:17:06",
    "not_after": "2026-07-25T15:59:59",
    "serial_number": "47e900000008573f2c58115776bd09ee",
    "result_count": 1
  },
  {
    "issuer_ca_id": 158800,
    "issuer_name": "C=AT, O=ZeroSSL, CN=ZeroSSL RSA Domain Secure Site CA",
    "name_value": "act.lib.ntu.edu.tw",
    "id": 19869005219,
    "entry_timestamp": "2025-07-24T03:59:33.727",
    "not_before": "2025-07-24T00:00:00",
    "not_after": "2026-07-24T23:59:59",
    "serial_number": "0ea949a8e126e936c49904108740ee85",
    "result_count": 1
  },
  {
    "issuer_ca_id": 158800,
    "issuer_name": "C=AT, O=ZeroSSL, CN=ZeroSSL RSA Domain Secure Site CA",
    "name_value": "act.lib.ntu.edu.tw",
    "id": 19869005535,
    "entry_timestamp": "2025-07-24T03:59:32.781",
    "not_before": "2025-07-24T00:00:00",
    "not_after": "2026-07-24T23:59:59",
    "serial_number": "0ea949a8e126e936c49904108740ee85",
    "result_count": 1
  },
  {
    "issuer_ca_id": 176209,
    "issuer_name": "C=US, O=DigiCert Inc, CN=GeoTrust EV RSA CA G2",
    "name_value": "www.science.ntu.edu.tw",
    "id": 19765804615,
    "entry_timestamp": "2025-07-19T02:10:28.492",
    "not_before": "2025-07-19T00:00:00",
    "not_after": "2026-07-30T23:59:59",
    "serial_number": "0843b06bf2314d53cc660e3cc89a6b3e",
    "result_count": 1
  },
  {
    "issuer_ca_id": 265752,
    "issuer_name": "C=TW, O=\"Chunghwa Telecom Co., Ltd.\", CN=HiPKI OV TLS CA - G1",
    "name_value": "esh.ntu.edu.tw",
    "id": 19590463003,
    "entry_timestamp": "2025-07-11T09:19:13.098",
    "not_before": "2025-07-11T09:19:11",
    "not_after": "2026-07-15T15:59:59",
    "serial_number": "009ad7f42c83631df46dbf21701e34ce0e",
    "result_count": 1
  },
  {
    "issuer_ca_id": 279003,
    "issuer_name": "C=TW, O=TAIWAN-CA, CN=TWCA Secure SSL Certification Authority",
    "name_value": "mediahive.lib.ntu.edu.tw",
    "id": 19590403874,
    "entry_timestamp": "2025-07-11T09:14:07.015",
    "not_before": "2025-07-11T09:14:05",
    "not_after": "2026-08-03T15:59:59",
    "serial_number": "47e9000000084bd34222a17080314b68",
    "result_count": 1
  },
  {
    "issuer_ca_id": 279003,
    "issuer_name": "C=TW, O=TAIWAN-CA, CN=TWCA Secure SSL Certification Authority",
    "name_value": "mediahive.lib.ntu.edu.tw",
    "id": 19590404192,
    "entry_timestamp": "2025-07-11T09:14:06.703",
    "not_before": "2025-07-11T09:14:05",
    "not_after": "2026-08-03T15:59:59",
    "serial_number": "47e9000000084bd34222a17080314b68",
    "result_count": 1
  },
  {
    "issuer_ca_id": 176209,
    "issuer_name": "C=US, O=DigiCert Inc, CN=GeoTrust EV RSA CA G2",
    "name_value": "www.science.ntu.edu.tw",
    "id": 19582057356,
    "entry_timestamp": "2025-07-11T00:26:16.431",
    "not_before": "2025-07-11T00:00:00",
    "not_after": "2026-07-30T23:59:59",
    "serial_number": "028734c56ec9c2b9dcda973e18971873",
    "result_count": 1
  },
  {
    "issuer_ca_id": 279003,
    "issuer_name": "C=TW, O=TAIWAN-CA, CN=TWCA Secure SSL Certification Authority",
    "name_value": "submit.tdr.lib.ntu.edu.tw",
    "id": 19434493559,
    "entry_timestamp": "2025-07-04T02:48:06.436",
    "not_before": "2025-07-04T02:48:05",
    "not_after": "2026-07-25T15:59:59",
    "serial_number": "47e90000000845df4d2d82f6e6446682",
    "result_count": 1
  },
  {
    "issuer_ca_id": 279003,
    "issuer_name": "C=TW, O=TAIWAN-CA, CN=TWCA Secure SSL Certification Authority",
    "name_value": "submit.tdr.lib.ntu.edu.tw",
    "id": 19434493558,
    "entry_timestamp": "2025-07-04T02:48:06.146",
    "not_before": "2025-07-04T02:48:05",
    "not_after": "2026-07-25T15:59:59",
    "serial_number": "47e90000000845df4d2d82f6e6446682",
    "result_count": 1
  },
  {
    "issuer_ca_id": 272217,
    "issuer_name": "C=TW, O=TAIWAN-CA, OU=SSL Sub-CA, CN=TWCA SSL Certification Authority",
    "name_value": "roomreserv.scc.osa.ntu.edu.tw",
    "id": 19392652185,
    "entry_timestamp": "2025-07-02T09:11:39.64",
    "not_before": "2025-07-02T09:11:38",
    "not_after": "2026-08-01T15:59:59",
    "serial_number": "47e900000008442916bade7402a4eb5a",
    "result_count": 1
  },
  {
    "issuer_ca_id": 272217,
    "issuer_name": "C=TW, O=TAIWAN-CA, OU=SSL Sub-CA, CN=TWCA SSL Certification Authority",
    "name_value": "roomreserv.scc.osa.ntu.edu.tw",
    "id": 19392651609,
    "entry_timestamp": "2025-07-02T09:11:39.17",
    "not_before": "2025-07-02T09:11:38",
    "not_after": "2026-08-01T15:59:59",
    "serial_number": "47e900000008442916bade7402a4eb5a",
    "result_count": 1
  },
  {
    "issuer_ca_id": 265752,
    "issuer_name": "C=TW, O=\"Chunghwa Telecom Co., Ltd.\", CN=HiPKI OV TLS CA - G1",
    "name_value": "www.hy.ntu.edu.tw",
    "id": 19389268404,
    "entry_timestamp": "2025-07-02T05:40:49.957",
    "not_before": "2025-07-02T05:40:47",
    "not_after": "2026-07-15T15:59:59",
    "serial_number": "3e8c47c2d5b01f08c94e13ae94ae0069",
    "result_count": 1
  },
  {
    "issuer_ca_id": 105493,
    "issuer_name": "C=GB, ST=Greater Manchester, L=Salford, O=Sectigo Limited, CN=Sectigo RSA Domain Validation Secure Server CA",
    "name_value": "*.math.ntu.edu.tw",
    "id": 19389249260,
    "entry_timestamp": "2025-07-02T05:39:42.426",
    "not_before": "2025-07-02T00:00:00",
    "not_after": "2026-08-02T23:59:59",
    "serial_number": "009c6075c129ce6a3bf7daa3955ff08ecb",
    "result_count": 1
  },
  {
    "issuer_ca_id": 105493,
    "issuer_name": "C=GB, ST=Greater Manchester, L=Salford, O=Sectigo Limited, CN=Sectigo RSA Domain Validation Secure Server CA",
    "name_value": "*.math.ntu.edu.tw",
    "id": 19389249192,
    "entry_timestamp": "2025-07-02T05:39:40.358",
    "not_before": "2025-07-02T00:00:00",
    "not_after": "2026-08-02T23:59:59",
    "serial_number": "009c6075c129ce6a3bf7daa3955ff08ecb",
    "result_count": 1
  },
  {
    "issuer_ca_id": 265752,
    "issuer_name": "C=TW, O=\"Chunghwa Telecom Co., Ltd.\", CN=HiPKI OV TLS CA - G1",
    "name_value": "cc.vh.ntu.edu.tw",
    "id": 19367112034,
    "entry_timestamp": "2025-07-01T06:43:55.631",
    "not_before": "2025-07-01T06:43:53",
    "not_after": "2026-07-15T15:59:59",
    "serial_number": "58845e1127b5a3528b2bcb5fcd980ef7",
    "result_count": 1
  },
  {
    "issuer_ca_id": 279003,
    "issuer_name": "C=TW, O=TAIWAN-CA, CN=TWCA Secure SSL Certification Authority",
    "name_value": "dev3.lib.ntu.edu.tw",
    "id": 19346101910,
    "entry_timestamp": "2025-06-30T07:48:12.964",
    "not_before": "2025-06-30T07:48:11",
    "not_after": "2026-07-22T15:59:59",
    "serial_number": "47e90000000841fd343e334aff19be9d",
    "result_count": 1
  },
  {
    "issuer_ca_id": 279003,
    "issuer_name": "C=TW, O=TAIWAN-CA, CN=TWCA Secure SSL Certification Authority",
    "name_value": "dev3.lib.ntu.edu.tw",
    "id": 19346101664,
    "entry_timestamp": "2025-06-30T07:48:11.94",
    "not_before": "2025-06-30T07:48:11",
    "not_after": "2026-07-22T15:59:59",
    "serial_number": "47e90000000841fd343e334aff19be9d",
    "result_count": 1
  },
  {
    "issuer_ca_id": 279003,
    "issuer_name": "C=TW, O=TAIWAN-CA, CN=TWCA Secure SSL Certification Authority",
    "name_value": "www.as.ntu.edu.tw",
    "id": 19285000833,
    "entry_timestamp": "2025-06-27T09:35:29.611",
    "not_before": "2025-06-27T09:35:28",
    "not_after": "2026-07-26T15:59:59",
    "serial_number": "47e9000000083fc02b73c793024545be",
    "result_count": 1
  },
  {
    "issuer_ca_id": 279003,
    "issuer_name": "C=TW, O=TAIWAN-CA, CN=TWCA Secure SSL Certification Authority",
    "name_value": "www.as.ntu.edu.tw",
    "id": 19284999028,
    "entry_timestamp": "2025-06-27T09:35:29.295",
    "not_before": "2025-06-27T09:35:28",
    "not_after": "2026-07-26T15:59:59",
    "serial_number": "47e9000000083fc02b73c793024545be",
    "result_count": 1
  },
  {
    "issuer_ca_id": 158800,
    "issuer_name": "C=AT, O=ZeroSSL, CN=ZeroSSL RSA Domain Secure Site CA",
    "name_value": "metacat.ntu.edu.tw",
    "id": 19282637999,
    "entry_timestamp": "2025-06-27T06:53:10.867",
    "not_before": "2025-06-27T00:00:00",
    "not_after": "2026-06-27T23:59:59",
    "serial_number": "0cd18d9b58fb9113e0763630bc784f9c",
    "result_count": 1
  },
  {
    "issuer_ca_id": 158800,
    "issuer_name": "C=AT, O=ZeroSSL, CN=ZeroSSL RSA Domain Secure Site CA",
    "name_value": "metacat.ntu.edu.tw",
    "id": 19282637998,
    "entry_timestamp": "2025-06-27T06:53:08.9",
    "not_before": "2025-06-27T00:00:00",
    "not_after": "2026-06-27T23:59:59",
    "serial_number": "0cd18d9b58fb9113e0763630bc784f9c",
    "result_count": 1
  },
  {
    "issuer_ca_id": 265752,
    "issuer_name": "C=TW, O=\"Chunghwa Telecom Co., Ltd.\", CN=HiPKI OV TLS CA - G1",
    "name_value": "hyinfo.bse.ntu.edu.tw",
    "id": 19280148074,
    "entry_timestamp": "2025-06-27T04:08:03.043",
    "not_before": "2025-06-27T04:08:00",
    "not_after": "2026-06-27T04:08:00",
    "serial_number": "00bfee6852207a081f3a450073ac75e06e",
    "result_count": 1
  },
  {
    "issuer_ca_id": 279003,
    "issuer_name": "C=TW, O=TAIWAN-CA, CN=TWCA Secure SSL Certification Authority",
    "name_value": "*.testing.dlc.ntu.edu.tw",
    "id": 19275663077,
    "entry_timestamp": "2025-06-26T22:57:56.122",
    "not_before": "2025-06-26T22:57:54",
    "not_after": "2026-07-27T15:59:59",
    "serial_number": "47e9000000083f3c778afa89df4574e1",
    "result_count": 1
  },
  {
    "issuer_ca_id": 279003,
    "issuer_name": "C=TW, O=TAIWAN-CA, CN=TWCA Secure SSL Certification Authority",
    "name_value": "*.testing.dlc.ntu.edu.tw",
    "id": 19275663023,
    "entry_timestamp": "2025-06-26T22:57:55.688",
    "not_before": "2025-06-26T22:57:54",
    "not_after": "2026-07-27T15:59:59",
    "serial_number": "47e9000000083f3c778afa89df4574e1",
    "result_count": 1
  },
  {
    "issuer_ca_id": 265752,
    "issuer_name": "C=TW, O=\"Chunghwa Telecom Co., Ltd.\", CN=HiPKI OV TLS CA - G1",
    "name_value": "buddhism.lib.ntu.edu.tw",
    "id": 19238406171,
    "entry_timestamp": "2025-06-25T04:39:28.087",
    "not_before": "2025-06-25T04:39:25",
    "not_after": "2026-07-15T15:59:59",
    "serial_number": "00914c541af3a23220409cec31be04d7bb",
    "result_count": 1
  },
  {
    "issuer_ca_id": 265752,
    "issuer_name": "C=TW, O=\"Chunghwa Telecom Co., Ltd.\", CN=HiPKI OV TLS CA - G1",
    "name_value": "acc.mc.ntu.edu.tw",
    "id": 19218097955,
    "entry_timestamp": "2025-06-24T05:05:23.597",
    "not_before": "2025-06-24T05:05:21",
    "not_after": "2026-07-15T15:59:59",
    "serial_number": "00a5a57474443e982d138a45a14c44f39b",
    "result_count": 1
  },
  {
    "issuer_ca_id": 265752,
    "issuer_name": "C=TW, O=\"Chunghwa Telecom Co., Ltd.\", CN=HiPKI OV TLS CA - G1",
    "name_value": "property.mc.ntu.edu.tw",
    "id": 19218038722,
    "entry_timestamp": "2025-06-24T05:00:30.133",
    "not_before": "2025-06-24T05:00:28",
    "not_after": "2026-07-15T15:59:59",
    "serial_number": "00c54097ca3777b12ee54748d69e7c6887",
    "result_count": 1
  },
  {
    "issuer_ca_id": 265752,
    "issuer_name": "C=TW, O=\"Chunghwa Telecom Co., Ltd.\", CN=HiPKI OV TLS CA - G1",
    "name_value": "maintenance.mc.ntu.edu.tw",
    "id": 19199859283,
    "entry_timestamp": "2025-06-23T10:00:03.848",
    "not_before": "2025-06-23T10:00:01",
    "not_after": "2026-07-15T15:59:59",
    "serial_number": "00a6a607e3c25947e0a719790e8d5febb6",
    "result_count": 1
  },
  {
    "issuer_ca_id": 279003,
    "issuer_name": "C=TW, O=TAIWAN-CA, CN=TWCA Secure SSL Certification Authority",
    "name_value": "*.dlc.ntu.edu.tw",
    "id": 19196423120,
    "entry_timestamp": "2025-06-23T07:21:33.421",
    "not_before": "2025-06-23T07:21:32",
    "not_after": "2026-07-12T15:59:59",
    "serial_number": "47e9000000083bb014540396bd22e3f8",
    "result_count": 1
  },
  {
    "issuer_ca_id": 279003,
    "issuer_name": "C=TW, O=TAIWAN-CA, CN=TWCA Secure SSL Certification Authority",
    "name_value": "*.dlc.ntu.edu.tw",
    "id": 19196423119,
    "entry_timestamp": "2025-06-23T07:21:33.076",
    "not_before": "2025-06-23T07:21:32",
    "not_after": "2026-07-12T15:59:59",
    "serial_number": "47e9000000083bb014540396bd22e3f8",
    "result_count": 1
  },
  {
    "issuer_ca_id": 279003,
    "issuer_name": "C=TW, O=TAIWAN-CA, CN=TWCA Secure SSL Certification Authority",
    "name_value": "exam.aca.ntu.edu.tw",
    "id": 19176155254,
    "entry_timestamp": "2025-06-22T09:51:57.243",
    "not_before": "2024-12-13T08:04:59",
    "not_after": "2025-12-16T15:59:59",
    "serial_number": "47e8000000079fd963c5a2c6f33f9772",
    "result_count": 1
  },
  {
    "issuer_ca_id": 904,
    "issuer_name": "C=US, ST=Arizona, L=Scottsdale, O=\"GoDaddy.com, Inc.\", OU=http://certs.godaddy.com/repository/, CN=Go Daddy Secure Certificate Authority - G2",
    "name_value": "www.gitl.ntu.edu.tw",
    "id": 19151704186,
    "entry_timestamp": "2025-06-21T07:34:08.777",
    "not_before": "2025-06-21T07:34:07",
    "not_after": "2026-07-08T05:47:29",
    "serial_number": "00b533db326b438ebc",
    "result_count": 1
  },
  {
    "issuer_ca_id": 904,
    "issuer_name": "C=US, ST=Arizona, L=Scottsdale, O=\"GoDaddy.com, Inc.\", OU=http://certs.godaddy.com/repository/, CN=Go Daddy Secure Certificate Authority - G2",
    "name_value": "gim.ntu.edu.tw",
    "id": 19134203261,
    "entry_timestamp": "2025-06-20T09:31:36.123",
    "not_before": "2025-06-20T09:31:35",
    "not_after": "2026-07-22T09:31:35",
    "serial_number": "3e1de715eee84f3b",
    "result_count": 1
  },
  {
    "issuer_ca_id": 279003,
    "issuer_name": "C=TW, O=TAIWAN-CA, CN=TWCA Secure SSL Certification Authority",
    "name_value": "www.bioagri.ntu.edu.tw",
    "id": 19113289666,
    "entry_timestamp": "2025-06-19T09:09:42.617",
    "not_before": "2025-06-19T09:09:36",
    "not_after": "2026-06-19T15:59:59",
    "serial_number": "47e900000008381f3b8664cc9033b4b0",
    "result_count": 1
  },
  {
    "issuer_ca_id": 279003,
    "issuer_name": "C=TW, O=TAIWAN-CA, CN=TWCA Secure SSL Certification Authority",
    "name_value": "www.bioagri.ntu.edu.tw",
    "id": 19113289758,
    "entry_timestamp": "2025-06-19T09:09:42.281",
    "not_before": "2025-06-19T09:09:36",
    "not_after": "2026-06-19T15:59:59",
    "serial_number": "47e900000008381f3b8664cc9033b4b0",
    "result_count": 1
  },
  {
    "issuer_ca_id": 204406,
    "issuer_name": "C=GB, O=Sectigo Limited, CN=Sectigo Public Server Authentication CA DV R36",
    "name_value": "pglab.ntu.edu.tw",
    "id": 19110720760,
    "entry_timestamp": "2025-06-19T05:53:47.727",
    "not_before": "2025-06-19T00:00:00",
    "not_after": "2026-06-19T23:59:59",
    "serial_number": "24d8edc322477b484284ab880442faaf",
    "result_count": 1
  },
  {
    "issuer_ca_id": 204406,
    "issuer_name": "C=GB, O=Sectigo Limited, CN=Sectigo Public Server Authentication CA DV R36",
    "name_value": "pglab.ntu.edu.tw",
    "id": 19110720758,
    "entry_timestamp": "2025-06-19T05:53:47.044",
    "not_before": "2025-06-19T00:00:00",
    "not_after": "2026-06-19T23:59:59",
    "serial_number": "24d8edc322477b484284ab880442faaf",
    "result_count": 1
  },
  {
    "issuer_ca_id": 279003,
    "issuer_name": "C=TW, O=TAIWAN-CA, CN=TWCA Secure SSL Certification Authority",
    "name_value": "apigate.lib.ntu.edu.tw",
    "id": 19049509618,
    "entry_timestamp": "2025-06-16T07:19:11.044",
    "not_before": "2025-06-16T07:19:09",
    "not_after": "2026-07-09T15:59:59",
    "serial_number": "47e900000008343c67309620e547e0ce",
    "result_count": 1
  },
  {
    "issuer_ca_id": 279003,
    "issuer_name": "C=TW, O=TAIWAN-CA, CN=TWCA Secure SSL Certification Authority",
    "name_value": "apigate.lib.ntu.edu.tw",
    "id": 19049503870,
    "entry_timestamp": "2025-06-16T07:19:10.636",
    "not_before": "2025-06-16T07:19:09",
    "not_after": "2026-07-09T15:59:59",
    "serial_number": "47e900000008343c67309620e547e0ce",
    "result_count": 1
  },
  {
    "issuer_ca_id": 279003,
    "issuer_name": "C=TW, O=TAIWAN-CA, CN=TWCA Secure SSL Certification Authority",
    "name_value": "*.cloud.ntu.edu.tw",
    "id": 19046102765,
    "entry_timestamp": "2025-06-16T02:37:57.642",
    "not_before": "2025-06-16T02:37:55",
    "not_after": "2026-07-11T15:59:59",
    "serial_number": "47e90000000833fb5ea2fea40d1def5c",
    "result_count": 1
  },
  {
    "issuer_ca_id": 279003,
    "issuer_name": "C=TW, O=TAIWAN-CA, CN=TWCA Secure SSL Certification Authority",
    "name_value": "*.cloud.ntu.edu.tw",
    "id": 19046089328,
    "entry_timestamp": "2025-06-16T02:37:56.702",
    "not_before": "2025-06-16T02:37:55",
    "not_after": "2026-07-11T15:59:59",
    "serial_number": "47e90000000833fb5ea2fea40d1def5c",
    "result_count": 1
  },
  {
    "issuer_ca_id": 279003,
    "issuer_name": "C=TW, O=TAIWAN-CA, CN=TWCA Secure SSL Certification Authority",
    "name_value": "www.ntuspecs.ntu.edu.tw",
    "id": 18909156781,
    "entry_timestamp": "2025-06-09T09:26:48.567",
    "not_before": "2025-06-09T09:26:47",
    "not_after": "2026-07-07T15:59:59",
    "serial_number": "47e9000000082d5a047dd2ffda6b853d",
    "result_count": 1
  },
  {
    "issuer_ca_id": 279003,
    "issuer_name": "C=TW, O=TAIWAN-CA, CN=TWCA Secure SSL Certification Authority",
    "name_value": "www.ntuspecs.ntu.edu.tw",
    "id": 18909156780,
    "entry_timestamp": "2025-06-09T09:26:48.123",
    "not_before": "2025-06-09T09:26:47",
    "not_after": "2026-07-07T15:59:59",
    "serial_number": "47e9000000082d5a047dd2ffda6b853d",
    "result_count": 1
  },
  {
    "issuer_ca_id": 279003,
    "issuer_name": "C=TW, O=TAIWAN-CA, CN=TWCA Secure SSL Certification Authority",
    "name_value": "*.ntu.edu.tw",
    "id": 18901373550,
    "entry_timestamp": "2025-06-09T01:31:22.886",
    "not_before": "2025-06-09T01:31:21",
    "not_after": "2026-07-06T15:59:59",
    "serial_number": "47e9000000082cd7265ec7a1c881486c",
    "result_count": 1
  },
  {
    "issuer_ca_id": 279003,
    "issuer_name": "C=TW, O=TAIWAN-CA, CN=TWCA Secure SSL Certification Authority",
    "name_value": "*.ntu.edu.tw",
    "id": 18901373549,
    "entry_timestamp": "2025-06-09T01:31:21.932",
    "not_before": "2025-06-09T01:31:21",
    "not_after": "2026-07-06T15:59:59",
    "serial_number": "47e9000000082cd7265ec7a1c881486c",
    "result_count": 1
  },
  {
    "issuer_ca_id": 265752,
    "issuer_name": "C=TW, O=\"Chunghwa Telecom Co., Ltd.\", CN=HiPKI OV TLS CA - G1",
    "name_value": "www.ntugip-triad.ntu.edu.tw",
    "id": 18844957458,
    "entry_timestamp": "2025-06-06T07:55:53.022",
    "not_before": "2025-06-06T07:55:50",
    "not_after": "2026-06-06T07:55:50",
    "serial_number": "62dcb38328df7c4ca0176da5bdde32e7",
    "result_count": 1
  },
  {
    "issuer_ca_id": 279003,
    "issuer_name": "C=TW, O=TAIWAN-CA, CN=TWCA Secure SSL Certification Authority",
    "name_value": "sso.lib.ntu.edu.tw",
    "id": 18783001098,
    "entry_timestamp": "2025-06-03T06:18:48.957",
    "not_before": "2025-06-03T06:18:47",
    "not_after": "2026-06-20T15:59:59",
    "serial_number": "47e90000000826fb4b2c2958bb91ce72",
    "result_count": 1
  },
  {
    "issuer_ca_id": 279003,
    "issuer_name": "C=TW, O=TAIWAN-CA, CN=TWCA Secure SSL Certification Authority",
    "name_value": "sso.lib.ntu.edu.tw",
    "id": 18783000186,
    "entry_timestamp": "2025-06-03T06:18:48.558",
    "not_before": "2025-06-03T06:18:47",
    "not_after": "2026-06-20T15:59:59",
    "serial_number": "47e90000000826fb4b2c2958bb91ce72",
    "result_count": 1
  },
  {
    "issuer_ca_id": 239799,
    "issuer_name": "C=US, O=\"DigiCert, Inc.\", CN=GeoTrust Global TLS RSA4096 SHA256 2022 CA1",
    "name_value": "erating-ms.lttc.ntu.edu.tw",
    "id": 18696580709,
    "entry_timestamp": "2025-05-29T19:03:12.414",
    "not_before": "2025-05-29T00:00:00",
    "not_after": "2025-11-29T23:59:59",
    "serial_number": "021b8253ad53e900c9e01fd7e8aa6ed8",
    "result_count": 1
  },
  {
    "issuer_ca_id": 105493,
    "issuer_name": "C=GB, ST=Greater Manchester, L=Salford, O=Sectigo Limited, CN=Sectigo RSA Domain Validation Secure Server CA",
    "name_value": "*.fltc.ntu.edu.tw",
    "id": 18684258381,
    "entry_timestamp": "2025-05-29T03:34:41.96",
    "not_before": "2025-05-29T00:00:00",
    "not_after": "2026-06-06T23:59:59",
    "serial_number": "51688b8a09d536b7b3d755fc806f9bbf",
    "result_count": 1
  },
  {
    "issuer_ca_id": 105493,
    "issuer_name": "C=GB, ST=Greater Manchester, L=Salford, O=Sectigo Limited, CN=Sectigo RSA Domain Validation Secure Server CA",
    "name_value": "*.fltc.ntu.edu.tw",
    "id": 18684258563,
    "entry_timestamp": "2025-05-29T03:34:41.086",
    "not_before": "2025-05-29T00:00:00",
    "not_after": "2026-06-06T23:59:59",
    "serial_number": "51688b8a09d536b7b3d755fc806f9bbf",
    "result_count": 1
  },
  {
    "issuer_ca_id": 279003,
    "issuer_name": "C=TW, O=TAIWAN-CA, CN=TWCA Secure SSL Certification Authority",
    "name_value": "vdi.ntu.edu.tw",
    "id": 18682310265,
    "entry_timestamp": "2025-05-29T01:03:13.197",
    "not_before": "2025-05-29T01:03:11",
    "not_after": "2026-06-27T15:59:59",
    "serial_number": "47e90000000822ce56ff0dab5e2167ca",
    "result_count": 1
  },
  {
    "issuer_ca_id": 279003,
    "issuer_name": "C=TW, O=TAIWAN-CA, CN=TWCA Secure SSL Certification Authority",
    "name_value": "vdi.ntu.edu.tw",
    "id": 18682310205,
    "entry_timestamp": "2025-05-29T01:03:12.215",
    "not_before": "2025-05-29T01:03:11",
    "not_after": "2026-06-27T15:59:59",
    "serial_number": "47e90000000822ce56ff0dab5e2167ca",
    "result_count": 1
  },
  {
    "issuer_ca_id": 272008,
    "issuer_name": "C=TW, O=TAIWAN-CA, OU=Secure SSL Sub-CA, CN=TWCA Secure SSL Certification Authority",
    "name_value": "specom.aca.ntu.edu.tw",
    "id": 18670928546,
    "entry_timestamp": "2025-05-28T09:44:32.517",
    "not_before": "2025-05-28T09:44:30",
    "not_after": "2026-06-16T15:59:59",
    "serial_number": "47e90000000822560d63cbb7c201e748",
    "result_count": 1
  },
  {
    "issuer_ca_id": 272008,
    "issuer_name": "C=TW, O=TAIWAN-CA, OU=Secure SSL Sub-CA, CN=TWCA Secure SSL Certification Authority",
    "name_value": "specom.aca.ntu.edu.tw",
    "id": 18670928353,
    "entry_timestamp": "2025-05-28T09:44:31.401",
    "not_before": "2025-05-28T09:44:30",
    "not_after": "2026-06-16T15:59:59",
    "serial_number": "47e90000000822560d63cbb7c201e748",
    "result_count": 1
  },
  {
    "issuer_ca_id": 272008,
    "issuer_name": "C=TW, O=TAIWAN-CA, OU=Secure SSL Sub-CA, CN=TWCA Secure SSL Certification Authority",
    "name_value": "reg227.aca.ntu.edu.tw",
    "id": 18670504265,
    "entry_timestamp": "2025-05-28T09:11:53.388",
    "not_before": "2025-05-28T09:11:51",
    "not_after": "2026-05-31T15:59:59",
    "serial_number": "47e9000000082244293003f2c7010a35",
    "result_count": 1
  },
  {
    "issuer_ca_id": 272008,
    "issuer_name": "C=TW, O=TAIWAN-CA, OU=Secure SSL Sub-CA, CN=TWCA Secure SSL Certification Authority",
    "name_value": "reg227.aca.ntu.edu.tw",
    "id": 18670497555,
    "entry_timestamp": "2025-05-28T09:11:52.329",
    "not_before": "2025-05-28T09:11:51",
    "not_after": "2026-05-31T15:59:59",
    "serial_number": "47e9000000082244293003f2c7010a35",
    "result_count": 1
  },
  {
    "issuer_ca_id": 265752,
    "issuer_name": "C=TW, O=\"Chunghwa Telecom Co., Ltd.\", CN=HiPKI OV TLS CA - G1",
    "name_value": "maintenance.mc.ntu.edu.tw",
    "id": 18670106067,
    "entry_timestamp": "2025-05-28T08:42:32.135",
    "not_before": "2025-05-28T08:42:29",
    "not_after": "2026-05-28T08:42:29",
    "serial_number": "00fd1525d4987dfdb4919b3d27d3808743",
    "result_count": 1
  },
  {
    "issuer_ca_id": 105493,
    "issuer_name": "C=GB, ST=Greater Manchester, L=Salford, O=Sectigo Limited, CN=Sectigo RSA Domain Validation Secure Server CA",
    "name_value": "ped.mc.ntu.edu.tw",
    "id": 18667665906,
    "entry_timestamp": "2025-05-28T05:28:59.965",
    "not_before": "2025-05-28T00:00:00",
    "not_after": "2026-06-22T23:59:59",
    "serial_number": "4cdd20be20e97bd8272a5666c970e39b",
    "result_count": 1
  },
  {
    "issuer_ca_id": 105493,
    "issuer_name": "C=GB, ST=Greater Manchester, L=Salford, O=Sectigo Limited, CN=Sectigo RSA Domain Validation Secure Server CA",
    "name_value": "ped.mc.ntu.edu.tw",
    "id": 18667666643,
    "entry_timestamp": "2025-05-28T05:28:58.195",
    "not_before": "2025-05-28T00:00:00",
    "not_after": "2026-06-22T23:59:59",
    "serial_number": "4cdd20be20e97bd8272a5666c970e39b",
    "result_count": 1
  },
  {
    "issuer_ca_id": 279003,
    "issuer_name": "C=TW, O=TAIWAN-CA, CN=TWCA Secure SSL Certification Authority",
    "name_value": "www.farm.ntu.edu.tw",
    "id": 18632311926,
    "entry_timestamp": "2025-05-26T10:11:10.287",
    "not_before": "2025-05-26T10:11:08",
    "not_after": "2026-06-25T15:59:59",
    "serial_number": "47e9000000081ff718839d2f48752483",
    "result_count": 1
  },
  {
    "issuer_ca_id": 279003,
    "issuer_name": "C=TW, O=TAIWAN-CA, CN=TWCA Secure SSL Certification Authority",
    "name_value": "www.farm.ntu.edu.tw",
    "id": 18632312229,
    "entry_timestamp": "2025-05-26T10:11:09.344",
    "not_before": "2025-05-26T10:11:08",
    "not_after": "2026-06-25T15:59:59",
    "serial_number": "47e9000000081ff718839d2f48752483",
    "result_count": 1
  },
  {
    "issuer_ca_id": 158800,
    "issuer_name": "C=AT, O=ZeroSSL, CN=ZeroSSL RSA Domain Secure Site CA",
    "name_value": "jwgs.psc.ntu.edu.tw",
    "id": 18567387204,
    "entry_timestamp": "2025-05-23T01:34:01.746",
    "not_before": "2025-05-23T00:00:00",
    "not_after": "2026-05-23T23:59:59",
    "serial_number": "00d638051adf3f731d9d15666533ba9ee9",
    "result_count": 1
  },
  {
    "issuer_ca_id": 158800,
    "issuer_name": "C=AT, O=ZeroSSL, CN=ZeroSSL RSA Domain Secure Site CA",
    "name_value": "jwgs.psc.ntu.edu.tw",
    "id": 18567387240,
    "entry_timestamp": "2025-05-23T01:34:00.187",
    "not_before": "2025-05-23T00:00:00",
    "not_after": "2026-05-23T23:59:59",
    "serial_number": "00d638051adf3f731d9d15666533ba9ee9",
    "result_count": 1
  },
  {
    "issuer_ca_id": 279003,
    "issuer_name": "C=TW, O=TAIWAN-CA, CN=TWCA Secure SSL Certification Authority",
    "name_value": "tdr.lib.ntu.edu.tw",
    "id": 18512315553,
    "entry_timestamp": "2025-05-20T05:46:00.817",
    "not_before": "2025-05-20T05:45:58",
    "not_after": "2026-06-01T15:59:59",
    "serial_number": "47e9000000081aa109599ac22d7cc1bd",
    "result_count": 1
  },
  {
    "issuer_ca_id": 279003,
    "issuer_name": "C=TW, O=TAIWAN-CA, CN=TWCA Secure SSL Certification Authority",
    "name_value": "tdr.lib.ntu.edu.tw",
    "id": 18512315601,
    "entry_timestamp": "2025-05-20T05:45:59.8",
    "not_before": "2025-05-20T05:45:58",
    "not_after": "2026-06-01T15:59:59",
    "serial_number": "47e9000000081aa109599ac22d7cc1bd",
    "result_count": 1
  },
  {
    "issuer_ca_id": 265752,
    "issuer_name": "C=TW, O=\"Chunghwa Telecom Co., Ltd.\", CN=HiPKI OV TLS CA - G1",
    "name_value": "eposh.ntu.edu.tw",
    "id": 18393675213,
    "entry_timestamp": "2025-05-14T03:43:00.657",
    "not_before": "2025-05-14T03:42:58",
    "not_after": "2026-06-14T03:42:03",
    "serial_number": "27fd36d5cba2afcaa8a6c97b9afb5e32",
    "result_count": 1
  },
  {
    "issuer_ca_id": 279003,
    "issuer_name": "C=TW, O=TAIWAN-CA, CN=TWCA Secure SSL Certification Authority",
    "name_value": "*.phys.ntu.edu.tw",
    "id": 18379665238,
    "entry_timestamp": "2025-05-13T10:06:46.593",
    "not_before": "2025-05-13T10:06:44",
    "not_after": "2026-05-21T15:59:59",
    "serial_number": "47e90000000814a12cb7e4cee94e6fb9",
    "result_count": 1
  },
  {
    "issuer_ca_id": 279003,
    "issuer_name": "C=TW, O=TAIWAN-CA, CN=TWCA Secure SSL Certification Authority",
    "name_value": "*.phys.ntu.edu.tw",
    "id": 18379665193,
    "entry_timestamp": "2025-05-13T10:06:46.163",
    "not_before": "2025-05-13T10:06:44",
    "not_after": "2026-05-21T15:59:59",
    "serial_number": "47e90000000814a12cb7e4cee94e6fb9",
    "result_count": 1
  },
  {
    "issuer_ca_id": 279003,
    "issuer_name": "C=TW, O=TAIWAN-CA, CN=TWCA Secure SSL Certification Authority",
    "name_value": "eduroam.ntu.edu.tw",
    "id": 18377058565,
    "entry_timestamp": "2025-05-13T06:57:19.236",
    "not_before": "2025-05-13T06:57:17",
    "not_after": "2026-06-08T15:59:59",
    "serial_number": "47e900000008146b53207c260ebb3f3e",
    "result_count": 1
  },
  {
    "issuer_ca_id": 279003,
    "issuer_name": "C=TW, O=TAIWAN-CA, CN=TWCA Secure SSL Certification Authority",
    "name_value": "eduroam.ntu.edu.tw",
    "id": 18377061277,
    "entry_timestamp": "2025-05-13T06:57:18.263",
    "not_before": "2025-05-13T06:57:17",
    "not_after": "2026-06-08T15:59:59",
    "serial_number": "47e900000008146b53207c260ebb3f3e",
    "result_count": 1
  },
  {
    "issuer_ca_id": 279003,
    "issuer_name": "C=TW, O=TAIWAN-CA, CN=TWCA Secure SSL Certification Authority",
    "name_value": "www.lttc.ntu.edu.tw",
    "id": 18241475280,
    "entry_timestamp": "2025-05-05T22:58:22.028",
    "not_before": "2025-05-05T22:58:20",
    "not_after": "2026-06-05T15:59:59",
    "serial_number": "47e9000000080dbf2facbd5de88bbdd7",
    "result_count": 1
  },
  {
    "issuer_ca_id": 279003,
    "issuer_name": "C=TW, O=TAIWAN-CA, CN=TWCA Secure SSL Certification Authority",
    "name_value": "www.lttc.ntu.edu.tw",
    "id": 18241474457,
    "entry_timestamp": "2025-05-05T22:58:21.615",
    "not_before": "2025-05-05T22:58:20",
    "not_after": "2026-06-05T15:59:59",
    "serial_number": "47e9000000080dbf2facbd5de88bbdd7",
    "result_count": 1
  },
  {
    "issuer_ca_id": 279003,
    "issuer_name": "C=TW, O=TAIWAN-CA, CN=TWCA Secure SSL Certification Authority",
    "name_value": "api.lib.ntu.edu.tw",
    "id": 18179474811,
    "entry_timestamp": "2025-05-02T09:10:51.673",
    "not_before": "2025-05-02T09:10:49",
    "not_after": "2026-05-31T15:59:59",
    "serial_number": "47e9000000080ad15e1da3b78640fb5f",
    "result_count": 1
  },
  {
    "issuer_ca_id": 279003,
    "issuer_name": "C=TW, O=TAIWAN-CA, CN=TWCA Secure SSL Certification Authority",
    "name_value": "api.lib.ntu.edu.tw",
    "id": 18179474809,
    "entry_timestamp": "2025-05-02T09:10:50.882",
    "not_before": "2025-05-02T09:10:49",
    "not_after": "2026-05-31T15:59:59",
    "serial_number": "47e9000000080ad15e1da3b78640fb5f",
    "result_count": 1
  },
  {
    "issuer_ca_id": 279003,
    "issuer_name": "C=TW, O=TAIWAN-CA, CN=TWCA Secure SSL Certification Authority",
    "name_value": "microteaching.ntu.edu.tw",
    "id": 18174830235,
    "entry_timestamp": "2025-05-02T02:20:07.401",
    "not_before": "2025-05-02T02:20:05",
    "not_after": "2026-05-29T15:59:59",
    "serial_number": "47e9000000080a69423bac6dafa2fd5e",
    "result_count": 1
  },
  {
    "issuer_ca_id": 279003,
    "issuer_name": "C=TW, O=TAIWAN-CA, CN=TWCA Secure SSL Certification Authority",
    "name_value": "microteaching.ntu.edu.tw",
    "id": 18174830547,
    "entry_timestamp": "2025-05-02T02:20:06.376",
    "not_before": "2025-05-02T02:20:05",
    "not_after": "2026-05-29T15:59:59",
    "serial_number": "47e9000000080a69423bac6dafa2fd5e",
    "result_count": 1
  },
  {
    "issuer_ca_id": 279003,
    "issuer_name": "C=TW, O=TAIWAN-CA, CN=TWCA Secure SSL Certification Authority",
    "name_value": "www.mc.ntu.edu.tw",
    "id": 18105969895,
    "entry_timestamp": "2025-04-28T09:35:37.776",
    "not_before": "2025-04-28T09:35:36",
    "not_after": "2026-05-28T15:59:59",
    "serial_number": "47e900000008068828e352360ed334d1",
    "result_count": 1
  },
  {
    "issuer_ca_id": 279003,
    "issuer_name": "C=TW, O=TAIWAN-CA, CN=TWCA Secure SSL Certification Authority",
    "name_value": "www.mc.ntu.edu.tw",
    "id": 18105970372,
    "entry_timestamp": "2025-04-28T09:35:37.384",
    "not_before": "2025-04-28T09:35:36",
    "not_after": "2026-05-28T15:59:59",
    "serial_number": "47e900000008068828e352360ed334d1",
    "result_count": 1
  },
  {
    "issuer_ca_id": 279003,
    "issuer_name": "C=TW, O=TAIWAN-CA, CN=TWCA Secure SSL Certification Authority",
    "name_value": "online.ntuspecs.ntu.edu.tw",
    "id": 18034294761,
    "entry_timestamp": "2025-04-24T08:59:59.892",
    "not_before": "2025-04-24T08:59:57",
    "not_after": "2026-05-24T15:59:59",
    "serial_number": "47e900000008029e475f7f4e1fde821a",
    "result_count": 1
  },
  {
    "issuer_ca_id": 279003,
    "issuer_name": "C=TW, O=TAIWAN-CA, CN=TWCA Secure SSL Certification Authority",
    "name_value": "online.ntuspecs.ntu.edu.tw",
    "id": 18034295998,
    "entry_timestamp": "2025-04-24T08:59:58.759",
    "not_before": "2025-04-24T08:59:57",
    "not_after": "2026-05-24T15:59:59",
    "serial_number": "47e900000008029e475f7f4e1fde821a",
    "result_count": 1
  },
  {
    "issuer_ca_id": 279003,
    "issuer_name": "C=TW, O=TAIWAN-CA, CN=TWCA Secure SSL Certification Authority",
    "name_value": "auth.csie.ntu.edu.tw",
    "id": 18032780904,
    "entry_timestamp": "2025-04-24T07:08:34.311",
    "not_before": "2025-04-24T07:08:32",
    "not_after": "2026-05-11T15:59:59",
    "serial_number": "47e90000000802755e039c622bfdf42c",
    "result_count": 1
  },
  {
    "issuer_ca_id": 279003,
    "issuer_name": "C=TW, O=TAIWAN-CA, CN=TWCA Secure SSL Certification Authority",
    "name_value": "auth.csie.ntu.edu.tw",
    "id": 18032780903,
    "entry_timestamp": "2025-04-24T07:08:33.848",
    "not_before": "2025-04-24T07:08:32",
    "not_after": "2026-05-11T15:59:59",
    "serial_number": "47e90000000802755e039c622bfdf42c",
    "result_count": 1
  },
  {
    "issuer_ca_id": 265752,
    "issuer_name": "C=TW, O=\"Chunghwa Telecom Co., Ltd.\", CN=HiPKI OV TLS CA - G1",
    "name_value": "esh.ntu.edu.tw",
    "id": 18013858944,
    "entry_timestamp": "2025-04-23T07:41:23.996",
    "not_before": "2025-04-23T07:41:22",
    "not_after": "2025-12-29T05:46:36",
    "serial_number": "7e999812e791306e113da027414f06c4",
    "result_count": 1
  },
  {
    "issuer_ca_id": 279003,
    "issuer_name": "C=TW, O=TAIWAN-CA, CN=TWCA Secure SSL Certification Authority",
    "name_value": "*.tl.ntu.edu.tw",
    "id": 18010059763,
    "entry_timestamp": "2025-04-23T03:18:44.872",
    "not_before": "2025-04-23T03:18:42",
    "not_after": "2026-05-03T15:59:59",
    "serial_number": "47e90000000800d52dcd39adc89dd303",
    "result_count": 1
  },
  {
    "issuer_ca_id": 279003,
    "issuer_name": "C=TW, O=TAIWAN-CA, CN=TWCA Secure SSL Certification Authority",
    "name_value": "*.tl.ntu.edu.tw",
    "id": 18010059762,
    "entry_timestamp": "2025-04-23T03:18:44.277",
    "not_before": "2025-04-23T03:18:42",
    "not_after": "2026-05-03T15:59:59",
    "serial_number": "47e90000000800d52dcd39adc89dd303",
    "result_count": 1
  },
  {
    "issuer_ca_id": 279003,
    "issuer_name": "C=TW, O=TAIWAN-CA, CN=TWCA Secure SSL Certification Authority",
    "name_value": "cld.liberal.ntu.edu.tw",
    "id": 17976091421,
    "entry_timestamp": "2025-04-21T10:59:10.765",
    "not_before": "2025-04-21T10:59:08",
    "not_after": "2026-05-21T15:59:59",
    "serial_number": "47e900000007fed05d784e790060c36d",
    "result_count": 1
  },
  {
    "issuer_ca_id": 279003,
    "issuer_name": "C=TW, O=TAIWAN-CA, CN=TWCA Secure SSL Certification Authority",
    "name_value": "cld.liberal.ntu.edu.tw",
    "id": 17976090863,
    "entry_timestamp": "2025-04-21T10:59:09.664",
    "not_before": "2025-04-21T10:59:08",
    "not_after": "2026-05-21T15:59:59",
    "serial_number": "47e900000007fed05d784e790060c36d",
    "result_count": 1
  },
  {
    "issuer_ca_id": 279003,
    "issuer_name": "C=TW, O=TAIWAN-CA, CN=TWCA Secure SSL Certification Authority",
    "name_value": "cbt.lttc.ntu.edu.tw",
    "id": 17920475285,
    "entry_timestamp": "2025-04-18T10:30:44.997",
    "not_before": "2025-04-18T10:30:42",
    "not_after": "2026-05-18T15:59:59",
    "serial_number": "47e900000007fbf642148840cd8af78c",
    "result_count": 1
  },
  {
    "issuer_ca_id": 279003,
    "issuer_name": "C=TW, O=TAIWAN-CA, CN=TWCA Secure SSL Certification Authority",
    "name_value": "cbt.lttc.ntu.edu.tw",
    "id": 17920475678,
    "entry_timestamp": "2025-04-18T10:30:44.021",
    "not_before": "2025-04-18T10:30:42",
    "not_after": "2026-05-18T15:59:59",
    "serial_number": "47e900000007fbf642148840cd8af78c",
    "result_count": 1
  },
  {
    "issuer_ca_id": 272008,
    "issuer_name": "C=TW, O=TAIWAN-CA, OU=Secure SSL Sub-CA, CN=TWCA Secure SSL Certification Authority",
    "name_value": "coursemap.aca.ntu.edu.tw",
    "id": 17900945098,
    "entry_timestamp": "2025-04-17T09:17:02.169",
    "not_before": "2025-04-17T09:16:59",
    "not_after": "2026-04-17T15:59:59",
    "serial_number": "47e900000007fa5405e23e99babff86b",
    "result_count": 1
  },
  {
    "issuer_ca_id": 272008,
    "issuer_name": "C=TW, O=TAIWAN-CA, OU=Secure SSL Sub-CA, CN=TWCA Secure SSL Certification Authority",
    "name_value": "coursemap.aca.ntu.edu.tw",
    "id": 17900945238,
    "entry_timestamp": "2025-04-17T09:17:01.076",
    "not_before": "2025-04-17T09:16:59",
    "not_after": "2026-04-17T15:59:59",
    "serial_number": "47e900000007fa5405e23e99babff86b",
    "result_count": 1
  },
  {
    "issuer_ca_id": 279003,
    "issuer_name": "C=TW, O=TAIWAN-CA, CN=TWCA Secure SSL Certification Authority",
    "name_value": "cms.cc.ntu.edu.tw",
    "id": 17899209203,
    "entry_timestamp": "2025-04-17T07:25:21.429",
    "not_before": "2025-04-17T07:25:20",
    "not_after": "2026-04-17T15:59:59",
    "serial_number": "47e900000007fa274ce5356efb764edd",
    "result_count": 1
  },
  {
    "issuer_ca_id": 279003,
    "issuer_name": "C=TW, O=TAIWAN-CA, CN=TWCA Secure SSL Certification Authority",
    "name_value": "cms.cc.ntu.edu.tw",
    "id": 17899209014,
    "entry_timestamp": "2025-04-17T07:25:21.054",
    "not_before": "2025-04-17T07:25:20",
    "not_after": "2026-04-17T15:59:59",
    "serial_number": "47e900000007fa274ce5356efb764edd",
    "result_count": 1
  },
  {
    "issuer_ca_id": 279003,
    "issuer_name": "C=TW, O=TAIWAN-CA, CN=TWCA Secure SSL Certification Authority",
    "name_value": "acs.cc.ntu.edu.tw",
    "id": 17899196312,
    "entry_timestamp": "2025-04-17T07:24:36.749",
    "not_before": "2025-04-17T07:24:34",
    "not_after": "2026-04-17T15:59:59",
    "serial_number": "47e900000007fa266b48e715e1aeb6dd",
    "result_count": 1
  },
  {
    "issuer_ca_id": 279003,
    "issuer_name": "C=TW, O=TAIWAN-CA, CN=TWCA Secure SSL Certification Authority",
    "name_value": "acs.cc.ntu.edu.tw",
    "id": 17899196722,
    "entry_timestamp": "2025-04-17T07:24:35.668",
    "not_before": "2025-04-17T07:24:34",
    "not_after": "2026-04-17T15:59:59",
    "serial_number": "47e900000007fa266b48e715e1aeb6dd",
    "result_count": 1
  },
  {
    "issuer_ca_id": 279003,
    "issuer_name": "C=TW, O=TAIWAN-CA, CN=TWCA Secure SSL Certification Authority",
    "name_value": "exam.lib.ntu.edu.tw",
    "id": 17858700101,
    "entry_timestamp": "2025-04-15T09:49:43.699",
    "not_before": "2025-04-15T09:49:42",
    "not_after": "2026-04-22T15:59:59",
    "serial_number": "47e900000007f71f202e02b1bfa13e58",
    "result_count": 1
  },
  {
    "issuer_ca_id": 279003,
    "issuer_name": "C=TW, O=TAIWAN-CA, CN=TWCA Secure SSL Certification Authority",
    "name_value": "exam.lib.ntu.edu.tw",
    "id": 17858699811,
    "entry_timestamp": "2025-04-15T09:49:43.3",
    "not_before": "2025-04-15T09:49:42",
    "not_after": "2026-04-22T15:59:59",
    "serial_number": "47e900000007f71f202e02b1bfa13e58",
    "result_count": 1
  },
  {
    "issuer_ca_id": 279003,
    "issuer_name": "C=TW, O=TAIWAN-CA, CN=TWCA Secure SSL Certification Authority",
    "name_value": "gitlab.lib.ntu.edu.tw",
    "id": 17773393347,
    "entry_timestamp": "2025-04-11T02:24:44.652",
    "not_before": "2025-04-11T02:24:42",
    "not_after": "2026-05-05T15:59:59",
    "serial_number": "47e900000007f07224c2817b89568457",
    "result_count": 1
  },
  {
    "issuer_ca_id": 279003,
    "issuer_name": "C=TW, O=TAIWAN-CA, CN=TWCA Secure SSL Certification Authority",
    "name_value": "gitlab.lib.ntu.edu.tw",
    "id": 17773393362,
    "entry_timestamp": "2025-04-11T02:24:43.602",
    "not_before": "2025-04-11T02:24:42",
    "not_after": "2026-05-05T15:59:59",
    "serial_number": "47e900000007f07224c2817b89568457",
    "result_count": 1
  },
  {
    "issuer_ca_id": 265752,
    "issuer_name": "C=TW, O=\"Chunghwa Telecom Co., Ltd.\", CN=HiPKI OV TLS CA - G1",
    "name_value": "acc.mc.ntu.edu.tw",
    "id": 17716193682,
    "entry_timestamp": "2025-04-08T10:39:42.935",
    "not_before": "2025-04-08T10:39:40",
    "not_after": "2025-12-16T15:59:59",
    "serial_number": "5eec53d759f72dcd0d2e6527643d9b5c",
    "result_count": 1
  },
  {
    "issuer_ca_id": 279003,
    "issuer_name": "C=TW, O=TAIWAN-CA, CN=TWCA Secure SSL Certification Authority",
    "name_value": "specs.dpd.ntu.edu.tw",
    "id": 17689967308,
    "entry_timestamp": "2025-04-07T07:09:19.004",
    "not_before": "2025-04-07T07:09:17",
    "not_after": "2026-04-27T15:59:59",
    "serial_number": "47e900000007e8ce179a61e375afa221",
    "result_count": 1
  },
  {
    "issuer_ca_id": 279003,
    "issuer_name": "C=TW, O=TAIWAN-CA, CN=TWCA Secure SSL Certification Authority",
    "name_value": "specs.dpd.ntu.edu.tw",
    "id": 17689967306,
    "entry_timestamp": "2025-04-07T07:09:18.557",
    "not_before": "2025-04-07T07:09:17",
    "not_after": "2026-04-27T15:59:59",
    "serial_number": "47e900000007e8ce179a61e375afa221",
    "result_count": 1
  },
  {
    "issuer_ca_id": 265752,
    "issuer_name": "C=TW, O=\"Chunghwa Telecom Co., Ltd.\", CN=HiPKI OV TLS CA - G1",
    "name_value": "buddhism.lib.ntu.edu.tw",
    "id": 17684656434,
    "entry_timestamp": "2025-04-07T02:08:10.67",
    "not_before": "2025-04-07T02:08:08",
    "not_after": "2026-05-06T06:35:06",
    "serial_number": "00a17d6b3cce57329023aa74c052b84422",
    "result_count": 1
  },
  {
    "issuer_ca_id": 265752,
    "issuer_name": "C=TW, O=\"Chunghwa Telecom Co., Ltd.\", CN=HiPKI OV TLS CA - G1",
    "name_value": "property.mc.ntu.edu.tw",
    "id": 17583863523,
    "entry_timestamp": "2025-04-02T15:18:32.713",
    "not_before": "2025-04-02T15:18:30",
    "not_after": "2025-12-28T15:59:59",
    "serial_number": "00ddd7cbb21dcb80e5e7d0bf14ec2493b6",
    "result_count": 1
  },
  {
    "issuer_ca_id": 279003,
    "issuer_name": "C=TW, O=TAIWAN-CA, CN=TWCA Secure SSL Certification Authority",
    "name_value": "*.cc.ntu.edu.tw",
    "id": 17570670012,
    "entry_timestamp": "2025-04-02T02:10:19.245",
    "not_before": "2025-04-02T02:10:15",
    "not_after": "2026-05-02T15:59:59",
    "serial_number": "47e900000007e3407b53597903190608",
    "result_count": 1
  },
  {
    "issuer_ca_id": 279003,
    "issuer_name": "C=TW, O=TAIWAN-CA, CN=TWCA Secure SSL Certification Authority",
    "name_value": "*.cc.ntu.edu.tw",
    "id": 17570669826,
    "entry_timestamp": "2025-04-02T02:10:18.211",
    "not_before": "2025-04-02T02:10:15",
    "not_after": "2026-05-02T15:59:59",
    "serial_number": "47e900000007e3407b53597903190608",
    "result_count": 1
  },
  {
    "issuer_ca_id": 279003,
    "issuer_name": "C=TW, O=TAIWAN-CA, CN=TWCA Secure SSL Certification Authority",
    "name_value": "*.ee.ntu.edu.tw",
    "id": 17553360570,
    "entry_timestamp": "2025-04-01T09:20:29.321",
    "not_before": "2025-04-01T09:20:28",
    "not_after": "2026-04-25T15:59:59",
    "serial_number": "47e900000007e23524aeba2a04bc1aad",
    "result_count": 1
  },
  {
    "issuer_ca_id": 279003,
    "issuer_name": "C=TW, O=TAIWAN-CA, CN=TWCA Secure SSL Certification Authority",
    "name_value": "*.ee.ntu.edu.tw",
    "id": 17553360951,
    "entry_timestamp": "2025-04-01T09:20:28.961",
    "not_before": "2025-04-01T09:20:28",
    "not_after": "2026-04-25T15:59:59",
    "serial_number": "47e900000007e23524aeba2a04bc1aad",
    "result_count": 1
  },
  {
    "issuer_ca_id": 105493,
    "issuer_name": "C=GB, ST=Greater Manchester, L=Salford, O=Sectigo Limited, CN=Sectigo RSA Domain Validation Secure Server CA",
    "name_value": "spec.ntu.edu.tw",
    "id": 17544079157,
    "entry_timestamp": "2025-04-01T01:09:08.825",
    "not_before": "2025-04-01T00:00:00",
    "not_after": "2026-04-01T23:59:59",
    "serial_number": "3551b489234752f7d0a85d9e387bbfdd",
    "result_count": 1
  },
  {
    "issuer_ca_id": 105493,
    "issuer_name": "C=GB, ST=Greater Manchester, L=Salford, O=Sectigo Limited, CN=Sectigo RSA Domain Validation Secure Server CA",
    "name_value": "spec.ntu.edu.tw",
    "id": 17544079156,
    "entry_timestamp": "2025-04-01T01:09:08.103",
    "not_before": "2025-04-01T00:00:00",
    "not_after": "2026-04-01T23:59:59",
    "serial_number": "3551b489234752f7d0a85d9e387bbfdd",
    "result_count": 1
  },
  {
    "issuer_ca_id": 105493,
    "issuer_name": "C=GB, ST=Greater Manchester, L=Salford, O=Sectigo Limited, CN=Sectigo RSA Domain Validation Secure Server CA",
    "name_value": "intm01.mc.ntu.edu.tw",
    "id": 17543429582,
    "entry_timestamp": "2025-04-01T00:32:41.747",
    "not_before": "2025-04-01T00:00:00",
    "not_after": "2026-04-19T23:59:59",
    "serial_number": "348efc8c6bd54393ae0faafb6346db78",
    "result_count": 1
  },
  {
    "issuer_ca_id": 105493,
    "issuer_name": "C=GB, ST=Greater Manchester, L=Salford, O=Sectigo Limited, CN=Sectigo RSA Domain Validation Secure Server CA",
    "name_value": "intm01.mc.ntu.edu.tw",
    "id": 17543429563,
    "entry_timestamp": "2025-04-01T00:32:40.169",
    "not_before": "2025-04-01T00:00:00",
    "not_after": "2026-04-19T23:59:59",
    "serial_number": "348efc8c6bd54393ae0faafb6346db78",
    "result_count": 1
  },
  {
    "issuer_ca_id": 279003,
    "issuer_name": "C=TW, O=TAIWAN-CA, CN=TWCA Secure SSL Certification Authority",
    "name_value": "bdap.cc.ntu.edu.tw",
    "id": 17461817244,
    "entry_timestamp": "2025-03-28T08:26:12.768",
    "not_before": "2025-03-28T08:26:11",
    "not_after": "2026-03-28T15:59:59",
    "serial_number": "47e900000007db0d6e4121d56df2d349",
    "result_count": 1
  },
  {
    "issuer_ca_id": 279003,
    "issuer_name": "C=TW, O=TAIWAN-CA, CN=TWCA Secure SSL Certification Authority",
    "name_value": "bdap.cc.ntu.edu.tw",
    "id": 17461817243,
    "entry_timestamp": "2025-03-28T08:26:12.396",
    "not_before": "2025-03-28T08:26:11",
    "not_after": "2026-03-28T15:59:59",
    "serial_number": "47e900000007db0d6e4121d56df2d349",
    "result_count": 1
  },
  {
    "issuer_ca_id": 105493,
    "issuer_name": "C=GB, ST=Greater Manchester, L=Salford, O=Sectigo Limited, CN=Sectigo RSA Domain Validation Secure Server CA",
    "name_value": "gomeeting.spec.ntu.edu.tw",
    "id": 17431115446,
    "entry_timestamp": "2025-03-27T01:54:02.321",
    "not_before": "2025-03-27T00:00:00",
    "not_after": "2026-03-27T23:59:59",
    "serial_number": "00d6197c38e9756a59723ed79b37b42160",
    "result_count": 1
  },
  {
    "issuer_ca_id": 105493,
    "issuer_name": "C=GB, ST=Greater Manchester, L=Salford, O=Sectigo Limited, CN=Sectigo RSA Domain Validation Secure Server CA",
    "name_value": "gomeeting.spec.ntu.edu.tw",
    "id": 17431116192,
    "entry_timestamp": "2025-03-27T01:54:01.677",
    "not_before": "2025-03-27T00:00:00",
    "not_after": "2026-03-27T23:59:59",
    "serial_number": "00d6197c38e9756a59723ed79b37b42160",
    "result_count": 1
  },
  {
    "issuer_ca_id": 279003,
    "issuer_name": "C=TW, O=TAIWAN-CA, CN=TWCA Secure SSL Certification Authority",
    "name_value": "ts.ntu.edu.tw",
    "id": 17381888706,
    "entry_timestamp": "2025-03-25T02:06:53.011",
    "not_before": "2025-03-25T02:06:51",
    "not_after": "2026-03-25T15:59:59",
    "serial_number": "47e900000007d4f3343dffe92a6c0c06",
    "result_count": 1
  },
  {
    "issuer_ca_id": 279003,
    "issuer_name": "C=TW, O=TAIWAN-CA, CN=TWCA Secure SSL Certification Authority",
    "name_value": "ts.ntu.edu.tw",
    "id": 17381888705,
    "entry_timestamp": "2025-03-25T02:06:52.087",
    "not_before": "2025-03-25T02:06:51",
    "not_after": "2026-03-25T15:59:59",
    "serial_number": "47e900000007d4f3343dffe92a6c0c06",
    "result_count": 1
  },
  {
    "issuer_ca_id": 279003,
    "issuer_name": "C=TW, O=TAIWAN-CA, CN=TWCA Secure SSL Certification Authority",
    "name_value": "*.aca.ntu.edu.tw",
    "id": 17276841840,
    "entry_timestamp": "2025-03-20T23:31:38.699",
    "not_before": "2024-11-25T09:45:22",
    "not_after": "2025-11-25T15:59:59",
    "serial_number": "47e80000000798f00d8eb40396259a58",
    "result_count": 1
  },
  {
    "issuer_ca_id": 272008,
    "issuer_name": "C=TW, O=TAIWAN-CA, OU=Secure SSL Sub-CA, CN=TWCA Secure SSL Certification Authority",
    "name_value": "ocw.aca.ntu.edu.tw",
    "id": 17254876569,
    "entry_timestamp": "2025-03-20T03:46:35.628",
    "not_before": "2025-01-08T03:47:08",
    "not_after": "2026-01-16T15:59:59",
    "serial_number": "47e900000007a8434aba8bc2c55c7a4e",
    "result_count": 1
  },
  {
    "issuer_ca_id": 265752,
    "issuer_name": "C=TW, O=\"Chunghwa Telecom Co., Ltd.\", CN=HiPKI OV TLS CA - G1",
    "name_value": "eposhm.ntu.edu.tw",
    "id": 17168706298,
    "entry_timestamp": "2025-03-17T02:46:45.365",
    "not_before": "2025-03-17T02:46:43",
    "not_after": "2025-11-30T15:59:59",
    "serial_number": "57db79d118a5423fd64508bef4ba1572",
    "result_count": 1
  },
  {
    "issuer_ca_id": 265752,
    "issuer_name": "C=TW, O=\"Chunghwa Telecom Co., Ltd.\", CN=HiPKI OV TLS CA - G1",
    "name_value": "eposhuser.ntu.edu.tw",
    "id": 17168688102,
    "entry_timestamp": "2025-03-17T02:45:44.19",
    "not_before": "2025-03-17T02:45:41",
    "not_after": "2025-11-30T15:59:59",
    "serial_number": "7f8bfa6f99bbe7be1fcea8a099f6e07c",
    "result_count": 1
  },
  {
    "issuer_ca_id": 105493,
    "issuer_name": "C=GB, ST=Greater Manchester, L=Salford, O=Sectigo Limited, CN=Sectigo RSA Domain Validation Secure Server CA",
    "name_value": "jn2.mc.ntu.edu.tw",
    "id": 17095377948,
    "entry_timestamp": "2025-03-13T23:44:33.883",
    "not_before": "2025-03-13T00:00:00",
    "not_after": "2026-03-18T23:59:59",
    "serial_number": "6ced76dadb57d0f093189c4f0866d0ed",
    "result_count": 1
  },
  {
    "issuer_ca_id": 105493,
    "issuer_name": "C=GB, ST=Greater Manchester, L=Salford, O=Sectigo Limited, CN=Sectigo RSA Domain Validation Secure Server CA",
    "name_value": "jn2.mc.ntu.edu.tw",
    "id": 17095377730,
    "entry_timestamp": "2025-03-13T23:44:33.422",
    "not_before": "2025-03-13T00:00:00",
    "not_after": "2026-03-18T23:59:59",
    "serial_number": "6ced76dadb57d0f093189c4f0866d0ed",
    "result_count": 1
  },
  {
    "issuer_ca_id": 272008,
    "issuer_name": "C=TW, O=TAIWAN-CA, OU=Secure SSL Sub-CA, CN=TWCA Secure SSL Certification Authority",
    "name_value": "if163.aca.ntu.edu.tw",
    "id": 16958529749,
    "entry_timestamp": "2025-03-10T06:48:20.283",
    "not_before": "2025-03-10T06:48:18",
    "not_after": "2026-03-30T15:59:59",
    "serial_number": "47e900000007bfb108ce43c94ccc93ed",
    "result_count": 1
  },
  {
    "issuer_ca_id": 272008,
    "issuer_name": "C=TW, O=TAIWAN-CA, OU=Secure SSL Sub-CA, CN=TWCA Secure SSL Certification Authority",
    "name_value": "if163.aca.ntu.edu.tw",
    "id": 16958527884,
    "entry_timestamp": "2025-03-10T06:48:19.277",
    "not_before": "2025-03-10T06:48:18",
    "not_after": "2026-03-30T15:59:59",
    "serial_number": "47e900000007bfb108ce43c94ccc93ed",
    "result_count": 1
  },
  {
    "issuer_ca_id": 272008,
    "issuer_name": "C=TW, O=TAIWAN-CA, OU=Secure SSL Sub-CA, CN=TWCA Secure SSL Certification Authority",
    "name_value": "nol.ntu.edu.tw",
    "id": 16937956917,
    "entry_timestamp": "2025-03-03T10:43:35.559",
    "not_before": "2025-03-03T10:43:34",
    "not_after": "2026-03-31T15:59:59",
    "serial_number": "47e900000007bbfd097beaa1eac0ea9f",
    "result_count": 1
  },
  {
    "issuer_ca_id": 272008,
    "issuer_name": "C=TW, O=TAIWAN-CA, OU=Secure SSL Sub-CA, CN=TWCA Secure SSL Certification Authority",
    "name_value": "nol.ntu.edu.tw",
    "id": 16937956490,
    "entry_timestamp": "2025-03-03T10:43:35.148",
    "not_before": "2025-03-03T10:43:34",
    "not_after": "2026-03-31T15:59:59",
    "serial_number": "47e900000007bbfd097beaa1eac0ea9f",
    "result_count": 1
  },
  {
    "issuer_ca_id": 272008,
    "issuer_name": "C=TW, O=TAIWAN-CA, OU=Secure SSL Sub-CA, CN=TWCA Secure SSL Certification Authority",
    "name_value": "eportfolio.ntu.edu.tw",
    "id": 16937082841,
    "entry_timestamp": "2025-03-03T09:42:10.259",
    "not_before": "2025-03-03T09:42:08",
    "not_after": "2026-03-31T15:59:59",
    "serial_number": "47e900000007bbed1e8626a9a54b7c75",
    "result_count": 1
  },
  {
    "issuer_ca_id": 272008,
    "issuer_name": "C=TW, O=TAIWAN-CA, OU=Secure SSL Sub-CA, CN=TWCA Secure SSL Certification Authority",
    "name_value": "eportfolio.ntu.edu.tw",
    "id": 16937083614,
    "entry_timestamp": "2025-03-03T09:42:09.874",
    "not_before": "2025-03-03T09:42:08",
    "not_after": "2026-03-31T15:59:59",
    "serial_number": "47e900000007bbed1e8626a9a54b7c75",
    "result_count": 1
  },
  {
    "issuer_ca_id": 105493,
    "issuer_name": "C=GB, ST=Greater Manchester, L=Salford, O=Sectigo Limited, CN=Sectigo RSA Domain Validation Secure Server CA",
    "name_value": "hpc.psy.ntu.edu.tw",
    "id": 16866283769,
    "entry_timestamp": "2025-02-26T22:58:51.657",
    "not_before": "2025-02-26T00:00:00",
    "not_after": "2026-02-26T23:59:59",
    "serial_number": "3db1bd106aab7a3c781a57b8608ba006",
    "result_count": 1
  },
  {
    "issuer_ca_id": 105493,
    "issuer_name": "C=GB, ST=Greater Manchester, L=Salford, O=Sectigo Limited, CN=Sectigo RSA Domain Validation Secure Server CA",
    "name_value": "hpc.psy.ntu.edu.tw",
    "id": 16866282487,
    "entry_timestamp": "2025-02-26T22:58:48.832",
    "not_before": "2025-02-26T00:00:00",
    "not_after": "2026-02-26T23:59:59",
    "serial_number": "3db1bd106aab7a3c781a57b8608ba006",
    "result_count": 1
  },
  {
    "issuer_ca_id": 272008,
    "issuer_name": "C=TW, O=TAIWAN-CA, OU=Secure SSL Sub-CA, CN=TWCA Secure SSL Certification Authority",
    "name_value": "if177.aca.ntu.edu.tw",
    "id": 16852057633,
    "entry_timestamp": "2025-02-25T02:05:15.979",
    "not_before": "2025-02-25T02:05:12",
    "not_after": "2026-03-14T15:59:59",
    "serial_number": "47e900000007b93714b77467ce039fb4",
    "result_count": 1
  },
  {
    "issuer_ca_id": 272008,
    "issuer_name": "C=TW, O=TAIWAN-CA, OU=Secure SSL Sub-CA, CN=TWCA Secure SSL Certification Authority",
    "name_value": "if177.aca.ntu.edu.tw",
    "id": 16852057424,
    "entry_timestamp": "2025-02-25T02:05:14.928",
    "not_before": "2025-02-25T02:05:12",
    "not_after": "2026-03-14T15:59:59",
    "serial_number": "47e900000007b93714b77467ce039fb4",
    "result_count": 1
  },
  {
    "issuer_ca_id": 272008,
    "issuer_name": "C=TW, O=TAIWAN-CA, OU=Secure SSL Sub-CA, CN=TWCA Secure SSL Certification Authority",
    "name_value": "gra108.aca.ntu.edu.tw",
    "id": 16852056689,
    "entry_timestamp": "2025-02-25T01:37:08.865",
    "not_before": "2025-02-25T01:37:07",
    "not_after": "2026-02-25T15:59:59",
    "serial_number": "47e900000007b936722d1e0f53d3f51c",
    "result_count": 1
  },
  {
    "issuer_ca_id": 272008,
    "issuer_name": "C=TW, O=TAIWAN-CA, OU=Secure SSL Sub-CA, CN=TWCA Secure SSL Certification Authority",
    "name_value": "gra108.aca.ntu.edu.tw",
    "id": 16852054868,
    "entry_timestamp": "2025-02-25T01:37:08.412",
    "not_before": "2025-02-25T01:37:07",
    "not_after": "2026-02-25T15:59:59",
    "serial_number": "47e900000007b936722d1e0f53d3f51c",
    "result_count": 1
  },
  {
    "issuer_ca_id": 105487,
    "issuer_name": "C=GB, ST=Greater Manchester, L=Salford, O=Sectigo Limited, CN=Sectigo RSA Organization Validation Secure Server CA",
    "name_value": "hass.hrc.ntu.edu.tw",
    "id": 16844960209,
    "entry_timestamp": "2025-02-24T03:26:56.136",
    "not_before": "2025-02-24T00:00:00",
    "not_after": "2026-03-27T23:59:59",
    "serial_number": "168ad67281917303808357e73d4ec1f3",
    "result_count": 1
  },
  {
    "issuer_ca_id": 105487,
    "issuer_name": "C=GB, ST=Greater Manchester, L=Salford, O=Sectigo Limited, CN=Sectigo RSA Organization Validation Secure Server CA",
    "name_value": "hass.hrc.ntu.edu.tw",
    "id": 16844959574,
    "entry_timestamp": "2025-02-24T03:26:54.937",
    "not_before": "2025-02-24T00:00:00",
    "not_after": "2026-03-27T23:59:59",
    "serial_number": "168ad67281917303808357e73d4ec1f3",
    "result_count": 1
  },
  {
    "issuer_ca_id": 105487,
    "issuer_name": "C=GB, ST=Greater Manchester, L=Salford, O=Sectigo Limited, CN=Sectigo RSA Organization Validation Secure Server CA",
    "name_value": "ask.hss.ntu.edu.tw",
    "id": 16844948905,
    "entry_timestamp": "2025-02-24T03:26:06.888",
    "not_before": "2025-02-24T00:00:00",
    "not_after": "2026-02-24T23:59:59",
    "serial_number": "00f8d80484ac8517ce4b113e839889c78a",
    "result_count": 1
  },
  {
    "issuer_ca_id": 105487,
    "issuer_name": "C=GB, ST=Greater Manchester, L=Salford, O=Sectigo Limited, CN=Sectigo RSA Organization Validation Secure Server CA",
    "name_value": "ask.hss.ntu.edu.tw",
    "id": 16844948904,
    "entry_timestamp": "2025-02-24T03:26:05.652",
    "not_before": "2025-02-24T00:00:00",
    "not_after": "2026-02-24T23:59:59",
    "serial_number": "00f8d80484ac8517ce4b113e839889c78a",
    "result_count": 1
  },
  {
    "issuer_ca_id": 105487,
    "issuer_name": "C=GB, ST=Greater Manchester, L=Salford, O=Sectigo Limited, CN=Sectigo RSA Organization Validation Secure Server CA",
    "name_value": "www.ntuacc.ntu.edu.tw",
    "id": 16776121462,
    "entry_timestamp": "2025-02-20T05:54:47.625",
    "not_before": "2025-02-20T00:00:00",
    "not_after": "2026-03-23T23:59:59",
    "serial_number": "00976216ffe76f38a456278bc6bbab2197",
    "result_count": 1
  },
  {
    "issuer_ca_id": 105487,
    "issuer_name": "C=GB, ST=Greater Manchester, L=Salford, O=Sectigo Limited, CN=Sectigo RSA Organization Validation Secure Server CA",
    "name_value": "www.ntuacc.ntu.edu.tw",
    "id": 16776121125,
    "entry_timestamp": "2025-02-20T05:54:45.617",
    "not_before": "2025-02-20T00:00:00",
    "not_after": "2026-03-23T23:59:59",
    "serial_number": "00976216ffe76f38a456278bc6bbab2197",
    "result_count": 1
  },
  {
    "issuer_ca_id": 279003,
    "issuer_name": "C=TW, O=TAIWAN-CA, CN=TWCA Secure SSL Certification Authority",
    "name_value": "dorm-water-2.cc.ntu.edu.tw",
    "id": 16709415765,
    "entry_timestamp": "2025-02-13T06:14:12.914",
    "not_before": "2025-02-13T06:14:11",
    "not_after": "2026-03-03T15:59:59",
    "serial_number": "47e900000007b3e839d6d988be8d68eb",
    "result_count": 1
  },
  {
    "issuer_ca_id": 279003,
    "issuer_name": "C=TW, O=TAIWAN-CA, CN=TWCA Secure SSL Certification Authority",
    "name_value": "dorm-water-2.cc.ntu.edu.tw",
    "id": 16709416458,
    "entry_timestamp": "2025-02-13T06:14:12.396",
    "not_before": "2025-02-13T06:14:11",
    "not_after": "2026-03-03T15:59:59",
    "serial_number": "47e900000007b3e839d6d988be8d68eb",
    "result_count": 1
  },
  {
    "issuer_ca_id": 279003,
    "issuer_name": "C=TW, O=TAIWAN-CA, CN=TWCA Secure SSL Certification Authority",
    "name_value": "dorm-water-1.cc.ntu.edu.tw",
    "id": 16709392153,
    "entry_timestamp": "2025-02-13T06:12:13.846",
    "not_before": "2025-02-13T06:12:12",
    "not_after": "2026-03-03T15:59:59",
    "serial_number": "47e900000007b3e70077e2ff261488b5",
    "result_count": 1
  },
  {
    "issuer_ca_id": 279003,
    "issuer_name": "C=TW, O=TAIWAN-CA, CN=TWCA Secure SSL Certification Authority",
    "name_value": "dorm-water-1.cc.ntu.edu.tw",
    "id": 16709389905,
    "entry_timestamp": "2025-02-13T06:12:13.223",
    "not_before": "2025-02-13T06:12:12",
    "not_after": "2026-03-03T15:59:59",
    "serial_number": "47e900000007b3e70077e2ff261488b5",
    "result_count": 1
  },
  {
    "issuer_ca_id": 279003,
    "issuer_name": "C=TW, O=TAIWAN-CA, CN=TWCA Secure SSL Certification Authority",
    "name_value": "dorm-long-1.cc.ntu.edu.tw",
    "id": 16709370356,
    "entry_timestamp": "2025-02-13T06:09:51.602",
    "not_before": "2025-02-13T06:09:50",
    "not_after": "2026-03-06T15:59:59",
    "serial_number": "47e900000007b3e65c2a9633c147086c",
    "result_count": 1
  },
  {
    "issuer_ca_id": 279003,
    "issuer_name": "C=TW, O=TAIWAN-CA, CN=TWCA Secure SSL Certification Authority",
    "name_value": "dorm-long-1.cc.ntu.edu.tw",
    "id": 16709369529,
    "entry_timestamp": "2025-02-13T06:09:51.105",
    "not_before": "2025-02-13T06:09:50",
    "not_after": "2026-03-06T15:59:59",
    "serial_number": "47e900000007b3e65c2a9633c147086c",
    "result_count": 1
  },
  {
    "issuer_ca_id": 279003,
    "issuer_name": "C=TW, O=TAIWAN-CA, CN=TWCA Secure SSL Certification Authority",
    "name_value": "isesea-10.ntu.edu.tw",
    "id": 16669487322,
    "entry_timestamp": "2025-02-11T07:48:40.784",
    "not_before": "2025-02-11T07:48:39",
    "not_after": "2026-02-11T15:59:59",
    "serial_number": "47e900000007b2fc01db25543a7bc025",
    "result_count": 1
  },
  {
    "issuer_ca_id": 105493,
    "issuer_name": "C=GB, ST=Greater Manchester, L=Salford, O=Sectigo Limited, CN=Sectigo RSA Domain Validation Secure Server CA",
    "name_value": "aitomatodoctor.yun.toolmenlab.bime.ntu.edu.tw",
    "id": 16655288603,
    "entry_timestamp": "2025-02-10T14:48:45.819",
    "not_before": "2025-02-10T00:00:00",
    "not_after": "2026-02-10T23:59:59",
    "serial_number": "64b26d4f38b478f727a6084d2e6ee5aa",
    "result_count": 1
  },
  {
    "issuer_ca_id": 105493,
    "issuer_name": "C=GB, ST=Greater Manchester, L=Salford, O=Sectigo Limited, CN=Sectigo RSA Domain Validation Secure Server CA",
    "name_value": "aitomatodoctor.yun.toolmenlab.bime.ntu.edu.tw",
    "id": 16655290010,
    "entry_timestamp": "2025-02-10T14:48:44.925",
    "not_before": "2025-02-10T00:00:00",
    "not_after": "2026-02-10T23:59:59",
    "serial_number": "64b26d4f38b478f727a6084d2e6ee5aa",
    "result_count": 1
  },
  {
    "issuer_ca_id": 105493,
    "issuer_name": "C=GB, ST=Greater Manchester, L=Salford, O=Sectigo Limited, CN=Sectigo RSA Domain Validation Secure Server CA",
    "name_value": "arc-gmst-ins.eng.ntu.edu.tw",
    "id": 16556659491,
    "entry_timestamp": "2025-02-06T03:54:42.095",
    "not_before": "2025-02-06T00:00:00",
    "not_after": "2026-02-06T23:59:59",
    "serial_number": "646545537234922c2d5947f080d10cf7",
    "result_count": 1
  },
  {
    "issuer_ca_id": 105493,
    "issuer_name": "C=GB, ST=Greater Manchester, L=Salford, O=Sectigo Limited, CN=Sectigo RSA Domain Validation Secure Server CA",
    "name_value": "arc-gmst-ins.eng.ntu.edu.tw",
    "id": 16556659488,
    "entry_timestamp": "2025-02-06T03:54:41.436",
    "not_before": "2025-02-06T00:00:00",
    "not_after": "2026-02-06T23:59:59",
    "serial_number": "646545537234922c2d5947f080d10cf7",
    "result_count": 1
  },
  {
    "issuer_ca_id": 279003,
    "issuer_name": "C=TW, O=TAIWAN-CA, CN=TWCA Secure SSL Certification Authority",
    "name_value": "www.lib.ntu.edu.tw",
    "id": 16503308333,
    "entry_timestamp": "2025-02-04T06:25:02.951",
    "not_before": "2025-02-04T06:25:01",
    "not_after": "2026-02-07T15:59:59",
    "serial_number": "47e900000007b03939a64f5be99cf03c",
    "result_count": 1
  },
  {
    "issuer_ca_id": 105493,
    "issuer_name": "C=GB, ST=Greater Manchester, L=Salford, O=Sectigo Limited, CN=Sectigo RSA Domain Validation Secure Server CA",
    "name_value": "gm.psc.ntu.edu.tw",
    "id": 16480559545,
    "entry_timestamp": "2025-02-03T02:43:52.192",
    "not_before": "2025-02-03T00:00:00",
    "not_after": "2026-03-05T23:59:59",
    "serial_number": "00f99287fc53a3ac189e3a8a649d513622",
    "result_count": 1
  },
  {
    "issuer_ca_id": 105493,
    "issuer_name": "C=GB, ST=Greater Manchester, L=Salford, O=Sectigo Limited, CN=Sectigo RSA Domain Validation Secure Server CA",
    "name_value": "gm.psc.ntu.edu.tw",
    "id": 16482974484,
    "entry_timestamp": "2025-02-03T02:43:51.007",
    "not_before": "2025-02-03T00:00:00",
    "not_after": "2026-03-05T23:59:59",
    "serial_number": "00f99287fc53a3ac189e3a8a649d513622",
    "result_count": 1
  },
  {
    "issuer_ca_id": 272222,
    "issuer_name": "C=BE, O=GlobalSign nv-sa, CN=GlobalSign GCC R6 AlphaSSL CA 2023",
    "name_value": "*.management.ntu.edu.tw",
    "id": 16374115518,
    "entry_timestamp": "2025-01-24T10:26:40.586",
    "not_before": "2025-01-24T10:26:38",
    "not_after": "2026-02-25T10:26:37",
    "serial_number": "32154525c00bd75c2eca58e4",
    "result_count": 1
  },
  {
    "issuer_ca_id": 279003,
    "issuer_name": "C=TW, O=TAIWAN-CA, CN=TWCA Secure SSL Certification Authority",
    "name_value": "mf.ntu.edu.tw",
    "id": 16372423842,
    "entry_timestamp": "2025-01-24T02:03:27.861",
    "not_before": "2025-01-24T02:03:26",
    "not_after": "2026-02-11T15:59:59",
    "serial_number": "47e900000007ad6c0a08e0d140304a64",
    "result_count": 1
  },
  {
    "issuer_ca_id": 904,
    "issuer_name": "C=US, ST=Arizona, L=Scottsdale, O=\"GoDaddy.com, Inc.\", OU=http://certs.godaddy.com/repository/, CN=Go Daddy Secure Certificate Authority - G2",
    "name_value": "ntuacis.digital.ntu.edu.tw",
    "id": 16376145175,
    "entry_timestamp": "2025-01-23T08:54:42.45",
    "not_before": "2025-01-23T08:54:42",
    "not_after": "2025-12-21T06:24:40",
    "serial_number": "00d4b1dadebc9efe43",
    "result_count": 1
  },
  {
    "issuer_ca_id": 279003,
    "issuer_name": "C=TW, O=TAIWAN-CA, CN=TWCA Secure SSL Certification Authority",
    "name_value": "reg232.aca.ntu.edu.tw",
    "id": 16372392978,
    "entry_timestamp": "2025-01-23T08:08:54.41",
    "not_before": "2025-01-23T08:08:53",
    "not_after": "2026-02-08T15:59:59",
    "serial_number": "47e900000007ad2b552bc8ab65ad2588",
    "result_count": 1
  },
  {
    "issuer_ca_id": 105493,
    "issuer_name": "C=GB, ST=Greater Manchester, L=Salford, O=Sectigo Limited, CN=Sectigo RSA Domain Validation Secure Server CA",
    "name_value": "education.ntu.edu.tw",
    "id": 16373214413,
    "entry_timestamp": "2025-01-23T03:44:31.802",
    "not_before": "2025-01-23T00:00:00",
    "not_after": "2026-01-23T23:59:59",
    "serial_number": "00b7512788294fd8b6ec3dfd5384ea67dd",
    "result_count": 1
  },
  {
    "issuer_ca_id": 105493,
    "issuer_name": "C=GB, ST=Greater Manchester, L=Salford, O=Sectigo Limited, CN=Sectigo RSA Domain Validation Secure Server CA",
    "name_value": "education.ntu.edu.tw",
    "id": 16373215011,
    "entry_timestamp": "2025-01-23T03:44:30.779",
    "not_before": "2025-01-23T00:00:00",
    "not_after": "2026-01-23T23:59:59",
    "serial_number": "00b7512788294fd8b6ec3dfd5384ea67dd",
    "result_count": 1
  },
  {
    "issuer_ca_id": 272008,
    "issuer_name": "C=TW, O=TAIWAN-CA, OU=Secure SSL Sub-CA, CN=TWCA Secure SSL Certification Authority",
    "name_value": "course.ntu.edu.tw",
    "id": 16367578220,
    "entry_timestamp": "2025-01-22T08:07:55.847",
    "not_before": "2025-01-22T08:07:54",
    "not_after": "2026-02-21T15:59:59",
    "serial_number": "47e900000007acd273e52f4dd267ceaf",
    "result_count": 1
  },
  {
    "issuer_ca_id": 272008,
    "issuer_name": "C=TW, O=TAIWAN-CA, OU=Secure SSL Sub-CA, CN=TWCA Secure SSL Certification Authority",
    "name_value": "api.course.ntu.edu.tw",
    "id": 16367501067,
    "entry_timestamp": "2025-01-21T22:57:34.779",
    "not_before": "2025-01-21T22:57:33",
    "not_after": "2026-02-21T15:59:59",
    "serial_number": "47e900000007acb2556f5e792325b2ac",
    "result_count": 1
  },
  {
    "issuer_ca_id": 279003,
    "issuer_name": "C=TW, O=TAIWAN-CA, CN=TWCA Secure SSL Certification Authority",
    "name_value": "master.pe.ntu.edu.tw",
    "id": 16238131117,
    "entry_timestamp": "2025-01-15T08:18:25.587",
    "not_before": "2025-01-15T08:18:24",
    "not_after": "2026-01-18T15:59:59",
    "serial_number": "47e900000007aa9f1658d88bba5d456b",
    "result_count": 1
  },
  {
    "issuer_ca_id": 279003,
    "issuer_name": "C=TW, O=TAIWAN-CA, CN=TWCA Secure SSL Certification Authority",
    "name_value": "rent.pe.ntu.edu.tw",
    "id": 16238131470,
    "entry_timestamp": "2025-01-15T08:18:01.167",
    "not_before": "2025-01-15T08:17:58",
    "not_after": "2026-02-14T15:59:59",
    "serial_number": "47e900000007aa9e03ec86af45979938",
    "result_count": 1
  },
  {
    "issuer_ca_id": 272008,
    "issuer_name": "C=TW, O=TAIWAN-CA, OU=Secure SSL Sub-CA, CN=TWCA Secure SSL Certification Authority",
    "name_value": "ocw.aca.ntu.edu.tw",
    "id": 16083576742,
    "entry_timestamp": "2025-01-08T03:47:09.259",
    "not_before": "2025-01-08T03:47:08",
    "not_after": "2026-01-16T15:59:59",
    "serial_number": "47e900000007a8434aba8bc2c55c7a4e",
    "result_count": 1
  },
  {
    "issuer_ca_id": 1642,
    "issuer_name": "C=PL, O=Unizeto Technologies S.A., OU=Certum Certification Authority, CN=Certum Domain Validation CA SHA2",
    "name_value": "arts.ntu.edu.tw",
    "id": 15949536688,
    "entry_timestamp": "2024-12-31T07:56:37.004",
    "not_before": "2024-12-31T07:56:36",
    "not_after": "2026-01-30T00:00:00",
    "serial_number": "6d0f220bfe734941c2f76374def80548",
    "result_count": 1
  },
  {
    "issuer_ca_id": 279003,
    "issuer_name": "C=TW, O=TAIWAN-CA, CN=TWCA Secure SSL Certification Authority",
    "name_value": "training.dpd.ntu.edu.tw",
    "id": 15944764018,
    "entry_timestamp": "2024-12-30T22:59:47.749",
    "not_before": "2024-12-30T22:59:46",
    "not_after": "2026-01-30T15:59:59",
    "serial_number": "47e800000007a5953f7db35e7b57bb4d",
    "result_count": 1
  },
  {
    "issuer_ca_id": 279003,
    "issuer_name": "C=TW, O=TAIWAN-CA, CN=TWCA Secure SSL Certification Authority",
    "name_value": "www.personnel.ntu.edu.tw",
    "id": 15878968201,
    "entry_timestamp": "2024-12-25T03:22:11.109",
    "not_before": "2024-12-25T03:22:10",
    "not_after": "2026-01-04T15:59:59",
    "serial_number": "47e800000007a3cb13ad0eebb1af010d",
    "result_count": 1
  },
  {
    "issuer_ca_id": 279003,
    "issuer_name": "C=TW, O=TAIWAN-CA, CN=TWCA Secure SSL Certification Authority",
    "name_value": "ntusip.ntu.edu.tw",
    "id": 15860133507,
    "entry_timestamp": "2024-12-23T05:55:05.791",
    "not_before": "2024-12-23T05:55:04",
    "not_after": "2026-01-14T15:59:59",
    "serial_number": "47e800000007a2ed5ecd15dd25f7644a",
    "result_count": 1
  },
  {
    "issuer_ca_id": 279003,
    "issuer_name": "C=TW, O=TAIWAN-CA, CN=TWCA Secure SSL Certification Authority",
    "name_value": "dev.lib.ntu.edu.tw",
    "id": 15804241091,
    "entry_timestamp": "2024-12-18T01:55:51.418",
    "not_before": "2024-12-18T01:55:50",
    "not_after": "2025-12-18T15:59:59",
    "serial_number": "47e800000007a165250a7b710fc19f3a",
    "result_count": 1
  },
  {
    "issuer_ca_id": 279003,
    "issuer_name": "C=TW, O=TAIWAN-CA, CN=TWCA Secure SSL Certification Authority",
    "name_value": "tcmedia.ntuspecs.ntu.edu.tw",
    "id": 15782771920,
    "entry_timestamp": "2024-12-16T08:49:53.26",
    "not_before": "2024-12-16T08:49:52",
    "not_after": "2026-01-15T15:59:59",
    "serial_number": "47e800000007a0c179e69126a69b10cc",
    "result_count": 1
  },
  {
    "issuer_ca_id": 279003,
    "issuer_name": "C=TW, O=TAIWAN-CA, CN=TWCA Secure SSL Certification Authority",
    "name_value": "tccas.ntuspecs.ntu.edu.tw",
    "id": 15782722958,
    "entry_timestamp": "2024-12-16T08:46:13.762",
    "not_before": "2024-12-16T08:46:12",
    "not_after": "2026-01-15T15:59:59",
    "serial_number": "47e800000007a0be51c636aec9e237c0",
    "result_count": 1
  },
  {
    "issuer_ca_id": 279003,
    "issuer_name": "C=TW, O=TAIWAN-CA, CN=TWCA Secure SSL Certification Authority",
    "name_value": "elearn.ntuspecs.ntu.edu.tw",
    "id": 15781642973,
    "entry_timestamp": "2024-12-16T07:08:43.435",
    "not_before": "2024-12-16T07:08:41",
    "not_after": "2026-01-15T15:59:59",
    "serial_number": "47e800000007a09c209326cc5a4c0b79",
    "result_count": 1
  },
  {
    "issuer_ca_id": 279003,
    "issuer_name": "C=TW, O=TAIWAN-CA, CN=TWCA Secure SSL Certification Authority",
    "name_value": "if174.aca.ntu.edu.tw",
    "id": 15737174060,
    "entry_timestamp": "2024-12-13T08:08:43.675",
    "not_before": "2024-12-13T08:08:42",
    "not_after": "2025-12-21T15:59:59",
    "serial_number": "47e8000000079fda6e4ec528ce72f39c",
    "result_count": 1
  },
  {
    "issuer_ca_id": 279003,
    "issuer_name": "C=TW, O=TAIWAN-CA, CN=TWCA Secure SSL Certification Authority",
    "name_value": "exam.aca.ntu.edu.tw",
    "id": 15737140772,
    "entry_timestamp": "2024-12-13T08:05:01.979",
    "not_before": "2024-12-13T08:04:59",
    "not_after": "2025-12-16T15:59:59",
    "serial_number": "47e8000000079fd963c5a2c6f33f9772",
    "result_count": 1
  },
  {
    "issuer_ca_id": 1642,
    "issuer_name": "C=PL, O=Unizeto Technologies S.A., OU=Certum Certification Authority, CN=Certum Domain Validation CA SHA2",
    "name_value": "in.shs.ntu.edu.tw",
    "id": 15722095336,
    "entry_timestamp": "2024-12-12T05:38:48.741",
    "not_before": "2024-12-12T05:38:48",
    "not_after": "2025-12-12T05:38:47",
    "serial_number": "3058b9947fd8193421007b9710ce6797",
    "result_count": 1
  },
  {
    "issuer_ca_id": 158800,
    "issuer_name": "C=AT, O=ZeroSSL, CN=ZeroSSL RSA Domain Secure Site CA",
    "name_value": "sociology.ntu.edu.tw",
    "id": 15698590922,
    "entry_timestamp": "2024-12-10T15:53:07.808",
    "not_before": "2024-12-10T00:00:00",
    "not_after": "2025-12-10T23:59:59",
    "serial_number": "00a78e3897e956e82a58b5009d80d41ac8",
    "result_count": 1
  },
  {
    "issuer_ca_id": 158800,
    "issuer_name": "C=AT, O=ZeroSSL, CN=ZeroSSL RSA Domain Secure Site CA",
    "name_value": "sociology.ntu.edu.tw",
    "id": 15698590832,
    "entry_timestamp": "2024-12-10T15:53:07.115",
    "not_before": "2024-12-10T00:00:00",
    "not_after": "2025-12-10T23:59:59",
    "serial_number": "00a78e3897e956e82a58b5009d80d41ac8",
    "result_count": 1
  },
  {
    "issuer_ca_id": 105493,
    "issuer_name": "C=GB, ST=Greater Manchester, L=Salford, O=Sectigo Limited, CN=Sectigo RSA Domain Validation Secure Server CA",
    "name_value": "rtc.mc.ntu.edu.tw",
    "id": 15696400343,
    "entry_timestamp": "2024-12-10T12:04:37.958",
    "not_before": "2024-12-10T00:00:00",
    "not_after": "2025-12-30T23:59:59",
    "serial_number": "6c97c5cdb228a1c2eb6c99620ca43253",
    "result_count": 1
  },
  {
    "issuer_ca_id": 105493,
    "issuer_name": "C=GB, ST=Greater Manchester, L=Salford, O=Sectigo Limited, CN=Sectigo RSA Domain Validation Secure Server CA",
    "name_value": "rtc.mc.ntu.edu.tw",
    "id": 15696400444,
    "entry_timestamp": "2024-12-10T12:04:37.344",
    "not_before": "2024-12-10T00:00:00",
    "not_after": "2025-12-30T23:59:59",
    "serial_number": "6c97c5cdb228a1c2eb6c99620ca43253",
    "result_count": 1
  },
  {
    "issuer_ca_id": 105493,
    "issuer_name": "C=GB, ST=Greater Manchester, L=Salford, O=Sectigo Limited, CN=Sectigo RSA Domain Validation Secure Server CA",
    "name_value": "jn.mc.ntu.edu.tw",
    "id": 15695907542,
    "entry_timestamp": "2024-12-10T11:18:15.548",
    "not_before": "2024-12-10T00:00:00",
    "not_after": "2026-01-07T23:59:59",
    "serial_number": "4b7d8710f370ed0613cb175ffc48c08f",
    "result_count": 1
  },
  {
    "issuer_ca_id": 105493,
    "issuer_name": "C=GB, ST=Greater Manchester, L=Salford, O=Sectigo Limited, CN=Sectigo RSA Domain Validation Secure Server CA",
    "name_value": "jn.mc.ntu.edu.tw",
    "id": 15695907541,
    "entry_timestamp": "2024-12-10T11:18:14.917",
    "not_before": "2024-12-10T00:00:00",
    "not_after": "2026-01-07T23:59:59",
    "serial_number": "4b7d8710f370ed0613cb175ffc48c08f",
    "result_count": 1
  },
  {
    "issuer_ca_id": 105493,
    "issuer_name": "C=GB, ST=Greater Manchester, L=Salford, O=Sectigo Limited, CN=Sectigo RSA Domain Validation Secure Server CA",
    "name_value": "collections.arthistory.ntu.edu.tw",
    "id": 15689246875,
    "entry_timestamp": "2024-12-10T01:00:15.278",
    "not_before": "2024-12-10T00:00:00",
    "not_after": "2025-12-10T23:59:59",
    "serial_number": "39c15e8a9606b51c334ba43dd82b164f",
    "result_count": 1
  },
  {
    "issuer_ca_id": 105493,
    "issuer_name": "C=GB, ST=Greater Manchester, L=Salford, O=Sectigo Limited, CN=Sectigo RSA Domain Validation Secure Server CA",
    "name_value": "collections.arthistory.ntu.edu.tw",
    "id": 15689246131,
    "entry_timestamp": "2024-12-10T01:00:13.646",
    "not_before": "2024-12-10T00:00:00",
    "not_after": "2025-12-10T23:59:59",
    "serial_number": "39c15e8a9606b51c334ba43dd82b164f",
    "result_count": 1
  },
  {
    "issuer_ca_id": 797,
    "issuer_name": "C=US, ST=Arizona, L=Scottsdale, O=\"Starfield Technologies, Inc.\", OU=http://certs.starfieldtech.com/repository/, CN=Starfield Secure Certificate Authority - G2",
    "name_value": "garc.ntu.edu.tw",
    "id": 15670872943,
    "entry_timestamp": "2024-12-08T19:20:25.227",
    "not_before": "2024-12-08T19:20:24",
    "not_after": "2025-12-08T19:20:24",
    "serial_number": "0097c3587213359824",
    "result_count": 1
  },
  {
    "issuer_ca_id": 279003,
    "issuer_name": "C=TW, O=TAIWAN-CA, CN=TWCA Secure SSL Certification Authority",
    "name_value": "websurvey.coss.ntu.edu.tw",
    "id": 15605348366,
    "entry_timestamp": "2024-12-04T03:50:22.581",
    "not_before": "2024-12-04T03:50:21",
    "not_after": "2026-01-03T15:59:59",
    "serial_number": "47e8000000079cad5d193ca156aacd36",
    "result_count": 1
  },
  {
    "issuer_ca_id": 279003,
    "issuer_name": "C=TW, O=TAIWAN-CA, CN=TWCA Secure SSL Certification Authority",
    "name_value": "intensepo2023.ntu.edu.tw",
    "id": 15594144785,
    "entry_timestamp": "2024-12-03T07:07:29.332",
    "not_before": "2024-12-03T07:07:28",
    "not_after": "2025-12-03T15:59:59",
    "serial_number": "47e8000000079c363a39d399eadd82e8",
    "result_count": 1
  },
  {
    "issuer_ca_id": 105487,
    "issuer_name": "C=GB, ST=Greater Manchester, L=Salford, O=Sectigo Limited, CN=Sectigo RSA Organization Validation Secure Server CA",
    "name_value": "www.hss.ntu.edu.tw",
    "id": 15593693623,
    "entry_timestamp": "2024-12-03T06:16:49.661",
    "not_before": "2024-12-03T00:00:00",
    "not_after": "2025-12-29T23:59:59",
    "serial_number": "435284b2c6691d52dc37874e45b48121",
    "result_count": 1
  },
  {
    "issuer_ca_id": 105487,
    "issuer_name": "C=GB, ST=Greater Manchester, L=Salford, O=Sectigo Limited, CN=Sectigo RSA Organization Validation Secure Server CA",
    "name_value": "www.hss.ntu.edu.tw",
    "id": 15593696978,
    "entry_timestamp": "2024-12-03T06:16:48.703",
    "not_before": "2024-12-03T00:00:00",
    "not_after": "2025-12-29T23:59:59",
    "serial_number": "435284b2c6691d52dc37874e45b48121",
    "result_count": 1
  },
  {
    "issuer_ca_id": 279003,
    "issuer_name": "C=TW, O=TAIWAN-CA, CN=TWCA Secure SSL Certification Authority",
    "name_value": "procurement.ntu.edu.tw",
    "id": 15579968068,
    "entry_timestamp": "2024-12-02T01:29:22.347",
    "not_before": "2024-12-02T01:29:21",
    "not_after": "2025-12-26T15:59:59",
    "serial_number": "47e8000000079b81279f6f21b9db1af7",
    "result_count": 1
  },
  {
    "issuer_ca_id": 1770,
    "issuer_name": "C=TW, O=\"Chunghwa Telecom Co., Ltd.\", OU=Public Certification Authority - G2",
    "name_value": "esh.ntu.edu.tw",
    "id": 15543511628,
    "entry_timestamp": "2024-11-29T05:46:37.548",
    "not_before": "2024-11-29T05:46:36",
    "not_after": "2025-11-29T05:46:36",
    "serial_number": "63fdb09e49547a74a0b0053e5b68e63a",
    "result_count": 1
  },
  {
    "issuer_ca_id": 105493,
    "issuer_name": "C=GB, ST=Greater Manchester, L=Salford, O=Sectigo Limited, CN=Sectigo RSA Domain Validation Secure Server CA",
    "name_value": "intmed2.mc.ntu.edu.tw",
    "id": 15543025238,
    "entry_timestamp": "2024-11-29T04:55:12.977",
    "not_before": "2024-11-29T00:00:00",
    "not_after": "2025-12-06T23:59:59",
    "serial_number": "57c3dfe68c9578d99bb16e6837774a5c",
    "result_count": 1
  },
  {
    "issuer_ca_id": 105493,
    "issuer_name": "C=GB, ST=Greater Manchester, L=Salford, O=Sectigo Limited, CN=Sectigo RSA Domain Validation Secure Server CA",
    "name_value": "intmed2.mc.ntu.edu.tw",
    "id": 15543024909,
    "entry_timestamp": "2024-11-29T04:55:12.391",
    "not_before": "2024-11-29T00:00:00",
    "not_after": "2025-12-06T23:59:59",
    "serial_number": "57c3dfe68c9578d99bb16e6837774a5c",
    "result_count": 1
  },
  {
    "issuer_ca_id": 105487,
    "issuer_name": "C=GB, ST=Greater Manchester, L=Salford, O=Sectigo Limited, CN=Sectigo RSA Organization Validation Secure Server CA",
    "name_value": "www.hss.ntu.edu.tw",
    "id": 15517661053,
    "entry_timestamp": "2024-11-27T09:31:15.029",
    "not_before": "2024-11-27T00:00:00",
    "not_after": "2025-11-29T23:59:59",
    "serial_number": "46a3a1666f3c3b3ffec4fa9c9d44688b",
    "result_count": 1
  },
  {
    "issuer_ca_id": 105487,
    "issuer_name": "C=GB, ST=Greater Manchester, L=Salford, O=Sectigo Limited, CN=Sectigo RSA Organization Validation Secure Server CA",
    "name_value": "www.hss.ntu.edu.tw",
    "id": 15517661175,
    "entry_timestamp": "2024-11-27T09:31:14.567",
    "not_before": "2024-11-27T00:00:00",
    "not_after": "2025-11-29T23:59:59",
    "serial_number": "46a3a1666f3c3b3ffec4fa9c9d44688b",
    "result_count": 1
  },
  {
    "issuer_ca_id": 105493,
    "issuer_name": "C=GB, ST=Greater Manchester, L=Salford, O=Sectigo Limited, CN=Sectigo RSA Domain Validation Secure Server CA",
    "name_value": "rsprc.ntu.edu.tw",
    "id": 15502171780,
    "entry_timestamp": "2024-11-26T05:53:13.67",
    "not_before": "2024-11-26T00:00:00",
    "not_after": "2025-11-26T23:59:59",
    "serial_number": "008b767851759064877c31a248948c24be",
    "result_count": 1
  },
  {
    "issuer_ca_id": 105493,
    "issuer_name": "C=GB, ST=Greater Manchester, L=Salford, O=Sectigo Limited, CN=Sectigo RSA Domain Validation Secure Server CA",
    "name_value": "rsprc.ntu.edu.tw",
    "id": 15502172356,
    "entry_timestamp": "2024-11-26T05:53:13.026",
    "not_before": "2024-11-26T00:00:00",
    "not_after": "2025-11-26T23:59:59",
    "serial_number": "008b767851759064877c31a248948c24be",
    "result_count": 1
  },
  {
    "issuer_ca_id": 279003,
    "issuer_name": "C=TW, O=TAIWAN-CA, CN=TWCA Secure SSL Certification Authority",
    "name_value": "*.aca.ntu.edu.tw",
    "id": 15490722809,
    "entry_timestamp": "2024-11-25T09:45:23.166",
    "not_before": "2024-11-25T09:45:22",
    "not_after": "2025-11-25T15:59:59",
    "serial_number": "47e80000000798f00d8eb40396259a58",
    "result_count": 1
  },
  {
    "issuer_ca_id": 279003,
    "issuer_name": "C=TW, O=TAIWAN-CA, CN=TWCA Secure SSL Certification Authority",
    "name_value": "*.cmlab.csie.ntu.edu.tw",
    "id": 15488650424,
    "entry_timestamp": "2024-11-25T05:57:14.066",
    "not_before": "2024-11-25T05:57:12",
    "not_after": "2025-12-14T15:59:59",
    "serial_number": "47e80000000798d55bd902bbb7c659eb",
    "result_count": 1
  },
  {
    "issuer_ca_id": 279003,
    "issuer_name": "C=TW, O=TAIWAN-CA, CN=TWCA Secure SSL Certification Authority",
    "name_value": "dev2.lib.ntu.edu.tw",
    "id": 15487186048,
    "entry_timestamp": "2024-11-25T03:22:45.884",
    "not_before": "2024-11-25T03:22:44",
    "not_after": "2025-11-25T15:59:59",
    "serial_number": "47e80000000798ce1dc68a3645140662",
    "result_count": 1
  },
  {
    "issuer_ca_id": 279003,
    "issuer_name": "C=TW, O=TAIWAN-CA, CN=TWCA Secure SSL Certification Authority",
    "name_value": "dorm.ntu.edu.tw",
    "id": 15487039806,
    "entry_timestamp": "2024-11-25T03:07:50.12",
    "not_before": "2024-11-25T03:07:49",
    "not_after": "2025-12-23T15:59:59",
    "serial_number": "47e80000000798cc0eaa79e721652c36",
    "result_count": 1
  },
  {
    "issuer_ca_id": 279003,
    "issuer_name": "C=TW, O=TAIWAN-CA, CN=TWCA Secure SSL Certification Authority",
    "name_value": "ntlib.mc.ntu.edu.tw",
    "id": 15443908268,
    "entry_timestamp": "2024-11-21T10:13:31.807",
    "not_before": "2024-11-21T10:13:30",
    "not_after": "2025-12-20T15:59:59",
    "serial_number": "47e80000000796fc3eb836a9bb7bea65",
    "result_count": 1
  },
  {
    "issuer_ca_id": 105493,
    "issuer_name": "C=GB, ST=Greater Manchester, L=Salford, O=Sectigo Limited, CN=Sectigo RSA Domain Validation Secure Server CA",
    "name_value": "rec.ord.ntu.edu.tw",
    "id": 15442331482,
    "entry_timestamp": "2024-11-21T06:53:27.647",
    "not_before": "2024-11-21T00:00:00",
    "not_after": "2025-11-21T23:59:59",
    "serial_number": "00eb3d6a1c00e5baa4ad92e826c905f1aa",
    "result_count": 1
  },
  {
    "issuer_ca_id": 105493,
    "issuer_name": "C=GB, ST=Greater Manchester, L=Salford, O=Sectigo Limited, CN=Sectigo RSA Domain Validation Secure Server CA",
    "name_value": "rec.ord.ntu.edu.tw",
    "id": 15442331719,
    "entry_timestamp": "2024-11-21T06:53:27.135",
    "not_before": "2024-11-21T00:00:00",
    "not_after": "2025-11-21T23:59:59",
    "serial_number": "00eb3d6a1c00e5baa4ad92e826c905f1aa",
    "result_count": 1
  },
  {
    "issuer_ca_id": 1770,
    "issuer_name": "C=TW, O=\"Chunghwa Telecom Co., Ltd.\", OU=Public Certification Authority - G2",
    "name_value": "property.mc.ntu.edu.tw",
    "id": 15430614486,
    "entry_timestamp": "2024-11-20T06:55:58.67",
    "not_before": "2024-11-20T06:55:57",
    "not_after": "2025-11-28T15:59:59",
    "serial_number": "602f3c1b9749a91599ae389c2e873082",
    "result_count": 1
  },
  {
    "issuer_ca_id": 279003,
    "issuer_name": "C=TW, O=TAIWAN-CA, CN=TWCA Secure SSL Certification Authority",
    "name_value": "*.lib.ntu.edu.tw",
    "id": 15408929505,
    "entry_timestamp": "2024-11-18T13:38:57.527",
    "not_before": "2024-11-13T09:20:48",
    "not_after": "2025-12-08T15:59:59",
    "serial_number": "47e80000000793c11aaa644471c0d070",
    "result_count": 1
  },
  {
    "issuer_ca_id": 279003,
    "issuer_name": "C=TW, O=TAIWAN-CA, CN=TWCA Secure SSL Certification Authority",
    "name_value": "www.space.ntu.edu.tw",
    "id": 15367501441,
    "entry_timestamp": "2024-11-15T17:12:27.911",
    "not_before": "2024-11-15T04:32:54",
    "not_after": "2025-11-28T15:59:59",
    "serial_number": "47e80000000794891427a761d4481b89",
    "result_count": 1
  },
  {
    "issuer_ca_id": 279003,
    "issuer_name": "C=TW, O=TAIWAN-CA, CN=TWCA Secure SSL Certification Authority",
    "name_value": "office.space.ntu.edu.tw",
    "id": 15359836128,
    "entry_timestamp": "2024-11-15T04:34:13.244",
    "not_before": "2024-11-15T04:34:12",
    "not_after": "2025-12-13T15:59:59",
    "serial_number": "47e800000007948a5f1ba40b144bbdc6",
    "result_count": 1
  },
  {
    "issuer_ca_id": 279003,
    "issuer_name": "C=TW, O=TAIWAN-CA, CN=TWCA Secure SSL Certification Authority",
    "name_value": "www.space.ntu.edu.tw",
    "id": 15359823447,
    "entry_timestamp": "2024-11-15T04:32:56",
    "not_before": "2024-11-15T04:32:54",
    "not_after": "2025-11-28T15:59:59",
    "serial_number": "47e80000000794891427a761d4481b89",
    "result_count": 1
  },
  {
    "issuer_ca_id": 279003,
    "issuer_name": "C=TW, O=TAIWAN-CA, CN=TWCA Secure SSL Certification Authority",
    "name_value": "*.lib.ntu.edu.tw",
    "id": 15334118904,
    "entry_timestamp": "2024-11-13T09:20:49.243",
    "not_before": "2024-11-13T09:20:48",
    "not_after": "2025-12-08T15:59:59",
    "serial_number": "47e80000000793c11aaa644471c0d070",
    "result_count": 1
  },
  {
    "issuer_ca_id": 279003,
    "issuer_name": "C=TW, O=TAIWAN-CA, CN=TWCA Secure SSL Certification Authority",
    "name_value": "booking.aca.ntu.edu.tw",
    "id": 15249446227,
    "entry_timestamp": "2024-11-07T10:00:35.299",
    "not_before": "2024-11-07T10:00:34",
    "not_after": "2025-11-22T15:59:59",
    "serial_number": "47e80000000790f62ba8c1e603d1cd2c",
    "result_count": 1
  },
  {
    "issuer_ca_id": 279003,
    "issuer_name": "C=TW, O=TAIWAN-CA, CN=TWCA Secure SSL Certification Authority",
    "name_value": "netmng.cc.ntu.edu.tw",
    "id": 15245407493,
    "entry_timestamp": "2024-11-07T03:08:10.103",
    "not_before": "2024-11-07T03:08:09",
    "not_after": "2025-12-06T15:59:59",
    "serial_number": "47e80000000790cc00fa2b49e0f2bead",
    "result_count": 1
  }
]
--- [End of Log] ---
