
正在查詢 nptu.edu.tw 的子網域（抓取所有分頁）...

=== Shodan 原始 JSON（合併所有頁） ===
{
  "domain": "nptu.edu.tw",
  "tags": [
    "dmarc",
    "google-verified",
    "ipv6",
    "spf"
  ],
  "data": [
    {
      "subdomain": "",
      "type": "MX",
      "options": {
        "priority": 5,
        "ttl": 600
      },
      "value": "alt1.aspmx.l.google.com",
      "last_seen": "2025-11-17T18:32:15.497000"
    },
    {
      "subdomain": "",
      "type": "MX",
      "options": {
        "priority": 5,
        "ttl": 600
      },
      "value": "alt2.aspmx.l.google.com",
      "last_seen": "2025-11-17T18:32:15.498000"
    },
    {
      "subdomain": "",
      "type": "MX",
      "options": {
        "priority": 1,
        "ttl": 600
      },
      "value": "aspmx.l.google.com",
      "last_seen": "2025-11-17T18:32:15.497000"
    },
    {
      "subdomain": "",
      "type": "MX",
      "options": {
        "priority": 10,
        "ttl": 600
      },
      "value": "aspmx2.googlemail.com",
      "last_seen": "2025-11-17T18:32:15.498000"
    },
    {
      "subdomain": "",
      "type": "MX",
      "options": {
        "priority": 10,
        "ttl": 600
      },
      "value": "aspmx3.googlemail.com",
      "last_seen": "2025-11-17T18:32:15.498000"
    },
    {
      "subdomain": "",
      "type": "NS",
      "options": {
        "ttl": 600
      },
      "value": "ns1.nptu.edu.tw",
      "last_seen": "2025-11-17T18:31:09.480000"
    },
    {
      "subdomain": "",
      "type": "NS",
      "options": {
        "ttl": 600
      },
      "value": "ns2.nptu.edu.tw",
      "last_seen": "2025-11-17T18:31:09.480000"
    },
    {
      "subdomain": "",
      "type": "SOA",
      "options": {
        "retry": 7200,
        "expires": 604800,
        "refresh": 3600,
        "ttl": 600,
        "hostmaster": "yuen.mail.nptu.edu.tw",
        "serial": 2015043406,
        "minttl": 3600
      },
      "value": "ns1.nptu.edu.tw",
      "last_seen": "2025-11-17T18:33:10.440000"
    },
    {
      "subdomain": "",
      "type": "TXT",
      "options": {
        "ttl": 600
      },
      "value": "5OujQInY0Zh4mfh4V3nIeY49kwFlEE3mbu2rPwP-nGk",
      "last_seen": "2025-11-17T18:28:57.281000"
    },
    {
      "subdomain": "",
      "type": "TXT",
      "options": {
        "ttl": 600
      },
      "value": "google-site-verification=DS9-saeM4gNSdGoU1HYnM-TwgFer64Ay1sRksC3PwKE",
      "last_seen": "2025-11-17T18:28:57.281000"
    },
    {
      "subdomain": "",
      "type": "TXT",
      "options": {
        "ttl": 600
      },
      "value": "google-site-verification=E6SwgQLk6BThD4lj47-7u9hTdh9wRPiZVyPKkI1RP10",
      "last_seen": "2025-11-17T18:28:57.281000"
    },
    {
      "subdomain": "",
      "type": "TXT",
      "options": {
        "ttl": 600
      },
      "value": "google-site-verification=Qzt5-EvhzHJ6EqubK3ASwIjYnoci78YJMQfsqiRn2LE ",
      "last_seen": "2025-11-17T18:28:57.281000"
    },
    {
      "subdomain": "",
      "type": "TXT",
      "options": {
        "ttl": 600
      },
      "value": "google-site-verification=rUMmNLuHh660Mjoj8dnxA0xGFyx0HZ1iqySxoX6hUPI",
      "last_seen": "2025-11-17T18:28:57.281000"
    },
    {
      "subdomain": "",
      "type": "TXT",
      "options": {
        "ttl": 600
      },
      "value": "old_i6kHVZDG3e8S_3-pb4TJZW3iR9oJbJkmDdaI3JklR4g",
      "last_seen": "2025-11-17T18:28:57.281000"
    },
    {
      "subdomain": "",
      "type": "TXT",
      "options": {
        "ttl": 600
      },
      "value": "v=spf1 include:_spf.google.com ~all",
      "last_seen": "2025-11-17T18:28:57.281000"
    },
    {
      "subdomain": "2017byt",
      "type": "A",
      "options": {
        "ttl": 600
      },
      "value": "203.64.129.233",
      "last_seen": "2025-11-17T18:25:52.133000"
    },
    {
      "subdomain": "2017tsbs",
      "type": "A",
      "options": {
        "ttl": 600
      },
      "value": "163.24.248.30",
      "last_seen": "2025-11-17T18:25:51.842000"
    },
    {
      "subdomain": "2023icte",
      "type": "CNAME",
      "options": {
        "ttl": 600
      },
      "value": "project.nptu.edu.tw",
      "last_seen": "2025-11-17T18:25:51.988000"
    },
    {
      "subdomain": "2024com",
      "type": "CNAME",
      "options": {
        "ttl": 600
      },
      "value": "project.nptu.edu.tw",
      "last_seen": "2025-11-17T18:25:51.994000"
    },
    {
      "subdomain": "2024icte",
      "type": "CNAME",
      "options": {
        "ttl": 600
      },
      "value": "project.nptu.edu.tw",
      "last_seen": "2025-11-17T18:25:52.146000"
    },
    {
      "subdomain": "_3bf6d0570555ca0d71b3e83cfa12d0a4.ezproxy",
      "type": "A",
      "options": {
        "ttl": 600
      },
      "value": "140.127.82.15",
      "last_seen": "2025-11-17T18:25:52.020000"
    },
    {
      "subdomain": "_5d1be8c951a543f0b3f62719a4f531e0.ezproxy",
      "type": "A",
      "options": {
        "ttl": 600
      },
      "value": "140.127.82.15",
      "last_seen": "2025-11-17T18:25:52.012000"
    },
    {
      "subdomain": "_dmarc",
      "type": "TXT",
      "options": {
        "ttl": 600
      },
      "value": "v=DMARC1; p=quarantine; pct=100; adkim=r; aspf=r",
      "last_seen": "2025-11-17T18:28:56.875000"
    },
    {
      "subdomain": "a120013",
      "type": "A",
      "options": {
        "ttl": 600
      },
      "value": "203.64.120.13",
      "last_seen": "2025-11-17T18:25:52.112000"
    },
    {
      "subdomain": "a120037",
      "type": "A",
      "options": {
        "ttl": 600
      },
      "value": "203.64.120.37",
      "last_seen": "2025-11-17T18:25:52.013000"
    },
    {
      "subdomain": "a120039",
      "type": "A",
      "options": {
        "ttl": 600
      },
      "value": "203.64.120.39",
      "last_seen": "2025-11-17T18:25:52.834000"
    },
    {
      "subdomain": "a120041",
      "type": "A",
      "options": {
        "ttl": 600
      },
      "value": "203.64.120.41",
      "last_seen": "2025-11-17T18:25:52.354000"
    },
    {
      "subdomain": "a120101",
      "type": "A",
      "options": {
        "ttl": 600
      },
      "value": "203.64.120.101",
      "last_seen": "2025-11-17T18:25:52.003000"
    },
    {
      "subdomain": "a120132",
      "type": "A",
      "options": {
        "ttl": 600
      },
      "value": "203.64.120.132",
      "last_seen": "2025-11-17T18:25:52.057000"
    },
    {
      "subdomain": "a122052",
      "type": "A",
      "options": {
        "ttl": 600
      },
      "value": "203.64.122.52",
      "last_seen": "2025-11-17T18:25:52.315000"
    },
    {
      "subdomain": "a123166",
      "type": "A",
      "options": {
        "ttl": 600
      },
      "value": "203.64.123.166",
      "last_seen": "2025-11-17T18:25:52.049000"
    },
    {
      "subdomain": "a126180",
      "type": "A",
      "options": {
        "ttl": 600
      },
      "value": "203.64.126.180",
      "last_seen": "2025-11-17T18:25:51.901000"
    },
    {
      "subdomain": "a128025",
      "type": "A",
      "options": {
        "ttl": 600
      },
      "value": "203.64.128.25",
      "last_seen": "2025-11-17T18:25:51.833000"
    },
    {
      "subdomain": "a128047",
      "type": "A",
      "options": {
        "ttl": 600
      },
      "value": "203.64.128.47",
      "last_seen": "2025-11-17T18:25:51.901000"
    },
    {
      "subdomain": "a129075",
      "type": "A",
      "options": {
        "ttl": 600
      },
      "value": "203.64.129.75",
      "last_seen": "2025-11-17T18:25:52.146000"
    },
    {
      "subdomain": "a130001",
      "type": "A",
      "options": {
        "ttl": 600
      },
      "value": "203.64.130.1",
      "last_seen": "2025-11-17T18:25:53.099000"
    },
    {
      "subdomain": "a130002",
      "type": "A",
      "options": {
        "ttl": 600
      },
      "value": "203.64.130.2",
      "last_seen": "2025-11-17T18:25:52.410000"
    },
    {
      "subdomain": "a130004",
      "type": "A",
      "options": {
        "ttl": 600
      },
      "value": "203.64.130.4",
      "last_seen": "2025-11-17T18:25:52.164000"
    },
    {
      "subdomain": "a130005",
      "type": "A",
      "options": {
        "ttl": 600
      },
      "value": "203.64.130.5",
      "last_seen": "2025-11-17T18:25:52.297000"
    },
    {
      "subdomain": "a130039",
      "type": "A",
      "options": {
        "ttl": 599
      },
      "value": "203.64.130.39",
      "last_seen": "2025-11-17T18:25:52.146000"
    },
    {
      "subdomain": "a132007",
      "type": "A",
      "options": {
        "ttl": 600
      },
      "value": "203.64.132.7",
      "last_seen": "2025-11-17T18:25:52.020000"
    },
    {
      "subdomain": "a132081",
      "type": "A",
      "options": {
        "ttl": 600
      },
      "value": "203.64.132.81",
      "last_seen": "2025-11-17T18:25:52.333000"
    },
    {
      "subdomain": "a132092",
      "type": "A",
      "options": {
        "ttl": 600
      },
      "value": "203.64.132.92",
      "last_seen": "2025-11-17T18:25:51.876000"
    },
    {
      "subdomain": "a132093",
      "type": "A",
      "options": {
        "ttl": 600
      },
      "value": "203.64.132.93",
      "last_seen": "2025-11-17T18:25:52.019000"
    },
    {
      "subdomain": "a132095",
      "type": "A",
      "options": {
        "ttl": 600
      },
      "value": "203.64.132.95",
      "last_seen": "2025-11-17T18:25:51.920000"
    },
    {
      "subdomain": "a132096",
      "type": "A",
      "options": {
        "ttl": 600
      },
      "value": "203.64.132.96",
      "last_seen": "2025-11-17T18:25:51.878000"
    },
    {
      "subdomain": "a132097",
      "type": "A",
      "options": {
        "ttl": 600
      },
      "value": "203.64.132.97",
      "last_seen": "2025-11-17T18:25:51.888000"
    },
    {
      "subdomain": "a132098",
      "type": "A",
      "options": {
        "ttl": 600
      },
      "value": "203.64.132.98",
      "last_seen": "2025-11-17T18:25:52.258000"
    },
    {
      "subdomain": "a133001",
      "type": "A",
      "options": {
        "ttl": 600
      },
      "value": "203.64.133.1",
      "last_seen": "2025-11-17T18:25:51.982000"
    },
    {
      "subdomain": "a135017",
      "type": "A",
      "options": {
        "ttl": 600
      },
      "value": "203.64.135.17",
      "last_seen": "2025-11-17T18:25:52.132000"
    },
    {
      "subdomain": "aas",
      "type": "CNAME",
      "options": {
        "ttl": 600
      },
      "value": "www2.nptu.edu.tw",
      "last_seen": "2025-11-17T18:25:52.496000"
    },
    {
      "subdomain": "abroadapply.moebt",
      "type": "A",
      "options": {
        "ttl": 600
      },
      "value": "120.118.118.236",
      "last_seen": "2025-11-17T18:25:51.863000"
    },
    {
      "subdomain": "ac",
      "type": "CNAME",
      "options": {
        "ttl": 600
      },
      "value": "www2.nptu.edu.tw",
      "last_seen": "2025-11-17T18:25:52.411000"
    },
    {
      "subdomain": "acc",
      "type": "CNAME",
      "options": {
        "ttl": 600
      },
      "value": "www2.nptu.edu.tw",
      "last_seen": "2025-11-17T18:25:51.969000"
    },
    {
      "subdomain": "accd",
      "type": "CNAME",
      "options": {
        "ttl": 600
      },
      "value": "www2.nptu.edu.tw",
      "last_seen": "2025-11-17T18:25:51.969000"
    },
    {
      "subdomain": "accsys",
      "type": "A",
      "options": {
        "ttl": 600
      },
      "value": "120.118.118.163",
      "last_seen": "2025-11-17T18:25:51.993000"
    },
    {
      "subdomain": "act",
      "type": "CNAME",
      "options": {
        "ttl": 600
      },
      "value": "www2.nptu.edu.tw",
      "last_seen": "2025-11-17T18:25:51.862000"
    },
    {
      "subdomain": "activity",
      "type": "A",
      "options": {
        "ttl": 600
      },
      "value": "140.127.81.70",
      "last_seen": "2025-11-17T18:25:52.262000"
    },
    {
      "subdomain": "admission",
      "type": "CNAME",
      "options": {
        "ttl": 600
      },
      "value": "www2.nptu.edu.tw",
      "last_seen": "2025-11-17T18:25:51.943000"
    },
    {
      "subdomain": "ads",
      "type": "CNAME",
      "options": {
        "ttl": 600
      },
      "value": "www2.nptu.edu.tw",
      "last_seen": "2025-11-17T18:25:52.030000"
    },
    {
      "subdomain": "ai",
      "type": "A",
      "options": {
        "ttl": 600
      },
      "value": "163.24.242.168",
      "last_seen": "2025-11-17T18:25:52.128000"
    },
    {
      "subdomain": "aic",
      "type": "CNAME",
      "options": {
        "ttl": 600
      },
      "value": "www2.nptu.edu.tw",
      "last_seen": "2025-11-17T18:25:52.043000"
    },
    {
      "subdomain": "aidt",
      "type": "A",
      "options": {
        "ttl": 600
      },
      "value": "203.64.131.106",
      "last_seen": "2025-11-17T18:25:52.667000"
    },
    {
      "subdomain": "ais",
      "type": "A",
      "options": {
        "ttl": 600
      },
      "value": "203.64.135.29",
      "last_seen": "2025-11-17T18:25:52.146000"
    },
    {
      "subdomain": "aislab",
      "type": "A",
      "options": {
        "ttl": 600
      },
      "value": "203.64.134.236",
      "last_seen": "2025-11-17T18:25:51.862000"
    },
    {
      "subdomain": "alumni",
      "type": "CNAME",
      "options": {
        "ttl": 600
      },
      "value": "www2.nptu.edu.tw",
      "last_seen": "2025-11-17T18:25:52.436000"
    },
    {
      "subdomain": "app",
      "type": "A",
      "options": {
        "ttl": 600
      },
      "value": "120.118.118.234",
      "last_seen": "2025-11-17T18:25:52.195000"
    },
    {
      "subdomain": "apply.moebt",
      "type": "A",
      "options": {
        "ttl": 600
      },
      "value": "120.118.118.236",
      "last_seen": "2025-11-17T18:25:52.209000"
    },
    {
      "subdomain": "archives",
      "type": "CNAME",
      "options": {
        "ttl": 600
      },
      "value": "www2.nptu.edu.tw",
      "last_seen": "2025-11-17T18:25:51.979000"
    },
    {
      "subdomain": "artscenter",
      "type": "CNAME",
      "options": {
        "ttl": 599
      },
      "value": "www2.nptu.edu.tw",
      "last_seen": "2025-11-17T18:25:52.127000"
    },
    {
      "subdomain": "asims",
      "type": "CNAME",
      "options": {
        "ttl": 599
      },
      "value": "www2.nptu.edu.tw",
      "last_seen": "2025-11-17T18:25:52.627000"
    },
    {
      "subdomain": "asiphd",
      "type": "CNAME",
      "options": {
        "ttl": 600
      },
      "value": "www2.nptu.edu.tw",
      "last_seen": "2025-11-17T18:25:52.460000"
    },
    {
      "subdomain": "autodiscover.o365",
      "type": "CNAME",
      "options": {
        "ttl": 3600
      },
      "value": "autodiscover.outlook.com",
      "last_seen": "2025-11-17T18:25:52.846000"
    },
    {
      "subdomain": "autodiscover.office365",
      "type": "CNAME",
      "options": {
        "ttl": 3600
      },
      "value": "autodiscover.outlook.com",
      "last_seen": "2025-11-17T18:25:52.304000"
    },
    {
      "subdomain": "bgl",
      "type": "CNAME",
      "options": {
        "ttl": 600
      },
      "value": "www2.nptu.edu.tw",
      "last_seen": "2025-11-17T18:25:52.483000"
    },
    {
      "subdomain": "bigdata",
      "type": "CNAME",
      "options": {
        "ttl": 600
      },
      "value": "www2.nptu.edu.tw",
      "last_seen": "2025-11-17T18:25:52.507000"
    },
    {
      "subdomain": "biomap",
      "type": "A",
      "options": {
        "ttl": 600
      },
      "value": "163.24.248.118",
      "last_seen": "2025-11-17T18:25:52.479000"
    },
    {
      "subdomain": "blog",
      "type": "A",
      "options": {
        "ttl": 600
      },
      "value": "140.127.82.169",
      "last_seen": "2025-11-17T18:25:51.811000"
    },
    {
      "subdomain": "book",
      "type": "A",
      "options": {
        "ttl": 600
      },
      "value": "140.127.82.167",
      "last_seen": "2025-11-17T18:25:52.766000"
    },
    {
      "subdomain": "business",
      "type": "CNAME",
      "options": {
        "ttl": 600
      },
      "value": "www2.nptu.edu.tw",
      "last_seen": "2025-11-17T18:25:52.174000"
    },
    {
      "subdomain": "byt",
      "type": "A",
      "options": {
        "ttl": 600
      },
      "value": "203.64.130.7",
      "last_seen": "2025-11-17T18:25:51.927000"
    },
    {
      "subdomain": "byt2017",
      "type": "A",
      "options": {
        "ttl": 600
      },
      "value": "203.64.129.67",
      "last_seen": "2025-11-17T18:25:51.957000"
    },
    {
      "subdomain": "cai",
      "type": "CNAME",
      "options": {
        "ttl": 600
      },
      "value": "a126177.nptu.edu.tw",
      "last_seen": "2025-11-17T18:25:52.300000"
    },
    {
      "subdomain": "calendar",
      "type": "CNAME",
      "options": {
        "ttl": 600
      },
      "value": "ghs.googlehosted.com",
      "last_seen": "2025-11-17T18:25:51.962000"
    },
    {
      "subdomain": "cam",
      "type": "CNAME",
      "options": {
        "ttl": 600
      },
      "value": "www2.nptu.edu.tw",
      "last_seen": "2025-11-17T18:25:52.224000"
    },
    {
      "subdomain": "career",
      "type": "CNAME",
      "options": {
        "ttl": 599
      },
      "value": "www2.nptu.edu.tw",
      "last_seen": "2025-11-17T18:25:52.445000"
    },
    {
      "subdomain": "cash",
      "type": "CNAME",
      "options": {
        "ttl": 599
      },
      "value": "www2.nptu.edu.tw",
      "last_seen": "2025-11-17T18:25:52.061000"
    },
    {
      "subdomain": "cashier",
      "type": "A",
      "options": {
        "ttl": 600
      },
      "value": "140.127.81.175",
      "last_seen": "2025-11-17T18:25:52.019000"
    },
    {
      "subdomain": "cashier2",
      "type": "A",
      "options": {
        "ttl": 600
      },
      "value": "120.118.118.131",
      "last_seen": "2025-11-17T18:25:52.235000"
    },
    {
      "subdomain": "cat",
      "type": "A",
      "options": {
        "ttl": 600
      },
      "value": "163.24.244.105",
      "last_seen": "2025-11-17T18:25:51.993000"
    },
    {
      "subdomain": "cc.csie2",
      "type": "A",
      "options": {
        "ttl": 21600
      },
      "value": "203.64.128.57",
      "last_seen": "2025-11-17T18:25:52.103000"
    },
    {
      "subdomain": "ccd",
      "type": "CNAME",
      "options": {
        "ttl": 600
      },
      "value": "www2.nptu.edu.tw",
      "last_seen": "2025-11-17T18:25:52.012000"
    },
    {
      "subdomain": "cci",
      "type": "CNAME",
      "options": {
        "ttl": 600
      },
      "value": "www2.nptu.edu.tw",
      "last_seen": "2025-11-17T18:25:52.208000"
    },
    {
      "subdomain": "cclearn",
      "type": "A",
      "options": {
        "ttl": 600
      },
      "value": "140.127.81.96",
      "last_seen": "2025-11-17T18:25:52.342000"
    },
    {
      "subdomain": "ccm",
      "type": "CNAME",
      "options": {
        "ttl": 600
      },
      "value": "www2.nptu.edu.tw",
      "last_seen": "2025-11-17T18:25:52.538000"
    },
    {
      "subdomain": "ccs",
      "type": "CNAME",
      "options": {
        "ttl": 599
      },
      "value": "www2.nptu.edu.tw",
      "last_seen": "2025-11-17T18:25:52.147000"
    },
    {
      "subdomain": "cd",
      "type": "CNAME",
      "options": {
        "ttl": 600
      },
      "value": "www2.nptu.edu.tw",
      "last_seen": "2025-11-17T18:25:51.993000"
    },
    {
      "subdomain": "cec",
      "type": "CNAME",
      "options": {
        "ttl": 600
      },
      "value": "www2.nptu.edu.tw",
      "last_seen": "2025-11-17T18:25:51.947000"
    },
    {
      "subdomain": "cedu",
      "type": "A",
      "options": {
        "ttl": 599
      },
      "value": "120.118.118.222",
      "last_seen": "2025-11-17T18:25:52.145000"
    },
    {
      "subdomain": "cedu1",
      "type": "A",
      "options": {
        "ttl": 600
      },
      "value": "163.24.250.75",
      "last_seen": "2025-11-17T18:25:52.327000"
    },
    {
      "subdomain": "cedu2",
      "type": "A",
      "options": {
        "ttl": 600
      },
      "value": "163.24.250.76",
      "last_seen": "2025-11-17T18:25:51.857000"
    },
    {
      "subdomain": "ceduai",
      "type": "CNAME",
      "options": {
        "ttl": 600
      },
      "value": "www.nptu.edu.tw",
      "last_seen": "2025-11-17T18:25:51.984000"
    },
    {
      "subdomain": "ceduai2",
      "type": "CNAME",
      "options": {
        "ttl": 600
      },
      "value": "www2.nptu.edu.tw",
      "last_seen": "2025-11-17T18:25:52.770000"
    },
    {
      "subdomain": "cedunpd",
      "type": "CNAME",
      "options": {
        "ttl": 600
      },
      "value": "www2.nptu.edu.tw",
      "last_seen": "2025-11-17T18:25:52.163000"
    },
    {
      "subdomain": "cedusmart",
      "type": "A",
      "options": {
        "ttl": 600
      },
      "value": "163.24.250.74",
      "last_seen": "2025-11-17T18:25:52.055000"
    },
    {
      "subdomain": "ceduusr",
      "type": "CNAME",
      "options": {
        "ttl": 600
      },
      "value": "www.nptu.edu.tw",
      "last_seen": "2025-11-17T18:25:51.992000"
    },
    {
      "subdomain": "ceduusr2",
      "type": "CNAME",
      "options": {
        "ttl": 600
      },
      "value": "www2.nptu.edu.tw",
      "last_seen": "2025-11-17T18:25:52.004000"
    },
    {
      "subdomain": "cele",
      "type": "CNAME",
      "options": {
        "ttl": 600
      },
      "value": "www2.nptu.edu.tw",
      "last_seen": "2025-11-17T18:25:52.498000"
    },
    {
      "subdomain": "chensf",
      "type": "A",
      "options": {
        "ttl": 600
      },
      "value": "163.24.244.117",
      "last_seen": "2025-11-17T18:25:51.991000"
    },
    {
      "subdomain": "ciai",
      "type": "A",
      "options": {
        "ttl": 600
      },
      "value": "203.64.128.9",
      "last_seen": "2025-11-17T18:25:52.446000"
    },
    {
      "subdomain": "cis",
      "type": "CNAME",
      "options": {
        "ttl": 599
      },
      "value": "www2.nptu.edu.tw",
      "last_seen": "2025-11-17T18:25:52.055000"
    },
    {
      "subdomain": "clc",
      "type": "CNAME",
      "options": {
        "ttl": 599
      },
      "value": "www2.nptu.edu.tw",
      "last_seen": "2025-11-17T18:25:52.170000"
    },
    {
      "subdomain": "cll",
      "type": "CNAME",
      "options": {
        "ttl": 600
      },
      "value": "www2.nptu.edu.tw",
      "last_seen": "2025-11-17T18:25:52.109000"
    },
    {
      "subdomain": "cloud",
      "type": "CNAME",
      "options": {
        "ttl": 600
      },
      "value": "ghs.googlehosted.com",
      "last_seen": "2025-11-17T18:25:52.103000"
    },
    {
      "subdomain": "cloudmusic",
      "type": "A",
      "options": {
        "ttl": 600
      },
      "value": "140.127.81.70",
      "last_seen": "2025-11-17T18:25:51.958000"
    },
    {
      "subdomain": "cmap",
      "type": "A",
      "options": {
        "ttl": 600
      },
      "value": "140.127.81.177",
      "last_seen": "2025-11-17T18:25:52.331000"
    },
    {
      "subdomain": "cnc",
      "type": "CNAME",
      "options": {
        "ttl": 600
      },
      "value": "www.nptu.edu.tw",
      "last_seen": "2025-11-17T18:25:52.244000"
    },
    {
      "subdomain": "cnc2",
      "type": "CNAME",
      "options": {
        "ttl": 600
      },
      "value": "www2.nptu.edu.tw",
      "last_seen": "2025-11-17T18:25:52.227000"
    },
    {
      "subdomain": "com",
      "type": "CNAME",
      "options": {
        "ttl": 600
      },
      "value": "www2.nptu.edu.tw",
      "last_seen": "2025-11-17T18:25:52.368000"
    },
    {
      "subdomain": "counsel-c",
      "type": "CNAME",
      "options": {
        "ttl": 599
      },
      "value": "www2.nptu.edu.tw",
      "last_seen": "2025-11-17T18:25:52.124000"
    },
    {
      "subdomain": "counsel-s",
      "type": "CNAME",
      "options": {
        "ttl": 600
      },
      "value": "www2.nptu.edu.tw",
      "last_seen": "2025-11-17T18:25:52.764000"
    },
    {
      "subdomain": "counseling",
      "type": "A",
      "options": {
        "ttl": 600
      },
      "value": "120.118.118.180",
      "last_seen": "2025-11-17T18:25:52"
    },
    {
      "subdomain": "cs",
      "type": "CNAME",
      "options": {
        "ttl": 600
      },
      "value": "www2.nptu.edu.tw",
      "last_seen": "2025-11-17T18:25:52.490000"
    },
    {
      "subdomain": "csie",
      "type": "CNAME",
      "options": {
        "ttl": 600
      },
      "value": "www2.nptu.edu.tw",
      "last_seen": "2025-11-17T18:25:51.918000"
    },
    {
      "subdomain": "csie2",
      "type": "A",
      "options": {
        "ttl": 21600
      },
      "value": "203.64.128.94",
      "last_seen": "2025-11-17T18:25:52.508000"
    },
    {
      "subdomain": "cte",
      "type": "CNAME",
      "options": {
        "ttl": 600
      },
      "value": "www2.nptu.edu.tw",
      "last_seen": "2025-11-17T18:25:52.210000"
    },
    {
      "subdomain": "ctl",
      "type": "CNAME",
      "options": {
        "ttl": 600
      },
      "value": "www2.nptu.edu.tw",
      "last_seen": "2025-11-17T18:25:51.959000"
    },
    {
      "subdomain": "cud",
      "type": "CNAME",
      "options": {
        "ttl": 600
      },
      "value": "www2.nptu.edu.tw",
      "last_seen": "2025-11-17T18:25:52.127000"
    },
    {
      "subdomain": "cwisdom",
      "type": "A",
      "options": {
        "ttl": 600
      },
      "value": "203.64.131.106",
      "last_seen": "2025-11-17T18:25:52.007000"
    },
    {
      "subdomain": "dae",
      "type": "CNAME",
      "options": {
        "ttl": 600
      },
      "value": "www2.nptu.edu.tw",
      "last_seen": "2025-11-17T18:25:52.449000"
    },
    {
      "subdomain": "daj",
      "type": "CNAME",
      "options": {
        "ttl": 600
      },
      "value": "www2.nptu.edu.tw",
      "last_seen": "2025-11-17T18:25:52.018000"
    },
    {
      "subdomain": "data",
      "type": "CNAME",
      "options": {
        "ttl": 600
      },
      "value": "www2.nptu.edu.tw",
      "last_seen": "2025-11-17T18:25:51.958000"
    },
    {
      "subdomain": "dawu",
      "type": "CNAME",
      "options": {
        "ttl": 600
      },
      "value": "www2.nptu.edu.tw",
      "last_seen": "2025-11-17T18:25:52.116000"
    },
    {
      "subdomain": "dcma",
      "type": "CNAME",
      "options": {
        "ttl": 600
      },
      "value": "www2.nptu.edu.tw",
      "last_seen": "2025-11-17T18:25:52.566000"
    },
    {
      "subdomain": "diploma",
      "type": "A",
      "options": {
        "ttl": 600
      },
      "value": "120.118.118.142",
      "last_seen": "2025-11-17T18:25:51.929000"
    },
    {
      "subdomain": "diploma-api",
      "type": "A",
      "options": {
        "ttl": 600
      },
      "value": "120.118.118.141",
      "last_seen": "2025-11-17T18:25:52.517000"
    },
    {
      "subdomain": "diploma-test",
      "type": "A",
      "options": {
        "ttl": 600
      },
      "value": "120.118.118.144",
      "last_seen": "2025-11-17T18:25:52.036000"
    },
    {
      "subdomain": "distance",
      "type": "A",
      "options": {
        "ttl": 599
      },
      "value": "140.127.81.187",
      "last_seen": "2025-11-17T18:25:52.048000"
    },
    {
      "subdomain": "dlt2021",
      "type": "A",
      "options": {
        "ttl": 600
      },
      "value": "203.64.129.121",
      "last_seen": "2025-11-17T18:25:52.020000"
    },
    {
      "subdomain": "doc2ap",
      "type": "A",
      "options": {
        "ttl": 600
      },
      "value": "120.118.118.92",
      "last_seen": "2025-11-17T18:25:52.221000"
    },
    {
      "subdomain": "doc2ox",
      "type": "A",
      "options": {
        "ttl": 600
      },
      "value": "120.118.118.91",
      "last_seen": "2025-11-17T18:25:52.273000"
    },
    {
      "subdomain": "doi-org.ezproxy",
      "type": "A",
      "options": {
        "ttl": 600
      },
      "value": "140.127.82.15",
      "last_seen": "2025-11-17T18:25:52.012000"
    },
    {
      "subdomain": "dpm",
      "type": "A",
      "options": {
        "ttl": 600
      },
      "value": "203.64.131.106",
      "last_seen": "2025-11-17T18:25:52.538000"
    },
    {
      "subdomain": "dsc",
      "type": "CNAME",
      "options": {
        "ttl": 600
      },
      "value": "www2.nptu.edu.tw",
      "last_seen": "2025-11-17T18:25:52.211000"
    },
    {
      "subdomain": "dserver",
      "type": "CNAME",
      "options": {
        "ttl": 599
      },
      "value": "a120013.nptu.edu.tw",
      "last_seen": "2025-11-17T18:25:52.876000"
    },
    {
      "subdomain": "eap",
      "type": "CNAME",
      "options": {
        "ttl": 600
      },
      "value": "www2.nptu.edu.tw",
      "last_seen": "2025-11-17T18:25:51.992000"
    },
    {
      "subdomain": "ebook",
      "type": "A",
      "options": {
        "ttl": 600
      },
      "value": "163.24.251.10",
      "last_seen": "2025-11-17T18:25:52.593000"
    },
    {
      "subdomain": "ec",
      "type": "CNAME",
      "options": {
        "ttl": 600
      },
      "value": "www2.nptu.edu.tw",
      "last_seen": "2025-11-17T18:25:52.420000"
    },
    {
      "subdomain": "eceart",
      "type": "CNAME",
      "options": {
        "ttl": 599
      },
      "value": "www2.nptu.edu.tw",
      "last_seen": "2025-11-17T18:25:52.063000"
    },
    {
      "subdomain": "ecechildcare",
      "type": "CNAME",
      "options": {
        "ttl": 600
      },
      "value": "www2.nptu.edu.tw",
      "last_seen": "2025-11-17T18:25:51.978000"
    },
    {
      "subdomain": "edu",
      "type": "CNAME",
      "options": {
        "ttl": 600
      },
      "value": "www2.nptu.edu.tw",
      "last_seen": "2025-11-17T18:25:52.049000"
    },
    {
      "subdomain": "eeclass",
      "type": "A",
      "options": {
        "ttl": 600
      },
      "value": "120.118.119.100",
      "last_seen": "2025-11-17T18:25:52.400000"
    },
    {
      "subdomain": "einstein",
      "type": "CNAME",
      "options": {
        "ttl": 599
      },
      "value": "a122052.nptu.edu.tw",
      "last_seen": "2025-11-17T18:25:52.452000"
    },
    {
      "subdomain": "elearning",
      "type": "A",
      "options": {
        "ttl": 599
      },
      "value": "120.118.119.130",
      "last_seen": "2025-11-17T18:25:52.079000"
    },
    {
      "subdomain": "election",
      "type": "CNAME",
      "options": {
        "ttl": 600
      },
      "value": "www2.nptu.edu.tw",
      "last_seen": "2025-11-17T18:25:52.103000"
    },
    {
      "subdomain": "elportal",
      "type": "CNAME",
      "options": {
        "ttl": 600
      },
      "value": "elearning.nptu.edu.tw",
      "last_seen": "2025-11-17T18:25:52.079000"
    },
    {
      "subdomain": "emba",
      "type": "CNAME",
      "options": {
        "ttl": 600
      },
      "value": "www2.nptu.edu.tw",
      "last_seen": "2025-11-17T18:25:52.529000"
    },
    {
      "subdomain": "emi",
      "type": "CNAME",
      "options": {
        "ttl": 600
      },
      "value": "www2.nptu.edu.tw",
      "last_seen": "2025-11-17T18:25:51.998000"
    },
    {
      "subdomain": "eng",
      "type": "CNAME",
      "options": {
        "ttl": 600
      },
      "value": "www.nptu.edu.tw",
      "last_seen": "2025-11-17T18:25:52.086000"
    },
    {
      "subdomain": "eng2",
      "type": "CNAME",
      "options": {
        "ttl": 600
      },
      "value": "www2.nptu.edu.tw",
      "last_seen": "2025-11-17T18:25:52.180000"
    },
    {
      "subdomain": "english",
      "type": "CNAME",
      "options": {
        "ttl": 600
      },
      "value": "www2.nptu.edu.tw",
      "last_seen": "2025-11-17T18:25:52.289000"
    },
    {
      "subdomain": "enterpriseenrollment.o365",
      "type": "CNAME",
      "options": {
        "ttl": 3600
      },
      "value": "enterpriseenrollment.manage.microsoft.com",
      "last_seen": "2025-11-17T18:25:51.933000"
    },
    {
      "subdomain": "enterpriseregistration.o365",
      "type": "CNAME",
      "options": {
        "ttl": 3600
      },
      "value": "enterpriseregistration.windows.net",
      "last_seen": "2025-11-17T18:25:52.091000"
    },
    {
      "subdomain": "env",
      "type": "CNAME",
      "options": {
        "ttl": 599
      },
      "value": "www2.nptu.edu.tw",
      "last_seen": "2025-11-17T18:25:52.060000"
    },
    {
      "subdomain": "ep",
      "type": "A",
      "options": {
        "ttl": 600
      },
      "value": "140.127.81.38",
      "last_seen": "2025-11-17T18:25:51.899000"
    },
    {
      "subdomain": "epc",
      "type": "CNAME",
      "options": {
        "ttl": 600
      },
      "value": "www2.nptu.edu.tw",
      "last_seen": "2025-11-17T18:25:52.358000"
    },
    {
      "subdomain": "epcmod",
      "type": "A",
      "options": {
        "ttl": 600
      },
      "value": "140.127.81.70",
      "last_seen": "2025-11-17T18:25:52.248000"
    },
    {
      "subdomain": "escience",
      "type": "CNAME",
      "options": {
        "ttl": 600
      },
      "value": "www2.nptu.edu.tw",
      "last_seen": "2025-11-17T18:25:51.873000"
    },
    {
      "subdomain": "esx1",
      "type": "A",
      "options": {
        "ttl": 600
      },
      "value": "120.118.118.33",
      "last_seen": "2025-11-17T18:25:52.516000"
    },
    {
      "subdomain": "esx2",
      "type": "A",
      "options": {
        "ttl": 600
      },
      "value": "120.118.118.34",
      "last_seen": "2025-11-17T18:25:52.355000"
    },
    {
      "subdomain": "esx3",
      "type": "A",
      "options": {
        "ttl": 599
      },
      "value": "120.118.118.35",
      "last_seen": "2025-11-17T18:25:52.073000"
    },
    {
      "subdomain": "evaonline",
      "type": "A",
      "options": {
        "ttl": 600
      },
      "value": "120.118.118.174",
      "last_seen": "2025-11-17T18:25:52.004000"
    },
    {
      "subdomain": "exam",
      "type": "CNAME",
      "options": {
        "ttl": 600
      },
      "value": "www2.nptu.edu.tw",
      "last_seen": "2025-11-17T18:25:52.573000"
    },
    {
      "subdomain": "explore",
      "type": "A",
      "options": {
        "ttl": 600
      },
      "value": "163.24.250.73",
      "last_seen": "2025-11-17T18:25:52.436000"
    },
    {
      "subdomain": "ezproxy",
      "type": "A",
      "options": {
        "ttl": 600
      },
      "value": "140.127.82.15",
      "last_seen": "2025-11-17T18:25:51.934000"
    },
    {
      "subdomain": "faculty",
      "type": "A",
      "options": {
        "ttl": 600
      },
      "value": "120.118.118.17",
      "last_seen": "2025-11-17T18:25:51.992000"
    },
    {
      "subdomain": "finance",
      "type": "CNAME",
      "options": {
        "ttl": 600
      },
      "value": "www2.nptu.edu.tw",
      "last_seen": "2025-11-17T18:25:52.146000"
    },
    {
      "subdomain": "flexible",
      "type": "CNAME",
      "options": {
        "ttl": 599
      },
      "value": "elearning.nptu.edu.tw",
      "last_seen": "2025-11-17T18:25:52.177000"
    },
    {
      "subdomain": "flip",
      "type": "CNAME",
      "options": {
        "ttl": 600
      },
      "value": "elearning.nptu.edu.tw",
      "last_seen": "2025-11-17T18:25:51.988000"
    },
    {
      "subdomain": "freshmaneng",
      "type": "CNAME",
      "options": {
        "ttl": 600
      },
      "value": "www2.nptu.edu.tw",
      "last_seen": "2025-11-17T18:25:51.968000"
    },
    {
      "subdomain": "freshyou",
      "type": "CNAME",
      "options": {
        "ttl": 600
      },
      "value": "www2.nptu.edu.tw",
      "last_seen": "2025-11-17T18:25:52.512000"
    },
    {
      "subdomain": "front",
      "type": "CNAME",
      "options": {
        "ttl": 599
      },
      "value": "www2.nptu.edu.tw",
      "last_seen": "2025-11-17T18:25:52.094000"
    },
    {
      "subdomain": "gaad",
      "type": "CNAME",
      "options": {
        "ttl": 600
      },
      "value": "www2.nptu.edu.tw",
      "last_seen": "2025-11-17T18:25:51.967000"
    },
    {
      "subdomain": "gallery",
      "type": "CNAME",
      "options": {
        "ttl": 600
      },
      "value": "www2.nptu.edu.tw",
      "last_seen": "2025-11-17T18:25:52.397000"
    },
    {
      "subdomain": "gec",
      "type": "CNAME",
      "options": {
        "ttl": 600
      },
      "value": "www2.nptu.edu.tw",
      "last_seen": "2025-11-17T18:25:52.045000"
    },
    {
      "subdomain": "geccce",
      "type": "CNAME",
      "options": {
        "ttl": 600
      },
      "value": "www2.nptu.edu.tw",
      "last_seen": "2025-11-17T18:25:52.370000"
    },
    {
      "subdomain": "geec",
      "type": "CNAME",
      "options": {
        "ttl": 600
      },
      "value": "www2.nptu.edu.tw",
      "last_seen": "2025-11-17T18:25:52.467000"
    },
    {
      "subdomain": "gen",
      "type": "CNAME",
      "options": {
        "ttl": 600
      },
      "value": "www2.nptu.edu.tw",
      "last_seen": "2025-11-17T18:25:52.227000"
    },
    {
      "subdomain": "general",
      "type": "CNAME",
      "options": {
        "ttl": 600
      },
      "value": "www2.nptu.edu.tw",
      "last_seen": "2025-11-17T18:25:52.280000"
    },
    {
      "subdomain": "giea",
      "type": "CNAME",
      "options": {
        "ttl": 599
      },
      "value": "www2.nptu.edu.tw",
      "last_seen": "2025-11-17T18:25:52.660000"
    },
    {
      "subdomain": "gift",
      "type": "A",
      "options": {
        "ttl": 600
      },
      "value": "163.24.250.168",
      "last_seen": "2025-11-17T18:25:51.811000"
    },
    {
      "subdomain": "git.csie2",
      "type": "A",
      "options": {
        "ttl": 21600
      },
      "value": "203.64.128.7",
      "last_seen": "2025-11-17T18:25:52.028000"
    },
    {
      "subdomain": "gmail",
      "type": "CNAME",
      "options": {
        "ttl": 600
      },
      "value": "ghs.googlehosted.com",
      "last_seen": "2025-11-17T18:25:52.450000"
    },
    {
      "subdomain": "gomoku.csie",
      "type": "A",
      "options": {
        "ttl": 600
      },
      "value": "203.64.128.24",
      "last_seen": "2025-11-17T18:25:51.911000"
    },
    {
      "subdomain": "gomoku.csie2",
      "type": "A",
      "options": {
        "ttl": 21600
      },
      "value": "203.64.128.189",
      "last_seen": "2025-11-17T18:25:52.104000"
    },
    {
      "subdomain": "graduate",
      "type": "CNAME",
      "options": {
        "ttl": 600
      },
      "value": "www2.nptu.edu.tw",
      "last_seen": "2025-11-17T18:25:52.613000"
    },
    {
      "subdomain": "green",
      "type": "CNAME",
      "options": {
        "ttl": 600
      },
      "value": "www2.nptu.edu.tw",
      "last_seen": "2025-11-17T18:25:52.103000"
    },
    {
      "subdomain": "groups",
      "type": "CNAME",
      "options": {
        "ttl": 600
      },
      "value": "ghs.googlehosted.com",
      "last_seen": "2025-11-17T18:25:52.352000"
    },
    {
      "subdomain": "hakka",
      "type": "CNAME",
      "options": {
        "ttl": 600
      },
      "value": "www2.nptu.edu.tw",
      "last_seen": "2025-11-17T18:25:51.956000"
    },
    {
      "subdomain": "hakkafamily",
      "type": "CNAME",
      "options": {
        "ttl": 599
      },
      "value": "www2.nptu.edu.tw",
      "last_seen": "2025-11-17T18:25:52.125000"
    },
    {
      "subdomain": "hakkafamily2",
      "type": "CNAME",
      "options": {
        "ttl": 599
      },
      "value": "project.nptu.edu.tw",
      "last_seen": "2025-11-17T18:25:52.079000"
    },
    {
      "subdomain": "hakkam",
      "type": "CNAME",
      "options": {
        "ttl": 600
      },
      "value": "www2.nptu.edu.tw",
      "last_seen": "2025-11-17T18:25:52.308000"
    },
    {
      "subdomain": "hakkamod",
      "type": "A",
      "options": {
        "ttl": 600
      },
      "value": "140.127.81.70",
      "last_seen": "2025-11-17T18:25:52.103000"
    },
    {
      "subdomain": "hakkaplan",
      "type": "CNAME",
      "options": {
        "ttl": 600
      },
      "value": "www2.nptu.edu.tw",
      "last_seen": "2025-11-17T18:25:52.268000"
    },
    {
      "subdomain": "hcilab",
      "type": "A",
      "options": {
        "ttl": 600
      },
      "value": "163.24.242.210",
      "last_seen": "2025-11-17T18:25:52.610000"
    },
    {
      "subdomain": "herm",
      "type": "A",
      "options": {
        "ttl": 600
      },
      "value": "203.64.129.163",
      "last_seen": "2025-11-17T18:25:51.856000"
    },
    {
      "subdomain": "hkm",
      "type": "A",
      "options": {
        "ttl": 600
      },
      "value": "203.64.131.106",
      "last_seen": "2025-11-17T18:25:52.181000"
    },
    {
      "subdomain": "hlitplan",
      "type": "CNAME",
      "options": {
        "ttl": 600
      },
      "value": "www2.nptu.edu.tw",
      "last_seen": "2025-11-17T18:25:52.323000"
    },
    {
      "subdomain": "hoa",
      "type": "CNAME",
      "options": {
        "ttl": 600
      },
      "value": "www2.nptu.edu.tw",
      "last_seen": "2025-11-17T18:25:52.327000"
    },
    {
      "subdomain": "hrs",
      "type": "A",
      "options": {
        "ttl": 600
      },
      "value": "120.118.118.167",
      "last_seen": "2025-11-17T18:25:52.568000"
    },
    {
      "subdomain": "humble",
      "type": "CNAME",
      "options": {
        "ttl": 600
      },
      "value": "a129075.nptu.edu.tw",
      "last_seen": "2025-11-17T18:25:52.780000"
    },
    {
      "subdomain": "ica",
      "type": "CNAME",
      "options": {
        "ttl": 600
      },
      "value": "www2.nptu.edu.tw",
      "last_seen": "2025-11-17T18:25:52.145000"
    },
    {
      "subdomain": "icru-2021",
      "type": "CNAME",
      "options": {
        "ttl": 600
      },
      "value": "ghs.googlehosted.com",
      "last_seen": "2025-11-17T18:25:52.016000"
    },
    {
      "subdomain": "ierc",
      "type": "CNAME",
      "options": {
        "ttl": 600
      },
      "value": "www2.nptu.edu.tw",
      "last_seen": "2025-11-17T18:25:52.426000"
    },
    {
      "subdomain": "iic",
      "type": "CNAME",
      "options": {
        "ttl": 600
      },
      "value": "www2.nptu.edu.tw",
      "last_seen": "2025-11-17T18:25:51.988000"
    },
    {
      "subdomain": "iicollege",
      "type": "CNAME",
      "options": {
        "ttl": 600
      },
      "value": "www.nptu.edu.tw",
      "last_seen": "2025-11-17T18:25:52.014000"
    },
    {
      "subdomain": "iicollege2",
      "type": "CNAME",
      "options": {
        "ttl": 600
      },
      "value": "www2.nptu.edu.tw",
      "last_seen": "2025-11-17T18:25:52.449000"
    },
    {
      "subdomain": "iita",
      "type": "CNAME",
      "options": {
        "ttl": 600
      },
      "value": "www2.nptu.edu.tw",
      "last_seen": "2025-11-17T18:25:52.576000"
    },
    {
      "subdomain": "inclusionlifehub",
      "type": "CNAME",
      "options": {
        "ttl": 600
      },
      "value": "project.nptu.edu.tw",
      "last_seen": "2025-11-17T18:25:51.902000"
    },
    {
      "subdomain": "indigenes",
      "type": "A",
      "options": {
        "ttl": 600
      },
      "value": "140.127.81.70",
      "last_seen": "2025-11-17T18:25:51.927000"
    },
    {
      "subdomain": "indigenous",
      "type": "CNAME",
      "options": {
        "ttl": 600
      },
      "value": "www2.nptu.edu.tw",
      "last_seen": "2025-11-17T18:25:52.544000"
    },
    {
      "subdomain": "intersci",
      "type": "CNAME",
      "options": {
        "ttl": 600
      },
      "value": "www2.nptu.edu.tw",
      "last_seen": "2025-11-17T18:25:52.075000"
    },
    {
      "subdomain": "ipass",
      "type": "A",
      "options": {
        "ttl": 600
      },
      "value": "120.118.118.187",
      "last_seen": "2025-11-17T18:25:52.050000"
    },
    {
      "subdomain": "ipmagnt",
      "type": "A",
      "options": {
        "ttl": 600
      },
      "value": "140.127.81.148",
      "last_seen": "2025-11-17T18:25:51.880000"
    },
    {
      "subdomain": "ir",
      "type": "A",
      "options": {
        "ttl": 600
      },
      "value": "140.127.82.166",
      "last_seen": "2025-11-17T18:25:51.941000"
    },
    {
      "subdomain": "iro",
      "type": "CNAME",
      "options": {
        "ttl": 600
      },
      "value": "www2.nptu.edu.tw",
      "last_seen": "2025-11-17T18:25:51.943000"
    },
    {
      "subdomain": "irs",
      "type": "CNAME",
      "options": {
        "ttl": 600
      },
      "value": "project.nptu.edu.tw",
      "last_seen": "2025-11-17T18:25:52.508000"
    },
    {
      "subdomain": "isrc",
      "type": "CNAME",
      "options": {
        "ttl": 600
      },
      "value": "www2.nptu.edu.tw",
      "last_seen": "2025-11-17T18:25:52.076000"
    },
    {
      "subdomain": "itqcdp",
      "type": "CNAME",
      "options": {
        "ttl": 600
      },
      "value": "project.nptu.edu.tw",
      "last_seen": "2025-11-17T18:25:52.216000"
    },
    {
      "subdomain": "ivideo",
      "type": "A",
      "options": {
        "ttl": 600
      },
      "value": "140.127.82.32",
      "last_seen": "2025-11-17T18:25:52.522000"
    },
    {
      "subdomain": "journal",
      "type": "A",
      "options": {
        "ttl": 600
      },
      "value": "120.118.118.162",
      "last_seen": "2025-11-17T18:25:51.993000"
    },
    {
      "subdomain": "junwu",
      "type": "A",
      "options": {
        "ttl": 600
      },
      "value": "203.64.128.191",
      "last_seen": "2025-11-17T18:25:52.262000"
    },
    {
      "subdomain": "km",
      "type": "A",
      "options": {
        "ttl": 600
      },
      "value": "203.64.131.106",
      "last_seen": "2025-11-17T18:25:52.688000"
    },
    {
      "subdomain": "kms",
      "type": "CNAME",
      "options": {
        "ttl": 600
      },
      "value": "a130005.nptu.edu.tw",
      "last_seen": "2025-11-17T18:25:52.296000"
    },
    {
      "subdomain": "laws",
      "type": "CNAME",
      "options": {
        "ttl": 599
      },
      "value": "www2.nptu.edu.tw",
      "last_seen": "2025-11-17T18:25:52.449000"
    },
    {
      "subdomain": "lcms",
      "type": "CNAME",
      "options": {
        "ttl": 599
      },
      "value": "elearning.nptu.edu.tw",
      "last_seen": "2025-11-17T18:25:52.110000"
    },
    {
      "subdomain": "leisure",
      "type": "CNAME",
      "options": {
        "ttl": 600
      },
      "value": "www2.nptu.edu.tw",
      "last_seen": "2025-11-17T18:25:52.469000"
    },
    {
      "subdomain": "lib",
      "type": "A",
      "options": {
        "ttl": 600
      },
      "value": "210.71.195.10",
      "last_seen": "2025-11-17T18:25:51.940000"
    },
    {
      "subdomain": "lib1",
      "type": "A",
      "options": {
        "ttl": 599
      },
      "value": "140.127.82.12",
      "last_seen": "2025-11-17T18:25:52.667000"
    },
    {
      "subdomain": "libadmin",
      "type": "A",
      "options": {
        "ttl": 600
      },
      "value": "211.78.246.68",
      "last_seen": "2025-11-17T18:25:52.020000"
    },
    {
      "subdomain": "library",
      "type": "A",
      "options": {
        "ttl": 600
      },
      "value": "140.127.82.13",
      "last_seen": "2025-11-17T18:25:52.466000"
    },
    {
      "subdomain": "libweb",
      "type": "CNAME",
      "options": {
        "ttl": 600
      },
      "value": "www2.nptu.edu.tw",
      "last_seen": "2025-11-17T18:25:51.940000"
    },
    {
      "subdomain": "liveabc",
      "type": "A",
      "options": {
        "ttl": 600
      },
      "value": "140.127.82.19",
      "last_seen": "2025-11-17T18:25:52.011000"
    },
    {
      "subdomain": "ljwang",
      "type": "A",
      "options": {
        "ttl": 600
      },
      "value": "203.64.131.106",
      "last_seen": "2025-11-17T18:25:52.218000"
    },
    {
      "subdomain": "lsod",
      "type": "CNAME",
      "options": {
        "ttl": 600
      },
      "value": "www2.nptu.edu.tw",
      "last_seen": "2025-11-17T18:25:52.219000"
    },
    {
      "subdomain": "lyncdiscover.o365",
      "type": "CNAME",
      "options": {
        "ttl": 3600
      },
      "value": "webdir.online.lync.com",
      "last_seen": "2025-11-17T18:25:52.044000"
    },
    {
      "subdomain": "lyncdiscover.office365",
      "type": "CNAME",
      "options": {
        "ttl": 3600
      },
      "value": "webdir.online.lync.com",
      "last_seen": "2025-11-17T18:25:52.450000"
    },
    {
      "subdomain": "mail",
      "type": "A",
      "options": {
        "ttl": 600
      },
      "value": "120.118.118.6",
      "last_seen": "2025-11-17T18:25:52.308000"
    },
    {
      "subdomain": "maintain",
      "type": "A",
      "options": {
        "ttl": 600
      },
      "value": "140.127.81.140",
      "last_seen": "2025-11-17T18:25:51.927000"
    },
    {
      "subdomain": "math",
      "type": "CNAME",
      "options": {
        "ttl": 599
      },
      "value": "www2.nptu.edu.tw",
      "last_seen": "2025-11-17T18:25:52.103000"
    },
    {
      "subdomain": "mathmod",
      "type": "A",
      "options": {
        "ttl": 600
      },
      "value": "140.127.81.70",
      "last_seen": "2025-11-17T18:25:52.580000"
    },
    {
      "subdomain": "mba",
      "type": "CNAME",
      "options": {
        "ttl": 600
      },
      "value": "www2.nptu.edu.tw",
      "last_seen": "2025-11-17T18:25:52.339000"
    },
    {
      "subdomain": "mccteach.ccteach",
      "type": "CNAME",
      "options": {
        "ttl": 600
      },
      "value": "a130002.nptu.edu.tw",
      "last_seen": "2025-11-17T18:25:52.410000"
    },
    {
      "subdomain": "mdis",
      "type": "CNAME",
      "options": {
        "ttl": 600
      },
      "value": "www2.nptu.edu.tw",
      "last_seen": "2025-11-17T18:25:52.240000"
    },
    {
      "subdomain": "mdm",
      "type": "CNAME",
      "options": {
        "ttl": 600
      },
      "value": "www2.nptu.edu.tw",
      "last_seen": "2025-11-17T18:25:52.450000"
    },
    {
      "subdomain": "med",
      "type": "A",
      "options": {
        "ttl": 600
      },
      "value": "140.127.85.15",
      "last_seen": "2025-11-17T18:25:52.324000"
    },
    {
      "subdomain": "mil",
      "type": "CNAME",
      "options": {
        "ttl": 600
      },
      "value": "www2.nptu.edu.tw",
      "last_seen": "2025-11-17T18:25:52.079000"
    },
    {
      "subdomain": "mis",
      "type": "CNAME",
      "options": {
        "ttl": 600
      },
      "value": "www2.nptu.edu.tw",
      "last_seen": "2025-11-17T18:25:52.238000"
    },
    {
      "subdomain": "mmec",
      "type": "CNAME",
      "options": {
        "ttl": 600
      },
      "value": "www2.nptu.edu.tw",
      "last_seen": "2025-11-17T18:25:51.939000"
    },
    {
      "subdomain": "mod",
      "type": "A",
      "options": {
        "ttl": 600
      },
      "value": "140.127.81.70",
      "last_seen": "2025-11-17T18:25:52.156000"
    },
    {
      "subdomain": "moebt",
      "type": "CNAME",
      "options": {
        "ttl": 600
      },
      "value": "www2.nptu.edu.tw",
      "last_seen": "2025-11-17T18:25:51.863000"
    },
    {
      "subdomain": "msoid.o365",
      "type": "CNAME",
      "options": {
        "ttl": 3600
      },
      "value": "clientconfig.microsoftonline-p.net",
      "last_seen": "2025-11-17T18:25:51.845000"
    },
    {
      "subdomain": "msoid.office365",
      "type": "CNAME",
      "options": {
        "ttl": 3600
      },
      "value": "clientconfig.microsoftonline-p.net",
      "last_seen": "2025-11-17T18:25:53.054000"
    },
    {
      "subdomain": "music",
      "type": "CNAME",
      "options": {
        "ttl": 599
      },
      "value": "www2.nptu.edu.tw",
      "last_seen": "2025-11-17T18:25:52.241000"
    },
    {
      "subdomain": "ndbsb",
      "type": "CNAME",
      "options": {
        "ttl": 600
      },
      "value": "a132081.nptu.edu.tw",
      "last_seen": "2025-11-17T18:25:52.333000"
    },
    {
      "subdomain": "ndbse",
      "type": "CNAME",
      "options": {
        "ttl": 600
      },
      "value": "a132095.nptu.edu.tw",
      "last_seen": "2025-11-17T18:25:51.920000"
    },
    {
      "subdomain": "ndbsf",
      "type": "CNAME",
      "options": {
        "ttl": 599
      },
      "value": "a132097.nptu.edu.tw",
      "last_seen": "2025-11-17T18:25:52.330000"
    },
    {
      "subdomain": "netperf",
      "type": "A",
      "options": {
        "ttl": 600
      },
      "value": "140.127.81.73",
      "last_seen": "2025-11-17T18:25:51.884000"
    },
    {
      "subdomain": "night-exam",
      "type": "CNAME",
      "options": {
        "ttl": 600
      },
      "value": "www2.nptu.edu.tw",
      "last_seen": "2025-11-17T18:25:52.346000"
    },
    {
      "subdomain": "nm",
      "type": "CNAME",
      "options": {
        "ttl": 600
      },
      "value": "www2.nptu.edu.tw",
      "last_seen": "2025-11-17T18:25:52.003000"
    },
    {
      "subdomain": "notice",
      "type": "A",
      "options": {
        "ttl": 600
      },
      "value": "120.118.118.137",
      "last_seen": "2025-11-17T18:25:51.866000"
    },
    {
      "subdomain": "notice",
      "type": "AAAA",
      "options": {
        "ttl": 600
      },
      "value": "2001:288:8008:118::137",
      "last_seen": "2025-11-17T18:27:59.153000"
    },
    {
      "subdomain": "novelcoronavirus2",
      "type": "CNAME",
      "options": {
        "ttl": 600
      },
      "value": "www2.nptu.edu.tw",
      "last_seen": "2025-11-17T18:25:52.614000"
    },
    {
      "subdomain": "nptuaa",
      "type": "CNAME",
      "options": {
        "ttl": 600
      },
      "value": "www2.nptu.edu.tw",
      "last_seen": "2025-11-17T18:25:51.930000"
    },
    {
      "subdomain": "nptucncnas",
      "type": "A",
      "options": {
        "ttl": 600
      },
      "value": "203.64.124.196",
      "last_seen": "2025-11-17T18:25:52.183000"
    },
    {
      "subdomain": "nptueschool",
      "type": "A",
      "options": {
        "ttl": 600
      },
      "value": "120.118.118.181",
      "last_seen": "2025-11-17T18:25:53.169000"
    },
    {
      "subdomain": "nptulab555",
      "type": "A",
      "options": {
        "ttl": 600
      },
      "value": "203.64.130.44",
      "last_seen": "2025-11-17T18:25:52.638000"
    },
    {
      "subdomain": "nptumindfulness",
      "type": "CNAME",
      "options": {
        "ttl": 600
      },
      "value": "www2.nptu.edu.tw",
      "last_seen": "2025-11-17T18:25:51.878000"
    },
    {
      "subdomain": "nptuptst2025",
      "type": "CNAME",
      "options": {
        "ttl": 599
      },
      "value": "project.nptu.edu.tw",
      "last_seen": "2025-11-17T18:25:52.089000"
    },
    {
      "subdomain": "nptuspecial",
      "type": "A",
      "options": {
        "ttl": 600
      },
      "value": "120.118.118.176",
      "last_seen": "2025-11-17T18:25:51.938000"
    },
    {
      "subdomain": "ns1",
      "type": "A",
      "options": {
        "ttl": 600
      },
      "value": "120.118.118.1",
      "last_seen": "2025-11-17T18:25:52.120000"
    },
    {
      "subdomain": "ns1",
      "type": "AAAA",
      "options": {
        "ttl": 600
      },
      "value": "2001:288:8008:118::1",
      "last_seen": "2025-11-17T18:27:58.127000"
    },
    {
      "subdomain": "ns2",
      "type": "A",
      "options": {
        "ttl": 600
      },
      "value": "120.118.118.2",
      "last_seen": "2025-11-17T18:25:52.105000"
    },
    {
      "subdomain": "ns2",
      "type": "AAAA",
      "options": {
        "ttl": 600
      },
      "value": "2001:288:8008:118::2",
      "last_seen": "2025-11-17T18:27:57.869000"
    },
    {
      "subdomain": "o5tp6reunnt5",
      "type": "CNAME",
      "options": {
        "ttl": 600
      },
      "value": "gv-25ymt6o6knl3q4.dv.googlehosted.com",
      "last_seen": "2025-11-17T18:25:52.384000"
    },
    {
      "subdomain": "oaa",
      "type": "CNAME",
      "options": {
        "ttl": 600
      },
      "value": "www2.nptu.edu.tw",
      "last_seen": "2025-11-17T18:25:52.191000"
    },
    {
      "subdomain": "oia",
      "type": "CNAME",
      "options": {
        "ttl": 600
      },
      "value": "www2.nptu.edu.tw",
      "last_seen": "2025-11-17T18:25:52.702000"
    },
    {
      "subdomain": "oiais",
      "type": "CNAME",
      "options": {
        "ttl": 600
      },
      "value": "www2.nptu.edu.tw",
      "last_seen": "2025-11-17T18:25:52.648000"
    },
    {
      "subdomain": "ord",
      "type": "CNAME",
      "options": {
        "ttl": 600
      },
      "value": "www.nptu.edu.tw",
      "last_seen": "2025-11-17T18:25:52.021000"
    },
    {
      "subdomain": "ord2",
      "type": "CNAME",
      "options": {
        "ttl": 600
      },
      "value": "www2.nptu.edu.tw",
      "last_seen": "2025-11-17T18:25:52.077000"
    },
    {
      "subdomain": "ordtcs",
      "type": "A",
      "options": {
        "ttl": 600
      },
      "value": "140.127.81.70",
      "last_seen": "2025-11-17T18:25:52.282000"
    },
    {
      "subdomain": "pair",
      "type": "A",
      "options": {
        "ttl": 600
      },
      "value": "163.24.244.115",
      "last_seen": "2025-11-17T18:25:52.096000"
    },
    {
      "subdomain": "paiwan",
      "type": "A",
      "options": {
        "ttl": 600
      },
      "value": "163.24.251.4",
      "last_seen": "2025-11-17T18:25:52.046000"
    },
    {
      "subdomain": "parec",
      "type": "CNAME",
      "options": {
        "ttl": 600
      },
      "value": "www2.nptu.edu.tw",
      "last_seen": "2025-11-17T18:25:51.993000"
    },
    {
      "subdomain": "party",
      "type": "A",
      "options": {
        "ttl": 600
      },
      "value": "203.64.128.3",
      "last_seen": "2025-11-17T18:25:51.855000"
    },
    {
      "subdomain": "party-testing.csie2",
      "type": "A",
      "options": {
        "ttl": 1200
      },
      "value": "203.64.128.82",
      "last_seen": "2025-11-17T18:25:51.940000"
    },
    {
      "subdomain": "party.csie2",
      "type": "A",
      "options": {
        "ttl": 1200
      },
      "value": "203.64.130.80",
      "last_seen": "2025-11-17T18:25:52.146000"
    },
    {
      "subdomain": "payment",
      "type": "A",
      "options": {
        "ttl": 600
      },
      "value": "120.118.118.139",
      "last_seen": "2025-11-17T18:25:52.544000"
    },
    {
      "subdomain": "pers",
      "type": "CNAME",
      "options": {
        "ttl": 600
      },
      "value": "www2.nptu.edu.tw",
      "last_seen": "2025-11-17T18:25:52.236000"
    },
    {
      "subdomain": "phy",
      "type": "CNAME",
      "options": {
        "ttl": 599
      },
      "value": "www2.nptu.edu.tw",
      "last_seen": "2025-11-17T18:25:52.150000"
    },
    {
      "subdomain": "physics",
      "type": "CNAME",
      "options": {
        "ttl": 600
      },
      "value": "www2.nptu.edu.tw",
      "last_seen": "2025-11-17T18:25:52.283000"
    },
    {
      "subdomain": "pingtung",
      "type": "A",
      "options": {
        "ttl": 600
      },
      "value": "203.64.127.197",
      "last_seen": "2025-11-17T18:25:51.988000"
    },
    {
      "subdomain": "pmd",
      "type": "CNAME",
      "options": {
        "ttl": 600
      },
      "value": "www2.nptu.edu.tw",
      "last_seen": "2025-11-17T18:25:52.233000"
    },
    {
      "subdomain": "pms",
      "type": "A",
      "options": {
        "ttl": 600
      },
      "value": "140.127.81.70",
      "last_seen": "2025-11-17T18:25:52.081000"
    },
    {
      "subdomain": "pos",
      "type": "CNAME",
      "options": {
        "ttl": 599
      },
      "value": "www2.nptu.edu.tw",
      "last_seen": "2025-11-17T18:25:52.185000"
    },
    {
      "subdomain": "positivepsy",
      "type": "CNAME",
      "options": {
        "ttl": 600
      },
      "value": "www2.nptu.edu.tw",
      "last_seen": "2025-11-17T18:25:52.019000"
    },
    {
      "subdomain": "president",
      "type": "CNAME",
      "options": {
        "ttl": 599
      },
      "value": "www2.nptu.edu.tw",
      "last_seen": "2025-11-17T18:25:52.390000"
    },
    {
      "subdomain": "pro20161",
      "type": "A",
      "options": {
        "ttl": 600
      },
      "value": "203.64.129.186",
      "last_seen": "2025-11-17T18:25:52.660000"
    },
    {
      "subdomain": "pro20162",
      "type": "A",
      "options": {
        "ttl": 600
      },
      "value": "203.64.129.67",
      "last_seen": "2025-11-17T18:25:52.284000"
    },
    {
      "subdomain": "project",
      "type": "A",
      "options": {
        "ttl": 600
      },
      "value": "13.112.181.141",
      "last_seen": "2025-11-17T18:25:52.216000"
    },
    {
      "subdomain": "ptv",
      "type": "A",
      "options": {
        "ttl": 600
      },
      "value": "140.127.81.190",
      "last_seen": "2025-11-17T18:25:52.594000"
    },
    {
      "subdomain": "pubinfo",
      "type": "CNAME",
      "options": {
        "ttl": 600
      },
      "value": "www.nptu.edu.tw",
      "last_seen": "2025-11-17T18:25:52.168000"
    },
    {
      "subdomain": "pubinfo2",
      "type": "CNAME",
      "options": {
        "ttl": 600
      },
      "value": "www2.nptu.edu.tw",
      "last_seen": "2025-11-17T18:25:51.865000"
    },
    {
      "subdomain": "qcc",
      "type": "CNAME",
      "options": {
        "ttl": 600
      },
      "value": "www2.nptu.edu.tw",
      "last_seen": "2025-11-17T18:25:52.020000"
    },
    {
      "subdomain": "qos-ip",
      "type": "A",
      "options": {
        "ttl": 600
      },
      "value": "140.127.81.123",
      "last_seen": "2025-11-17T18:25:52.226000"
    },
    {
      "subdomain": "quota",
      "type": "A",
      "options": {
        "ttl": 600
      },
      "value": "140.127.81.101",
      "last_seen": "2025-11-17T18:25:52.036000"
    },
    {
      "subdomain": "realestate",
      "type": "A",
      "options": {
        "ttl": 600
      },
      "value": "203.64.121.234",
      "last_seen": "2025-11-17T18:25:52.258000"
    },
    {
      "subdomain": "reg",
      "type": "CNAME",
      "options": {
        "ttl": 600
      },
      "value": "www2.nptu.edu.tw",
      "last_seen": "2025-11-17T18:25:52.225000"
    },
    {
      "subdomain": "rem",
      "type": "CNAME",
      "options": {
        "ttl": 600
      },
      "value": "www2.nptu.edu.tw",
      "last_seen": "2025-11-17T18:25:51.979000"
    },
    {
      "subdomain": "research",
      "type": "A",
      "options": {
        "ttl": 600
      },
      "value": "163.24.244.118",
      "last_seen": "2025-11-17T18:25:52.224000"
    },
    {
      "subdomain": "research-cs",
      "type": "A",
      "options": {
        "ttl": 600
      },
      "value": "163.24.242.211",
      "last_seen": "2025-11-17T18:25:51.941000"
    },
    {
      "subdomain": "resl.csie",
      "type": "A",
      "options": {
        "ttl": 600
      },
      "value": "203.64.128.140",
      "last_seen": "2025-11-17T18:25:51.941000"
    },
    {
      "subdomain": "resl.csie2",
      "type": "A",
      "options": {
        "ttl": 21600
      },
      "value": "203.64.128.140",
      "last_seen": "2025-11-17T18:25:52.110000"
    },
    {
      "subdomain": "rtdc",
      "type": "A",
      "options": {
        "ttl": 600
      },
      "value": "120.118.118.169",
      "last_seen": "2025-11-17T18:25:52.379000"
    },
    {
      "subdomain": "sadc",
      "type": "CNAME",
      "options": {
        "ttl": 600
      },
      "value": "www2.nptu.edu.tw",
      "last_seen": "2025-11-17T18:25:52.407000"
    },
    {
      "subdomain": "sbec",
      "type": "CNAME",
      "options": {
        "ttl": 600
      },
      "value": "www2.nptu.edu.tw",
      "last_seen": "2025-11-17T18:25:51.867000"
    },
    {
      "subdomain": "sccteach.ccteach",
      "type": "CNAME",
      "options": {
        "ttl": 600
      },
      "value": "a130001.nptu.edu.tw",
      "last_seen": "2025-11-17T18:25:53.099000"
    },
    {
      "subdomain": "science",
      "type": "CNAME",
      "options": {
        "ttl": 600
      },
      "value": "www2.nptu.edu.tw",
      "last_seen": "2025-11-17T18:25:51.957000"
    },
    {
      "subdomain": "sciencemaker",
      "type": "A",
      "options": {
        "ttl": 600
      },
      "value": "163.24.248.207",
      "last_seen": "2025-11-17T18:25:52.697000"
    },
    {
      "subdomain": "scis",
      "type": "A",
      "options": {
        "ttl": 600
      },
      "value": "120.118.118.179",
      "last_seen": "2025-11-17T18:25:51.887000"
    },
    {
      "subdomain": "scm",
      "type": "CNAME",
      "options": {
        "ttl": 600
      },
      "value": "www2.nptu.edu.tw",
      "last_seen": "2025-11-17T18:25:52.020000"
    },
    {
      "subdomain": "sdgs",
      "type": "CNAME",
      "options": {
        "ttl": 600
      },
      "value": "www2.nptu.edu.tw",
      "last_seen": "2025-11-17T18:25:51.993000"
    },
    {
      "subdomain": "sdgstalk",
      "type": "CNAME",
      "options": {
        "ttl": 600
      },
      "value": "project.nptu.edu.tw",
      "last_seen": "2025-11-17T18:25:52.318000"
    },
    {
      "subdomain": "sdipc2016",
      "type": "A",
      "options": {
        "ttl": 600
      },
      "value": "163.24.242.211",
      "last_seen": "2025-11-17T18:25:52.218000"
    },
    {
      "subdomain": "searchmail",
      "type": "CNAME",
      "options": {
        "ttl": 600
      },
      "value": "a120039.nptu.edu.tw",
      "last_seen": "2025-11-17T18:25:52.407000"
    },
    {
      "subdomain": "sec",
      "type": "A",
      "options": {
        "ttl": 600
      },
      "value": "120.118.118.177",
      "last_seen": "2025-11-17T18:25:51.942000"
    },
    {
      "subdomain": "sec2",
      "type": "CNAME",
      "options": {
        "ttl": 600
      },
      "value": "www2.nptu.edu.tw",
      "last_seen": "2025-11-17T18:25:52.370000"
    },
    {
      "subdomain": "secretary",
      "type": "CNAME",
      "options": {
        "ttl": 600
      },
      "value": "www2.nptu.edu.tw",
      "last_seen": "2025-11-17T18:25:52.353000"
    },
    {
      "subdomain": "semims",
      "type": "CNAME",
      "options": {
        "ttl": 600
      },
      "value": "www2.nptu.edu.tw",
      "last_seen": "2025-11-17T18:25:52.012000"
    },
    {
      "subdomain": "sherry",
      "type": "A",
      "options": {
        "ttl": 600
      },
      "value": "203.64.135.178",
      "last_seen": "2025-11-17T18:25:51.942000"
    },
    {
      "subdomain": "sierra-db",
      "type": "A",
      "options": {
        "ttl": 600
      },
      "value": "140.127.82.201",
      "last_seen": "2025-11-17T18:25:51.947000"
    },
    {
      "subdomain": "sip.o365",
      "type": "CNAME",
      "options": {
        "ttl": 3599
      },
      "value": "sipdir.online.lync.com",
      "last_seen": "2025-11-17T18:25:52.043000"
    },
    {
      "subdomain": "sip.office365",
      "type": "CNAME",
      "options": {
        "ttl": 3600
      },
      "value": "sipdir.online.lync.com",
      "last_seen": "2025-11-17T18:25:51.935000"
    },
    {
      "subdomain": "sites",
      "type": "CNAME",
      "options": {
        "ttl": 600
      },
      "value": "ghs.googlehosted.com",
      "last_seen": "2025-11-17T18:25:51.982000"
    },
    {
      "subdomain": "skills",
      "type": "A",
      "options": {
        "ttl": 600
      },
      "value": "120.118.118.175",
      "last_seen": "2025-11-17T18:25:52.185000"
    },
    {
      "subdomain": "smartexam.csie",
      "type": "A",
      "options": {
        "ttl": 600
      },
      "value": "203.64.128.103",
      "last_seen": "2025-11-17T18:25:51.975000"
    },
    {
      "subdomain": "social",
      "type": "CNAME",
      "options": {
        "ttl": 600
      },
      "value": "www2.nptu.edu.tw",
      "last_seen": "2025-11-17T18:25:51.887000"
    },
    {
      "subdomain": "socialmod",
      "type": "A",
      "options": {
        "ttl": 600
      },
      "value": "140.127.81.70",
      "last_seen": "2025-11-17T18:25:52.150000"
    },
    {
      "subdomain": "spam",
      "type": "A",
      "options": {
        "ttl": 600
      },
      "value": "120.118.118.5",
      "last_seen": "2025-11-17T18:25:52.325000"
    },
    {
      "subdomain": "spam01",
      "type": "A",
      "options": {
        "ttl": 600
      },
      "value": "120.118.118.119",
      "last_seen": "2025-11-17T18:25:52.667000"
    },
    {
      "subdomain": "spamnew",
      "type": "A",
      "options": {
        "ttl": 600
      },
      "value": "120.118.118.125",
      "last_seen": "2025-11-17T18:25:51.878000"
    },
    {
      "subdomain": "spec",
      "type": "CNAME",
      "options": {
        "ttl": 600
      },
      "value": "www2.nptu.edu.tw",
      "last_seen": "2025-11-17T18:25:51.879000"
    },
    {
      "subdomain": "special",
      "type": "CNAME",
      "options": {
        "ttl": 600
      },
      "value": "www2.nptu.edu.tw",
      "last_seen": "2025-11-17T18:25:52.231000"
    },
    {
      "subdomain": "specialusr",
      "type": "CNAME",
      "options": {
        "ttl": 599
      },
      "value": "www2.nptu.edu.tw",
      "last_seen": "2025-11-17T18:25:52.449000"
    },
    {
      "subdomain": "speduct",
      "type": "A",
      "options": {
        "ttl": 600
      },
      "value": "163.24.250.243",
      "last_seen": "2025-11-17T18:25:52.267000"
    },
    {
      "subdomain": "sport",
      "type": "CNAME",
      "options": {
        "ttl": 600
      },
      "value": "www2.nptu.edu.tw",
      "last_seen": "2025-11-17T18:25:51.993000"
    },
    {
      "subdomain": "sric",
      "type": "CNAME",
      "options": {
        "ttl": 599
      },
      "value": "project.nptu.edu.tw",
      "last_seen": "2025-11-17T18:25:52.050000"
    },
    {
      "subdomain": "st21",
      "type": "A",
      "options": {
        "ttl": 600
      },
      "value": "203.64.126.156",
      "last_seen": "2025-11-17T18:25:52.332000"
    },
    {
      "subdomain": "staf",
      "type": "CNAME",
      "options": {
        "ttl": 599
      },
      "value": "www2.nptu.edu.tw",
      "last_seen": "2025-11-17T18:25:52.069000"
    },
    {
      "subdomain": "staf-health",
      "type": "CNAME",
      "options": {
        "ttl": 600
      },
      "value": "www2.nptu.edu.tw",
      "last_seen": "2025-11-17T18:25:52.038000"
    },
    {
      "subdomain": "staf-life",
      "type": "CNAME",
      "options": {
        "ttl": 600
      },
      "value": "www2.nptu.edu.tw",
      "last_seen": "2025-11-17T18:25:51.959000"
    },
    {
      "subdomain": "stem",
      "type": "CNAME",
      "options": {
        "ttl": 600
      },
      "value": "www2.nptu.edu.tw",
      "last_seen": "2025-11-17T18:25:51.909000"
    },
    {
      "subdomain": "stemec",
      "type": "CNAME",
      "options": {
        "ttl": 599
      },
      "value": "www2.nptu.edu.tw",
      "last_seen": "2025-11-17T18:25:52.045000"
    },
    {
      "subdomain": "stmail",
      "type": "A",
      "options": {
        "ttl": 600
      },
      "value": "120.118.118.121",
      "last_seen": "2025-11-17T18:25:52.077000"
    },
    {
      "subdomain": "stmail2",
      "type": "A",
      "options": {
        "ttl": 600
      },
      "value": "120.118.118.10",
      "last_seen": "2025-11-17T18:25:52.208000"
    },
    {
      "subdomain": "studata",
      "type": "A",
      "options": {
        "ttl": 600
      },
      "value": "120.118.119.75",
      "last_seen": "2025-11-17T18:25:52.019000"
    },
    {
      "subdomain": "student.ccteach",
      "type": "CNAME",
      "options": {
        "ttl": 600
      },
      "value": "a130004.nptu.edu.tw",
      "last_seen": "2025-11-17T18:25:52.495000"
    },
    {
      "subdomain": "submission",
      "type": "A",
      "options": {
        "ttl": 600
      },
      "value": "120.118.118.189",
      "last_seen": "2025-11-17T18:25:52.269000"
    },
    {
      "subdomain": "tcloud",
      "type": "A",
      "options": {
        "ttl": 600
      },
      "value": "163.24.251.4",
      "last_seen": "2025-11-17T18:25:52.341000"
    },
    {
      "subdomain": "tcs",
      "type": "CNAME",
      "options": {
        "ttl": 600
      },
      "value": "www2.nptu.edu.tw",
      "last_seen": "2025-11-17T18:25:51.956000"
    },
    {
      "subdomain": "teab",
      "type": "CNAME",
      "options": {
        "ttl": 599
      },
      "value": "www.nptu.edu.tw",
      "last_seen": "2025-11-17T18:25:52.201000"
    },
    {
      "subdomain": "teab2",
      "type": "CNAME",
      "options": {
        "ttl": 599
      },
      "value": "www2.nptu.edu.tw",
      "last_seen": "2025-11-17T18:25:52.188000"
    },
    {
      "subdomain": "test",
      "type": "A",
      "options": {
        "ttl": 600
      },
      "value": "120.118.119.64",
      "last_seen": "2025-11-17T18:25:52.226000"
    },
    {
      "subdomain": "tld",
      "type": "CNAME",
      "options": {
        "ttl": 599
      },
      "value": "www2.nptu.edu.tw",
      "last_seen": "2025-11-17T18:25:52.128000"
    },
    {
      "subdomain": "tpds",
      "type": "CNAME",
      "options": {
        "ttl": 600
      },
      "value": "project.nptu.edu.tw",
      "last_seen": "2025-11-17T18:25:52.568000"
    },
    {
      "subdomain": "ugsi2usr",
      "type": "CNAME",
      "options": {
        "ttl": 600
      },
      "value": "www2.nptu.edu.tw",
      "last_seen": "2025-11-17T18:25:51.892000"
    },
    {
      "subdomain": "ugsi2usr2",
      "type": "CNAME",
      "options": {
        "ttl": 600
      },
      "value": "project.nptu.edu.tw",
      "last_seen": "2025-11-17T18:25:52.783000"
    },
    {
      "subdomain": "usr",
      "type": "CNAME",
      "options": {
        "ttl": 599
      },
      "value": "www.nptu.edu.tw",
      "last_seen": "2025-11-17T18:25:52.051000"
    },
    {
      "subdomain": "usr-2024",
      "type": "CNAME",
      "options": {
        "ttl": 600
      },
      "value": "project.nptu.edu.tw",
      "last_seen": "2025-11-17T18:25:52.515000"
    },
    {
      "subdomain": "usr-spec",
      "type": "CNAME",
      "options": {
        "ttl": 600
      },
      "value": "project.nptu.edu.tw",
      "last_seen": "2025-11-17T18:25:52.179000"
    },
    {
      "subdomain": "usr2",
      "type": "CNAME",
      "options": {
        "ttl": 600
      },
      "value": "www2.nptu.edu.tw",
      "last_seen": "2025-11-17T18:25:52.471000"
    },
    {
      "subdomain": "usrgame",
      "type": "CNAME",
      "options": {
        "ttl": 600
      },
      "value": "speduct.nptu.edu.tw",
      "last_seen": "2025-11-17T18:25:52.267000"
    },
    {
      "subdomain": "vans",
      "type": "A",
      "options": {
        "ttl": 600
      },
      "value": "140.127.81.155",
      "last_seen": "2025-11-17T18:25:51.925000"
    },
    {
      "subdomain": "vart",
      "type": "CNAME",
      "options": {
        "ttl": 599
      },
      "value": "www2.nptu.edu.tw",
      "last_seen": "2025-11-17T18:25:52.185000"
    },
    {
      "subdomain": "vicepresident",
      "type": "CNAME",
      "options": {
        "ttl": 600
      },
      "value": "www2.nptu.edu.tw",
      "last_seen": "2025-11-17T18:25:52.238000"
    },
    {
      "subdomain": "vod",
      "type": "A",
      "options": {
        "ttl": 599
      },
      "value": "140.127.81.70",
      "last_seen": "2025-11-17T18:25:52.134000"
    },
    {
      "subdomain": "vpn",
      "type": "A",
      "options": {
        "ttl": 600
      },
      "value": "140.127.81.114",
      "last_seen": "2025-11-17T18:25:52.020000"
    },
    {
      "subdomain": "web",
      "type": "A",
      "options": {
        "ttl": 600
      },
      "value": "120.118.119.78",
      "last_seen": "2025-11-17T18:25:52.074000"
    },
    {
      "subdomain": "web.csie2",
      "type": "A",
      "options": {
        "ttl": 21600
      },
      "value": "203.64.128.94",
      "last_seen": "2025-11-17T18:25:51.988000"
    },
    {
      "subdomain": "webap",
      "type": "A",
      "options": {
        "ttl": 600
      },
      "value": "120.118.118.71",
      "last_seen": "2025-11-17T18:25:52.233000"
    },
    {
      "subdomain": "webap.lcc",
      "type": "A",
      "options": {
        "ttl": 600
      },
      "value": "120.118.118.183",
      "last_seen": "2025-11-17T18:25:52.104000"
    },
    {
      "subdomain": "webap1",
      "type": "A",
      "options": {
        "ttl": 600
      },
      "value": "120.118.118.68",
      "last_seen": "2025-11-17T18:25:52.449000"
    },
    {
      "subdomain": "webap1",
      "type": "AAAA",
      "options": {
        "ttl": 600
      },
      "value": "2001:288:8008:118::68",
      "last_seen": "2025-11-17T18:28:02.926000"
    },
    {
      "subdomain": "webap2",
      "type": "A",
      "options": {
        "ttl": 600
      },
      "value": "120.118.118.66",
      "last_seen": "2025-11-17T18:25:52.461000"
    },
    {
      "subdomain": "webap3",
      "type": "A",
      "options": {
        "ttl": 600
      },
      "value": "120.118.118.67",
      "last_seen": "2025-11-17T18:25:51.988000"
    },
    {
      "subdomain": "webap5",
      "type": "A",
      "options": {
        "ttl": 600
      },
      "value": "120.118.118.65",
      "last_seen": "2025-11-17T18:25:52.414000"
    },
    {
      "subdomain": "webapp6",
      "type": "A",
      "options": {
        "ttl": 599
      },
      "value": "120.118.118.231",
      "last_seen": "2025-11-17T18:25:52.190000"
    },
    {
      "subdomain": "webapp7",
      "type": "CNAME",
      "options": {
        "ttl": 600
      },
      "value": "a132007.nptu.edu.tw",
      "last_seen": "2025-11-17T18:25:52.020000"
    },
    {
      "subdomain": "webpac",
      "type": "A",
      "options": {
        "ttl": 600
      },
      "value": "211.78.246.67",
      "last_seen": "2025-11-17T18:25:52.191000"
    },
    {
      "subdomain": "webs3",
      "type": "CNAME",
      "options": {
        "ttl": 600
      },
      "value": "a132098.nptu.edu.tw",
      "last_seen": "2025-11-17T18:25:52.507000"
    },
    {
      "subdomain": "webs5",
      "type": "CNAME",
      "options": {
        "ttl": 600
      },
      "value": "a132092.nptu.edu.tw",
      "last_seen": "2025-11-17T18:25:52.471000"
    },
    {
      "subdomain": "webs6",
      "type": "CNAME",
      "options": {
        "ttl": 598
      },
      "value": "a132093.nptu.edu.tw",
      "last_seen": "2025-11-17T18:25:53.203000"
    },
    {
      "subdomain": "webs7",
      "type": "CNAME",
      "options": {
        "ttl": 599
      },
      "value": "a132096.nptu.edu.tw",
      "last_seen": "2025-11-17T18:25:52.698000"
    },
    {
      "subdomain": "webs8",
      "type": "CNAME",
      "options": {
        "ttl": 600
      },
      "value": "a132098.nptu.edu.tw",
      "last_seen": "2025-11-17T18:25:52.485000"
    },
    {
      "subdomain": "websh",
      "type": "A",
      "options": {
        "ttl": 600
      },
      "value": "203.64.132.92",
      "last_seen": "2025-11-17T18:25:52.291000"
    },
    {
      "subdomain": "websh",
      "type": "A",
      "options": {
        "ttl": 600
      },
      "value": "203.64.132.93",
      "last_seen": "2025-11-17T18:25:52.291000"
    },
    {
      "subdomain": "websh",
      "type": "A",
      "options": {
        "ttl": 600
      },
      "value": "203.64.132.96",
      "last_seen": "2025-11-17T18:25:52.291000"
    },
    {
      "subdomain": "websh",
      "type": "A",
      "options": {
        "ttl": 600
      },
      "value": "203.64.132.98",
      "last_seen": "2025-11-17T18:25:52.291000"
    },
    {
      "subdomain": "wifiauth",
      "type": "A",
      "options": {
        "ttl": 600
      },
      "value": "140.127.81.217",
      "last_seen": "2025-11-17T18:25:52.096000"
    },
    {
      "subdomain": "ws.csie2",
      "type": "A",
      "options": {
        "ttl": 21600
      },
      "value": "203.64.128.127",
      "last_seen": "2025-11-17T18:25:52.040000"
    },
    {
      "subdomain": "wulin",
      "type": "A",
      "options": {
        "ttl": 600
      },
      "value": "203.64.135.73",
      "last_seen": "2025-11-17T18:25:52.461000"
    },
    {
      "subdomain": "www",
      "type": "A",
      "options": {
        "ttl": 599
      },
      "value": "120.118.118.222",
      "last_seen": "2025-11-17T18:25:52.244000"
    },
    {
      "subdomain": "www.ais",
      "type": "CNAME",
      "options": {
        "ttl": 599
      },
      "value": "ais.nptu.edu.tw",
      "last_seen": "2025-11-17T18:25:52.146000"
    },
    {
      "subdomain": "www.alumninews",
      "type": "A",
      "options": {
        "ttl": 600
      },
      "value": "163.24.249.180",
      "last_seen": "2025-11-17T18:25:51.862000"
    },
    {
      "subdomain": "www.coral",
      "type": "A",
      "options": {
        "ttl": 600
      },
      "value": "163.24.248.200",
      "last_seen": "2025-11-17T18:25:51.856000"
    },
    {
      "subdomain": "www.hpyc",
      "type": "A",
      "options": {
        "ttl": 600
      },
      "value": "163.24.250.42",
      "last_seen": "2025-11-17T18:25:52.790000"
    },
    {
      "subdomain": "www.ptlls",
      "type": "CNAME",
      "options": {
        "ttl": 599
      },
      "value": "a130039.nptu.edu.tw",
      "last_seen": "2025-11-17T18:25:53.265000"
    },
    {
      "subdomain": "www2",
      "type": "A",
      "options": {
        "ttl": 600
      },
      "value": "120.118.118.222",
      "last_seen": "2025-11-17T18:25:52.185000"
    },
    {
      "subdomain": "xmsadmin",
      "type": "A",
      "options": {
        "ttl": 600
      },
      "value": "203.64.131.106",
      "last_seen": "2025-11-17T18:25:52.064000"
    },
    {
      "subdomain": "yaling",
      "type": "A",
      "options": {
        "ttl": 600
      },
      "value": "163.24.250.246",
      "last_seen": "2025-11-17T18:25:52.246000"
    },
    {
      "subdomain": "yxgl",
      "type": "CNAME",
      "options": {
        "ttl": 600
      },
      "value": "www2.nptu.edu.tw",
      "last_seen": "2025-11-17T18:25:52.059000"
    }
  ],
  "subdomains": [
    "2017byt",
    "2017tsbs",
    "2023icte",
    "2024com",
    "2024icte",
    "_3bf6d0570555ca0d71b3e83cfa12d0a4.ezproxy",
    "_5d1be8c951a543f0b3f62719a4f531e0.ezproxy",
    "_dmarc",
    "a120013",
    "a120037",
    "a120039",
    "a120041",
    "a120101",
    "a120132",
    "a122052",
    "a123166",
    "a126180",
    "a128025",
    "a128047",
    "a129075",
    "a130001",
    "a130002",
    "a130004",
    "a130005",
    "a130039",
    "a132007",
    "a132081",
    "a132092",
    "a132093",
    "a132095",
    "a132096",
    "a132097",
    "a132098",
    "a133001",
    "a135017",
    "aas",
    "abroadapply.moebt",
    "ac",
    "acc",
    "accd",
    "accsys",
    "act",
    "activity",
    "admission",
    "ads",
    "ai",
    "aic",
    "aidt",
    "ais",
    "aislab",
    "alumni",
    "app",
    "apply.moebt",
    "archives",
    "artscenter",
    "asims",
    "asiphd",
    "autodiscover.o365",
    "autodiscover.office365",
    "bgl",
    "bigdata",
    "biomap",
    "blog",
    "book",
    "business",
    "byt",
    "byt2017",
    "cai",
    "calendar",
    "cam",
    "career",
    "cash",
    "cashier",
    "cashier2",
    "cat",
    "cc.csie2",
    "ccd",
    "cci",
    "cclearn",
    "ccm",
    "ccs",
    "cd",
    "cec",
    "cedu",
    "cedu1",
    "cedu2",
    "ceduai",
    "ceduai2",
    "cedunpd",
    "cedusmart",
    "ceduusr",
    "ceduusr2",
    "cele",
    "chensf",
    "ciai",
    "cis",
    "clc",
    "cll",
    "cloud",
    "cloudmusic",
    "cmap",
    "cnc",
    "cnc2",
    "com",
    "counsel-c",
    "counsel-s",
    "counseling",
    "cs",
    "csie",
    "csie2",
    "cte",
    "ctl",
    "cud",
    "cwisdom",
    "dae",
    "daj",
    "data",
    "dawu",
    "dcma",
    "diploma",
    "diploma-api",
    "diploma-test",
    "distance",
    "dlt2021",
    "doc2ap",
    "doc2ox",
    "doi-org.ezproxy",
    "dpm",
    "dsc",
    "dserver",
    "eap",
    "ebook",
    "ec",
    "eceart",
    "ecechildcare",
    "edu",
    "eeclass",
    "einstein",
    "elearning",
    "election",
    "elportal",
    "emba",
    "emi",
    "eng",
    "eng2",
    "english",
    "enterpriseenrollment.o365",
    "enterpriseregistration.o365",
    "env",
    "ep",
    "epc",
    "epcmod",
    "escience",
    "esx1",
    "esx2",
    "esx3",
    "evaonline",
    "exam",
    "explore",
    "ezproxy",
    "faculty",
    "finance",
    "flexible",
    "flip",
    "freshmaneng",
    "freshyou",
    "front",
    "gaad",
    "gallery",
    "gec",
    "geccce",
    "geec",
    "gen",
    "general",
    "giea",
    "gift",
    "git.csie2",
    "gmail",
    "gomoku.csie",
    "gomoku.csie2",
    "graduate",
    "green",
    "groups",
    "hakka",
    "hakkafamily",
    "hakkafamily2",
    "hakkam",
    "hakkamod",
    "hakkaplan",
    "hcilab",
    "herm",
    "hkm",
    "hlitplan",
    "hoa",
    "hrs",
    "humble",
    "ica",
    "icru-2021",
    "ierc",
    "iic",
    "iicollege",
    "iicollege2",
    "iita",
    "inclusionlifehub",
    "indigenes",
    "indigenous",
    "intersci",
    "ipass",
    "ipmagnt",
    "ir",
    "iro",
    "irs",
    "isrc",
    "itqcdp",
    "ivideo",
    "journal",
    "junwu",
    "km",
    "kms",
    "laws",
    "lcms",
    "leisure",
    "lib",
    "lib1",
    "libadmin",
    "library",
    "libweb",
    "liveabc",
    "ljwang",
    "lsod",
    "lyncdiscover.o365",
    "lyncdiscover.office365",
    "mail",
    "maintain",
    "math",
    "mathmod",
    "mba",
    "mccteach.ccteach",
    "mdis",
    "mdm",
    "med",
    "mil",
    "mis",
    "mmec",
    "mod",
    "moebt",
    "msoid.o365",
    "msoid.office365",
    "music",
    "ndbsb",
    "ndbse",
    "ndbsf",
    "netperf",
    "night-exam",
    "nm",
    "notice",
    "novelcoronavirus2",
    "nptuaa",
    "nptucncnas",
    "nptueschool",
    "nptulab555",
    "nptumindfulness",
    "nptuptst2025",
    "nptuspecial",
    "ns1",
    "ns2",
    "o5tp6reunnt5",
    "oaa",
    "oia",
    "oiais",
    "ord",
    "ord2",
    "ordtcs",
    "pair",
    "paiwan",
    "parec",
    "party",
    "party-testing.csie2",
    "party.csie2",
    "payment",
    "pers",
    "phy",
    "physics",
    "pingtung",
    "pmd",
    "pms",
    "pos",
    "positivepsy",
    "president",
    "pro20161",
    "pro20162",
    "project",
    "ptv",
    "pubinfo",
    "pubinfo2",
    "qcc",
    "qos-ip",
    "quota",
    "realestate",
    "reg",
    "rem",
    "research",
    "research-cs",
    "resl.csie",
    "resl.csie2",
    "rtdc",
    "sadc",
    "sbec",
    "sccteach.ccteach",
    "science",
    "sciencemaker",
    "scis",
    "scm",
    "sdgs",
    "sdgstalk",
    "sdipc2016",
    "searchmail",
    "sec",
    "sec2",
    "secretary",
    "semims",
    "sherry",
    "sierra-db",
    "sip.o365",
    "sip.office365",
    "sites",
    "skills",
    "smartexam.csie",
    "social",
    "socialmod",
    "spam",
    "spam01",
    "spamnew",
    "spec",
    "special",
    "specialusr",
    "speduct",
    "sport",
    "sric",
    "st21",
    "staf",
    "staf-health",
    "staf-life",
    "stem",
    "stemec",
    "stmail",
    "stmail2",
    "studata",
    "student.ccteach",
    "submission",
    "tcloud",
    "tcs",
    "teab",
    "teab2",
    "test",
    "tld",
    "tpds",
    "ugsi2usr",
    "ugsi2usr2",
    "usr",
    "usr-2024",
    "usr-spec",
    "usr2",
    "usrgame",
    "vans",
    "vart",
    "vicepresident",
    "vod",
    "vpn",
    "web",
    "web.csie2",
    "webap",
    "webap.lcc",
    "webap1",
    "webap2",
    "webap3",
    "webap5",
    "webapp6",
    "webapp7",
    "webpac",
    "webs3",
    "webs5",
    "webs6",
    "webs7",
    "webs8",
    "websh",
    "wifiauth",
    "ws.csie2",
    "wulin",
    "www",
    "www.ais",
    "www.alumninews",
    "www.coral",
    "www.hpyc",
    "www.ptlls",
    "www2",
    "xmsadmin",
    "yaling",
    "yxgl"
  ],
  "more": false
}

=== 整理後的結果 ===
--- 完整網域 ---
2017byt.nptu.edu.tw
2017tsbs.nptu.edu.tw
2023icte.nptu.edu.tw
2024com.nptu.edu.tw
2024icte.nptu.edu.tw
_3bf6d0570555ca0d71b3e83cfa12d0a4.ezproxy.nptu.edu.tw
_5d1be8c951a543f0b3f62719a4f531e0.ezproxy.nptu.edu.tw
_dmarc.nptu.edu.tw
a120013.nptu.edu.tw
a120037.nptu.edu.tw
a120039.nptu.edu.tw
a120041.nptu.edu.tw
a120101.nptu.edu.tw
a120132.nptu.edu.tw
a122052.nptu.edu.tw
a123166.nptu.edu.tw
a126180.nptu.edu.tw
a128025.nptu.edu.tw
a128047.nptu.edu.tw
a129075.nptu.edu.tw
a130001.nptu.edu.tw
a130002.nptu.edu.tw
a130004.nptu.edu.tw
a130005.nptu.edu.tw
a130039.nptu.edu.tw
a132007.nptu.edu.tw
a132081.nptu.edu.tw
a132092.nptu.edu.tw
a132093.nptu.edu.tw
a132095.nptu.edu.tw
a132096.nptu.edu.tw
a132097.nptu.edu.tw
a132098.nptu.edu.tw
a133001.nptu.edu.tw
a135017.nptu.edu.tw
aas.nptu.edu.tw
abroadapply.moebt.nptu.edu.tw
ac.nptu.edu.tw
acc.nptu.edu.tw
accd.nptu.edu.tw
accsys.nptu.edu.tw
act.nptu.edu.tw
activity.nptu.edu.tw
admission.nptu.edu.tw
ads.nptu.edu.tw
ai.nptu.edu.tw
aic.nptu.edu.tw
aidt.nptu.edu.tw
ais.nptu.edu.tw
aislab.nptu.edu.tw
alumni.nptu.edu.tw
app.nptu.edu.tw
apply.moebt.nptu.edu.tw
archives.nptu.edu.tw
artscenter.nptu.edu.tw
asims.nptu.edu.tw
asiphd.nptu.edu.tw
autodiscover.o365.nptu.edu.tw
autodiscover.office365.nptu.edu.tw
bgl.nptu.edu.tw
bigdata.nptu.edu.tw
biomap.nptu.edu.tw
blog.nptu.edu.tw
book.nptu.edu.tw
business.nptu.edu.tw
byt.nptu.edu.tw
byt2017.nptu.edu.tw
cai.nptu.edu.tw
calendar.nptu.edu.tw
cam.nptu.edu.tw
career.nptu.edu.tw
cash.nptu.edu.tw
cashier.nptu.edu.tw
cashier2.nptu.edu.tw
cat.nptu.edu.tw
cc.csie2.nptu.edu.tw
ccd.nptu.edu.tw
cci.nptu.edu.tw
cclearn.nptu.edu.tw
ccm.nptu.edu.tw
ccs.nptu.edu.tw
cd.nptu.edu.tw
cec.nptu.edu.tw
cedu.nptu.edu.tw
cedu1.nptu.edu.tw
cedu2.nptu.edu.tw
ceduai.nptu.edu.tw
ceduai2.nptu.edu.tw
cedunpd.nptu.edu.tw
cedusmart.nptu.edu.tw
ceduusr.nptu.edu.tw
ceduusr2.nptu.edu.tw
cele.nptu.edu.tw
chensf.nptu.edu.tw
ciai.nptu.edu.tw
cis.nptu.edu.tw
clc.nptu.edu.tw
cll.nptu.edu.tw
cloud.nptu.edu.tw
cloudmusic.nptu.edu.tw
cmap.nptu.edu.tw
cnc.nptu.edu.tw
cnc2.nptu.edu.tw
com.nptu.edu.tw
counsel-c.nptu.edu.tw
counsel-s.nptu.edu.tw
counseling.nptu.edu.tw
cs.nptu.edu.tw
csie.nptu.edu.tw
csie2.nptu.edu.tw
cte.nptu.edu.tw
ctl.nptu.edu.tw
cud.nptu.edu.tw
cwisdom.nptu.edu.tw
dae.nptu.edu.tw
daj.nptu.edu.tw
data.nptu.edu.tw
dawu.nptu.edu.tw
dcma.nptu.edu.tw
diploma-api.nptu.edu.tw
diploma-test.nptu.edu.tw
diploma.nptu.edu.tw
distance.nptu.edu.tw
dlt2021.nptu.edu.tw
doc2ap.nptu.edu.tw
doc2ox.nptu.edu.tw
doi-org.ezproxy.nptu.edu.tw
dpm.nptu.edu.tw
dsc.nptu.edu.tw
dserver.nptu.edu.tw
eap.nptu.edu.tw
ebook.nptu.edu.tw
ec.nptu.edu.tw
eceart.nptu.edu.tw
ecechildcare.nptu.edu.tw
edu.nptu.edu.tw
eeclass.nptu.edu.tw
einstein.nptu.edu.tw
elearning.nptu.edu.tw
election.nptu.edu.tw
elportal.nptu.edu.tw
emba.nptu.edu.tw
emi.nptu.edu.tw
eng.nptu.edu.tw
eng2.nptu.edu.tw
english.nptu.edu.tw
enterpriseenrollment.o365.nptu.edu.tw
enterpriseregistration.o365.nptu.edu.tw
env.nptu.edu.tw
ep.nptu.edu.tw
epc.nptu.edu.tw
epcmod.nptu.edu.tw
escience.nptu.edu.tw
esx1.nptu.edu.tw
esx2.nptu.edu.tw
esx3.nptu.edu.tw
evaonline.nptu.edu.tw
exam.nptu.edu.tw
explore.nptu.edu.tw
ezproxy.nptu.edu.tw
faculty.nptu.edu.tw
finance.nptu.edu.tw
flexible.nptu.edu.tw
flip.nptu.edu.tw
freshmaneng.nptu.edu.tw
freshyou.nptu.edu.tw
front.nptu.edu.tw
gaad.nptu.edu.tw
gallery.nptu.edu.tw
gec.nptu.edu.tw
geccce.nptu.edu.tw
geec.nptu.edu.tw
gen.nptu.edu.tw
general.nptu.edu.tw
giea.nptu.edu.tw
gift.nptu.edu.tw
git.csie2.nptu.edu.tw
gmail.nptu.edu.tw
gomoku.csie.nptu.edu.tw
gomoku.csie2.nptu.edu.tw
graduate.nptu.edu.tw
green.nptu.edu.tw
groups.nptu.edu.tw
hakka.nptu.edu.tw
hakkafamily.nptu.edu.tw
hakkafamily2.nptu.edu.tw
hakkam.nptu.edu.tw
hakkamod.nptu.edu.tw
hakkaplan.nptu.edu.tw
hcilab.nptu.edu.tw
herm.nptu.edu.tw
hkm.nptu.edu.tw
hlitplan.nptu.edu.tw
hoa.nptu.edu.tw
hrs.nptu.edu.tw
humble.nptu.edu.tw
ica.nptu.edu.tw
icru-2021.nptu.edu.tw
ierc.nptu.edu.tw
iic.nptu.edu.tw
iicollege.nptu.edu.tw
iicollege2.nptu.edu.tw
iita.nptu.edu.tw
inclusionlifehub.nptu.edu.tw
indigenes.nptu.edu.tw
indigenous.nptu.edu.tw
intersci.nptu.edu.tw
ipass.nptu.edu.tw
ipmagnt.nptu.edu.tw
ir.nptu.edu.tw
iro.nptu.edu.tw
irs.nptu.edu.tw
isrc.nptu.edu.tw
itqcdp.nptu.edu.tw
ivideo.nptu.edu.tw
journal.nptu.edu.tw
junwu.nptu.edu.tw
km.nptu.edu.tw
kms.nptu.edu.tw
laws.nptu.edu.tw
lcms.nptu.edu.tw
leisure.nptu.edu.tw
lib.nptu.edu.tw
lib1.nptu.edu.tw
libadmin.nptu.edu.tw
library.nptu.edu.tw
libweb.nptu.edu.tw
liveabc.nptu.edu.tw
ljwang.nptu.edu.tw
lsod.nptu.edu.tw
lyncdiscover.o365.nptu.edu.tw
lyncdiscover.office365.nptu.edu.tw
mail.nptu.edu.tw
maintain.nptu.edu.tw
math.nptu.edu.tw
mathmod.nptu.edu.tw
mba.nptu.edu.tw
mccteach.ccteach.nptu.edu.tw
mdis.nptu.edu.tw
mdm.nptu.edu.tw
med.nptu.edu.tw
mil.nptu.edu.tw
mis.nptu.edu.tw
mmec.nptu.edu.tw
mod.nptu.edu.tw
moebt.nptu.edu.tw
msoid.o365.nptu.edu.tw
msoid.office365.nptu.edu.tw
music.nptu.edu.tw
ndbsb.nptu.edu.tw
ndbse.nptu.edu.tw
ndbsf.nptu.edu.tw
netperf.nptu.edu.tw
night-exam.nptu.edu.tw
nm.nptu.edu.tw
notice.nptu.edu.tw
novelcoronavirus2.nptu.edu.tw
nptu.edu.tw
nptuaa.nptu.edu.tw
nptucncnas.nptu.edu.tw
nptueschool.nptu.edu.tw
nptulab555.nptu.edu.tw
nptumindfulness.nptu.edu.tw
nptuptst2025.nptu.edu.tw
nptuspecial.nptu.edu.tw
ns1.nptu.edu.tw
ns2.nptu.edu.tw
o5tp6reunnt5.nptu.edu.tw
oaa.nptu.edu.tw
oia.nptu.edu.tw
oiais.nptu.edu.tw
ord.nptu.edu.tw
ord2.nptu.edu.tw
ordtcs.nptu.edu.tw
pair.nptu.edu.tw
paiwan.nptu.edu.tw
parec.nptu.edu.tw
party-testing.csie2.nptu.edu.tw
party.csie2.nptu.edu.tw
party.nptu.edu.tw
payment.nptu.edu.tw
pers.nptu.edu.tw
phy.nptu.edu.tw
physics.nptu.edu.tw
pingtung.nptu.edu.tw
pmd.nptu.edu.tw
pms.nptu.edu.tw
pos.nptu.edu.tw
positivepsy.nptu.edu.tw
president.nptu.edu.tw
pro20161.nptu.edu.tw
pro20162.nptu.edu.tw
project.nptu.edu.tw
ptv.nptu.edu.tw
pubinfo.nptu.edu.tw
pubinfo2.nptu.edu.tw
qcc.nptu.edu.tw
qos-ip.nptu.edu.tw
quota.nptu.edu.tw
realestate.nptu.edu.tw
reg.nptu.edu.tw
rem.nptu.edu.tw
research-cs.nptu.edu.tw
research.nptu.edu.tw
resl.csie.nptu.edu.tw
resl.csie2.nptu.edu.tw
rtdc.nptu.edu.tw
sadc.nptu.edu.tw
sbec.nptu.edu.tw
sccteach.ccteach.nptu.edu.tw
science.nptu.edu.tw
sciencemaker.nptu.edu.tw
scis.nptu.edu.tw
scm.nptu.edu.tw
sdgs.nptu.edu.tw
sdgstalk.nptu.edu.tw
sdipc2016.nptu.edu.tw
searchmail.nptu.edu.tw
sec.nptu.edu.tw
sec2.nptu.edu.tw
secretary.nptu.edu.tw
semims.nptu.edu.tw
sherry.nptu.edu.tw
sierra-db.nptu.edu.tw
sip.o365.nptu.edu.tw
sip.office365.nptu.edu.tw
sites.nptu.edu.tw
skills.nptu.edu.tw
smartexam.csie.nptu.edu.tw
social.nptu.edu.tw
socialmod.nptu.edu.tw
spam.nptu.edu.tw
spam01.nptu.edu.tw
spamnew.nptu.edu.tw
spec.nptu.edu.tw
special.nptu.edu.tw
specialusr.nptu.edu.tw
speduct.nptu.edu.tw
sport.nptu.edu.tw
sric.nptu.edu.tw
st21.nptu.edu.tw
staf-health.nptu.edu.tw
staf-life.nptu.edu.tw
staf.nptu.edu.tw
stem.nptu.edu.tw
stemec.nptu.edu.tw
stmail.nptu.edu.tw
stmail2.nptu.edu.tw
studata.nptu.edu.tw
student.ccteach.nptu.edu.tw
submission.nptu.edu.tw
tcloud.nptu.edu.tw
tcs.nptu.edu.tw
teab.nptu.edu.tw
teab2.nptu.edu.tw
test.nptu.edu.tw
tld.nptu.edu.tw
tpds.nptu.edu.tw
ugsi2usr.nptu.edu.tw
ugsi2usr2.nptu.edu.tw
usr-2024.nptu.edu.tw
usr-spec.nptu.edu.tw
usr.nptu.edu.tw
usr2.nptu.edu.tw
usrgame.nptu.edu.tw
vans.nptu.edu.tw
vart.nptu.edu.tw
vicepresident.nptu.edu.tw
vod.nptu.edu.tw
vpn.nptu.edu.tw
web.csie2.nptu.edu.tw
web.nptu.edu.tw
webap.lcc.nptu.edu.tw
webap.nptu.edu.tw
webap1.nptu.edu.tw
webap2.nptu.edu.tw
webap3.nptu.edu.tw
webap5.nptu.edu.tw
webapp6.nptu.edu.tw
webapp7.nptu.edu.tw
webpac.nptu.edu.tw
webs3.nptu.edu.tw
webs5.nptu.edu.tw
webs6.nptu.edu.tw
webs7.nptu.edu.tw
webs8.nptu.edu.tw
websh.nptu.edu.tw
wifiauth.nptu.edu.tw
ws.csie2.nptu.edu.tw
wulin.nptu.edu.tw
www.ais.nptu.edu.tw
www.alumninews.nptu.edu.tw
www.coral.nptu.edu.tw
www.hpyc.nptu.edu.tw
www.nptu.edu.tw
www.ptlls.nptu.edu.tw
www2.nptu.edu.tw
xmsadmin.nptu.edu.tw
yaling.nptu.edu.tw
yxgl.nptu.edu.tw

總共找到 400 個網域（包含根網域）。

--- 次級網域（緊鄰 root 的一段 + root） ---
2017byt.nptu.edu.tw
2017tsbs.nptu.edu.tw
2023icte.nptu.edu.tw
2024com.nptu.edu.tw
2024icte.nptu.edu.tw
_dmarc.nptu.edu.tw
a120013.nptu.edu.tw
a120037.nptu.edu.tw
a120039.nptu.edu.tw
a120041.nptu.edu.tw
a120101.nptu.edu.tw
a120132.nptu.edu.tw
a122052.nptu.edu.tw
a123166.nptu.edu.tw
a126180.nptu.edu.tw
a128025.nptu.edu.tw
a128047.nptu.edu.tw
a129075.nptu.edu.tw
a130001.nptu.edu.tw
a130002.nptu.edu.tw
a130004.nptu.edu.tw
a130005.nptu.edu.tw
a130039.nptu.edu.tw
a132007.nptu.edu.tw
a132081.nptu.edu.tw
a132092.nptu.edu.tw
a132093.nptu.edu.tw
a132095.nptu.edu.tw
a132096.nptu.edu.tw
a132097.nptu.edu.tw
a132098.nptu.edu.tw
a133001.nptu.edu.tw
a135017.nptu.edu.tw
aas.nptu.edu.tw
ac.nptu.edu.tw
acc.nptu.edu.tw
accd.nptu.edu.tw
accsys.nptu.edu.tw
act.nptu.edu.tw
activity.nptu.edu.tw
admission.nptu.edu.tw
ads.nptu.edu.tw
ai.nptu.edu.tw
aic.nptu.edu.tw
aidt.nptu.edu.tw
ais.nptu.edu.tw
aislab.nptu.edu.tw
alumni.nptu.edu.tw
alumninews.nptu.edu.tw
app.nptu.edu.tw
archives.nptu.edu.tw
artscenter.nptu.edu.tw
asims.nptu.edu.tw
asiphd.nptu.edu.tw
bgl.nptu.edu.tw
bigdata.nptu.edu.tw
biomap.nptu.edu.tw
blog.nptu.edu.tw
book.nptu.edu.tw
business.nptu.edu.tw
byt.nptu.edu.tw
byt2017.nptu.edu.tw
cai.nptu.edu.tw
calendar.nptu.edu.tw
cam.nptu.edu.tw
career.nptu.edu.tw
cash.nptu.edu.tw
cashier.nptu.edu.tw
cashier2.nptu.edu.tw
cat.nptu.edu.tw
ccd.nptu.edu.tw
cci.nptu.edu.tw
cclearn.nptu.edu.tw
ccm.nptu.edu.tw
ccs.nptu.edu.tw
ccteach.nptu.edu.tw
cd.nptu.edu.tw
cec.nptu.edu.tw
cedu.nptu.edu.tw
cedu1.nptu.edu.tw
cedu2.nptu.edu.tw
ceduai.nptu.edu.tw
ceduai2.nptu.edu.tw
cedunpd.nptu.edu.tw
cedusmart.nptu.edu.tw
ceduusr.nptu.edu.tw
ceduusr2.nptu.edu.tw
cele.nptu.edu.tw
chensf.nptu.edu.tw
ciai.nptu.edu.tw
cis.nptu.edu.tw
clc.nptu.edu.tw
cll.nptu.edu.tw
cloud.nptu.edu.tw
cloudmusic.nptu.edu.tw
cmap.nptu.edu.tw
cnc.nptu.edu.tw
cnc2.nptu.edu.tw
com.nptu.edu.tw
coral.nptu.edu.tw
counsel-c.nptu.edu.tw
counsel-s.nptu.edu.tw
counseling.nptu.edu.tw
cs.nptu.edu.tw
csie.nptu.edu.tw
csie2.nptu.edu.tw
cte.nptu.edu.tw
ctl.nptu.edu.tw
cud.nptu.edu.tw
cwisdom.nptu.edu.tw
dae.nptu.edu.tw
daj.nptu.edu.tw
data.nptu.edu.tw
dawu.nptu.edu.tw
dcma.nptu.edu.tw
diploma-api.nptu.edu.tw
diploma-test.nptu.edu.tw
diploma.nptu.edu.tw
distance.nptu.edu.tw
dlt2021.nptu.edu.tw
doc2ap.nptu.edu.tw
doc2ox.nptu.edu.tw
dpm.nptu.edu.tw
dsc.nptu.edu.tw
dserver.nptu.edu.tw
eap.nptu.edu.tw
ebook.nptu.edu.tw
ec.nptu.edu.tw
eceart.nptu.edu.tw
ecechildcare.nptu.edu.tw
edu.nptu.edu.tw
eeclass.nptu.edu.tw
einstein.nptu.edu.tw
elearning.nptu.edu.tw
election.nptu.edu.tw
elportal.nptu.edu.tw
emba.nptu.edu.tw
emi.nptu.edu.tw
eng.nptu.edu.tw
eng2.nptu.edu.tw
english.nptu.edu.tw
env.nptu.edu.tw
ep.nptu.edu.tw
epc.nptu.edu.tw
epcmod.nptu.edu.tw
escience.nptu.edu.tw
esx1.nptu.edu.tw
esx2.nptu.edu.tw
esx3.nptu.edu.tw
evaonline.nptu.edu.tw
exam.nptu.edu.tw
explore.nptu.edu.tw
ezproxy.nptu.edu.tw
faculty.nptu.edu.tw
finance.nptu.edu.tw
flexible.nptu.edu.tw
flip.nptu.edu.tw
freshmaneng.nptu.edu.tw
freshyou.nptu.edu.tw
front.nptu.edu.tw
gaad.nptu.edu.tw
gallery.nptu.edu.tw
gec.nptu.edu.tw
geccce.nptu.edu.tw
geec.nptu.edu.tw
gen.nptu.edu.tw
general.nptu.edu.tw
giea.nptu.edu.tw
gift.nptu.edu.tw
gmail.nptu.edu.tw
graduate.nptu.edu.tw
green.nptu.edu.tw
groups.nptu.edu.tw
hakka.nptu.edu.tw
hakkafamily.nptu.edu.tw
hakkafamily2.nptu.edu.tw
hakkam.nptu.edu.tw
hakkamod.nptu.edu.tw
hakkaplan.nptu.edu.tw
hcilab.nptu.edu.tw
herm.nptu.edu.tw
hkm.nptu.edu.tw
hlitplan.nptu.edu.tw
hoa.nptu.edu.tw
hpyc.nptu.edu.tw
hrs.nptu.edu.tw
humble.nptu.edu.tw
ica.nptu.edu.tw
icru-2021.nptu.edu.tw
ierc.nptu.edu.tw
iic.nptu.edu.tw
iicollege.nptu.edu.tw
iicollege2.nptu.edu.tw
iita.nptu.edu.tw
inclusionlifehub.nptu.edu.tw
indigenes.nptu.edu.tw
indigenous.nptu.edu.tw
intersci.nptu.edu.tw
ipass.nptu.edu.tw
ipmagnt.nptu.edu.tw
ir.nptu.edu.tw
iro.nptu.edu.tw
irs.nptu.edu.tw
isrc.nptu.edu.tw
itqcdp.nptu.edu.tw
ivideo.nptu.edu.tw
journal.nptu.edu.tw
junwu.nptu.edu.tw
km.nptu.edu.tw
kms.nptu.edu.tw
laws.nptu.edu.tw
lcc.nptu.edu.tw
lcms.nptu.edu.tw
leisure.nptu.edu.tw
lib.nptu.edu.tw
lib1.nptu.edu.tw
libadmin.nptu.edu.tw
library.nptu.edu.tw
libweb.nptu.edu.tw
liveabc.nptu.edu.tw
ljwang.nptu.edu.tw
lsod.nptu.edu.tw
mail.nptu.edu.tw
maintain.nptu.edu.tw
math.nptu.edu.tw
mathmod.nptu.edu.tw
mba.nptu.edu.tw
mdis.nptu.edu.tw
mdm.nptu.edu.tw
med.nptu.edu.tw
mil.nptu.edu.tw
mis.nptu.edu.tw
mmec.nptu.edu.tw
mod.nptu.edu.tw
moebt.nptu.edu.tw
music.nptu.edu.tw
ndbsb.nptu.edu.tw
ndbse.nptu.edu.tw
ndbsf.nptu.edu.tw
netperf.nptu.edu.tw
night-exam.nptu.edu.tw
nm.nptu.edu.tw
notice.nptu.edu.tw
novelcoronavirus2.nptu.edu.tw
nptuaa.nptu.edu.tw
nptucncnas.nptu.edu.tw
nptueschool.nptu.edu.tw
nptulab555.nptu.edu.tw
nptumindfulness.nptu.edu.tw
nptuptst2025.nptu.edu.tw
nptuspecial.nptu.edu.tw
ns1.nptu.edu.tw
ns2.nptu.edu.tw
o365.nptu.edu.tw
o5tp6reunnt5.nptu.edu.tw
oaa.nptu.edu.tw
office365.nptu.edu.tw
oia.nptu.edu.tw
oiais.nptu.edu.tw
ord.nptu.edu.tw
ord2.nptu.edu.tw
ordtcs.nptu.edu.tw
pair.nptu.edu.tw
paiwan.nptu.edu.tw
parec.nptu.edu.tw
party.nptu.edu.tw
payment.nptu.edu.tw
pers.nptu.edu.tw
phy.nptu.edu.tw
physics.nptu.edu.tw
pingtung.nptu.edu.tw
pmd.nptu.edu.tw
pms.nptu.edu.tw
pos.nptu.edu.tw
positivepsy.nptu.edu.tw
president.nptu.edu.tw
pro20161.nptu.edu.tw
pro20162.nptu.edu.tw
project.nptu.edu.tw
ptlls.nptu.edu.tw
ptv.nptu.edu.tw
pubinfo.nptu.edu.tw
pubinfo2.nptu.edu.tw
qcc.nptu.edu.tw
qos-ip.nptu.edu.tw
quota.nptu.edu.tw
realestate.nptu.edu.tw
reg.nptu.edu.tw
rem.nptu.edu.tw
research-cs.nptu.edu.tw
research.nptu.edu.tw
rtdc.nptu.edu.tw
sadc.nptu.edu.tw
sbec.nptu.edu.tw
science.nptu.edu.tw
sciencemaker.nptu.edu.tw
scis.nptu.edu.tw
scm.nptu.edu.tw
sdgs.nptu.edu.tw
sdgstalk.nptu.edu.tw
sdipc2016.nptu.edu.tw
searchmail.nptu.edu.tw
sec.nptu.edu.tw
sec2.nptu.edu.tw
secretary.nptu.edu.tw
semims.nptu.edu.tw
sherry.nptu.edu.tw
sierra-db.nptu.edu.tw
sites.nptu.edu.tw
skills.nptu.edu.tw
social.nptu.edu.tw
socialmod.nptu.edu.tw
spam.nptu.edu.tw
spam01.nptu.edu.tw
spamnew.nptu.edu.tw
spec.nptu.edu.tw
special.nptu.edu.tw
specialusr.nptu.edu.tw
speduct.nptu.edu.tw
sport.nptu.edu.tw
sric.nptu.edu.tw
st21.nptu.edu.tw
staf-health.nptu.edu.tw
staf-life.nptu.edu.tw
staf.nptu.edu.tw
stem.nptu.edu.tw
stemec.nptu.edu.tw
stmail.nptu.edu.tw
stmail2.nptu.edu.tw
studata.nptu.edu.tw
submission.nptu.edu.tw
tcloud.nptu.edu.tw
tcs.nptu.edu.tw
teab.nptu.edu.tw
teab2.nptu.edu.tw
test.nptu.edu.tw
tld.nptu.edu.tw
tpds.nptu.edu.tw
ugsi2usr.nptu.edu.tw
ugsi2usr2.nptu.edu.tw
usr-2024.nptu.edu.tw
usr-spec.nptu.edu.tw
usr.nptu.edu.tw
usr2.nptu.edu.tw
usrgame.nptu.edu.tw
vans.nptu.edu.tw
vart.nptu.edu.tw
vicepresident.nptu.edu.tw
vod.nptu.edu.tw
vpn.nptu.edu.tw
web.nptu.edu.tw
webap.nptu.edu.tw
webap1.nptu.edu.tw
webap2.nptu.edu.tw
webap3.nptu.edu.tw
webap5.nptu.edu.tw
webapp6.nptu.edu.tw
webapp7.nptu.edu.tw
webpac.nptu.edu.tw
webs3.nptu.edu.tw
webs5.nptu.edu.tw
webs6.nptu.edu.tw
webs7.nptu.edu.tw
webs8.nptu.edu.tw
websh.nptu.edu.tw
wifiauth.nptu.edu.tw
wulin.nptu.edu.tw
www.nptu.edu.tw
www2.nptu.edu.tw
xmsadmin.nptu.edu.tw
yaling.nptu.edu.tw
yxgl.nptu.edu.tw

總共找到 372 個獨特的次級網域。

已寫入 log 檔：shodan_nptu.edu.tw_2025-11-21_02-15-59.log
