
正在查詢 ncku.edu.tw 的子網域...


=== Shodan 原始 JSON ===
{
  "domain": "ncku.edu.tw",
  "tags": [],
  "subdomains": [
    "110niag",
    "118.ices.csie",
    "123.ices.csie",
    "2012cit",
    "2017web.bio",
    "2020.arch",
    "2022biocas-preworkshop.csie",
    "2030.sdg",
    "3cp-jasmine.polsci",
    "3emovie",
    "3rs.deoh",
    "85th",
    "90th",
    "aaa",
    "aaa1",
    "aaa2",
    "aacsb.management",
    "aatl-signer-backend.netdb.csie",
    "aatl.netdb.csie",
    "abcd123.ee",
    "acad",
    "acad-oxf",
    "acc.adm",
    "acco",
    "accs.adm",
    "acesanalysis.researchvismap",
    "acm.netdb.csie",
    "activity",
    "activity-osa",
    "activity.osa",
    "ad.lib",
    "adhelp.ee",
    "admin.fmri",
    "admin.gym",
    "admissions.oia",
    "adms-acad",
    "adms.acad",
    "aeolab04.ee",
    "aerosol.ev",
    "ahpnd.researchvismap",
    "ahs",
    "ai.csie",
    "ai4dt.ee",
    "aibmrc.csie",
    "aiediting.cc",
    "aiforum2018.csie",
    "aigp",
    "aim",
    "aim1.aic",
    "aim2.aic",
    "aimldesignofmm.researchvismap",
    "aionchip.computing",
    "airpro.researchvismap",
    "ais2m",
    "aislab.ee",
    "aislabcourse.ee",
    "aislabnas.ee",
    "aitc",
    "algaepath.itps",
    "algorithm.csie",
    "alumni",
    "alumni.acc",
    "alumni.bme",
    "alumni.dps",
    "alumni.flld",
    "alumni.me",
    "alumni.sname",
    "alumni1.me",
    "alzcovid.researchvismap",
    "amba",
    "amd05.ee",
    "ampl.me",
    "anatomy",
    "ancient.lib",
    "anesth-med",
    "animal",
    "ann",
    "ann.web",
    "antiapoptoticproteinsautophagy.researchvismap",
    "antispam",
    "antispam.hosp",
    "antispam1.hosp",
    "ap.geomatics",
    "api.deh.csie",
    "api.experience.ctld",
    "api.fmri",
    "api.gym",
    "api.ksc.im",
    "api.nckupass.ctld",
    "api.netdb.csie",
    "apmr.management",
    "app-fun.cc",
    "app.fintech",
    "app.lib",
    "app2013.cc",
    "apply.aic",
    "apply.cc",
    "appointment.dev.netdb.csie",
    "arch",
    "archaeology",
    "archimedes.ee",
    "archives.arch",
    "archives.museum",
    "arguidedcaul.researchvismap",
    "aris2022",
    "aristolochia.researchvismap",
    "art",
    "artcenter",
    "artrtreatmentofataad.researchvismap",
    "asas.ee",
    "asem.me",
    "asiclab10.ee",
    "assistance-osa",
    "assistance.osa",
    "astrc",
    "atmirnet.itps",
    "atp.ee",
    "atpan.itps",
    "autobind.csie",
    "autophagynmstox.researchvismap",
    "avs.medlib",
    "awat.ee",
    "ba",
    "bb",
    "bbb.moodle",
    "bbb2.moodle",
    "bbb3.moodle",
    "bbb4.moodle",
    "bbb5.moodle",
    "bbb6.moodle",
    "bbb7.moodle",
    "bbb8.moodle",
    "bbb9.moodle",
    "bbs.ccns",
    "bclab.arch",
    "beethoven.ee",
    "behmed",
    "belab.ee",
    "berserk.phys",
    "bestemi",
    "bi.im",
    "biochem",
    "bioethanolmah.researchvismap",
    "bioimage.med",
    "biomarkerbacterialviralinfection.researchvismap",
    "biomasstorrefaction.researchvismap",
    "biomethanechar.researchvismap",
    "blue.ee",
    "bme",
    "bmilab.csie",
    "bookstack.netdb.csie",
    "boss.testbed",
    "brand",
    "brester.ee",
    "bruckner.ee",
    "bs.netdb.csie",
    "budget.top",
    "buslab.csie",
    "cacerl.ime",
    "cacs2008",
    "cad.csie",
    "cad12.ee",
    "cad3.ee",
    "cadcam.ime",
    "caelab.me",
    "caid.csie",
    "calc.phys",
    "calendar",
    "calendar.lib",
    "camp.csie",
    "campuslife.90th",
    "campusosh.deoh",
    "can",
    "capst",
    "career.osa",
    "career2.osa",
    "career3.osa",
    "carfootprint.researchvismap",
    "carnation.ee",
    "cas5.ee",
    "casalab.civil",
    "casd.csie",
    "casgpu.ee",
    "cashier-ufo",
    "cashier.ufo",
    "caslab.ee",
    "casmail.ee",
    "catslab.ee",
    "cbb",
    "cbic.ee",
    "cbs.cce",
    "cc",
    "cc.ime",
    "cce",
    "ccep",
    "ccep.ctld",
    "ccirdc.cpd",
    "cck.phys",
    "cck1.phys",
    "cck2.phys",
    "ccns",
    "cdch1.csie",
    "cdch2.csie",
    "cdnetb.lib",
    "cdnetc.lib",
    "cdnetdtts.lib",
    "cdnete.lib",
    "cdnetf.lib",
    "ceastudy.researchvismap",
    "centrallab.hosp",
    "certcenter.credit.csie",
    "certificates.nlearning",
    "cets",
    "ceyushan.civil",
    "cfb.cbb",
    "cfc",
    "cfc2021.cfc",
    "cfpmoe.ee",
    "cge",
    "cgm",
    "challenge.computing",
    "chass",
    "chatbot.oia",
    "che",
    "chemicloud.netdb.csie",
    "chexam.hosp",
    "chinese",
    "chiusystem.ee",
    "chocolate.ee",
    "chtsailab.ee",
    "cial.csie",
    "cice-acad",
    "cice.acad",
    "cid-acad",
    "cid.acad",
    "cie.cpd",
    "ciismgr.cc",
    "ciot.imis",
    "cir.bb",
    "cis-cfc",
    "cis.cfc",
    "ckforum",
    "ckforum2",
    "ckhp",
    "ckmail",
    "ckw.phys",
    "classroom.iim",
    "clinicepid.researchvismap",
    "clm.med",
    "cloud.computing",
    "clpharm",
    "cmnst-cfc",
    "cmnst2013.cmnst",
    "cobis-fs.bme",
    "cobis.bme",
    "code.arch",
    "codec.ee",
    "codimd.aislab.ee",
    "collegex",
    "colors.ee",
    "comc1.comc",
    "computing",
    "converter.icsdsa",
    "copland.ee",
    "corelab.med",
    "corpora.flld",
    "cosbi.ee",
    "cosbi10.ee",
    "cosbi11.ee",
    "cosbi2.ee",
    "cosbi3.ee",
    "cosbi4.ee",
    "cosbi5.ee",
    "cosbi6.ee",
    "cosbi7.ee",
    "cosbi9.ee",
    "counseling-osa",
    "counseling.osa",
    "count.lib",
    "course-pd2.netdb.csie",
    "cov19iot01.hosp",
    "covid19",
    "covtest.netdb.csie",
    "cox-nas.collegex",
    "cox-nas.ctld",
    "cpanel.nckuhevtts.bme",
    "cpcalendars.nckuhevtts.bme",
    "cpcontacts.nckuhevtts.bme",
    "cpd",
    "crc.hosp",
    "credit.csie",
    "crimson.ee",
    "crypto.ee",
    "crystal.ais2m",
    "cs",
    "csbot.netdb.csie",
    "csie",
    "csp11.ee",
    "csp24.ee",
    "css",
    "css-secr",
    "cssa.cc",
    "csslab.csie",
    "ctai.netdb.csie",
    "cte-acad",
    "cte.acad",
    "ctld",
    "ctld-acad",
    "ctld.acad",
    "ctlt.twl",
    "ctrmost-cfc",
    "cubic.mse",
    "curie.ee",
    "cvs.twl",
    "cvtest.netdb.csie",
    "cyanogmexp.researchvismap",
    "cyanoshow.researchvismap",
    "d6im.hosp",
    "d6service.hosp",
    "d6wifi.hosp",
    "dai.csie",
    "dashboard-ncku-aiot.wp.hosp",
    "dashboard.experience.ctld",
    "dashboard.nckupass.ctld",
    "daylightphotodynamictherapy.researchvismap",
    "dba",
    "dbbs",
    "dbemily.csie",
    "dblab.csie",
    "dbs.comc",
    "dcert-moe.netdb.csie",
    "dcert-moeh.netdb.csie",
    "dcert.csie",
    "dcl.ee",
    "dcmc14.ee",
    "dcmc16.ee",
    "dcmc20.ee",
    "dcmc33.ee",
    "dcmc34.ee",
    "dcmoe.csie",
    "ddcbc.csie",
    "deepwiki.netdb.csie",
    "deh.csie",
    "dem-med",
    "denguefever.csie",
    "dentistry",
    "deoh",
    "derek.csie",
    "derm-med",
    "design",
    "devnoc.ee",
    "dgl.geomatics",
    "dgx.fintech.management",
    "dhblab.bme",
    "dic.csie",
    "did-fhir.netdb.csie",
    "digitalarchives.artcenter",
    "diploma",
    "dlearning",
    "dlearningvote.ai4dt",
    "dm2018.thl",
    "dns.csie",
    "dns.es",
    "dns.web2",
    "dns.web3",
    "dns4",
    "doc-secr",
    "doc.screamtrumpet.csie",
    "doc.secr",
    "docmost.course.aislab.ee",
    "doem-med",
    "donate",
    "dophin.hyd",
    "dophin.inhmm",
    "dophin.iotma",
    "dorm.osa",
    "dorm2.osa",
    "dou6.hosp",
    "download.cfc",
    "dpdktest.ee",
    "dpmb.dpec",
    "dps",
    "dradmin.hosp",
    "ds",
    "dslab.csie",
    "e-portfolio.ctld",
    "eap.lib",
    "earth",
    "easytest.lib",
    "easytest2.lib",
    "ebook.alumni",
    "ebook.arch",
    "ecmdic.tpbna",
    "ecodesign2017",
    "econ",
    "economics",
    "ed",
    "eda.csie",
    "edapi.edoc",
    "edison.ee",
    "edoc.hosp",
    "edoct.hosp",
    "educ.hosp",
    "eduesx01.cc",
    "eduesx02.cc",
    "eduesx03.cc",
    "eduesx04.cc",
    "eduesx05.cc",
    "eduesx06.cc",
    "eduesx07.cc",
    "eduesx08.cc",
    "ee",
    "ee-vm.ccns",
    "eecs",
    "eeoffice.ee",
    "effectsofcbt-ionqol.researchvismap",
    "eform.hosp",
    "eimd",
    "elearning.hosp",
    "elearning.imis",
    "elearning.mdic",
    "elfess.ee",
    "elgar.ee",
    "elite.ee",
    "elunch",
    "email",
    "emba",
    "emgp",
    "emily.csie",
    "emotors",
    "emrc",
    "ems.ee",
    "en.me",
    "en.mse",
    "en.ord",
    "en.sdg",
    "en.ur",
    "energy.phys",
    "enews.oia",
    "eng",
    "eng.osp",
    "engtech.etpc",
    "ennews-secr",
    "ent-med",
    "epage.web2",
    "epage.web3",
    "eportfolio.hosp",
    "eps.gis",
    "epsh",
    "epslab.ee",
    "er.lib",
    "erg",
    "ermrc",
    "eserver.lib",
    "estat",
    "esterase-biochem.che",
    "esxi.csie",
    "etm-lab.civil",
    "etpc",
    "euler.ee",
    "ev",
    "evs",
    "exam.lib",
    "examad.iim",
    "exchmail.stat",
    "expath.itps",
    "expathtool.itps",
    "experience.ctld",
    "express.ord",
    "exptainan.liberal",
    "extension",
    "fdtd.dps",
    "files.me",
    "fintech",
    "fintech.management",
    "firstaid",
    "flc",
    "flld",
    "fmri",
    "foodeducation.ai4dt",
    "foodeducation.ee",
    "foodeducation1.ee",
    "formosat7.earth",
    "foundation.civil",
    "fourier.ee",
    "fr.gec2020.twisc",
    "fr.tcat2019.twisc",
    "freshmanyear.ccep",
    "frisky.es",
    "fs",
    "fun.phys",
    "fund.es",
    "galileo.ee",
    "gcbme2024",
    "gdcsc.med",
    "ge",
    "geec.ee",
    "geo-museum.earth",
    "geodac",
    "geoenv.thl",
    "geoenv2020.thl",
    "geomatics",
    "gesbinmeofmicroalgae.researchvismap",
    "gibbs.ee",
    "gis",
    "gis.thl",
    "git.caslab.ee",
    "gitea.test.course.aislab.ee",
    "gitlab.aislab.ee",
    "gitlab.course.aislab.ee",
    "gitlab.screamtrumpet.csie",
    "gitlab.test.course.aislab.ee",
    "giw2020",
    "gloria",
    "gm-med",
    "goapp.ee",
    "gold.ee",
    "goodguy.csie",
    "gpaper.geomatics",
    "gplab.phys",
    "grad",
    "grad-osa",
    "grad.osa",
    "graf.csie",
    "graphics.csie",
    "graphql.ckforum",
    "graphql.ckforum2",
    "grey.ee",
    "grieg.ee",
    "grqc.ncts",
    "grrc",
    "gs",
    "gsa.twl",
    "gun.ckforum",
    "gun.ckforum2",
    "gym",
    "hadcp.thl",
    "harbor.screamtrumpet.csie",
    "haydn.ee",
    "hdmap.geomatics",
    "health-epsh",
    "health.epsh",
    "health.mdic",
    "hearthermo.csie",
    "heat3.che",
    "hec22.hyd",
    "hedgedoc.course.aislab.ee",
    "hep.phys",
    "hieporuscarbon.researchvismap",
    "higem",
    "himax.ee",
    "his",
    "hmcs.hosp",
    "hmi.wraicslog.twisc",
    "hmsstc",
    "holtz.ee",
    "holybell.phys",
    "honeydew.ee",
    "housing-osa",
    "housing.osa",
    "hpc",
    "hpds119.ee",
    "hpds120.ee",
    "hpds124.ee",
    "hpds71.ee",
    "hpds82.ee",
    "hpds85.ee",
    "hpds88.ee",
    "hpds95.ee",
    "hpds96.ee",
    "hpdslab.ee",
    "hpfbf.researchvismap",
    "hsm",
    "hsnet.ee",
    "hspc.csie",
    "hspc2023.csie",
    "hstrc.hyd",
    "hsu411.hosp",
    "hsunt.hosp",
    "huang.es",
    "hub.arch",
    "hub.fintech",
    "hydrodapu.dprc",
    "i",
    "i-certificate.ctld",
    "i-classroom.collegex",
    "i-drive.ctld",
    "i-expert.ctld",
    "i-member.ctld",
    "i-nas.cce",
    "i-ocw.ctld",
    "iaa",
    "ib",
    "ibdpe",
    "ibm260.phys",
    "ibm595.phys",
    "ibms",
    "ica",
    "icamp",
    "icaps.computing",
    "icdeslab02.ee",
    "icdeslab05.ee",
    "icdeslab06.ee",
    "icdeslab08.ee",
    "icem15",
    "ices.csie",
    "iche2016.hyd",
    "icid",
    "icim",
    "iclab.es",
    "icmmed",
    "icwangjf.ee",
    "id",
    "id.sso2",
    "idb.csie",
    "idc-ord",
    "idc.ord",
    "ide",
    "ideal.csie",
    "idp",
    "iebs.arch",
    "ieet.csie",
    "ieet.ee",
    "igisportal.geomatics",
    "ihliu.twisc",
    "iim",
    "iir.csie",
    "iisd-oia",
    "iisd.oia",
    "ijiatraining.ee",
    "ikmbio.csie",
    "ilin.iim",
    "im",
    "imba",
    "ime",
    "imfw.hosp",
    "imilab.imis",
    "imis",
    "imm-med",
    "imputation.netdb.csie",
    "imrc",
    "imslab.csie",
    "imspmdcad1c.ee",
    "imxms.hosp",
    "indigo.ee",
    "industry-taiwan.innovation",
    "infra.ee",
    "innovation",
    "instrument.science",
    "internship.arch",
    "investments",
    "ioannis.ee",
    "iog",
    "iom",
    "iom.hosp",
    "ioml.iim",
    "ipam.testbed",
    "ipc2011",
    "iqbal.researchvismap",
    "ir-ord",
    "ir.lib",
    "ir.ord",
    "ircmmc",
    "ird-oia",
    "ird.oia",
    "irdd-ord",
    "irdd.ord",
    "isaac2025.csie",
    "isad-oia",
    "isad.oia",
    "isaps",
    "isce",
    "isdc",
    "isgnss2016",
    "isgnss2016.geomatics",
    "islab.csie",
    "ismail.csie",
    "ismp.csie",
    "isms.cc",
    "isse",
    "istest.test",
    "iteach",
    "itlab.ee",
    "itlab.npe.ee",
    "itps",
    "itsa-k8s.netdb.csie",
    "itsa.netdb.csie",
    "iwoca2023.csie",
    "iwrr",
    "j-kumo.flld",
    "j92a21.ee",
    "j92a21b.ee",
    "jksheu.dps",
    "john.che",
    "john.phys",
    "judge.csie",
    "jupyterhub.phys",
    "jupyterhub2.phys",
    "justinyueh.ee",
    "justrna.itps",
    "jwchang.es",
    "jyleepe07.ee",
    "jyleepe10.ee",
    "jyleepe18.ee",
    "kclc",
    "kdd.es",
    "kdd177.es",
    "keycloak.course.aislab.ee",
    "kid.csie",
    "kid.ee",
    "kidstudio.ee",
    "klab.me",
    "km.wpeiic",
    "ksc.im",
    "ktchuang.netdb.csie",
    "kyoto.itlab.ee",
    "lab-bulletin.lab.dps",
    "lab.dps",
    "lab.es",
    "lagrange.ee",
    "law",
    "lawreview.law",
    "lboe.imba",
    "lc.flld",
    "lcaplastic.researchvismap",
    "ldap.aislab.ee",
    "ldap.course.aislab.ee",
    "ldap.test.course.aislab.ee",
    "lee1.ee",
    "lee2.ee",
    "lens.csie",
    "lib",
    "libapp.lib",
    "library.math",
    "librenms.csie",
    "lidar2026.geomatics",
    "lidarws2025.geomatics",
    "light.phys",
    "lime.ee",
    "lin.vp",
    "linen.ee",
    "lingo.kclc",
    "linux.ev",
    "lipidsandalzheimerdisease.researchvismap",
    "liszt.ee",
    "live.nlearning",
    "liveabc.lib",
    "lldap.course.aislab.ee",
    "lmnn.mse",
    "loc.geomatics",
    "loge2.hyd",
    "login.er.lib",
    "lorenz.ee",
    "lrc.med",
    "lsprc",
    "m.lib",
    "macd.geomatics",
    "machineshop",
    "magenta.ee",
    "magiclab.geomatics",
    "mai.ee",
    "mail",
    "mail.acc",
    "mail.course.aislab.ee",
    "mail.csie",
    "mail.ee",
    "mail.geodac",
    "mail.geomatics",
    "mail.grad",
    "mail.hosp",
    "mail.hyd",
    "mail.ime",
    "mail.mse",
    "mail.thl",
    "mail02.thl",
    "mailbox.csie",
    "main-oga",
    "main.oga",
    "mal.netdb.csie",
    "manage-oga",
    "management",
    "management.oia",
    "managetext.oia",
    "mapd",
    "marangoni1.che",
    "marangoni3.che",
    "marangoni5.che",
    "maroon.ee",
    "master-lppl.isaps",
    "material",
    "math",
    "math1.math",
    "matsu.up",
    "mattermost.aislab.ee",
    "mattermost.course.aislab.ee",
    "mattermost.test.course.aislab.ee",
    "mbox.csie",
    "mcert.credit.csie",
    "mclab02.ee",
    "mclab04.ee",
    "mclab09.ee",
    "mcp-demo.netdb.csie",
    "mcsftp.ee",
    "mcslab.ee",
    "mcsprinter.ee",
    "mcvalid.netdb.csie",
    "mdic",
    "me",
    "me-learning.hosp",
    "mecontrol1.ee",
    "mecontrol2.ee",
    "med",
    "mediacore.ee",
    "mediacore190.ee",
    "medicine",
    "medlib.lib",
    "medvis.csie",
    "member.nlearning",
    "mems.ee",
    "mental-rag.netdb.csie",
    "mentaldisorder.researchvismap",
    "merry.ee",
    "metasearch.lib",
    "mhealth.csie",
    "mhmc-bd.csie",
    "mhmc.csie",
    "mhmcbd.csie",
    "miaopu.collegex",
    "micimmun",
    "microrpm.itps",
    "miinstore",
    "mil2.hyd",
    "military-osa",
    "military.osa",
    "minbox.sem.dps",
    "minlab.earth",
    "mirac.ee",
    "mirac13.ee",
    "miracc.ee",
    "miraccc.ee",
    "miractest.ee",
    "mirnalmad.researchvismap",
    "mis.dprc",
    "mis.epsh",
    "mitralvalve.researchvismap",
    "mjcheng.ch",
    "mlearning.nursing",
    "mmc",
    "mmcv.csie",
    "mmnetlab.csie",
    "mms2",
    "mobileassistedoralcommunication.researchvismap",
    "mobileassistedreadingdevelopment.researchvismap",
    "modular-course.cge",
    "modular-course.science",
    "moeas.ee",
    "moelectricchemicalsensor.researchvismap",
    "moetest.ee",
    "moodle",
    "moodle.kclc",
    "moodle.nlearning",
    "moodsensing-ai.csie",
    "moodsensing-app.csie",
    "moodsensing-student.csie",
    "moonstone.math",
    "mosquitokiller.csie",
    "motionlab.bme",
    "motomo.ee",
    "mp",
    "mse",
    "msic.ee",
    "msicp1.ee",
    "msicp2.ee",
    "msicp3.ee",
    "msoc1.ee",
    "mss",
    "mt",
    "mulink1.ee",
    "multicourse.binfo",
    "muse.csie",
    "museum",
    "mussorgsky.ee",
    "myapp",
    "mybox",
    "myboxact.cc",
    "myidp",
    "myswimdiary.sportslab",
    "mytube",
    "n8n.aislab.ee",
    "n8n.course.aislab.ee",
    "n8n.test.course.aislab.ee",
    "naadsvip.phone",
    "nano",
    "nano.dps",
    "nano.phys",
    "nanocomp.me",
    "nas.collegex",
    "nas.netdb.csie",
    "nas51.cce",
    "nature.ee",
    "naucreg1.phone",
    "naucreg2.phone",
    "nautoconf.phone",
    "navayafile.phone",
    "ncbci.csie",
    "ncbcilab.csie",
    "nckuairpollution.csie",
    "nckubikefestival",
    "nckuca",
    "nckudisectts.bme",
    "nckudss.osp",
    "nckudss.ossd",
    "nckuhevtts.bme",
    "nckuhirb.hosp",
    "nckuhkiosk.hosp",
    "nckumoocs",
    "nckupass.ctld",
    "nckupharmacy.hosp",
    "nckur.lib",
    "nckusec",
    "nckusr2",
    "nckutcmnowadays.tcm",
    "nckutree",
    "nclab.me",
    "ncts",
    "nd.hosp",
    "nde1.ee",
    "nde11.ee",
    "nde28.ee",
    "ndmat.hosp",
    "neat.csie",
    "netdb.csie",
    "neuro-med",
    "news-en.secr",
    "news-secr",
    "news.secr",
    "nextg.mse",
    "nice.ee",
    "nids.ee",
    "nlearning",
    "nm-med",
    "nobel.ee",
    "noc.ee",
    "nocodb.course.aislab.ee",
    "nocodb.test.course.aislab.ee",
    "nopam.stat",
    "note.sem.dps",
    "np.netdb.csie",
    "ns.caslab.ee",
    "ns1.ccns",
    "ns1.lens.csie",
    "ns1.me",
    "ns2.ccns",
    "ns2.me",
    "nsap.me",
    "ntpaw.researchvismap",
    "nugasys",
    "nurselededuforanxmgmt.researchvismap",
    "nursing",
    "nursingworkenv.researchvismap",
    "nusantara",
    "oasis",
    "obsgyn-med",
    "ocsadm.oia",
    "office.hyd",
    "office.mse",
    "office2.ime",
    "oga",
    "oia",
    "oiagcac",
    "old.archaeology",
    "oldsite.www.csie",
    "olive.ee",
    "onlineresearch.psychology",
    "opensource.csie",
    "ophth-med",
    "orange.ee",
    "orchidbase.itps",
    "orcid.lib",
    "ord",
    "ordc",
    "orstw2024-test.iim",
    "orstw2024.iim",
    "ortho-med",
    "ortho.clmed",
    "osa",
    "osc.csie",
    "osnas.csie",
    "osp.computing",
    "ossd",
    "ot"
  ],
  "data": [
    {
      "subdomain": "",
      "type": "A",
      "options": {
        "ttl": 62580
      },
      "value": "140.116.229.1",
      "last_seen": "2025-10-29T14:48:32.467000"
    },
    {
      "subdomain": "110niag",
      "type": "A",
      "options": {
        "ttl": 86400
      },
      "value": "211.72.55.47",
      "last_seen": "2025-10-29T14:48:32.909000"
    },
    {
      "subdomain": "118.ices.csie",
      "type": "A",
      "options": {
        "ttl": 3600
      },
      "value": "140.116.245.118",
      "last_seen": "2025-10-29T14:48:32.804000"
    },
    {
      "subdomain": "123.ices.csie",
      "type": "A",
      "options": {
        "ttl": 3600
      },
      "value": "140.116.245.123",
      "last_seen": "2025-10-29T14:48:32.634000"
    },
    {
      "subdomain": "2012cit",
      "type": "A",
      "options": {
        "ttl": 21600
      },
      "value": "140.116.97.20",
      "last_seen": "2025-10-29T14:48:33.050000"
    },
    {
      "subdomain": "2017web.bio",
      "type": "A",
      "options": {
        "ttl": 21600
      },
      "value": "140.116.249.102",
      "last_seen": "2025-10-29T14:48:32.378000"
    },
    {
      "subdomain": "2020.arch",
      "type": "A",
      "options": {
        "ttl": 21600
      },
      "value": "103.17.11.108",
      "last_seen": "2025-10-29T14:48:33.959000"
    },
    {
      "subdomain": "2022biocas-preworkshop.csie",
      "type": "A",
      "options": {
        "ttl": 3600
      },
      "value": "140.116.246.29",
      "last_seen": "2025-10-29T14:48:32.913000"
    },
    {
      "subdomain": "2030.sdg",
      "type": "A",
      "options": {
        "ttl": 21600
      },
      "value": "140.116.249.217",
      "last_seen": "2025-10-29T14:48:33.026000"
    },
    {
      "subdomain": "3cp-jasmine.polsci",
      "type": "A",
      "options": {
        "ttl": 21600
      },
      "value": "140.116.182.70",
      "last_seen": "2025-10-29T14:48:32.713000"
    },
    {
      "subdomain": "3emovie",
      "type": "A",
      "options": {
        "ttl": 86400
      },
      "value": "203.74.202.50",
      "last_seen": "2025-10-29T14:48:33.591000"
    },
    {
      "subdomain": "3rs.deoh",
      "type": "A",
      "options": {
        "ttl": 21600
      },
      "value": "103.129.178.182",
      "last_seen": "2025-10-29T14:48:33.493000"
    },
    {
      "subdomain": "85th",
      "type": "A",
      "options": {
        "ttl": 86400
      },
      "value": "140.116.165.75",
      "last_seen": "2025-10-29T14:48:32.847000"
    },
    {
      "subdomain": "90th",
      "type": "A",
      "options": {
        "ttl": 21600
      },
      "value": "140.116.249.106",
      "last_seen": "2025-10-29T14:48:32.800000"
    },
    {
      "subdomain": "aaa",
      "type": "A",
      "options": {
        "ttl": 21600
      },
      "value": "140.116.19.6",
      "last_seen": "2025-10-29T14:48:32.445000"
    },
    {
      "subdomain": "aaa",
      "type": "A",
      "options": {
        "ttl": 21600
      },
      "value": "140.116.19.7",
      "last_seen": "2025-10-29T14:48:32.445000"
    },
    {
      "subdomain": "aaa1",
      "type": "A",
      "options": {
        "ttl": 21600
      },
      "value": "140.116.19.6",
      "last_seen": "2025-10-29T14:48:32.800000"
    },
    {
      "subdomain": "aaa2",
      "type": "A",
      "options": {
        "ttl": 21600
      },
      "value": "140.116.19.7",
      "last_seen": "2025-10-29T14:48:32.738000"
    },
    {
      "subdomain": "aacsb.management",
      "type": "A",
      "options": {
        "ttl": 86400
      },
      "value": "140.116.50.12",
      "last_seen": "2025-10-29T14:48:32.760000"
    },
    {
      "subdomain": "aatl-signer-backend.netdb.csie",
      "type": "A",
      "options": {
        "ttl": 3600
      },
      "value": "140.116.247.125",
      "last_seen": "2025-10-29T14:48:32.693000"
    },
    {
      "subdomain": "aatl.netdb.csie",
      "type": "A",
      "options": {
        "ttl": 3600
      },
      "value": "140.116.247.125",
      "last_seen": "2025-10-29T14:48:33.905000"
    },
    {
      "subdomain": "abcd123.ee",
      "type": "A",
      "options": {
        "ttl": 60
      },
      "value": "140.116.177.50",
      "last_seen": "2025-10-29T14:48:32.459000"
    },
    {
      "subdomain": "abcd123.ee",
      "type": "A",
      "options": {
        "ttl": 60
      },
      "value": "140.116.216.50",
      "last_seen": "2025-10-29T14:48:32.459000"
    },
    {
      "subdomain": "acad",
      "type": "A",
      "options": {
        "ttl": 21600
      },
      "value": "140.116.248.21",
      "last_seen": "2025-10-29T14:48:33.401000"
    },
    {
      "subdomain": "acad-oxf",
      "type": "A",
      "options": {
        "ttl": 21600
      },
      "value": "103.118.26.155",
      "last_seen": "2025-10-29T14:48:33.932000"
    },
    {
      "subdomain": "acc.adm",
      "type": "A",
      "options": {
        "ttl": 21600
      },
      "value": "140.116.248.11",
      "last_seen": "2025-10-29T14:48:33.379000"
    },
    {
      "subdomain": "acco",
      "type": "A",
      "options": {
        "ttl": 86400
      },
      "value": "140.116.248.21",
      "last_seen": "2025-10-29T14:48:33.213000"
    },
    {
      "subdomain": "accs.adm",
      "type": "A",
      "options": {
        "ttl": 21600
      },
      "value": "140.116.248.11",
      "last_seen": "2025-10-29T14:48:32.463000"
    },
    {
      "subdomain": "acesanalysis.researchvismap",
      "type": "A",
      "options": {
        "ttl": 21600
      },
      "value": "140.116.249.46",
      "last_seen": "2025-10-29T14:48:32.382000"
    },
    {
      "subdomain": "acm.netdb.csie",
      "type": "A",
      "options": {
        "ttl": 3600
      },
      "value": "140.116.247.125",
      "last_seen": "2025-10-29T14:48:33.429000"
    },
    {
      "subdomain": "activity",
      "type": "A",
      "options": {
        "ttl": 21600
      },
      "value": "140.116.249.41",
      "last_seen": "2025-10-29T14:48:32.739000"
    },
    {
      "subdomain": "activity-osa",
      "type": "A",
      "options": {
        "ttl": 21600
      },
      "value": "140.116.248.21",
      "last_seen": "2025-10-29T14:48:33.485000"
    },
    {
      "subdomain": "activity.osa",
      "type": "A",
      "options": {
        "ttl": 21600
      },
      "value": "140.116.248.21",
      "last_seen": "2025-10-29T14:48:32.635000"
    },
    {
      "subdomain": "ad.lib",
      "type": "A",
      "options": {
        "ttl": 60
      },
      "value": "140.116.207.35",
      "last_seen": "2025-10-29T14:48:32.820000"
    },
    {
      "subdomain": "adhelp.ee",
      "type": "A",
      "options": {
        "ttl": 60
      },
      "value": "140.116.177.31",
      "last_seen": "2025-10-29T14:48:32.459000"
    },
    {
      "subdomain": "admin.fmri",
      "type": "A",
      "options": {
        "ttl": 21600
      },
      "value": "140.116.252.100",
      "last_seen": "2025-10-29T14:48:32.803000"
    },
    {
      "subdomain": "admin.gym",
      "type": "A",
      "options": {
        "ttl": 21600
      },
      "value": "140.116.206.180",
      "last_seen": "2025-10-29T14:48:32.759000"
    },
    {
      "subdomain": "admissions.oia",
      "type": "A",
      "options": {
        "ttl": 72233
      },
      "value": "140.116.249.222",
      "last_seen": "2025-10-29T14:48:32.373000"
    },
    {
      "subdomain": "adms-acad",
      "type": "A",
      "options": {
        "ttl": 62432
      },
      "value": "140.116.248.21",
      "last_seen": "2025-10-29T14:48:32.460000"
    },
    {
      "subdomain": "adms.acad",
      "type": "A",
      "options": {
        "ttl": 21600
      },
      "value": "140.116.248.21",
      "last_seen": "2025-10-29T14:48:32.942000"
    },
    {
      "subdomain": "aeolab04.ee",
      "type": "A",
      "options": {
        "ttl": 60
      },
      "value": "140.116.216.196",
      "last_seen": "2025-10-29T14:48:32.891000"
    },
    {
      "subdomain": "aerosol.ev",
      "type": "A",
      "options": {
        "ttl": 21600
      },
      "value": "140.116.44.179",
      "last_seen": "2025-10-29T14:48:33.357000"
    },
    {
      "subdomain": "ahpnd.researchvismap",
      "type": "A",
      "options": {
        "ttl": 21600
      },
      "value": "140.116.249.46",
      "last_seen": "2025-10-29T14:48:32.879000"
    },
    {
      "subdomain": "ahs",
      "type": "A",
      "options": {
        "ttl": 21600
      },
      "value": "140.116.248.21",
      "last_seen": "2025-10-29T14:48:32.818000"
    },
    {
      "subdomain": "ai.csie",
      "type": "A",
      "options": {
        "ttl": 3600
      },
      "value": "140.116.246.7",
      "last_seen": "2025-10-29T14:48:32.813000"
    },
    {
      "subdomain": "ai4dt.ee",
      "type": "A",
      "options": {
        "ttl": 60
      },
      "value": "140.116.56.60",
      "last_seen": "2025-10-29T14:48:33.541000"
    },
    {
      "subdomain": "aibmrc.csie",
      "type": "A",
      "options": {
        "ttl": 3600
      },
      "value": "140.116.246.197",
      "last_seen": "2025-10-29T14:48:33.480000"
    },
    {
      "subdomain": "aiediting.cc",
      "type": "A",
      "options": {
        "ttl": 86400
      },
      "value": "140.116.241.243",
      "last_seen": "2025-10-29T14:48:32.984000"
    },
    {
      "subdomain": "aiforum2018.csie",
      "type": "A",
      "options": {
        "ttl": 3600
      },
      "value": "140.116.245.100",
      "last_seen": "2025-10-29T14:48:32.474000"
    },
    {
      "subdomain": "aigp",
      "type": "A",
      "options": {
        "ttl": 21600
      },
      "value": "140.116.248.21",
      "last_seen": "2025-10-29T14:48:32.613000"
    },
    {
      "subdomain": "aim",
      "type": "A",
      "options": {
        "ttl": 21600
      },
      "value": "140.116.248.21",
      "last_seen": "2025-10-29T14:48:32.537000"
    },
    {
      "subdomain": "aim1.aic",
      "type": "A",
      "options": {
        "ttl": 21600
      },
      "value": "140.116.240.146",
      "last_seen": "2025-10-29T14:48:32.373000"
    },
    {
      "subdomain": "aim2.aic",
      "type": "A",
      "options": {
        "ttl": 21600
      },
      "value": "140.116.240.147",
      "last_seen": "2025-10-29T14:48:33.654000"
    },
    {
      "subdomain": "aimldesignofmm.researchvismap",
      "type": "A",
      "options": {
        "ttl": 86400
      },
      "value": "140.116.249.46",
      "last_seen": "2025-10-29T14:48:33.971000"
    },
    {
      "subdomain": "aionchip.computing",
      "type": "A",
      "options": {
        "ttl": 21600
      },
      "value": "140.116.223.23",
      "last_seen": "2025-10-29T14:48:33.062000"
    },
    {
      "subdomain": "airpro.researchvismap",
      "type": "A",
      "options": {
        "ttl": 21600
      },
      "value": "140.116.249.46",
      "last_seen": "2025-10-29T14:48:32.870000"
    },
    {
      "subdomain": "ais2m",
      "type": "A",
      "options": {
        "ttl": 86400
      },
      "value": "35.187.147.222",
      "last_seen": "2025-10-29T14:48:32.738000"
    },
    {
      "subdomain": "aislab.ee",
      "type": "A",
      "options": {
        "ttl": 21600
      },
      "value": "140.116.178.170",
      "last_seen": "2025-10-29T14:48:33.462000"
    },
    {
      "subdomain": "aislabcourse.ee",
      "type": "A",
      "options": {
        "ttl": 60
      },
      "value": "140.116.178.171",
      "last_seen": "2025-10-29T14:48:33.136000"
    },
    {
      "subdomain": "aislabnas.ee",
      "type": "A",
      "options": {
        "ttl": 60
      },
      "value": "140.116.178.163",
      "last_seen": "2025-10-29T14:48:32.847000"
    },
    {
      "subdomain": "aitc",
      "type": "A",
      "options": {
        "ttl": 21600
      },
      "value": "140.116.249.181",
      "last_seen": "2025-10-29T14:48:32.811000"
    },
    {
      "subdomain": "algaepath.itps",
      "type": "A",
      "options": {
        "ttl": 21600
      },
      "value": "140.116.56.84",
      "last_seen": "2025-10-29T14:48:32.494000"
    },
    {
      "subdomain": "algorithm.csie",
      "type": "A",
      "options": {
        "ttl": 3600
      },
      "value": "140.116.82.66",
      "last_seen": "2025-10-29T14:48:33.496000"
    },
    {
      "subdomain": "alumni",
      "type": "A",
      "options": {
        "ttl": 86400
      },
      "value": "140.116.248.21",
      "last_seen": "2025-10-29T14:48:33.910000"
    },
    {
      "subdomain": "alumni.acc",
      "type": "A",
      "options": {
        "ttl": 20398
      },
      "value": "59.125.33.48",
      "last_seen": "2025-10-29T14:48:33.997000"
    },
    {
      "subdomain": "alumni.bme",
      "type": "A",
      "options": {
        "ttl": 21600
      },
      "value": "60.249.215.120",
      "last_seen": "2025-10-29T14:48:32.466000"
    },
    {
      "subdomain": "alumni.dps",
      "type": "A",
      "options": {
        "ttl": 300
      },
      "value": "61.61.82.65",
      "last_seen": "2025-10-29T14:48:33.436000"
    },
    {
      "subdomain": "alumni.flld",
      "type": "A",
      "options": {
        "ttl": 21600
      },
      "value": "140.116.12.2",
      "last_seen": "2025-10-29T14:48:33.995000"
    },
    {
      "subdomain": "alumni.me",
      "type": "A",
      "options": {
        "ttl": 4526
      },
      "value": "140.116.31.35",
      "last_seen": "2025-10-29T14:48:32.802000"
    },
    {
      "subdomain": "alumni.sname",
      "type": "A",
      "options": {
        "ttl": 21600
      },
      "value": "140.116.85.236",
      "last_seen": "2025-10-29T14:48:32.514000"
    },
    {
      "subdomain": "alumni1.me",
      "type": "A",
      "options": {
        "ttl": 21600
      },
      "value": "140.116.31.27",
      "last_seen": "2025-10-29T14:48:33.594000"
    },
    {
      "subdomain": "alzcovid.researchvismap",
      "type": "A",
      "options": {
        "ttl": 21600
      },
      "value": "140.116.249.46",
      "last_seen": "2025-10-29T14:48:32.973000"
    },
    {
      "subdomain": "amba",
      "type": "A",
      "options": {
        "ttl": 21600
      },
      "value": "140.116.248.21",
      "last_seen": "2025-10-29T14:48:32.802000"
    },
    {
      "subdomain": "amd05.ee",
      "type": "A",
      "options": {
        "ttl": 60
      },
      "value": "140.116.178.37",
      "last_seen": "2025-10-29T14:48:33.522000"
    },
    {
      "subdomain": "ampl.me",
      "type": "A",
      "options": {
        "ttl": 21600
      },
      "value": "140.116.31.35",
      "last_seen": "2025-10-29T14:48:32.698000"
    },
    {
      "subdomain": "anatomy",
      "type": "A",
      "options": {
        "ttl": 21136
      },
      "value": "140.116.248.21",
      "last_seen": "2025-10-29T14:48:33.818000"
    },
    {
      "subdomain": "ancient.lib",
      "type": "A",
      "options": {
        "ttl": 60
      },
      "value": "140.116.207.31",
      "last_seen": "2025-10-29T14:48:32.862000"
    },
    {
      "subdomain": "anesth-med",
      "type": "A",
      "options": {
        "ttl": 21600
      },
      "value": "140.116.248.21",
      "last_seen": "2025-10-29T14:48:32.805000"
    },
    {
      "subdomain": "animal",
      "type": "A",
      "options": {
        "ttl": 17014
      },
      "value": "140.116.248.21",
      "last_seen": "2025-10-29T14:48:32.338000"
    },
    {
      "subdomain": "ann",
      "type": "A",
      "options": {
        "ttl": 21600
      },
      "value": "140.116.248.21",
      "last_seen": "2025-10-29T14:48:33.453000"
    },
    {
      "subdomain": "ann.web",
      "type": "A",
      "options": {
        "ttl": 21600
      },
      "value": "140.116.248.21",
      "last_seen": "2025-10-29T14:48:32.814000"
    },
    {
      "subdomain": "antiapoptoticproteinsautophagy.researchvismap",
      "type": "A",
      "options": {
        "ttl": 21600
      },
      "value": "140.116.249.46",
      "last_seen": "2025-10-29T14:48:33.341000"
    },
    {
      "subdomain": "antispam",
      "type": "A",
      "options": {
        "ttl": 21600
      },
      "value": "140.116.229.120",
      "last_seen": "2025-10-29T14:48:32.804000"
    },
    {
      "subdomain": "antispam.hosp",
      "type": "A",
      "options": {
        "ttl": 3600
      },
      "value": "120.114.248.23",
      "last_seen": "2025-10-29T14:48:32.888000"
    },
    {
      "subdomain": "antispam1.hosp",
      "type": "A",
      "options": {
        "ttl": 3600
      },
      "value": "140.116.59.236",
      "last_seen": "2025-10-29T14:48:32.901000"
    },
    {
      "subdomain": "ap.geomatics",
      "type": "A",
      "options": {
        "ttl": 3600
      },
      "value": "140.116.80.1",
      "last_seen": "2025-10-29T14:48:33.344000"
    },
    {
      "subdomain": "api.deh.csie",
      "type": "A",
      "options": {
        "ttl": 3600
      },
      "value": "140.116.82.138",
      "last_seen": "2025-10-29T14:48:33.701000"
    },
    {
      "subdomain": "api.experience.ctld",
      "type": "A",
      "options": {
        "ttl": 21600
      },
      "value": "140.116.249.243",
      "last_seen": "2025-10-29T14:48:32.975000"
    },
    {
      "subdomain": "api.fmri",
      "type": "A",
      "options": {
        "ttl": 21599
      },
      "value": "140.116.252.100",
      "last_seen": "2025-10-29T14:48:32.914000"
    },
    {
      "subdomain": "api.gym",
      "type": "A",
      "options": {
        "ttl": 21600
      },
      "value": "140.116.206.180",
      "last_seen": "2025-10-29T14:48:32.537000"
    },
    {
      "subdomain": "api.ksc.im",
      "type": "A",
      "options": {
        "ttl": 3600
      },
      "value": "140.116.99.141",
      "last_seen": "2025-10-29T14:48:33.404000"
    },
    {
      "subdomain": "api.nckupass.ctld",
      "type": "A",
      "options": {
        "ttl": 21600
      },
      "value": "140.116.249.243",
      "last_seen": "2025-10-29T14:48:33.595000"
    },
    {
      "subdomain": "api.netdb.csie",
      "type": "A",
      "options": {
        "ttl": 3600
      },
      "value": "140.116.247.125",
      "last_seen": "2025-10-29T14:48:32.517000"
    },
    {
      "subdomain": "apmr.management",
      "type": "A",
      "options": {
        "ttl": 21600
      },
      "value": "140.116.50.63",
      "last_seen": "2025-10-29T14:48:32.901000"
    },
    {
      "subdomain": "app-fun.cc",
      "type": "A",
      "options": {
        "ttl": 21600
      },
      "value": "140.116.165.81",
      "last_seen": "2025-10-29T14:48:32.849000"
    },
    {
      "subdomain": "app.fintech",
      "type": "A",
      "options": {
        "ttl": 21600
      },
      "value": "140.116.17.233",
      "last_seen": "2025-10-29T14:48:33.594000"
    },
    {
      "subdomain": "app.lib",
      "type": "A",
      "options": {
        "ttl": 60
      },
      "value": "140.116.207.50",
      "last_seen": "2025-10-29T14:48:32.459000"
    },
    {
      "subdomain": "app2013.cc",
      "type": "A",
      "options": {
        "ttl": 21600
      },
      "value": "140.116.249.198",
      "last_seen": "2025-10-29T14:48:32.359000"
    },
    {
      "subdomain": "apply.aic",
      "type": "A",
      "options": {
        "ttl": 21600
      },
      "value": "140.116.241.243",
      "last_seen": "2025-10-29T14:48:32.373000"
    },
    {
      "subdomain": "apply.cc",
      "type": "A",
      "options": {
        "ttl": 21600
      },
      "value": "140.116.249.246",
      "last_seen": "2025-10-29T14:48:32.696000"
    },
    {
      "subdomain": "appointment.dev.netdb.csie",
      "type": "A",
      "options": {
        "ttl": 3600
      },
      "value": "140.116.247.125",
      "last_seen": "2025-10-29T14:48:32.425000"
    },
    {
      "subdomain": "arch",
      "type": "A",
      "options": {
        "ttl": 21600
      },
      "value": "103.17.11.108",
      "last_seen": "2025-10-29T14:48:32.437000"
    },
    {
      "subdomain": "archaeology",
      "type": "A",
      "options": {
        "ttl": 21600
      },
      "value": "140.116.248.21",
      "last_seen": "2025-10-29T14:48:32.870000"
    },
    {
      "subdomain": "archimedes.ee",
      "type": "A",
      "options": {
        "ttl": 60
      },
      "value": "140.116.216.123",
      "last_seen": "2025-10-29T14:48:33.054000"
    },
    {
      "subdomain": "archives.arch",
      "type": "A",
      "options": {
        "ttl": 21600
      },
      "value": "140.116.37.41",
      "last_seen": "2025-10-29T14:48:33.502000"
    },
    {
      "subdomain": "archives.museum",
      "type": "A",
      "options": {
        "ttl": 21600
      },
      "value": "140.116.249.49",
      "last_seen": "2025-10-29T14:48:33.507000"
    },
    {
      "subdomain": "arguidedcaul.researchvismap",
      "type": "A",
      "options": {
        "ttl": 21600
      },
      "value": "140.116.249.46",
      "last_seen": "2025-10-29T14:48:32.740000"
    },
    {
      "subdomain": "aris2022",
      "type": "A",
      "options": {
        "ttl": 21600
      },
      "value": "140.116.215.75",
      "last_seen": "2025-10-29T14:48:32.822000"
    },
    {
      "subdomain": "aristolochia.researchvismap",
      "type": "A",
      "options": {
        "ttl": 21600
      },
      "value": "140.116.249.46",
      "last_seen": "2025-10-29T14:48:32.439000"
    },
    {
      "subdomain": "art",
      "type": "A",
      "options": {
        "ttl": 19097
      },
      "value": "140.116.248.21",
      "last_seen": "2025-10-29T14:48:32.613000"
    },
    {
      "subdomain": "artcenter",
      "type": "A",
      "options": {
        "ttl": 15132
      },
      "value": "140.116.248.21",
      "last_seen": "2025-10-29T14:48:32.378000"
    },
    {
      "subdomain": "artrtreatmentofataad.researchvismap",
      "type": "A",
      "options": {
        "ttl": 86400
      },
      "value": "140.116.249.46",
      "last_seen": "2025-10-29T14:48:33.352000"
    },
    {
      "subdomain": "asas.ee",
      "type": "A",
      "options": {
        "ttl": 60
      },
      "value": "140.116.216.49",
      "last_seen": "2025-10-29T14:48:32.849000"
    },
    {
      "subdomain": "asem.me",
      "type": "A",
      "options": {
        "ttl": 21600
      },
      "value": "140.116.31.35",
      "last_seen": "2025-10-29T14:48:33.346000"
    },
    {
      "subdomain": "asiclab10.ee",
      "type": "A",
      "options": {
        "ttl": 60
      },
      "value": "140.116.187.217",
      "last_seen": "2025-10-29T14:48:32.891000"
    },
    {
      "subdomain": "assistance-osa",
      "type": "A",
      "options": {
        "ttl": 21600
      },
      "value": "140.116.248.21",
      "last_seen": "2025-10-29T14:48:32.467000"
    },
    {
      "subdomain": "assistance.osa",
      "type": "A",
      "options": {
        "ttl": 19956
      },
      "value": "140.116.248.21",
      "last_seen": "2025-10-29T14:48:32.736000"
    },
    {
      "subdomain": "astrc",
      "type": "A",
      "options": {
        "ttl": 14254
      },
      "value": "140.116.248.21",
      "last_seen": "2025-10-29T14:48:32.673000"
    },
    {
      "subdomain": "atmirnet.itps",
      "type": "A",
      "options": {
        "ttl": 86400
      },
      "value": "140.116.56.82",
      "last_seen": "2025-10-29T14:48:33.876000"
    },
    {
      "subdomain": "atp.ee",
      "type": "A",
      "options": {
        "ttl": 60
      },
      "value": "140.116.177.131",
      "last_seen": "2025-10-29T14:48:32.432000"
    },
    {
      "subdomain": "atpan.itps",
      "type": "A",
      "options": {
        "ttl": 21600
      },
      "value": "140.116.56.178",
      "last_seen": "2025-10-29T14:48:32.341000"
    },
    {
      "subdomain": "autobind.csie",
      "type": "A",
      "options": {
        "ttl": 3598
      },
      "value": "140.116.247.185",
      "last_seen": "2025-10-29T14:48:33.737000"
    },
    {
      "subdomain": "autophagynmstox.researchvismap",
      "type": "A",
      "options": {
        "ttl": 21600
      },
      "value": "140.116.249.46",
      "last_seen": "2025-10-29T14:48:33"
    },
    {
      "subdomain": "avs.medlib",
      "type": "A",
      "options": {
        "ttl": 21600
      },
      "value": "140.116.60.129",
      "last_seen": "2025-10-29T14:48:32.819000"
    },
    {
      "subdomain": "awat.ee",
      "type": "A",
      "options": {
        "ttl": 60
      },
      "value": "140.116.164.203",
      "last_seen": "2025-10-29T14:48:32.806000"
    },
    {
      "subdomain": "ba",
      "type": "A",
      "options": {
        "ttl": 17405
      },
      "value": "140.116.248.21",
      "last_seen": "2025-10-29T14:48:32.673000"
    },
    {
      "subdomain": "bb",
      "type": "A",
      "options": {
        "ttl": 21226
      },
      "value": "140.116.248.21",
      "last_seen": "2025-10-29T14:48:32.488000"
    },
    {
      "subdomain": "bbb.moodle",
      "type": "A",
      "options": {
        "ttl": 21600
      },
      "value": "140.116.249.20",
      "last_seen": "2025-10-29T14:48:32.699000"
    },
    {
      "subdomain": "bbb2.moodle",
      "type": "A",
      "options": {
        "ttl": 21600
      },
      "value": "140.116.249.21",
      "last_seen": "2025-10-29T14:48:32.414000"
    },
    {
      "subdomain": "bbb3.moodle",
      "type": "A",
      "options": {
        "ttl": 21600
      },
      "value": "140.116.249.22",
      "last_seen": "2025-10-29T14:48:33.025000"
    },
    {
      "subdomain": "bbb4.moodle",
      "type": "A",
      "options": {
        "ttl": 21600
      },
      "value": "140.116.249.23",
      "last_seen": "2025-10-29T14:48:32.993000"
    },
    {
      "subdomain": "bbb5.moodle",
      "type": "A",
      "options": {
        "ttl": 21600
      },
      "value": "140.116.249.24",
      "last_seen": "2025-10-29T14:48:32.863000"
    },
    {
      "subdomain": "bbb6.moodle",
      "type": "A",
      "options": {
        "ttl": 21600
      },
      "value": "140.116.249.25",
      "last_seen": "2025-10-29T14:48:32.693000"
    },
    {
      "subdomain": "bbb7.moodle",
      "type": "A",
      "options": {
        "ttl": 21600
      },
      "value": "140.116.249.26",
      "last_seen": "2025-10-29T14:48:33.499000"
    },
    {
      "subdomain": "bbb8.moodle",
      "type": "A",
      "options": {
        "ttl": 21600
      },
      "value": "140.116.249.27",
      "last_seen": "2025-10-29T14:48:32.358000"
    },
    {
      "subdomain": "bbb9.moodle",
      "type": "A",
      "options": {
        "ttl": 21600
      },
      "value": "140.116.249.28",
      "last_seen": "2025-10-29T14:48:32.875000"
    },
    {
      "subdomain": "bbs.ccns",
      "type": "A",
      "options": {
        "ttl": 14
      },
      "value": "140.116.249.140",
      "last_seen": "2025-10-29T14:48:33.317000"
    },
    {
      "subdomain": "bclab.arch",
      "type": "A",
      "options": {
        "ttl": 21600
      },
      "value": "140.116.76.94",
      "last_seen": "2025-10-29T14:48:32.879000"
    },
    {
      "subdomain": "beethoven.ee",
      "type": "A",
      "options": {
        "ttl": 60
      },
      "value": "140.116.156.90",
      "last_seen": "2025-10-29T14:48:32.633000"
    },
    {
      "subdomain": "behmed",
      "type": "A",
      "options": {
        "ttl": 21600
      },
      "value": "140.116.248.21",
      "last_seen": "2025-10-29T14:48:32.832000"
    },
    {
      "subdomain": "belab.ee",
      "type": "A",
      "options": {
        "ttl": 60
      },
      "value": "140.116.157.168",
      "last_seen": "2025-10-29T14:48:33.605000"
    },
    {
      "subdomain": "berserk.phys",
      "type": "A",
      "options": {
        "ttl": 21600
      },
      "value": "140.116.91.132",
      "last_seen": "2025-10-29T14:48:32.995000"
    },
    {
      "subdomain": "bestemi",
      "type": "A",
      "options": {
        "ttl": 13510
      },
      "value": "103.118.26.155",
      "last_seen": "2025-10-29T14:48:32.858000"
    },
    {
      "subdomain": "bi.im",
      "type": "A",
      "options": {
        "ttl": 3600
      },
      "value": "140.116.99.15",
      "last_seen": "2025-10-29T14:48:32.778000"
    },
    {
      "subdomain": "biochem",
      "type": "A",
      "options": {
        "ttl": 21137
      },
      "value": "140.116.248.21",
      "last_seen": "2025-10-29T14:48:32.805000"
    },
    {
      "subdomain": "bioethanolmah.researchvismap",
      "type": "A",
      "options": {
        "ttl": 21599
      },
      "value": "140.116.249.46",
      "last_seen": "2025-10-29T14:48:32.683000"
    },
    {
      "subdomain": "bioimage.med",
      "type": "A",
      "options": {
        "ttl": 86400
      },
      "value": "103.118.26.155",
      "last_seen": "2025-10-29T14:48:32.689000"
    },
    {
      "subdomain": "biomarkerbacterialviralinfection.researchvismap",
      "type": "A",
      "options": {
        "ttl": 21600
      },
      "value": "140.116.249.46",
      "last_seen": "2025-10-29T14:48:33.011000"
    },
    {
      "subdomain": "biomasstorrefaction.researchvismap",
      "type": "A",
      "options": {
        "ttl": 21600
      },
      "value": "140.116.249.46",
      "last_seen": "2025-10-29T14:48:32.833000"
    },
    {
      "subdomain": "biomethanechar.researchvismap",
      "type": "A",
      "options": {
        "ttl": 21600
      },
      "value": "140.116.249.46",
      "last_seen": "2025-10-29T14:48:32.882000"
    },
    {
      "subdomain": "blue.ee",
      "type": "A",
      "options": {
        "ttl": 60
      },
      "value": "140.116.72.171",
      "last_seen": "2025-10-29T14:48:32.902000"
    },
    {
      "subdomain": "bme",
      "type": "A",
      "options": {
        "ttl": 21450
      },
      "value": "140.116.248.21",
      "last_seen": "2025-10-29T14:48:32.939000"
    },
    {
      "subdomain": "bmilab.csie",
      "type": "A",
      "options": {
        "ttl": 3598
      },
      "value": "140.116.82.83",
      "last_seen": "2025-10-29T14:48:33.638000"
    },
    {
      "subdomain": "bookstack.netdb.csie",
      "type": "A",
      "options": {
        "ttl": 3600
      },
      "value": "140.116.247.125",
      "last_seen": "2025-10-29T14:48:33.157000"
    },
    {
      "subdomain": "boss.testbed",
      "type": "A",
      "options": {
        "ttl": 60
      },
      "value": "140.110.111.10",
      "last_seen": "2025-10-29T14:48:32.964000"
    },
    {
      "subdomain": "brand",
      "type": "A",
      "options": {
        "ttl": 21600
      },
      "value": "140.116.248.4",
      "last_seen": "2025-10-29T14:48:32.991000"
    },
    {
      "subdomain": "brester.ee",
      "type": "A",
      "options": {
        "ttl": 60
      },
      "value": "140.116.92.145",
      "last_seen": "2025-10-29T14:48:32.676000"
    },
    {
      "subdomain": "bruckner.ee",
      "type": "A",
      "options": {
        "ttl": 60
      },
      "value": "140.116.72.160",
      "last_seen": "2025-10-29T14:48:32.827000"
    },
    {
      "subdomain": "bs.netdb.csie",
      "type": "A",
      "options": {
        "ttl": 3600
      },
      "value": "140.116.247.125",
      "last_seen": "2025-10-29T14:48:33.486000"
    },
    {
      "subdomain": "budget.top",
      "type": "A",
      "options": {
        "ttl": 21599
      },
      "value": "140.116.239.242",
      "last_seen": "2025-10-29T14:48:32.680000"
    },
    {
      "subdomain": "buslab.csie",
      "type": "A",
      "options": {
        "ttl": 3600
      },
      "value": "140.116.82.22",
      "last_seen": "2025-10-29T14:48:32.544000"
    },
    {
      "subdomain": "cacerl.ime",
      "type": "A",
      "options": {
        "ttl": 21600
      },
      "value": "140.116.86.7",
      "last_seen": "2025-10-29T14:48:33.959000"
    },
    {
      "subdomain": "cacs2008",
      "type": "A",
      "options": {
        "ttl": 21600
      },
      "value": "140.116.178.26",
      "last_seen": "2025-10-29T14:48:32.932000"
    },
    {
      "subdomain": "cad.csie",
      "type": "A",
      "options": {
        "ttl": 3600
      },
      "value": "140.116.82.250",
      "last_seen": "2025-10-29T14:48:32.459000"
    },
    {
      "subdomain": "cad12.ee",
      "type": "A",
      "options": {
        "ttl": 60
      },
      "value": "140.116.156.221",
      "last_seen": "2025-10-29T14:48:33.918000"
    },
    {
      "subdomain": "cad3.ee",
      "type": "A",
      "options": {
        "ttl": 60
      },
      "value": "140.116.156.80",
      "last_seen": "2025-10-29T14:48:32.459000"
    },
    {
      "subdomain": "cadcam.ime",
      "type": "A",
      "options": {
        "ttl": 21600
      },
      "value": "140.116.86.180",
      "last_seen": "2025-10-29T14:48:32.827000"
    },
    {
      "subdomain": "caelab.me",
      "type": "A",
      "options": {
        "ttl": 21600
      },
      "value": "140.116.71.129",
      "last_seen": "2025-10-29T14:48:32.356000"
    },
    {
      "subdomain": "caid.csie",
      "type": "A",
      "options": {
        "ttl": 3600
      },
      "value": "103.1.220.21",
      "last_seen": "2025-10-29T14:48:33.516000"
    },
    {
      "subdomain": "calc.phys",
      "type": "A",
      "options": {
        "ttl": 21600
      },
      "value": "140.116.22.38",
      "last_seen": "2025-10-29T14:48:32.961000"
    },
    {
      "subdomain": "calendar",
      "type": "A",
      "options": {
        "ttl": 21600
      },
      "value": "140.116.249.160",
      "last_seen": "2025-10-29T14:48:32.411000"
    },
    {
      "subdomain": "calendar.lib",
      "type": "A",
      "options": {
        "ttl": 60
      },
      "value": "140.116.207.190",
      "last_seen": "2025-10-29T14:48:32.927000"
    },
    {
      "subdomain": "camp.csie",
      "type": "A",
      "options": {
        "ttl": 3600
      },
      "value": "140.116.246.90",
      "last_seen": "2025-10-29T14:48:32.536000"
    },
    {
      "subdomain": "campuslife.90th",
      "type": "A",
      "options": {
        "ttl": 21600
      },
      "value": "140.116.249.233",
      "last_seen": "2025-10-29T14:48:33.289000"
    },
    {
      "subdomain": "campusosh.deoh",
      "type": "A",
      "options": {
        "ttl": 21600
      },
      "value": "140.116.249.42",
      "last_seen": "2025-10-29T14:48:32.641000"
    },
    {
      "subdomain": "can",
      "type": "A",
      "options": {
        "ttl": 21600
      },
      "value": "13.94.40.32",
      "last_seen": "2025-10-29T14:48:32.383000"
    },
    {
      "subdomain": "capst",
      "type": "A",
      "options": {
        "ttl": 21437
      },
      "value": "140.116.16.22",
      "last_seen": "2025-10-29T14:48:32.615000"
    },
    {
      "subdomain": "career.osa",
      "type": "A",
      "options": {
        "ttl": 21600
      },
      "value": "140.116.238.213",
      "last_seen": "2025-10-29T14:48:33.544000"
    },
    {
      "subdomain": "career2.osa",
      "type": "A",
      "options": {
        "ttl": 21600
      },
      "value": "140.116.238.201",
      "last_seen": "2025-10-29T14:48:32.356000"
    },
    {
      "subdomain": "career3.osa",
      "type": "A",
      "options": {
        "ttl": 21600
      },
      "value": "140.116.238.164",
      "last_seen": "2025-10-29T14:48:33.379000"
    },
    {
      "subdomain": "carfootprint.researchvismap",
      "type": "A",
      "options": {
        "ttl": 21600
      },
      "value": "140.116.249.46",
      "last_seen": "2025-10-29T14:48:32.522000"
    },
    {
      "subdomain": "carnation.ee",
      "type": "A",
      "options": {
        "ttl": 60
      },
      "value": "140.116.72.186",
      "last_seen": "2025-10-29T14:48:33.031000"
    },
    {
      "subdomain": "cas5.ee",
      "type": "A",
      "options": {
        "ttl": 60
      },
      "value": "140.116.164.225",
      "last_seen": "2025-10-29T14:48:32.613000"
    },
    {
      "subdomain": "casalab.civil",
      "type": "A",
      "options": {
        "ttl": 3600
      },
      "value": "140.116.36.16",
      "last_seen": "2025-10-29T14:48:32.679000"
    },
    {
      "subdomain": "casd.csie",
      "type": "A",
      "options": {
        "ttl": 3600
      },
      "value": "140.116.245.28",
      "last_seen": "2025-10-29T14:48:32.829000"
    },
    {
      "subdomain": "casgpu.ee",
      "type": "A",
      "options": {
        "ttl": 60
      },
      "value": "140.116.164.230",
      "last_seen": "2025-10-29T14:48:33.291000"
    },
    {
      "subdomain": "cashier-ufo",
      "type": "A",
      "options": {
        "ttl": 86400
      },
      "value": "140.116.248.21",
      "last_seen": "2025-10-29T14:48:32.409000"
    },
    {
      "subdomain": "cashier.ufo",
      "type": "A",
      "options": {
        "ttl": 21600
      },
      "value": "140.116.248.21",
      "last_seen": "2025-10-29T14:48:32.894000"
    },
    {
      "subdomain": "caslab.ee",
      "type": "A",
      "options": {
        "ttl": 12625
      },
      "value": "140.116.164.252",
      "last_seen": "2025-10-29T14:48:32.686000"
    },
    {
      "subdomain": "casmail.ee",
      "type": "A",
      "options": {
        "ttl": 60
      },
      "value": "140.116.164.251",
      "last_seen": "2025-10-29T14:48:33.013000"
    },
    {
      "subdomain": "catslab.ee",
      "type": "A",
      "options": {
        "ttl": 60
      },
      "value": "140.116.177.158",
      "last_seen": "2025-10-29T14:48:32.826000"
    },
    {
      "subdomain": "cbb",
      "type": "A",
      "options": {
        "ttl": 21600
      },
      "value": "140.116.248.21",
      "last_seen": "2025-10-29T14:48:32.432000"
    },
    {
      "subdomain": "cbic.ee",
      "type": "A",
      "options": {
        "ttl": 60
      },
      "value": "140.116.177.141",
      "last_seen": "2025-10-29T14:48:32.914000"
    },
    {
      "subdomain": "cbs.cce",
      "type": "A",
      "options": {
        "ttl": 21600
      },
      "value": "140.116.203.49",
      "last_seen": "2025-10-29T14:48:32.858000"
    },
    {
      "subdomain": "cc",
      "type": "A",
      "options": {
        "ttl": 21600
      },
      "value": "140.116.248.21",
      "last_seen": "2025-10-29T14:48:32.914000"
    },
    {
      "subdomain": "cc.ime",
      "type": "A",
      "options": {
        "ttl": 21599
      },
      "value": "140.116.86.181",
      "last_seen": "2025-10-29T14:48:33.566000"
    },
    {
      "subdomain": "cce",
      "type": "A",
      "options": {
        "ttl": 21600
      },
      "value": "140.116.203.49",
      "last_seen": "2025-10-29T14:48:34.011000"
    },
    {
      "subdomain": "ccep",
      "type": "A",
      "options": {
        "ttl": 21600
      },
      "value": "140.116.203.60",
      "last_seen": "2025-10-29T14:48:32.740000"
    },
    {
      "subdomain": "ccep.ctld",
      "type": "A",
      "options": {
        "ttl": 21600
      },
      "value": "140.116.203.60",
      "last_seen": "2025-10-29T14:48:33.073000"
    },
    {
      "subdomain": "ccirdc.cpd",
      "type": "A",
      "options": {
        "ttl": 21600
      },
      "value": "122.147.183.228",
      "last_seen": "2025-10-29T14:48:32.738000"
    },
    {
      "subdomain": "cck.phys",
      "type": "A",
      "options": {
        "ttl": 21600
      },
      "value": "140.116.91.89",
      "last_seen": "2025-10-29T14:48:33.764000"
    },
    {
      "subdomain": "cck1.phys",
      "type": "A",
      "options": {
        "ttl": 21600
      },
      "value": "140.116.91.89",
      "last_seen": "2025-10-29T14:48:33.171000"
    },
    {
      "subdomain": "cck2.phys",
      "type": "A",
      "options": {
        "ttl": 21600
      },
      "value": "140.116.91.89",
      "last_seen": "2025-10-29T14:48:32.950000"
    },
    {
      "subdomain": "ccns",
      "type": "A",
      "options": {
        "ttl": 60
      },
      "value": "140.116.154.146",
      "last_seen": "2025-10-29T14:48:32.750000"
    },
    {
      "subdomain": "cdch1.csie",
      "type": "A",
      "options": {
        "ttl": 3600
      },
      "value": "140.116.246.157",
      "last_seen": "2025-10-29T14:48:33.906000"
    },
    {
      "subdomain": "cdch2.csie",
      "type": "A",
      "options": {
        "ttl": 3600
      },
      "value": "140.116.246.158",
      "last_seen": "2025-10-29T14:48:33.020000"
    },
    {
      "subdomain": "cdnetb.lib",
      "type": "A",
      "options": {
        "ttl": 60
      },
      "value": "140.116.207.22",
      "last_seen": "2025-10-29T14:48:32.887000"
    },
    {
      "subdomain": "cdnetc.lib",
      "type": "A",
      "options": {
        "ttl": 60
      },
      "value": "140.116.210.1",
      "last_seen": "2025-10-29T14:48:32.915000"
    },
    {
      "subdomain": "cdnetdtts.lib",
      "type": "A",
      "options": {
        "ttl": 60
      },
      "value": "140.116.207.80",
      "last_seen": "2025-10-29T14:48:33.635000"
    },
    {
      "subdomain": "cdnete.lib",
      "type": "A",
      "options": {
        "ttl": 60
      },
      "value": "140.116.207.193",
      "last_seen": "2025-10-29T14:48:33.499000"
    },
    {
      "subdomain": "cdnetf.lib",
      "type": "A",
      "options": {
        "ttl": 60
      },
      "value": "140.116.207.23",
      "last_seen": "2025-10-29T14:48:33.896000"
    },
    {
      "subdomain": "ceastudy.researchvismap",
      "type": "A",
      "options": {
        "ttl": 21600
      },
      "value": "140.116.249.46",
      "last_seen": "2025-10-29T14:48:32.446000"
    },
    {
      "subdomain": "centrallab.hosp",
      "type": "A",
      "options": {
        "ttl": 3600
      },
      "value": "120.114.241.38",
      "last_seen": "2025-10-29T14:48:32.937000"
    },
    {
      "subdomain": "certcenter.credit.csie",
      "type": "A",
      "options": {
        "ttl": 3600
      },
      "value": "140.116.249.35",
      "last_seen": "2025-10-29T14:48:32.834000"
    },
    {
      "subdomain": "certificates.nlearning",
      "type": "A",
      "options": {
        "ttl": 21600
      },
      "value": "140.116.167.70",
      "last_seen": "2025-10-29T14:48:32.976000"
    },
    {
      "subdomain": "cets",
      "type": "A",
      "options": {
        "ttl": 21600
      },
      "value": "103.118.26.155",
      "last_seen": "2025-10-29T14:48:32.962000"
    },
    {
      "subdomain": "ceyushan.civil",
      "type": "A",
      "options": {
        "ttl": 3600
      },
      "value": "61.221.12.100",
      "last_seen": "2025-10-29T14:48:32.834000"
    },
    {
      "subdomain": "cfb.cbb",
      "type": "A",
      "options": {
        "ttl": 21600
      },
      "value": "60.249.215.120",
      "last_seen": "2025-10-29T14:48:33.285000"
    },
    {
      "subdomain": "cfc",
      "type": "A",
      "options": {
        "ttl": 86400
      },
      "value": "140.116.248.21",
      "last_seen": "2025-10-29T14:48:33.389000"
    },
    {
      "subdomain": "cfc2021.cfc",
      "type": "A",
      "options": {
        "ttl": 21600
      },
      "value": "140.116.235.150",
      "last_seen": "2025-10-29T14:48:32.738000"
    },
    {
      "subdomain": "cfpmoe.ee",
      "type": "A",
      "options": {
        "ttl": 60
      },
      "value": "140.116.177.55",
      "last_seen": "2025-10-29T14:48:33.616000"
    },
    {
      "subdomain": "cge",
      "type": "A",
      "options": {
        "ttl": 21600
      },
      "value": "140.116.248.21",
      "last_seen": "2025-10-29T14:48:32.896000"
    },
    {
      "subdomain": "cgm",
      "type": "A",
      "options": {
        "ttl": 20808
      },
      "value": "140.116.56.132",
      "last_seen": "2025-10-29T14:48:32.616000"
    },
    {
      "subdomain": "challenge.computing",
      "type": "A",
      "options": {
        "ttl": 21600
      },
      "value": "140.116.158.124",
      "last_seen": "2025-10-29T14:48:33.013000"
    },
    {
      "subdomain": "chass",
      "type": "A",
      "options": {
        "ttl": 19719
      },
      "value": "140.116.248.21",
      "last_seen": "2025-10-29T14:48:33.105000"
    },
    {
      "subdomain": "chatbot.oia",
      "type": "A",
      "options": {
        "ttl": 21600
      },
      "value": "140.116.249.221",
      "last_seen": "2025-10-29T14:48:33.418000"
    },
    {
      "subdomain": "che",
      "type": "A",
      "options": {
        "ttl": 21259
      },
      "value": "140.116.248.21",
      "last_seen": "2025-10-29T14:48:33.964000"
    },
    {
      "subdomain": "chemicloud.netdb.csie",
      "type": "A",
      "options": {
        "ttl": 3600
      },
      "value": "140.116.247.125",
      "last_seen": "2025-10-29T14:48:32.696000"
    },
    {
      "subdomain": "chexam.hosp",
      "type": "A",
      "options": {
        "ttl": 3599
      },
      "value": "120.114.241.79",
      "last_seen": "2025-10-29T14:48:32.773000"
    },
    {
      "subdomain": "chinese",
      "type": "A",
      "options": {
        "ttl": 16596
      },
      "value": "140.116.248.21",
      "last_seen": "2025-10-29T14:48:32.466000"
    },
    {
      "subdomain": "chiusystem.ee",
      "type": "A",
      "options": {
        "ttl": 60
      },
      "value": "140.116.177.49",
      "last_seen": "2025-10-29T14:48:33.416000"
    },
    {
      "subdomain": "chocolate.ee",
      "type": "A",
      "options": {
        "ttl": 60
      },
      "value": "140.116.72.55",
      "last_seen": "2025-10-29T14:48:33.631000"
    },
    {
      "subdomain": "chtsailab.ee",
      "type": "A",
      "options": {
        "ttl": 60
      },
      "value": "140.116.216.60",
      "last_seen": "2025-10-29T14:48:32.788000"
    },
    {
      "subdomain": "cial.csie",
      "type": "A",
      "options": {
        "ttl": 3600
      },
      "value": "140.116.82.170",
      "last_seen": "2025-10-29T14:48:33.648000"
    },
    {
      "subdomain": "cice-acad",
      "type": "A",
      "options": {
        "ttl": 18005
      },
      "value": "140.116.248.21",
      "last_seen": "2025-10-29T14:48:32.806000"
    },
    {
      "subdomain": "cice.acad",
      "type": "A",
      "options": {
        "ttl": 21600
      },
      "value": "140.116.248.21",
      "last_seen": "2025-10-29T14:48:34.094000"
    },
    {
      "subdomain": "cid-acad",
      "type": "A",
      "options": {
        "ttl": 21600
      },
      "value": "140.116.248.21",
      "last_seen": "2025-10-29T14:48:32.916000"
    },
    {
      "subdomain": "cid.acad",
      "type": "A",
      "options": {
        "ttl": 21600
      },
      "value": "140.116.248.21",
      "last_seen": "2025-10-29T14:48:32.459000"
    },
    {
      "subdomain": "cie.cpd",
      "type": "A",
      "options": {
        "ttl": 86400
      },
      "value": "140.116.205.5",
      "last_seen": "2025-10-29T14:48:33.548000"
    },
    {
      "subdomain": "ciismgr.cc",
      "type": "A",
      "options": {
        "ttl": 600
      },
      "value": "140.116.169.24",
      "last_seen": "2025-10-29T14:48:33.561000"
    },
    {
      "subdomain": "ciot.imis",
      "type": "A",
      "options": {
        "ttl": 21600
      },
      "value": "140.116.86.242",
      "last_seen": "2025-10-29T14:48:32.911000"
    },
    {
      "subdomain": "cir.bb",
      "type": "A",
      "options": {
        "ttl": 21599
      },
      "value": "140.116.165.223",
      "last_seen": "2025-10-29T14:48:32.895000"
    },
    {
      "subdomain": "cis-cfc",
      "type": "A",
      "options": {
        "ttl": 21600
      },
      "value": "140.116.248.21",
      "last_seen": "2025-10-29T14:48:32.537000"
    },
    {
      "subdomain": "cis.cfc",
      "type": "A",
      "options": {
        "ttl": 21600
      },
      "value": "140.116.235.225",
      "last_seen": "2025-10-29T14:48:33.273000"
    },
    {
      "subdomain": "ckforum",
      "type": "A",
      "options": {
        "ttl": 21600
      },
      "value": "140.116.83.124",
      "last_seen": "2025-10-29T14:48:32.406000"
    },
    {
      "subdomain": "ckforum2",
      "type": "A",
      "options": {
        "ttl": 21600
      },
      "value": "140.116.83.125",
      "last_seen": "2025-10-29T14:48:32.636000"
    },
    {
      "subdomain": "ckhp",
      "type": "A",
      "options": {
        "ttl": 21600
      },
      "value": "140.116.251.220",
      "last_seen": "2025-10-29T14:48:33.015000"
    },
    {
      "subdomain": "ckmail",
      "type": "A",
      "options": {
        "ttl": 21600
      },
      "value": "140.116.251.222",
      "last_seen": "2025-10-29T14:48:33.366000"
    },
    {
      "subdomain": "ckw.phys",
      "type": "A",
      "options": {
        "ttl": 20968
      },
      "value": "140.116.91.118",
      "last_seen": "2025-10-29T14:48:32.358000"
    },
    {
      "subdomain": "classroom.iim",
      "type": "A",
      "options": {
        "ttl": 3600
      },
      "value": "140.116.99.3",
      "last_seen": "2025-10-29T14:48:32.431000"
    },
    {
      "subdomain": "clinicepid.researchvismap",
      "type": "A",
      "options": {
        "ttl": 21600
      },
      "value": "140.116.249.46",
      "last_seen": "2025-10-29T14:48:32.988000"
    },
    {
      "subdomain": "clm.med",
      "type": "A",
      "options": {
        "ttl": 21600
      },
      "value": "140.116.60.114",
      "last_seen": "2025-10-29T14:48:32.804000"
    },
    {
      "subdomain": "cloud.computing",
      "type": "A",
      "options": {
        "ttl": 21600
      },
      "value": "140.116.68.44",
      "last_seen": "2025-10-29T14:48:34.007000"
    },
    {
      "subdomain": "clpharm",
      "type": "A",
      "options": {
        "ttl": 86400
      },
      "value": "140.116.248.21",
      "last_seen": "2025-10-29T14:48:33.923000"
    },
    {
      "subdomain": "cmnst-cfc",
      "type": "A",
      "options": {
        "ttl": 21600
      },
      "value": "140.116.248.21",
      "last_seen": "2025-10-29T14:48:32.847000"
    },
    {
      "subdomain": "cmnst2013.cmnst",
      "type": "A",
      "options": {
        "ttl": 21600
      },
      "value": "140.116.235.150",
      "last_seen": "2025-10-29T14:48:33.394000"
    },
    {
      "subdomain": "cobis-fs.bme",
      "type": "A",
      "options": {
        "ttl": 21600
      },
      "value": "140.116.175.179",
      "last_seen": "2025-10-29T14:48:32.764000"
    },
    {
      "subdomain": "cobis.bme",
      "type": "A",
      "options": {
        "ttl": 21014
      },
      "value": "140.116.175.178",
      "last_seen": "2025-10-29T14:48:33.316000"
    },
    {
      "subdomain": "code.arch",
      "type": "A",
      "options": {
        "ttl": 21600
      },
      "value": "140.116.37.57",
      "last_seen": "2025-10-29T14:48:32.916000"
    },
    {
      "subdomain": "codec.ee",
      "type": "A",
      "options": {
        "ttl": 60
      },
      "value": "140.116.187.130",
      "last_seen": "2025-10-29T14:48:33.565000"
    },
    {
      "subdomain": "codimd.aislab.ee",
      "type": "A",
      "options": {
        "ttl": 21600
      },
      "value": "140.116.178.170",
      "last_seen": "2025-10-29T14:48:32.728000"
    },
    {
      "subdomain": "collegex",
      "type": "A",
      "options": {
        "ttl": 21600
      },
      "value": "140.116.203.55",
      "last_seen": "2025-10-29T14:48:33.606000"
    },
    {
      "subdomain": "colors.ee",
      "type": "A",
      "options": {
        "ttl": 60
      },
      "value": "140.116.72.53",
      "last_seen": "2025-10-29T14:48:33.375000"
    },
    {
      "subdomain": "comc1.comc",
      "type": "A",
      "options": {
        "ttl": 21600
      },
      "value": "140.116.133.180",
      "last_seen": "2025-10-29T14:48:32.450000"
    },
    {
      "subdomain": "computing",
      "type": "A",
      "options": {
        "ttl": 18913
      },
      "value": "140.116.248.17",
      "last_seen": "2025-10-29T14:48:32.847000"
    },
    {
      "subdomain": "converter.icsdsa",
      "type": "A",
      "options": {
        "ttl": 86400
      },
      "value": "140.116.236.86",
      "last_seen": "2025-10-29T14:48:33.743000"
    },
    {
      "subdomain": "copland.ee",
      "type": "A",
      "options": {
        "ttl": 60
      },
      "value": "140.116.72.161",
      "last_seen": "2025-10-29T14:48:32.857000"
    },
    {
      "subdomain": "corelab.med",
      "type": "A",
      "options": {
        "ttl": 21600
      },
      "value": "103.118.26.155",
      "last_seen": "2025-10-29T14:48:32.958000"
    },
    {
      "subdomain": "corpora.flld",
      "type": "A",
      "options": {
        "ttl": 21600
      },
      "value": "140.116.12.204",
      "last_seen": "2025-10-29T14:48:32.698000"
    },
    {
      "subdomain": "cosbi.ee",
      "type": "A",
      "options": {
        "ttl": 60
      },
      "value": "140.116.214.130",
      "last_seen": "2025-10-29T14:48:32.832000"
    },
    {
      "subdomain": "cosbi10.ee",
      "type": "A",
      "options": {
        "ttl": 60
      },
      "value": "140.116.214.140",
      "last_seen": "2025-10-29T14:48:32.845000"
    },
    {
      "subdomain": "cosbi11.ee",
      "type": "A",
      "options": {
        "ttl": 60
      },
      "value": "140.116.214.142",
      "last_seen": "2025-10-29T14:48:32.707000"
    },
    {
      "subdomain": "cosbi2.ee",
      "type": "A",
      "options": {
        "ttl": 60
      },
      "value": "140.116.214.131",
      "last_seen": "2025-10-29T14:48:33.744000"
    },
    {
      "subdomain": "cosbi3.ee",
      "type": "A",
      "options": {
        "ttl": 60
      },
      "value": "140.116.214.132",
      "last_seen": "2025-10-29T14:48:32.596000"
    },
    {
      "subdomain": "cosbi4.ee",
      "type": "A",
      "options": {
        "ttl": 60
      },
      "value": "140.116.214.133",
      "last_seen": "2025-10-29T14:48:33.428000"
    },
    {
      "subdomain": "cosbi5.ee",
      "type": "A",
      "options": {
        "ttl": 60
      },
      "value": "140.116.214.134",
      "last_seen": "2025-10-29T14:48:33.886000"
    },
    {
      "subdomain": "cosbi6.ee",
      "type": "A",
      "options": {
        "ttl": 60
      },
      "value": "140.116.214.135",
      "last_seen": "2025-10-29T14:48:32.544000"
    },
    {
      "subdomain": "cosbi7.ee",
      "type": "A",
      "options": {
        "ttl": 60
      },
      "value": "140.116.214.136",
      "last_seen": "2025-10-29T14:48:32.544000"
    },
    {
      "subdomain": "cosbi9.ee",
      "type": "A",
      "options": {
        "ttl": 60
      },
      "value": "140.116.214.138",
      "last_seen": "2025-10-29T14:48:33.461000"
    },
    {
      "subdomain": "counseling-osa",
      "type": "A",
      "options": {
        "ttl": 86400
      },
      "value": "140.116.248.21",
      "last_seen": "2025-10-29T14:48:32.508000"
    },
    {
      "subdomain": "counseling.osa",
      "type": "A",
      "options": {
        "ttl": 21600
      },
      "value": "140.116.248.21",
      "last_seen": "2025-10-29T14:48:33.766000"
    },
    {
      "subdomain": "count.lib",
      "type": "A",
      "options": {
        "ttl": 60
      },
      "value": "140.116.207.191",
      "last_seen": "2025-10-29T14:48:33.306000"
    },
    {
      "subdomain": "course-pd2.netdb.csie",
      "type": "A",
      "options": {
        "ttl": 3600
      },
      "value": "140.116.247.125",
      "last_seen": "2025-10-29T14:48:32.430000"
    },
    {
      "subdomain": "cov19iot01.hosp",
      "type": "A",
      "options": {
        "ttl": 3600
      },
      "value": "120.114.241.82",
      "last_seen": "2025-10-29T14:48:32.856000"
    },
    {
      "subdomain": "covid19",
      "type": "A",
      "options": {
        "ttl": 21600
      },
      "value": "140.116.248.17",
      "last_seen": "2025-10-29T14:48:32.696000"
    },
    {
      "subdomain": "covtest.netdb.csie",
      "type": "A",
      "options": {
        "ttl": 3600
      },
      "value": "140.116.247.125",
      "last_seen": "2025-10-29T14:48:32.579000"
    },
    {
      "subdomain": "cox-nas.collegex",
      "type": "A",
      "options": {
        "ttl": 21600
      },
      "value": "140.116.203.53",
      "last_seen": "2025-10-29T14:48:32.472000"
    },
    {
      "subdomain": "cox-nas.ctld",
      "type": "A",
      "options": {
        "ttl": 21600
      },
      "value": "140.116.203.53",
      "last_seen": "2025-10-29T14:48:32.737000"
    },
    {
      "subdomain": "cpanel.nckuhevtts.bme",
      "type": "A",
      "options": {
        "ttl": 300
      },
      "value": "103.123.243.33",
      "last_seen": "2025-10-29T14:48:33.302000"
    },
    {
      "subdomain": "cpcalendars.nckuhevtts.bme",
      "type": "A",
      "options": {
        "ttl": 300
      },
      "value": "103.123.243.33",
      "last_seen": "2025-10-29T14:48:32.440000"
    },
    {
      "subdomain": "cpcontacts.nckuhevtts.bme",
      "type": "A",
      "options": {
        "ttl": 300
      },
      "value": "103.123.243.33",
      "last_seen": "2025-10-29T14:48:33.477000"
    },
    {
      "subdomain": "cpd",
      "type": "A",
      "options": {
        "ttl": 21600
      },
      "value": "140.116.248.21",
      "last_seen": "2025-10-29T14:48:32.804000"
    },
    {
      "subdomain": "crc.hosp",
      "type": "A",
      "options": {
        "ttl": 3600
      },
      "value": "103.118.26.155",
      "last_seen": "2025-10-29T14:48:32.611000"
    },
    {
      "subdomain": "credit.csie",
      "type": "A",
      "options": {
        "ttl": 3600
      },
      "value": "140.116.82.204",
      "last_seen": "2025-10-29T14:48:33.372000"
    },
    {
      "subdomain": "crimson.ee",
      "type": "A",
      "options": {
        "ttl": 60
      },
      "value": "140.116.72.54",
      "last_seen": "2025-10-29T14:48:33.387000"
    },
    {
      "subdomain": "crypto.ee",
      "type": "A",
      "options": {
        "ttl": 3600
      },
      "value": "140.116.163.150",
      "last_seen": "2025-10-29T14:48:33.796000"
    },
    {
      "subdomain": "crystal.ais2m",
      "type": "A",
      "options": {
        "ttl": 21600
      },
      "value": "140.116.158.199",
      "last_seen": "2025-10-29T14:48:33.370000"
    },
    {
      "subdomain": "cs",
      "type": "A",
      "options": {
        "ttl": 600
      },
      "value": "140.116.44.179",
      "last_seen": "2025-10-29T14:48:33.896000"
    },
    {
      "subdomain": "csbot.netdb.csie",
      "type": "A",
      "options": {
        "ttl": 3600
      },
      "value": "140.116.247.125",
      "last_seen": "2025-10-29T14:48:32.568000"
    },
    {
      "subdomain": "csie",
      "type": "A",
      "options": {
        "ttl": 3600
      },
      "value": "140.116.246.30",
      "last_seen": "2025-10-29T14:48:32.363000"
    },
    {
      "subdomain": "csp11.ee",
      "type": "A",
      "options": {
        "ttl": 60
      },
      "value": "140.116.156.251",
      "last_seen": "2025-10-29T14:48:32.545000"
    },
    {
      "subdomain": "csp24.ee",
      "type": "A",
      "options": {
        "ttl": 60
      },
      "value": "140.116.215.31",
      "last_seen": "2025-10-29T14:48:34.020000"
    },
    {
      "subdomain": "css",
      "type": "A",
      "options": {
        "ttl": 21600
      },
      "value": "140.116.183.31",
      "last_seen": "2025-10-29T14:48:33.304000"
    },
    {
      "subdomain": "css-secr",
      "type": "A",
      "options": {
        "ttl": 21600
      },
      "value": "140.116.248.21",
      "last_seen": "2025-10-29T14:48:32.364000"
    },
    {
      "subdomain": "cssa.cc",
      "type": "A",
      "options": {
        "ttl": 21600
      },
      "value": "140.116.154.83",
      "last_seen": "2025-10-29T14:48:32.544000"
    },
    {
      "subdomain": "csslab.csie",
      "type": "A",
      "options": {
        "ttl": 3600
      },
      "value": "140.116.247.1",
      "last_seen": "2025-10-29T14:48:33.652000"
    },
    {
      "subdomain": "ctai.netdb.csie",
      "type": "A",
      "options": {
        "ttl": 3600
      },
      "value": "140.116.247.125",
      "last_seen": "2025-10-29T14:48:32.806000"
    },
    {
      "subdomain": "cte-acad",
      "type": "A",
      "options": {
        "ttl": 21600
      },
      "value": "140.116.248.21",
      "last_seen": "2025-10-29T14:48:33.049000"
    },
    {
      "subdomain": "cte.acad",
      "type": "A",
      "options": {
        "ttl": 21600
      },
      "value": "140.116.248.21",
      "last_seen": "2025-10-29T14:48:33.432000"
    },
    {
      "subdomain": "ctld",
      "type": "A",
      "options": {
        "ttl": 21600
      },
      "value": "140.116.241.66",
      "last_seen": "2025-10-29T14:48:32.445000"
    },
    {
      "subdomain": "ctld-acad",
      "type": "A",
      "options": {
        "ttl": 21599
      },
      "value": "140.116.248.21",
      "last_seen": "2025-10-29T14:48:33.956000"
    },
    {
      "subdomain": "ctld.acad",
      "type": "A",
      "options": {
        "ttl": 15489
      },
      "value": "140.116.248.21",
      "last_seen": "2025-10-29T14:48:33.333000"
    },
    {
      "subdomain": "ctlt.twl",
      "type": "A",
      "options": {
        "ttl": 19605
      },
      "value": "140.116.10.228",
      "last_seen": "2025-10-29T14:48:32.467000"
    },
    {
      "subdomain": "ctrmost-cfc",
      "type": "A",
      "options": {
        "ttl": 21600
      },
      "value": "140.116.248.21",
      "last_seen": "2025-10-29T14:48:33.066000"
    },
    {
      "subdomain": "cubic.mse",
      "type": "A",
      "options": {
        "ttl": 86400
      },
      "value": "140.116.35.25",
      "last_seen": "2025-10-29T14:48:33.491000"
    },
    {
      "subdomain": "curie.ee",
      "type": "A",
      "options": {
        "ttl": 60
      },
      "value": "140.116.216.106",
      "last_seen": "2025-10-29T14:48:32.862000"
    },
    {
      "subdomain": "cvs.twl",
      "type": "A",
      "options": {
        "ttl": 21600
      },
      "value": "140.116.10.228",
      "last_seen": "2025-10-29T14:48:32.440000"
    },
    {
      "subdomain": "cvtest.netdb.csie",
      "type": "A",
      "options": {
        "ttl": 3600
      },
      "value": "140.116.249.1",
      "last_seen": "2025-10-29T14:48:34.007000"
    },
    {
      "subdomain": "cyanogmexp.researchvismap",
      "type": "A",
      "options": {
        "ttl": 21600
      },
      "value": "140.116.249.46",
      "last_seen": "2025-10-29T14:48:33.107000"
    },
    {
      "subdomain": "cyanoshow.researchvismap",
      "type": "A",
      "options": {
        "ttl": 21600
      },
      "value": "140.116.249.46",
      "last_seen": "2025-10-29T14:48:33.611000"
    },
    {
      "subdomain": "d6im.hosp",
      "type": "A",
      "options": {
        "ttl": 3600
      },
      "value": "35.201.145.151",
      "last_seen": "2025-10-29T14:48:33.371000"
    },
    {
      "subdomain": "d6service.hosp",
      "type": "A",
      "options": {
        "ttl": 3600
      },
      "value": "140.116.220.21",
      "last_seen": "2025-10-29T14:48:32.613000"
    },
    {
      "subdomain": "d6wifi.hosp",
      "type": "A",
      "options": {
        "ttl": 3600
      },
      "value": "140.116.220.20",
      "last_seen": "2025-10-29T14:48:33.911000"
    },
    {
      "subdomain": "dai.csie",
      "type": "A",
      "options": {
        "ttl": 3600
      },
      "value": "140.116.82.205",
      "last_seen": "2025-10-29T14:48:32.741000"
    },
    {
      "subdomain": "dashboard-ncku-aiot.wp.hosp",
      "type": "A",
      "options": {
        "ttl": 3599
      },
      "value": "120.114.241.91",
      "last_seen": "2025-10-29T14:48:33.476000"
    },
    {
      "subdomain": "dashboard.experience.ctld",
      "type": "A",
      "options": {
        "ttl": 21600
      },
      "value": "140.116.249.243",
      "last_seen": "2025-10-29T14:48:33.025000"
    },
    {
      "subdomain": "dashboard.nckupass.ctld",
      "type": "A",
      "options": {
        "ttl": 21600
      },
      "value": "140.116.249.243",
      "last_seen": "2025-10-29T14:48:33.861000"
    },
    {
      "subdomain": "daylightphotodynamictherapy.researchvismap",
      "type": "A",
      "options": {
        "ttl": 86400
      },
      "value": "140.116.249.46",
      "last_seen": "2025-10-29T14:48:33.242000"
    },
    {
      "subdomain": "dba",
      "type": "A",
      "options": {
        "ttl": 21600
      },
      "value": "140.116.248.21",
      "last_seen": "2025-10-29T14:48:32.612000"
    },
    {
      "subdomain": "dbbs",
      "type": "A",
      "options": {
        "ttl": 21137
      },
      "value": "140.116.248.21",
      "last_seen": "2025-10-29T14:48:32.721000"
    },
    {
      "subdomain": "dbemily.csie",
      "type": "A",
      "options": {
        "ttl": 3600
      },
      "value": "140.116.247.22",
      "last_seen": "2025-10-29T14:48:32.612000"
    },
    {
      "subdomain": "dblab.csie",
      "type": "A",
      "options": {
        "ttl": 3600
      },
      "value": "140.116.247.24",
      "last_seen": "2025-10-29T14:48:33.461000"
    },
    {
      "subdomain": "dbs.comc",
      "type": "A",
      "options": {
        "ttl": 21600
      },
      "value": "140.116.133.175",
      "last_seen": "2025-10-29T14:48:32.913000"
    },
    {
      "subdomain": "dcert-moe.netdb.csie",
      "type": "A",
      "options": {
        "ttl": 3600
      },
      "value": "140.116.247.125",
      "last_seen": "2025-10-29T14:48:32.737000"
    },
    {
      "subdomain": "dcert-moeh.netdb.csie",
      "type": "A",
      "options": {
        "ttl": 3600
      },
      "value": "140.116.247.125",
      "last_seen": "2025-10-29T14:48:33.992000"
    },
    {
      "subdomain": "dcert.csie",
      "type": "A",
      "options": {
        "ttl": 3600
      },
      "value": "140.116.247.121",
      "last_seen": "2025-10-29T14:48:32.460000"
    },
    {
      "subdomain": "dcl.ee",
      "type": "A",
      "options": {
        "ttl": 60
      },
      "value": "140.116.72.158",
      "last_seen": "2025-10-29T14:48:32.468000"
    },
    {
      "subdomain": "dcmc14.ee",
      "type": "A",
      "options": {
        "ttl": 60
      },
      "value": "140.116.72.198",
      "last_seen": "2025-10-29T14:48:32.829000"
    },
    {
      "subdomain": "dcmc16.ee",
      "type": "A",
      "options": {
        "ttl": 60
      },
      "value": "140.116.72.200",
      "last_seen": "2025-10-29T14:48:32.799000"
    },
    {
      "subdomain": "dcmc20.ee",
      "type": "A",
      "options": {
        "ttl": 60
      },
      "value": "140.116.72.204",
      "last_seen": "2025-10-29T14:48:32.860000"
    },
    {
      "subdomain": "dcmc33.ee",
      "type": "A",
      "options": {
        "ttl": 60
      },
      "value": "140.116.72.217",
      "last_seen": "2025-10-29T14:48:32.425000"
    },
    {
      "subdomain": "dcmc34.ee",
      "type": "A",
      "options": {
        "ttl": 60
      },
      "value": "140.116.72.218",
      "last_seen": "2025-10-29T14:48:33.069000"
    },
    {
      "subdomain": "dcmoe.csie",
      "type": "A",
      "options": {
        "ttl": 3600
      },
      "value": "140.116.247.121",
      "last_seen": "2025-10-29T14:48:33.514000"
    },
    {
      "subdomain": "ddcbc.csie",
      "type": "A",
      "options": {
        "ttl": 3600
      },
      "value": "140.116.249.174",
      "last_seen": "2025-10-29T14:48:32.378000"
    },
    {
      "subdomain": "deepwiki.netdb.csie",
      "type": "A",
      "options": {
        "ttl": 3600
      },
      "value": "140.116.247.125",
      "last_seen": "2025-10-29T14:48:32.635000"
    },
    {
      "subdomain": "deh.csie",
      "type": "A",
      "options": {
        "ttl": 437
      },
      "value": "140.116.249.176",
      "last_seen": "2025-10-29T14:48:32.613000"
    },
    {
      "subdomain": "dem-med",
      "type": "A",
      "options": {
        "ttl": 86400
      },
      "value": "140.116.248.21",
      "last_seen": "2025-10-29T14:48:33.044000"
    },
    {
      "subdomain": "denguefever.csie",
      "type": "A",
      "options": {
        "ttl": 3600
      },
      "value": "210.71.198.36",
      "last_seen": "2025-10-29T14:48:33.389000"
    },
    {
      "subdomain": "dentistry",
      "type": "A",
      "options": {
        "ttl": 86400
      },
      "value": "140.116.248.21",
      "last_seen": "2025-10-29T14:48:32.974000"
    },
    {
      "subdomain": "deoh",
      "type": "A",
      "options": {
        "ttl": 21600
      },
      "value": "140.116.248.21",
      "last_seen": "2025-10-29T14:48:32.864000"
    },
    {
      "subdomain": "derek.csie",
      "type": "A",
      "options": {
        "ttl": 3600
      },
      "value": "140.116.247.187",
      "last_seen": "2025-10-29T14:48:32.378000"
    },
    {
      "subdomain": "derm-med",
      "type": "A",
      "options": {
        "ttl": 21600
      },
      "value": "140.116.248.21",
      "last_seen": "2025-10-29T14:48:32.866000"
    },
    {
      "subdomain": "design",
      "type": "A",
      "options": {
        "ttl": 21600
      },
      "value": "140.116.42.10",
      "last_seen": "2025-10-29T14:48:33.166000"
    },
    {
      "subdomain": "devnoc.ee",
      "type": "A",
      "options": {
        "ttl": 60
      },
      "value": "140.116.158.243",
      "last_seen": "2025-10-29T14:48:32.433000"
    },
    {
      "subdomain": "dgl.geomatics",
      "type": "A",
      "options": {
        "ttl": 3600
      },
      "value": "140.116.80.1",
      "last_seen": "2025-10-29T14:48:33.677000"
    },
    {
      "subdomain": "dgx.fintech.management",
      "type": "A",
      "options": {
        "ttl": 21600
      },
      "value": "140.116.17.227",
      "last_seen": "2025-10-29T14:48:33.088000"
    },
    {
      "subdomain": "dhblab.bme",
      "type": "A",
      "options": {
        "ttl": 21600
      },
      "value": "60.249.215.114",
      "last_seen": "2025-10-29T14:48:32.874000"
    },
    {
      "subdomain": "dic.csie",
      "type": "A",
      "options": {
        "ttl": 3600
      },
      "value": "140.116.245.92",
      "last_seen": "2025-10-29T14:48:32.629000"
    },
    {
      "subdomain": "did-fhir.netdb.csie",
      "type": "A",
      "options": {
        "ttl": 3600
      },
      "value": "140.116.247.125",
      "last_seen": "2025-10-29T14:48:33.714000"
    },
    {
      "subdomain": "digitalarchives.artcenter",
      "type": "A",
      "options": {
        "ttl": 21600
      },
      "value": "140.116.219.85",
      "last_seen": "2025-10-29T14:48:32.866000"
    },
    {
      "subdomain": "diploma",
      "type": "A",
      "options": {
        "ttl": 21600
      },
      "value": "140.116.249.172",
      "last_seen": "2025-10-29T14:48:32.698000"
    },
    {
      "subdomain": "dlearning",
      "type": "A",
      "options": {
        "ttl": 21600
      },
      "value": "203.145.221.194",
      "last_seen": "2025-10-29T14:48:32.367000"
    },
    {
      "subdomain": "dlearningvote.ai4dt",
      "type": "A",
      "options": {
        "ttl": 21600
      },
      "value": "203.145.221.194",
      "last_seen": "2025-10-29T14:48:32.736000"
    },
    {
      "subdomain": "dm2018.thl",
      "type": "A",
      "options": {
        "ttl": 3600
      },
      "value": "140.116.217.217",
      "last_seen": "2025-10-29T14:48:33.122000"
    },
    {
      "subdomain": "dns.csie",
      "type": "A",
      "options": {
        "ttl": 3600
      },
      "value": "140.116.246.2",
      "last_seen": "2025-10-29T14:48:32.633000"
    },
    {
      "subdomain": "dns.es",
      "type": "A",
      "options": {
        "ttl": 21600
      },
      "value": "140.116.78.1",
      "last_seen": "2025-10-29T14:48:32.982000"
    },
    {
      "subdomain": "dns.web2",
      "type": "A",
      "options": {
        "ttl": 300
      },
      "value": "140.116.248.17",
      "last_seen": "2025-10-29T14:48:32.378000"
    },
    {
      "subdomain": "dns.web3",
      "type": "A",
      "options": {
        "ttl": 300
      },
      "value": "140.116.248.21",
      "last_seen": "2025-10-29T14:48:33.305000"
    },
    {
      "subdomain": "dns4",
      "type": "A",
      "options": {
        "ttl": 86400
      },
      "value": "163.28.113.6",
      "last_seen": "2025-10-29T14:48:33.613000"
    },
    {
      "subdomain": "doc-secr",
      "type": "A",
      "options": {
        "ttl": 21600
      },
      "value": "140.116.248.21",
      "last_seen": "2025-10-29T14:48:32.433000"
    },
    {
      "subdomain": "doc.screamtrumpet.csie",
      "type": "A",
      "options": {
        "ttl": 3600
      },
      "value": "140.116.82.234",
      "last_seen": "2025-10-29T14:48:32.649000"
    },
    {
      "subdomain": "doc.secr",
      "type": "A",
      "options": {
        "ttl": 21600
      },
      "value": "140.116.248.21",
      "last_seen": "2025-10-29T14:48:33.091000"
    },
    {
      "subdomain": "docmost.course.aislab.ee",
      "type": "A",
      "options": {
        "ttl": 21600
      },
      "value": "140.116.178.171",
      "last_seen": "2025-10-29T14:48:32.860000"
    },
    {
      "subdomain": "doem-med",
      "type": "A",
      "options": {
        "ttl": 86400
      },
      "value": "140.116.248.21",
      "last_seen": "2025-10-29T14:48:33.250000"
    },
    {
      "subdomain": "donate",
      "type": "A",
      "options": {
        "ttl": 21383
      },
      "value": "140.116.248.17",
      "last_seen": "2025-10-29T14:48:32.795000"
    },
    {
      "subdomain": "dophin.hyd",
      "type": "A",
      "options": {
        "ttl": 21600
      },
      "value": "140.116.77.16",
      "last_seen": "2025-10-29T14:48:33.405000"
    },
    {
      "subdomain": "dophin.inhmm",
      "type": "A",
      "options": {
        "ttl": 21600
      },
      "value": "140.116.77.22",
      "last_seen": "2025-10-29T14:48:32.873000"
    },
    {
      "subdomain": "dophin.iotma",
      "type": "A",
      "options": {
        "ttl": 21600
      },
      "value": "140.116.77.17",
      "last_seen": "2025-10-29T14:48:32.803000"
    },
    {
      "subdomain": "dorm.osa",
      "type": "A",
      "options": {
        "ttl": 21600
      },
      "value": "140.116.250.205",
      "last_seen": "2025-10-29T14:48:32.874000"
    },
    {
      "subdomain": "dorm2.osa",
      "type": "A",
      "options": {
        "ttl": 21600
      },
      "value": "140.116.250.205",
      "last_seen": "2025-10-29T14:48:32.960000"
    },
    {
      "subdomain": "dou6.hosp",
      "type": "A",
      "options": {
        "ttl": 3600
      },
      "value": "140.116.220.2",
      "last_seen": "2025-10-29T14:48:32.857000"
    },
    {
      "subdomain": "download.cfc",
      "type": "A",
      "options": {
        "ttl": 21600
      },
      "value": "140.116.235.126",
      "last_seen": "2025-10-29T14:48:33.559000"
    },
    {
      "subdomain": "dpdktest.ee",
      "type": "A",
      "options": {
        "ttl": 60
      },
      "value": "140.116.221.24",
      "last_seen": "2025-10-29T14:48:32.513000"
    },
    {
      "subdomain": "dpmb.dpec",
      "type": "A",
      "options": {
        "ttl": 1407
      },
      "value": "140.116.175.39",
      "last_seen": "2025-10-29T14:48:32.730000"
    },
    {
      "subdomain": "dps",
      "type": "A",
      "options": {
        "ttl": 21600
      },
      "value": "140.116.248.21",
      "last_seen": "2025-10-29T14:48:32.921000"
    },
    {
      "subdomain": "dradmin.hosp",
      "type": "A",
      "options": {
        "ttl": 3600
      },
      "value": "35.201.145.151",
      "last_seen": "2025-10-29T14:48:33.781000"
    },
    {
      "subdomain": "ds",
      "type": "A",
      "options": {
        "ttl": 21600
      },
      "value": "103.17.11.108",
      "last_seen": "2025-10-29T14:48:33.899000"
    },
    {
      "subdomain": "dslab.csie",
      "type": "A",
      "options": {
        "ttl": 3600
      },
      "value": "140.116.246.157",
      "last_seen": "2025-10-29T14:48:33.361000"
    },
    {
      "subdomain": "e-portfolio.ctld",
      "type": "A",
      "options": {
        "ttl": 360
      },
      "value": "140.116.249.243",
      "last_seen": "2025-10-29T14:48:32.873000"
    },
    {
      "subdomain": "eap.lib",
      "type": "A",
      "options": {
        "ttl": 60
      },
      "value": "140.116.207.83",
      "last_seen": "2025-10-29T14:48:32.512000"
    },
    {
      "subdomain": "earth",
      "type": "A",
      "options": {
        "ttl": 21326
      },
      "value": "140.116.248.21",
      "last_seen": "2025-10-29T14:48:32.886000"
    },
    {
      "subdomain": "easytest.lib",
      "type": "A",
      "options": {
        "ttl": 60
      },
      "value": "140.116.207.63",
      "last_seen": "2025-10-29T14:48:32.876000"
    },
    {
      "subdomain": "easytest2.lib",
      "type": "A",
      "options": {
        "ttl": 60
      },
      "value": "140.116.207.63",
      "last_seen": "2025-10-29T14:48:32.846000"
    },
    {
      "subdomain": "ebook.alumni",
      "type": "A",
      "options": {
        "ttl": 21600
      },
      "value": "140.116.252.62",
      "last_seen": "2025-10-29T14:48:33.522000"
    },
    {
      "subdomain": "ebook.arch",
      "type": "A",
      "options": {
        "ttl": 21600
      },
      "value": "140.116.76.42",
      "last_seen": "2025-10-29T14:48:32.896000"
    },
    {
      "subdomain": "ecmdic.tpbna",
      "type": "A",
      "options": {
        "ttl": 21600
      },
      "value": "140.116.249.225",
      "last_seen": "2025-10-29T14:48:32.846000"
    },
    {
      "subdomain": "ecodesign2017",
      "type": "A",
      "options": {
        "ttl": 21600
      },
      "value": "140.116.249.224",
      "last_seen": "2025-10-29T14:48:32.693000"
    },
    {
      "subdomain": "econ",
      "type": "A",
      "options": {
        "ttl": 20733
      },
      "value": "140.116.182.197",
      "last_seen": "2025-10-29T14:48:32.633000"
    },
    {
      "subdomain": "economics",
      "type": "A",
      "options": {
        "ttl": 64181
      },
      "value": "140.116.182.197",
      "last_seen": "2025-10-29T14:48:32.737000"
    },
    {
      "subdomain": "ed",
      "type": "A",
      "options": {
        "ttl": 21600
      },
      "value": "140.116.183.80",
      "last_seen": "2025-10-29T14:48:32.945000"
    },
    {
      "subdomain": "eda.csie",
      "type": "A",
      "options": {
        "ttl": 3600
      },
      "value": "140.116.245.164",
      "last_seen": "2025-10-29T14:48:33.534000"
    },
    {
      "subdomain": "edapi.edoc",
      "type": "A",
      "options": {
        "ttl": 86400
      },
      "value": "140.116.218.76",
      "last_seen": "2025-10-29T14:48:33.615000"
    },
    {
      "subdomain": "edison.ee",
      "type": "A",
      "options": {
        "ttl": 60
      },
      "value": "140.116.216.104",
      "last_seen": "2025-10-29T14:48:33.728000"
    },
    {
      "subdomain": "edoc.hosp",
      "type": "A",
      "options": {
        "ttl": 3600
      },
      "value": "140.116.59.58",
      "last_seen": "2025-10-29T14:48:32.740000"
    },
    {
      "subdomain": "edoct.hosp",
      "type": "A",
      "options": {
        "ttl": 3600
      },
      "value": "120.114.241.107",
      "last_seen": "2025-10-29T14:48:32.697000"
    },
    {
      "subdomain": "educ.hosp",
      "type": "A",
      "options": {
        "ttl": 3600
      },
      "value": "140.116.59.210",
      "last_seen": "2025-10-29T14:48:32.806000"
    },
    {
      "subdomain": "eduesx01.cc",
      "type": "A",
      "options": {
        "ttl": 21600
      },
      "value": "140.116.8.183",
      "last_seen": "2025-10-29T14:48:32.878000"
    },
    {
      "subdomain": "eduesx02.cc",
      "type": "A",
      "options": {
        "ttl": 21600
      },
      "value": "140.116.8.184",
      "last_seen": "2025-10-29T14:48:33.114000"
    },
    {
      "subdomain": "eduesx03.cc",
      "type": "A",
      "options": {
        "ttl": 21600
      },
      "value": "140.116.8.185",
      "last_seen": "2025-10-29T14:48:33.463000"
    },
    {
      "subdomain": "eduesx04.cc",
      "type": "A",
      "options": {
        "ttl": 21600
      },
      "value": "140.116.8.186",
      "last_seen": "2025-10-29T14:48:33.303000"
    },
    {
      "subdomain": "eduesx05.cc",
      "type": "A",
      "options": {
        "ttl": 21600
      },
      "value": "140.116.8.187",
      "last_seen": "2025-10-29T14:48:32.919000"
    },
    {
      "subdomain": "eduesx06.cc",
      "type": "A",
      "options": {
        "ttl": 21600
      },
      "value": "140.116.8.188",
      "last_seen": "2025-10-29T14:48:33.615000"
    },
    {
      "subdomain": "eduesx07.cc",
      "type": "A",
      "options": {
        "ttl": 21600
      },
      "value": "140.116.8.189",
      "last_seen": "2025-10-29T14:48:32.660000"
    },
    {
      "subdomain": "eduesx08.cc",
      "type": "A",
      "options": {
        "ttl": 21600
      },
      "value": "140.116.8.190",
      "last_seen": "2025-10-29T14:48:32.413000"
    },
    {
      "subdomain": "ee",
      "type": "A",
      "options": {
        "ttl": 60
      },
      "value": "140.116.49.101",
      "last_seen": "2025-10-29T14:48:32.697000"
    },
    {
      "subdomain": "ee-vm.ccns",
      "type": "A",
      "options": {
        "ttl": 59
      },
      "value": "140.116.163.144",
      "last_seen": "2025-10-29T14:48:33.951000"
    },
    {
      "subdomain": "eecs",
      "type": "A",
      "options": {
        "ttl": 21600
      },
      "value": "140.116.248.21",
      "last_seen": "2025-10-29T14:48:32.650000"
    },
    {
      "subdomain": "eeoffice.ee",
      "type": "A",
      "options": {
        "ttl": 60
      },
      "value": "140.116.49.17",
      "last_seen": "2025-10-29T14:48:32.877000"
    },
    {
      "subdomain": "effectsofcbt-ionqol.researchvismap",
      "type": "A",
      "options": {
        "ttl": 21600
      },
      "value": "140.116.249.46",
      "last_seen": "2025-10-29T14:48:32.552000"
    },
    {
      "subdomain": "eform.hosp",
      "type": "A",
      "options": {
        "ttl": 3600
      },
      "value": "140.116.59.59",
      "last_seen": "2025-10-29T14:48:33.928000"
    },
    {
      "subdomain": "eimd",
      "type": "A",
      "options": {
        "ttl": 21600
      },
      "value": "140.116.61.206",
      "last_seen": "2025-10-29T14:48:32.717000"
    },
    {
      "subdomain": "elearning.hosp",
      "type": "A",
      "options": {
        "ttl": 3600
      },
      "value": "120.114.241.52",
      "last_seen": "2025-10-29T14:48:33.927000"
    },
    {
      "subdomain": "elearning.imis",
      "type": "A",
      "options": {
        "ttl": 21600
      },
      "value": "140.116.86.26",
      "last_seen": "2025-10-29T14:48:32.657000"
    },
    {
      "subdomain": "elearning.mdic",
      "type": "A",
      "options": {
        "ttl": 21600
      },
      "value": "140.116.249.176",
      "last_seen": "2025-10-29T14:48:34.026000"
    },
    {
      "subdomain": "elfess.ee",
      "type": "A",
      "options": {
        "ttl": 60
      },
      "value": "140.116.72.21",
      "last_seen": "2025-10-29T14:48:32.930000"
    },
    {
      "subdomain": "elgar.ee",
      "type": "A",
      "options": {
        "ttl": 60
      },
      "value": "140.116.72.136",
      "last_seen": "2025-10-29T14:48:32.824000"
    },
    {
      "subdomain": "elite.ee",
      "type": "A",
      "options": {
        "ttl": 60
      },
      "value": "140.116.164.234",
      "last_seen": "2025-10-29T14:48:32.536000"
    },
    {
      "subdomain": "elunch",
      "type": "A",
      "options": {
        "ttl": 86400
      },
      "value": "140.116.56.57",
      "last_seen": "2025-10-29T14:48:32.629000"
    },
    {
      "subdomain": "email",
      "type": "A",
      "options": {
        "ttl": 18716
      },
      "value": "140.116.229.1",
      "last_seen": "2025-10-29T14:48:32.445000"
    },
    {
      "subdomain": "emba",
      "type": "A",
      "options": {
        "ttl": 64423
      },
      "value": "140.116.248.21",
      "last_seen": "2025-10-29T14:48:33.278000"
    },
    {
      "subdomain": "emgp",
      "type": "A",
      "options": {
        "ttl": 21600
      },
      "value": "140.116.248.21",
      "last_seen": "2025-10-29T14:48:32.888000"
    },
    {
      "subdomain": "emily.csie",
      "type": "A",
      "options": {
        "ttl": 3600
      },
      "value": "140.116.246.108",
      "last_seen": "2025-10-29T14:48:32.887000"
    },
    {
      "subdomain": "emily.csie",
      "type": "A",
      "options": {
        "ttl": 3600
      },
      "value": "140.116.247.21",
      "last_seen": "2025-10-29T14:48:32.887000"
    },
    {
      "subdomain": "emotors",
      "type": "A",
      "options": {
        "ttl": 300
      },
      "value": "140.116.175.252",
      "last_seen": "2025-10-29T14:48:34.043000"
    },
    {
      "subdomain": "emrc",
      "type": "A",
      "options": {
        "ttl": 21270
      },
      "value": "140.116.234.1",
      "last_seen": "2025-10-29T14:48:32.694000"
    },
    {
      "subdomain": "ems.ee",
      "type": "A",
      "options": {
        "ttl": 60
      },
      "value": "140.116.163.9",
      "last_seen": "2025-10-29T14:48:33.433000"
    },
    {
      "subdomain": "en.me",
      "type": "A",
      "options": {
        "ttl": 4731
      },
      "value": "140.116.31.35",
      "last_seen": "2025-10-29T14:48:33.285000"
    },
    {
      "subdomain": "en.mse",
      "type": "A",
      "options": {
        "ttl": 21600
      },
      "value": "59.125.33.11",
      "last_seen": "2025-10-29T14:48:33.164000"
    },
    {
      "subdomain": "en.ord",
      "type": "A",
      "options": {
        "ttl": 86400
      },
      "value": "59.125.33.13",
      "last_seen": "2025-10-29T14:48:33.897000"
    },
    {
      "subdomain": "en.sdg",
      "type": "A",
      "options": {
        "ttl": 21600
      },
      "value": "59.125.33.8",
      "last_seen": "2025-10-29T14:48:34.019000"
    },
    {
      "subdomain": "en.ur",
      "type": "A",
      "options": {
        "ttl": 16026
      },
      "value": "59.125.33.10",
      "last_seen": "2025-10-29T14:48:32.614000"
    },
    {
      "subdomain": "energy.phys",
      "type": "A",
      "options": {
        "ttl": 21600
      },
      "value": "140.116.91.1",
      "last_seen": "2025-10-29T14:48:33.125000"
    },
    {
      "subdomain": "enews.oia",
      "type": "A",
      "options": {
        "ttl": 21600
      },
      "value": "140.116.165.83",
      "last_seen": "2025-10-29T14:48:32.847000"
    },
    {
      "subdomain": "eng",
      "type": "A",
      "options": {
        "ttl": 21600
      },
      "value": "140.116.248.21",
      "last_seen": "2025-10-29T14:48:33.382000"
    },
    {
      "subdomain": "eng.osp",
      "type": "A",
      "options": {
        "ttl": 21600
      },
      "value": "139.162.230.110",
      "last_seen": "2025-10-29T14:48:32.934000"
    },
    {
      "subdomain": "engtech.etpc",
      "type": "A",
      "options": {
        "ttl": 21600
      },
      "value": "140.116.175.64",
      "last_seen": "2025-10-29T14:48:32.996000"
    },
    {
      "subdomain": "ennews-secr",
      "type": "A",
      "options": {
        "ttl": 21600
      },
      "value": "140.116.248.21",
      "last_seen": "2025-10-29T14:48:33.415000"
    },
    {
      "subdomain": "ent-med",
      "type": "A",
      "options": {
        "ttl": 21600
      },
      "value": "140.116.248.21",
      "last_seen": "2025-10-29T14:48:33.389000"
    },
    {
      "subdomain": "epage.web2",
      "type": "A",
      "options": {
        "ttl": 300
      },
      "value": "140.116.241.58",
      "last_seen": "2025-10-29T14:48:33.190000"
    },
    {
      "subdomain": "epage.web3",
      "type": "A",
      "options": {
        "ttl": 300
      },
      "value": "140.116.248.21",
      "last_seen": "2025-10-29T14:48:33.355000"
    },
    {
      "subdomain": "eportfolio.hosp",
      "type": "A",
      "options": {
        "ttl": 3600
      },
      "value": "140.116.59.217",
      "last_seen": "2025-10-29T14:48:33.491000"
    },
    {
      "subdomain": "eps.gis",
      "type": "A",
      "options": {
        "ttl": 21600
      },
      "value": "140.116.218.33",
      "last_seen": "2025-10-29T14:48:32.384000"
    },
    {
      "subdomain": "epsh",
      "type": "A",
      "options": {
        "ttl": 21600
      },
      "value": "140.116.248.21",
      "last_seen": "2025-10-29T14:48:33.429000"
    },
    {
      "subdomain": "epslab.ee",
      "type": "A",
      "options": {
        "ttl": 60
      },
      "value": "140.116.163.7",
      "last_seen": "2025-10-29T14:48:33.900000"
    },
    {
      "subdomain": "er.lib",
      "type": "A",
      "options": {
        "ttl": 60
      },
      "value": "140.116.207.93",
      "last_seen": "2025-10-29T14:48:32.898000"
    },
    {
      "subdomain": "erg",
      "type": "A",
      "options": {
        "ttl": 14264
      },
      "value": "140.116.16.5",
      "last_seen": "2025-10-29T14:48:32.647000"
    },
    {
      "subdomain": "ermrc",
      "type": "A",
      "options": {
        "ttl": 19486
      },
      "value": "140.116.248.21",
      "last_seen": "2025-10-29T14:48:32.917000"
    },
    {
      "subdomain": "eserver.lib",
      "type": "A",
      "options": {
        "ttl": 60
      },
      "value": "140.116.207.84",
      "last_seen": "2025-10-29T14:48:32.693000"
    },
    {
      "subdomain": "estat",
      "type": "A",
      "options": {
        "ttl": 21600
      },
      "value": "140.116.52.58",
      "last_seen": "2025-10-29T14:48:33.456000"
    },
    {
      "subdomain": "esterase-biochem.che",
      "type": "A",
      "options": {
        "ttl": 21600
      },
      "value": "140.116.33.72",
      "last_seen": "2025-10-29T14:48:32.894000"
    },
    {
      "subdomain": "esxi.csie",
      "type": "A",
      "options": {
        "ttl": 3600
      },
      "value": "140.116.82.53",
      "last_seen": "2025-10-29T14:48:32.471000"
    },
    {
      "subdomain": "etm-lab.civil",
      "type": "A",
      "options": {
        "ttl": 3600
      },
      "value": "103.17.11.108",
      "last_seen": "2025-10-29T14:48:32.976000"
    },
    {
      "subdomain": "etpc",
      "type": "A",
      "options": {
        "ttl": 21600
      },
      "value": "140.116.249.91",
      "last_seen": "2025-10-29T14:48:32.831000"
    },
    {
      "subdomain": "euler.ee",
      "type": "A",
      "options": {
        "ttl": 60
      },
      "value": "140.116.216.108",
      "last_seen": "2025-10-29T14:48:32.846000"
    },
    {
      "subdomain": "ev",
      "type": "A",
      "options": {
        "ttl": 21600
      },
      "value": "140.116.248.21",
      "last_seen": "2025-10-29T14:48:32.672000"
    },
    {
      "subdomain": "evs",
      "type": "A",
      "options": {
        "ttl": 21600
      },
      "value": "163.28.114.8",
      "last_seen": "2025-10-29T14:48:32.697000"
    },
    {
      "subdomain": "exam.lib",
      "type": "A",
      "options": {
        "ttl": 60
      },
      "value": "140.116.207.72",
      "last_seen": "2025-10-29T14:48:33.110000"
    },
    {
      "subdomain": "examad.iim",
      "type": "A",
      "options": {
        "ttl": 3600
      },
      "value": "140.116.99.4",
      "last_seen": "2025-10-29T14:48:32.915000"
    },
    {
      "subdomain": "exchmail.stat",
      "type": "A",
      "options": {
        "ttl": 21600
      },
      "value": "140.116.52.31",
      "last_seen": "2025-10-29T14:48:32.636000"
    },
    {
      "subdomain": "expath.itps",
      "type": "A",
      "options": {
        "ttl": 21600
      },
      "value": "140.116.56.82",
      "last_seen": "2025-10-29T14:48:32.542000"
    },
    {
      "subdomain": "expathtool.itps",
      "type": "A",
      "options": {
        "ttl": 21600
      },
      "value": "140.116.56.82",
      "last_seen": "2025-10-29T14:48:33.250000"
    },
    {
      "subdomain": "experience.ctld",
      "type": "A",
      "options": {
        "ttl": 21600
      },
      "value": "140.116.249.243",
      "last_seen": "2025-10-29T14:48:32.702000"
    },
    {
      "subdomain": "express.ord",
      "type": "A",
      "options": {
        "ttl": 21600
      },
      "value": "104.155.196.30",
      "last_seen": "2025-10-29T14:48:32.890000"
    },
    {
      "subdomain": "exptainan.liberal",
      "type": "A",
      "options": {
        "ttl": 21600
      },
      "value": "140.116.249.129",
      "last_seen": "2025-10-29T14:48:32.898000"
    },
    {
      "subdomain": "extension",
      "type": "A",
      "options": {
        "ttl": 21316
      },
      "value": "140.116.203.58",
      "last_seen": "2025-10-29T14:48:32.832000"
    },
    {
      "subdomain": "fdtd.dps",
      "type": "A",
      "options": {
        "ttl": 21600
      },
      "value": "140.116.205.146",
      "last_seen": "2025-10-29T14:48:32.537000"
    },
    {
      "subdomain": "files.me",
      "type": "A",
      "options": {
        "ttl": 21600
      },
      "value": "140.116.31.35",
      "last_seen": "2025-10-29T14:48:33.974000"
    },
    {
      "subdomain": "fintech",
      "type": "A",
      "options": {
        "ttl": 21600
      },
      "value": "54.199.105.73",
      "last_seen": "2025-10-29T14:48:33.034000"
    },
    {
      "subdomain": "fintech.management",
      "type": "A",
      "options": {
        "ttl": 21600
      },
      "value": "18.176.250.183",
      "last_seen": "2025-10-29T14:48:32.670000"
    },
    {
      "subdomain": "firstaid",
      "type": "A",
      "options": {
        "ttl": 21600
      },
      "value": "140.116.213.70",
      "last_seen": "2025-10-29T14:48:32.380000"
    },
    {
      "subdomain": "flc",
      "type": "A",
      "options": {
        "ttl": 21600
      },
      "value": "140.116.248.21",
      "last_seen": "2025-10-29T14:48:32.803000"
    },
    {
      "subdomain": "flld",
      "type": "A",
      "options": {
        "ttl": 21600
      },
      "value": "140.116.248.21",
      "last_seen": "2025-10-29T14:48:33.387000"
    },
    {
      "subdomain": "fmri",
      "type": "A",
      "options": {
        "ttl": 21600
      },
      "value": "140.116.252.100",
      "last_seen": "2025-10-29T14:48:33.288000"
    },
    {
      "subdomain": "foodeducation.ai4dt",
      "type": "A",
      "options": {
        "ttl": 86400
      },
      "value": "203.145.221.194",
      "last_seen": "2025-10-29T14:48:33.138000"
    },
    {
      "subdomain": "foodeducation.ee",
      "type": "A",
      "options": {
        "ttl": 60
      },
      "value": "140.116.56.57",
      "last_seen": "2025-10-29T14:48:32.633000"
    },
    {
      "subdomain": "foodeducation1.ee",
      "type": "A",
      "options": {
        "ttl": 60
      },
      "value": "140.116.56.39",
      "last_seen": "2025-10-29T14:48:32.848000"
    },
    {
      "subdomain": "formosat7.earth",
      "type": "A",
      "options": {
        "ttl": 21600
      },
      "value": "140.116.176.83",
      "last_seen": "2025-10-29T14:48:32.864000"
    },
    {
      "subdomain": "foundation.civil",
      "type": "A",
      "options": {
        "ttl": 3390
      },
      "value": "139.162.72.104",
      "last_seen": "2025-10-29T14:48:33.139000"
    },
    {
      "subdomain": "fourier.ee",
      "type": "A",
      "options": {
        "ttl": 60
      },
      "value": "140.116.216.102",
      "last_seen": "2025-10-29T14:48:32.895000"
    },
    {
      "subdomain": "fr.gec2020.twisc",
      "type": "A",
      "options": {
        "ttl": 1
      },
      "value": "140.116.163.133",
      "last_seen": "2025-10-29T14:48:33.358000"
    },
    {
      "subdomain": "fr.tcat2019.twisc",
      "type": "A",
      "options": {
        "ttl": 1
      },
      "value": "140.116.163.142",
      "last_seen": "2025-10-29T14:48:32.818000"
    },
    {
      "subdomain": "freshmanyear.ccep",
      "type": "A",
      "options": {
        "ttl": 21600
      },
      "value": "140.116.241.66",
      "last_seen": "2025-10-29T14:48:32.545000"
    },
    {
      "subdomain": "frisky.es",
      "type": "A",
      "options": {
        "ttl": 21600
      },
      "value": "140.116.39.104",
      "last_seen": "2025-10-29T14:48:32.390000"
    },
    {
      "subdomain": "fs",
      "type": "A",
      "options": {
        "ttl": 20917
      },
      "value": "140.116.249.167",
      "last_seen": "2025-10-29T14:48:32.612000"
    },
    {
      "subdomain": "fun.phys",
      "type": "A",
      "options": {
        "ttl": 21600
      },
      "value": "140.116.91.119",
      "last_seen": "2025-10-29T14:48:32.537000"
    },
    {
      "subdomain": "fund.es",
      "type": "A",
      "options": {
        "ttl": 21600
      },
      "value": "140.116.78.120",
      "last_seen": "2025-10-29T14:48:32.459000"
    },
    {
      "subdomain": "galileo.ee",
      "type": "A",
      "options": {
        "ttl": 60
      },
      "value": "140.116.216.107",
      "last_seen": "2025-10-29T14:48:32.991000"
    },
    {
      "subdomain": "gcbme2024",
      "type": "A",
      "options": {
        "ttl": 21600
      },
      "value": "103.118.26.155",
      "last_seen": "2025-10-29T14:48:32.900000"
    },
    {
      "subdomain": "gdcsc.med",
      "type": "A",
      "options": {
        "ttl": 21600
      },
      "value": "140.116.60.217",
      "last_seen": "2025-10-29T14:48:33.945000"
    },
    {
      "subdomain": "ge",
      "type": "A",
      "options": {
        "ttl": 14103
      },
      "value": "140.116.249.205",
      "last_seen": "2025-10-29T14:48:32.803000"
    },
    {
      "subdomain": "geec.ee",
      "type": "A",
      "options": {
        "ttl": 60
      },
      "value": "140.116.187.164",
      "last_seen": "2025-10-29T14:48:32.632000"
    },
    {
      "subdomain": "geo-museum.earth",
      "type": "A",
      "options": {
        "ttl": 21600
      },
      "value": "140.116.24.228",
      "last_seen": "2025-10-29T14:48:33.173000"
    },
    {
      "subdomain": "geodac",
      "type": "A",
      "options": {
        "ttl": 21600
      },
      "value": "140.116.249.139",
      "last_seen": "2025-10-29T14:48:32.633000"
    },
    {
      "subdomain": "geoenv.thl",
      "type": "A",
      "options": {
        "ttl": 3600
      },
      "value": "140.116.249.228",
      "last_seen": "2025-10-29T14:48:33.033000"
    },
    {
      "subdomain": "geoenv2020.thl",
      "type": "A",
      "options": {
        "ttl": 3600
      },
      "value": "140.116.185.3",
      "last_seen": "2025-10-29T14:48:33.923000"
    },
    {
      "subdomain": "geomatics",
      "type": "A",
      "options": {
        "ttl": 3600
      },
      "value": "140.116.248.21",
      "last_seen": "2025-10-29T14:48:33.175000"
    },
    {
      "subdomain": "gesbinmeofmicroalgae.researchvismap",
      "type": "A",
      "options": {
        "ttl": 21600
      },
      "value": "140.116.249.46",
      "last_seen": "2025-10-29T14:48:32.946000"
    },
    {
      "subdomain": "gibbs.ee",
      "type": "A",
      "options": {
        "ttl": 60
      },
      "value": "140.116.216.100",
      "last_seen": "2025-10-29T14:48:32.682000"
    },
    {
      "subdomain": "gis",
      "type": "A",
      "options": {
        "ttl": 21600
      },
      "value": "140.116.206.101",
      "last_seen": "2025-10-29T14:48:32.875000"
    },
    {
      "subdomain": "gis.thl",
      "type": "A",
      "options": {
        "ttl": 3600
      },
      "value": "140.116.217.109",
      "last_seen": "2025-10-29T14:48:33.458000"
    },
    {
      "subdomain": "git.caslab.ee",
      "type": "A",
      "options": {
        "ttl": 21600
      },
      "value": "140.116.164.228",
      "last_seen": "2025-10-29T14:48:33.036000"
    },
    {
      "subdomain": "gitea.test.course.aislab.ee",
      "type": "A",
      "options": {
        "ttl": 21600
      },
      "value": "140.116.178.171",
      "last_seen": "2025-10-29T14:48:32.896000"
    },
    {
      "subdomain": "gitlab.aislab.ee",
      "type": "A",
      "options": {
        "ttl": 21600
      },
      "value": "140.116.178.170",
      "last_seen": "2025-10-29T14:48:33.490000"
    },
    {
      "subdomain": "gitlab.course.aislab.ee",
      "type": "A",
      "options": {
        "ttl": 21600
      },
      "value": "140.116.178.171",
      "last_seen": "2025-10-29T14:48:33.047000"
    },
    {
      "subdomain": "gitlab.screamtrumpet.csie",
      "type": "A",
      "options": {
        "ttl": 3599
      },
      "value": "140.116.82.234",
      "last_seen": "2025-10-29T14:48:32.758000"
    },
    {
      "subdomain": "gitlab.test.course.aislab.ee",
      "type": "A",
      "options": {
        "ttl": 21600
      },
      "value": "140.116.178.171",
      "last_seen": "2025-10-29T14:48:33.420000"
    },
    {
      "subdomain": "giw2020",
      "type": "A",
      "options": {
        "ttl": 21483
      },
      "value": "140.116.247.185",
      "last_seen": "2025-10-29T14:48:32.756000"
    },
    {
      "subdomain": "gloria",
      "type": "A",
      "options": {
        "ttl": 21600
      },
      "value": "140.116.248.17",
      "last_seen": "2025-10-29T14:48:32.678000"
    },
    {
      "subdomain": "gm-med",
      "type": "A",
      "options": {
        "ttl": 86400
      },
      "value": "140.116.248.21",
      "last_seen": "2025-10-29T14:48:33.020000"
    },
    {
      "subdomain": "goapp.ee",
      "type": "A",
      "options": {
        "ttl": 60
      },
      "value": "140.116.49.182",
      "last_seen": "2025-10-29T14:48:32.403000"
    },
    {
      "subdomain": "gold.ee",
      "type": "A",
      "options": {
        "ttl": 60
      },
      "value": "140.116.72.51",
      "last_seen": "2025-10-29T14:48:32.392000"
    },
    {
      "subdomain": "goodguy.csie",
      "type": "A",
      "options": {
        "ttl": 3600
      },
      "value": "140.116.246.180",
      "last_seen": "2025-10-29T14:48:32.389000"
    },
    {
      "subdomain": "gpaper.geomatics",
      "type": "A",
      "options": {
        "ttl": 3600
      },
      "value": "140.116.80.1",
      "last_seen": "2025-10-29T14:48:32.737000"
    },
    {
      "subdomain": "gplab.phys",
      "type": "A",
      "options": {
        "ttl": 21600
      },
      "value": "140.116.91.87",
      "last_seen": "2025-10-29T14:48:33.395000"
    },
    {
      "subdomain": "grad",
      "type": "A",
      "options": {
        "ttl": 21600
      },
      "value": "140.116.212.123",
      "last_seen": "2025-10-29T14:48:33.027000"
    },
    {
      "subdomain": "grad-osa",
      "type": "A",
      "options": {
        "ttl": 21162
      },
      "value": "140.116.248.21",
      "last_seen": "2025-10-29T14:48:32.613000"
    },
    {
      "subdomain": "grad.osa",
      "type": "A",
      "options": {
        "ttl": 21600
      },
      "value": "140.116.248.21",
      "last_seen": "2025-10-29T14:48:33.621000"
    },
    {
      "subdomain": "graf.csie",
      "type": "A",
      "options": {
        "ttl": 3600
      },
      "value": "140.116.246.97",
      "last_seen": "2025-10-29T14:48:32.915000"
    },
    {
      "subdomain": "graphics.csie",
      "type": "A",
      "options": {
        "ttl": 3600
      },
      "value": "140.116.246.105",
      "last_seen": "2025-10-29T14:48:32.755000"
    },
    {
      "subdomain": "graphql.ckforum",
      "type": "A",
      "options": {
        "ttl": 21600
      },
      "value": "140.116.83.124",
      "last_seen": "2025-10-29T14:48:32.863000"
    },
    {
      "subdomain": "graphql.ckforum2",
      "type": "A",
      "options": {
        "ttl": 21600
      },
      "value": "140.116.83.125",
      "last_seen": "2025-10-29T14:48:32.612000"
    },
    {
      "subdomain": "grey.ee",
      "type": "A",
      "options": {
        "ttl": 59
      },
      "value": "140.116.72.176",
      "last_seen": "2025-10-29T14:48:32.820000"
    },
    {
      "subdomain": "grieg.ee",
      "type": "A",
      "options": {
        "ttl": 60
      },
      "value": "140.116.72.147",
      "last_seen": "2025-10-29T14:48:32.931000"
    },
    {
      "subdomain": "grqc.ncts",
      "type": "A",
      "options": {
        "ttl": 19398
      },
      "value": "140.116.161.169",
      "last_seen": "2025-10-29T14:48:32.612000"
    },
    {
      "subdomain": "grrc",
      "type": "A",
      "options": {
        "ttl": 21600
      },
      "value": "140.116.248.21",
      "last_seen": "2025-10-29T14:48:32.904000"
    },
    {
      "subdomain": "gs",
      "type": "A",
      "options": {
        "ttl": 21600
      },
      "value": "216.239.32.21",
      "last_seen": "2025-10-29T14:48:32.497000"
    },
    {
      "subdomain": "gs",
      "type": "A",
      "options": {
        "ttl": 21600
      },
      "value": "216.239.34.21",
      "last_seen": "2025-10-29T14:48:32.497000"
    },
    {
      "subdomain": "gs",
      "type": "A",
      "options": {
        "ttl": 21600
      },
      "value": "216.239.36.21",
      "last_seen": "2025-10-29T14:48:32.497000"
    },
    {
      "subdomain": "gs",
      "type": "A",
      "options": {
        "ttl": 21600
      },
      "value": "216.239.38.21",
      "last_seen": "2025-10-29T14:48:32.497000"
    },
    {
      "subdomain": "gsa.twl",
      "type": "A",
      "options": {
        "ttl": 21600
      },
      "value": "140.116.10.228",
      "last_seen": "2025-10-29T14:48:33.429000"
    },
    {
      "subdomain": "gun.ckforum",
      "type": "A",
      "options": {
        "ttl": 21600
      },
      "value": "140.116.83.124",
      "last_seen": "2025-10-29T14:48:33.498000"
    },
    {
      "subdomain": "gun.ckforum2",
      "type": "A",
      "options": {
        "ttl": 21600
      },
      "value": "140.116.83.125",
      "last_seen": "2025-10-29T14:48:33.019000"
    },
    {
      "subdomain": "gym",
      "type": "A",
      "options": {
        "ttl": 21600
      },
      "value": "140.116.206.180",
      "last_seen": "2025-10-29T14:48:33.299000"
    },
    {
      "subdomain": "hadcp.thl",
      "type": "A",
      "options": {
        "ttl": 3600
      },
      "value": "140.116.185.238",
      "last_seen": "2025-10-29T14:48:33.372000"
    },
    {
      "subdomain": "harbor.screamtrumpet.csie",
      "type": "A",
      "options": {
        "ttl": 3600
      },
      "value": "140.116.82.234",
      "last_seen": "2025-10-29T14:48:32.410000"
    },
    {
      "subdomain": "haydn.ee",
      "type": "A",
      "options": {
        "ttl": 60
      },
      "value": "140.116.72.138",
      "last_seen": "2025-10-29T14:48:32.436000"
    },
    {
      "subdomain": "hdmap.geomatics",
      "type": "A",
      "options": {
        "ttl": 3600
      },
      "value": "140.116.80.26",
      "last_seen": "2025-10-29T14:48:33.974000"
    },
    {
      "subdomain": "health-epsh",
      "type": "A",
      "options": {
        "ttl": 21600
      },
      "value": "140.116.248.21",
      "last_seen": "2025-10-29T14:48:32.508000"
    },
    {
      "subdomain": "health.epsh",
      "type": "A",
      "options": {
        "ttl": 21600
      },
      "value": "140.116.248.21",
      "last_seen": "2025-10-29T14:48:32.903000"
    },
    {
      "subdomain": "health.mdic",
      "type": "A",
      "options": {
        "ttl": 21600
      },
      "value": "140.116.249.171",
      "last_seen": "2025-10-29T14:48:33.404000"
    },
    {
      "subdomain": "hearthermo.csie",
      "type": "A",
      "options": {
        "ttl": 3600
      },
      "value": "140.116.247.118",
      "last_seen": "2025-10-29T14:48:33.800000"
    },
    {
      "subdomain": "heat3.che",
      "type": "A",
      "options": {
        "ttl": 21600
      },
      "value": "140.116.33.33",
      "last_seen": "2025-10-29T14:48:33.644000"
    },
    {
      "subdomain": "hec22.hyd",
      "type": "A",
      "options": {
        "ttl": 21600
      },
      "value": "140.116.77.23",
      "last_seen": "2025-10-29T14:48:32.797000"
    },
    {
      "subdomain": "hedgedoc.course.aislab.ee",
      "type": "A",
      "options": {
        "ttl": 21600
      },
      "value": "140.116.178.171",
      "last_seen": "2025-10-29T14:48:32.764000"
    },
    {
      "subdomain": "hep.phys",
      "type": "A",
      "options": {
        "ttl": 21600
      },
      "value": "140.116.91.1",
      "last_seen": "2025-10-29T14:48:32.788000"
    },
    {
      "subdomain": "hieporuscarbon.researchvismap",
      "type": "A",
      "options": {
        "ttl": 21600
      },
      "value": "140.116.249.46",
      "last_seen": "2025-10-29T14:48:33.588000"
    },
    {
      "subdomain": "higem",
      "type": "A",
      "options": {
        "ttl": 21600
      },
      "value": "103.17.11.108",
      "last_seen": "2025-10-29T14:48:32.908000"
    },
    {
      "subdomain": "himax.ee",
      "type": "A",
      "options": {
        "ttl": 60
      },
      "value": "140.116.187.126",
      "last_seen": "2025-10-29T14:48:32.889000"
    },
    {
      "subdomain": "his",
      "type": "A",
      "options": {
        "ttl": 19818
      },
      "value": "140.116.248.21",
      "last_seen": "2025-10-29T14:48:32.358000"
    },
    {
      "subdomain": "hmcs.hosp",
      "type": "A",
      "options": {
        "ttl": 3600
      },
      "value": "140.116.59.57",
      "last_seen": "2025-10-29T14:48:32.544000"
    },
    {
      "subdomain": "hmi.wraicslog.twisc",
      "type": "A",
      "options": {
        "ttl": 1
      },
      "value": "140.116.223.193",
      "last_seen": "2025-10-29T14:48:32.679000"
    },
    {
      "subdomain": "hmsstc",
      "type": "A",
      "options": {
        "ttl": 21600
      },
      "value": "140.116.58.148",
      "last_seen": "2025-10-29T14:48:33.499000"
    },
    {
      "subdomain": "holtz.ee",
      "type": "A",
      "options": {
        "ttl": 60
      },
      "value": "140.116.216.109",
      "last_seen": "2025-10-29T14:48:32.633000"
    },
    {
      "subdomain": "holybell.phys",
      "type": "A",
      "options": {
        "ttl": 21600
      },
      "value": "140.116.91.107",
      "last_seen": "2025-10-29T14:48:33.342000"
    },
    {
      "subdomain": "honeydew.ee",
      "type": "A",
      "options": {
        "ttl": 60
      },
      "value": "140.116.72.184",
      "last_seen": "2025-10-29T14:48:32.439000"
    },
    {
      "subdomain": "housing-osa",
      "type": "A",
      "options": {
        "ttl": 21600
      },
      "value": "140.116.248.21",
      "last_seen": "2025-10-29T14:48:32.914000"
    },
    {
      "subdomain": "housing.osa",
      "type": "A",
      "options": {
        "ttl": 21600
      },
      "value": "140.116.248.21",
      "last_seen": "2025-10-29T14:48:32.905000"
    },
    {
      "subdomain": "hpc",
      "type": "A",
      "options": {
        "ttl": 21600
      },
      "value": "140.116.206.35",
      "last_seen": "2025-10-29T14:48:32.970000"
    },
    {
      "subdomain": "hpds119.ee",
      "type": "A",
      "options": {
        "ttl": 60
      },
      "value": "140.116.164.119",
      "last_seen": "2025-10-29T14:48:32.444000"
    },
    {
      "subdomain": "hpds120.ee",
      "type": "A",
      "options": {
        "ttl": 60
      },
      "value": "140.116.164.120",
      "last_seen": "2025-10-29T14:48:32.635000"
    },
    {
      "subdomain": "hpds124.ee",
      "type": "A",
      "options": {
        "ttl": 53
      },
      "value": "140.116.164.124",
      "last_seen": "2025-10-29T14:48:33.001000"
    },
    {
      "subdomain": "hpds71.ee",
      "type": "A",
      "options": {
        "ttl": 60
      },
      "value": "140.116.164.71",
      "last_seen": "2025-10-29T14:48:32.965000"
    },
    {
      "subdomain": "hpds82.ee",
      "type": "A",
      "options": {
        "ttl": 60
      },
      "value": "140.116.164.82",
      "last_seen": "2025-10-29T14:48:32.905000"
    },
    {
      "subdomain": "hpds85.ee",
      "type": "A",
      "options": {
        "ttl": 60
      },
      "value": "140.116.164.85",
      "last_seen": "2025-10-29T14:48:32.447000"
    },
    {
      "subdomain": "hpds88.ee",
      "type": "A",
      "options": {
        "ttl": 60
      },
      "value": "140.116.164.88",
      "last_seen": "2025-10-29T14:48:33.293000"
    },
    {
      "subdomain": "hpds95.ee",
      "type": "A",
      "options": {
        "ttl": 60
      },
      "value": "140.116.164.95",
      "last_seen": "2025-10-29T14:48:32.494000"
    },
    {
      "subdomain": "hpds96.ee",
      "type": "A",
      "options": {
        "ttl": 60
      },
      "value": "140.116.164.96",
      "last_seen": "2025-10-29T14:48:32.906000"
    },
    {
      "subdomain": "hpdslab.ee",
      "type": "A",
      "options": {
        "ttl": 59
      },
      "value": "140.116.164.78",
      "last_seen": "2025-10-29T14:48:33.904000"
    },
    {
      "subdomain": "hpfbf.researchvismap",
      "type": "A",
      "options": {
        "ttl": 86400
      },
      "value": "140.116.249.46",
      "last_seen": "2025-10-29T14:48:33.460000"
    },
    {
      "subdomain": "hsm",
      "type": "A",
      "options": {
        "ttl": 21600
      },
      "value": "140.116.248.21",
      "last_seen": "2025-10-29T14:48:32.910000"
    },
    {
      "subdomain": "hsnet.ee",
      "type": "A",
      "options": {
        "ttl": 1
      },
      "value": "140.116.163.129",
      "last_seen": "2025-10-29T14:48:33.907000"
    },
    {
      "subdomain": "hspc.csie",
      "type": "A",
      "options": {
        "ttl": 3600
      },
      "value": "140.116.154.66",
      "last_seen": "2025-10-29T14:48:33.106000"
    },
    {
      "subdomain": "hspc2023.csie",
      "type": "A",
      "options": {
        "ttl": 3600
      },
      "value": "140.116.154.66",
      "last_seen": "2025-10-29T14:48:32.860000"
    },
    {
      "subdomain": "hstrc.hyd",
      "type": "A",
      "options": {},
      "value": "140.116.38.140",
      "last_seen": "2025-10-04T07:50:52.498000"
    },
    {
      "subdomain": "hstrc.hyd",
      "type": "A",
      "options": {
        "ttl": 21600
      },
      "value": "140.116.77.156",
      "last_seen": "2025-10-29T14:48:33.127000"
    },
    {
      "subdomain": "hsu411.hosp",
      "type": "A",
      "options": {
        "ttl": 3600
      },
      "value": "140.116.60.70",
      "last_seen": "2025-10-29T14:48:33.399000"
    },
    {
      "subdomain": "hsunt.hosp",
      "type": "A",
      "options": {
        "ttl": 3600
      },
      "value": "140.116.60.226",
      "last_seen": "2025-10-29T14:48:32.510000"
    },
    {
      "subdomain": "huang.es",
      "type": "A",
      "options": {
        "ttl": 21600
      },
      "value": "140.116.226.213",
      "last_seen": "2025-10-29T14:48:32.696000"
    },
    {
      "subdomain": "hub.arch",
      "type": "A",
      "options": {
        "ttl": 21600
      },
      "value": "140.116.37.41",
      "last_seen": "2025-10-29T14:48:33.417000"
    },
    {
      "subdomain": "hub.fintech",
      "type": "A",
      "options": {
        "ttl": 86400
      },
      "value": "140.116.17.225",
      "last_seen": "2025-10-29T14:48:33.511000"
    },
    {
      "subdomain": "hydrodapu.dprc",
      "type": "A",
      "options": {
        "ttl": 21600
      },
      "value": "140.116.66.26",
      "last_seen": "2025-10-29T14:48:33.466000"
    },
    {
      "subdomain": "i",
      "type": "A",
      "options": {
        "ttl": 21600
      },
      "value": "140.116.249.160",
      "last_seen": "2025-10-29T14:48:32.412000"
    },
    {
      "subdomain": "i-certificate.ctld",
      "type": "A",
      "options": {
        "ttl": 21600
      },
      "value": "140.116.17.149",
      "last_seen": "2025-10-29T14:48:33.428000"
    },
    {
      "subdomain": "i-classroom.collegex",
      "type": "A",
      "options": {
        "ttl": 21600
      },
      "value": "140.116.167.71",
      "last_seen": "2025-10-29T14:48:32.681000"
    },
    {
      "subdomain": "i-drive.ctld",
      "type": "A",
      "options": {
        "ttl": 21600
      },
      "value": "140.116.203.33",
      "last_seen": "2025-10-29T14:48:32.805000"
    },
    {
      "subdomain": "i-expert.ctld",
      "type": "A",
      "options": {
        "ttl": 21600
      },
      "value": "140.116.17.158",
      "last_seen": "2025-10-29T14:48:32.537000"
    },
    {
      "subdomain": "i-member.ctld",
      "type": "A",
      "options": {
        "ttl": 21600
      },
      "value": "140.116.17.147",
      "last_seen": "2025-10-29T14:48:32.910000"
    },
    {
      "subdomain": "i-nas.cce",
      "type": "A",
      "options": {
        "ttl": 21600
      },
      "value": "140.116.238.124",
      "last_seen": "2025-10-29T14:48:32.888000"
    },
    {
      "subdomain": "i-ocw.ctld",
      "type": "A",
      "options": {
        "ttl": 21460
      },
      "value": "140.116.17.153",
      "last_seen": "2025-10-29T14:48:33.582000"
    },
    {
      "subdomain": "iaa",
      "type": "A",
      "options": {
        "ttl": 21600
      },
      "value": "140.116.248.21",
      "last_seen": "2025-10-29T14:48:33.459000"
    },
    {
      "subdomain": "ib",
      "type": "A",
      "options": {
        "ttl": 21600
      },
      "value": "140.116.248.21",
      "last_seen": "2025-10-29T14:48:32.819000"
    },
    {
      "subdomain": "ibdpe",
      "type": "A",
      "options": {
        "ttl": 21600
      },
      "value": "140.116.248.21",
      "last_seen": "2025-10-29T14:48:32.473000"
    },
    {
      "subdomain": "ibm260.phys",
      "type": "A",
      "options": {
        "ttl": 21600
      },
      "value": "140.116.161.2",
      "last_seen": "2025-10-29T14:48:33.678000"
    },
    {
      "subdomain": "ibm595.phys",
      "type": "A",
      "options": {
        "ttl": 21600
      },
      "value": "140.116.161.1",
      "last_seen": "2025-10-29T14:48:33.323000"
    },
    {
      "subdomain": "ibms",
      "type": "A",
      "options": {
        "ttl": 21105
      },
      "value": "140.116.248.21",
      "last_seen": "2025-10-29T14:48:32.493000"
    },
    {
      "subdomain": "ica",
      "type": "A",
      "options": {
        "ttl": 21600
      },
      "value": "140.116.248.21",
      "last_seen": "2025-10-29T14:48:32.915000"
    },
    {
      "subdomain": "icamp",
      "type": "A",
      "options": {
        "ttl": 18708
      },
      "value": "140.116.248.21",
      "last_seen": "2025-10-29T14:48:32.698000"
    },
    {
      "subdomain": "icaps.computing",
      "type": "A",
      "options": {
        "ttl": 21600
      },
      "value": "140.116.158.124",
      "last_seen": "2025-10-29T14:48:33.526000"
    },
    {
      "subdomain": "icdeslab02.ee",
      "type": "A",
      "options": {
        "ttl": 60
      },
      "value": "140.116.156.225",
      "last_seen": "2025-10-29T14:48:32.802000"
    },
    {
      "subdomain": "icdeslab05.ee",
      "type": "A",
      "options": {
        "ttl": 60
      },
      "value": "140.116.156.228",
      "last_seen": "2025-10-29T14:48:33.696000"
    },
    {
      "subdomain": "icdeslab06.ee",
      "type": "A",
      "options": {
        "ttl": 60
      },
      "value": "140.116.156.229",
      "last_seen": "2025-10-29T14:48:34.020000"
    },
    {
      "subdomain": "icdeslab08.ee",
      "type": "A",
      "options": {
        "ttl": 60
      },
      "value": "140.116.156.231",
      "last_seen": "2025-10-29T14:48:33.416000"
    },
    {
      "subdomain": "icem15",
      "type": "A",
      "options": {
        "ttl": 21600
      },
      "value": "140.116.97.78",
      "last_seen": "2025-10-29T14:48:32.699000"
    },
    {
      "subdomain": "ices.csie",
      "type": "A",
      "options": {
        "ttl": 3600
      },
      "value": "140.116.245.125",
      "last_seen": "2025-10-29T14:48:32.882000"
    },
    {
      "subdomain": "iche2016.hyd",
      "type": "A",
      "options": {
        "ttl": 21600
      },
      "value": "140.116.77.15",
      "last_seen": "2025-10-29T14:48:32.545000"
    },
    {
      "subdomain": "icid",
      "type": "A",
      "options": {
        "ttl": 14665
      },
      "value": "140.116.220.139",
      "last_seen": "2025-10-29T14:48:32.983000"
    },
    {
      "subdomain": "icim",
      "type": "A",
      "options": {
        "ttl": 21600
      },
      "value": "140.116.248.21",
      "last_seen": "2025-10-29T14:48:34.024000"
    },
    {
      "subdomain": "iclab.es",
      "type": "A",
      "options": {
        "ttl": 21600
      },
      "value": "140.116.226.88",
      "last_seen": "2025-10-29T14:48:33.544000"
    },
    {
      "subdomain": "icmmed",
      "type": "A",
      "options": {
        "ttl": 21600
      },
      "value": "140.116.248.21",
      "last_seen": "2025-10-29T14:48:32.573000"
    },
    {
      "subdomain": "icwangjf.ee",
      "type": "A",
      "options": {
        "ttl": 60
      },
      "value": "140.116.156.223",
      "last_seen": "2025-10-29T14:48:32.911000"
    },
    {
      "subdomain": "id",
      "type": "A",
      "options": {
        "ttl": 21600
      },
      "value": "140.116.249.120",
      "last_seen": "2025-10-29T14:48:33.054000"
    },
    {
      "subdomain": "id.sso2",
      "type": "A",
      "options": {
        "ttl": 21600
      },
      "value": "140.116.249.167",
      "last_seen": "2025-10-29T14:48:33.401000"
    },
    {
      "subdomain": "idb.csie",
      "type": "A",
      "options": {
        "ttl": 3600
      },
      "value": "140.116.247.40",
      "last_seen": "2025-10-29T14:48:33.049000"
    },
    {
      "subdomain": "idc-ord",
      "type": "A",
      "options": {
        "ttl": 21600
      },
      "value": "140.116.248.21",
      "last_seen": "2025-10-29T14:48:34.023000"
    },
    {
      "subdomain": "idc.ord",
      "type": "A",
      "options": {
        "ttl": 86400
      },
      "value": "140.116.248.21",
      "last_seen": "2025-10-29T14:48:33.536000"
    },
    {
      "subdomain": "ide",
      "type": "A",
      "options": {
        "ttl": 3600
      },
      "value": "140.116.241.66",
      "last_seen": "2025-10-29T14:48:33.068000"
    },
    {
      "subdomain": "ideal.csie",
      "type": "A",
      "options": {
        "ttl": 3600
      },
      "value": "140.116.246.221",
      "last_seen": "2025-10-29T14:48:32.922000"
    },
    {
      "subdomain": "idp",
      "type": "A",
      "options": {
        "ttl": 21600
      },
      "value": "140.116.241.102",
      "last_seen": "2025-10-29T14:48:32.829000"
    },
    {
      "subdomain": "iebs.arch",
      "type": "A",
      "options": {
        "ttl": 86399
      },
      "value": "220.132.246.195",
      "last_seen": "2025-10-29T14:48:33.579000"
    },
    {
      "subdomain": "ieet.csie",
      "type": "A",
      "options": {
        "ttl": 3600
      },
      "value": "140.116.246.143",
      "last_seen": "2025-10-29T14:48:32.517000"
    },
    {
      "subdomain": "ieet.ee",
      "type": "A",
      "options": {
        "ttl": 60
      },
      "value": "140.116.49.16",
      "last_seen": "2025-10-29T14:48:32.440000"
    },
    {
      "subdomain": "igisportal.geomatics",
      "type": "A",
      "options": {
        "ttl": 3600
      },
      "value": "140.116.47.125",
      "last_seen": "2025-10-29T14:48:33.615000"
    },
    {
      "subdomain": "ihliu.twisc",
      "type": "A",
      "options": {
        "ttl": 1
      },
      "value": "140.116.163.129",
      "last_seen": "2025-10-29T14:48:32.699000"
    },
    {
      "subdomain": "iim",
      "type": "A",
      "options": {
        "ttl": 3600
      },
      "value": "140.116.241.66",
      "last_seen": "2025-10-29T14:48:33.072000"
    },
    {
      "subdomain": "iir.csie",
      "type": "A",
      "options": {
        "ttl": 3600
      },
      "value": "140.116.247.183",
      "last_seen": "2025-10-29T14:48:32.913000"
    },
    {
      "subdomain": "iisd-oia",
      "type": "A",
      "options": {
        "ttl": 21600
      },
      "value": "140.116.248.21",
      "last_seen": "2025-10-29T14:48:33.302000"
    },
    {
      "subdomain": "iisd.oia",
      "type": "A",
      "options": {
        "ttl": 21600
      },
      "value": "140.116.248.21",
      "last_seen": "2025-10-29T14:48:32.927000"
    },
    {
      "subdomain": "ijiatraining.ee",
      "type": "A",
      "options": {
        "ttl": 60
      },
      "value": "140.116.56.35",
      "last_seen": "2025-10-29T14:48:32.537000"
    },
    {
      "subdomain": "ikmbio.csie",
      "type": "A",
      "options": {
        "ttl": 3600
      },
      "value": "140.116.245.99",
      "last_seen": "2025-10-29T14:48:33.338000"
    },
    {
      "subdomain": "ilin.iim",
      "type": "A",
      "options": {
        "ttl": 3598
      },
      "value": "185.199.111.153",
      "last_seen": "2025-10-29T14:48:33.580000"
    },
    {
      "subdomain": "im",
      "type": "A",
      "options": {
        "ttl": 3600
      },
      "value": "140.116.241.66",
      "last_seen": "2025-10-29T14:48:34.041000"
    },
    {
      "subdomain": "imba",
      "type": "A",
      "options": {
        "ttl": 21600
      },
      "value": "103.17.11.108",
      "last_seen": "2025-10-29T14:48:33.276000"
    },
    {
      "subdomain": "ime",
      "type": "A",
      "options": {
        "ttl": 21600
      },
      "value": "140.116.86.7",
      "last_seen": "2025-10-29T14:48:33.357000"
    },
    {
      "subdomain": "imfw.hosp",
      "type": "A",
      "options": {
        "ttl": 3600
      },
      "value": "140.116.60.31",
      "last_seen": "2025-10-29T14:48:32.692000"
    },
    {
      "subdomain": "imilab.imis",
      "type": "A",
      "options": {
        "ttl": 21600
      },
      "value": "140.116.86.196",
      "last_seen": "2025-10-29T14:48:32.915000"
    },
    {
      "subdomain": "imis",
      "type": "A",
      "options": {
        "ttl": 21600
      },
      "value": "140.116.248.21",
      "last_seen": "2025-10-29T14:48:32.790000"
    },
    {
      "subdomain": "imm-med",
      "type": "A",
      "options": {
        "ttl": 21600
      },
      "value": "140.116.248.21",
      "last_seen": "2025-10-29T14:48:32.543000"
    },
    {
      "subdomain": "imputation.netdb.csie",
      "type": "A",
      "options": {
        "ttl": 3600
      },
      "value": "140.116.247.125",
      "last_seen": "2025-10-29T14:48:32.460000"
    },
    {
      "subdomain": "imrc",
      "type": "A",
      "options": {
        "ttl": 20006
      },
      "value": "140.116.234.99",
      "last_seen": "2025-10-29T14:48:32.778000"
    },
    {
      "subdomain": "imslab.csie",
      "type": "A",
      "options": {
        "ttl": 3600
      },
      "value": "140.116.245.253",
      "last_seen": "2025-10-29T14:48:33.238000"
    },
    {
      "subdomain": "imspmdcad1c.ee",
      "type": "A",
      "options": {
        "ttl": 60
      },
      "value": "140.116.216.80",
      "last_seen": "2025-10-29T14:48:33.285000"
    },
    {
      "subdomain": "imxms.hosp",
      "type": "A",
      "options": {
        "ttl": 3600
      },
      "value": "120.114.241.90",
      "last_seen": "2025-10-29T14:48:32.614000"
    },
    {
      "subdomain": "indigo.ee",
      "type": "A",
      "options": {
        "ttl": 60
      },
      "value": "140.116.72.57",
      "last_seen": "2025-10-29T14:48:32.873000"
    },
    {
      "subdomain": "industry-taiwan.innovation",
      "type": "A",
      "options": {
        "ttl": 21600
      },
      "value": "140.116.88.230",
      "last_seen": "2025-10-29T14:48:32.440000"
    },
    {
      "subdomain": "infra.ee",
      "type": "A",
      "options": {
        "ttl": 58
      },
      "value": "140.116.164.146",
      "last_seen": "2025-10-29T14:48:33.998000"
    },
    {
      "subdomain": "innovation",
      "type": "A",
      "options": {
        "ttl": 21600
      },
      "value": "140.116.248.21",
      "last_seen": "2025-10-29T14:48:33.924000"
    },
    {
      "subdomain": "instrument.science",
      "type": "A",
      "options": {
        "ttl": 21600
      },
      "value": "140.116.228.43",
      "last_seen": "2025-10-29T14:48:32.779000"
    },
    {
      "subdomain": "internship.arch",
      "type": "A",
      "options": {
        "ttl": 86400
      },
      "value": "140.116.37.41",
      "last_seen": "2025-10-29T14:48:33.914000"
    },
    {
      "subdomain": "investments",
      "type": "A",
      "options": {
        "ttl": 21600
      },
      "value": "140.116.249.179",
      "last_seen": "2025-10-29T14:48:32.971000"
    },
    {
      "subdomain": "ioannis.ee",
      "type": "A",
      "options": {
        "ttl": 60
      },
      "value": "140.116.163.101",
      "last_seen": "2025-10-29T14:48:32.467000"
    },
    {
      "subdomain": "iog",
      "type": "A",
      "options": {
        "ttl": 21600
      },
      "value": "140.116.248.21",
      "last_seen": "2025-10-29T14:48:33.366000"
    },
    {
      "subdomain": "iom",
      "type": "A",
      "options": {
        "ttl": 21600
      },
      "value": "140.116.248.21",
      "last_seen": "2025-10-29T14:48:33.464000"
    },
    {
      "subdomain": "iom.hosp",
      "type": "A",
      "options": {
        "ttl": 3600
      },
      "value": "59.125.33.7",
      "last_seen": "2025-10-29T14:48:32.948000"
    },
    {
      "subdomain": "ioml.iim",
      "type": "A",
      "options": {
        "ttl": 3600
      },
      "value": "140.116.96.219",
      "last_seen": "2025-10-29T14:48:32.807000"
    },
    {
      "subdomain": "ipam.testbed",
      "type": "A",
      "options": {
        "ttl": 60
      },
      "value": "140.110.111.19",
      "last_seen": "2025-10-29T14:48:32.552000"
    },
    {
      "subdomain": "ipc2011",
      "type": "A",
      "options": {
        "ttl": 21600
      },
      "value": "140.116.91.87",
      "last_seen": "2025-10-29T14:48:33.027000"
    },
    {
      "subdomain": "iqbal.researchvismap",
      "type": "A",
      "options": {
        "ttl": 21600
      },
      "value": "140.116.249.46",
      "last_seen": "2025-10-29T14:48:32.410000"
    },
    {
      "subdomain": "ir-ord",
      "type": "A",
      "options": {
        "ttl": 21600
      },
      "value": "140.116.248.21",
      "last_seen": "2025-10-29T14:48:32.978000"
    },
    {
      "subdomain": "ir.lib",
      "type": "A",
      "options": {
        "ttl": 60
      },
      "value": "140.116.207.99",
      "last_seen": "2025-10-29T14:48:32.540000"
    },
    {
      "subdomain": "ir.ord",
      "type": "A",
      "options": {
        "ttl": 21600
      },
      "value": "140.116.248.21",
      "last_seen": "2025-10-29T14:48:33.168000"
    },
    {
      "subdomain": "ircmmc",
      "type": "A",
      "options": {
        "ttl": 21600
      },
      "value": "162.213.255.16",
      "last_seen": "2025-10-29T14:48:33.023000"
    },
    {
      "subdomain": "ird-oia",
      "type": "A",
      "options": {
        "ttl": 86400
      },
      "value": "140.116.248.21",
      "last_seen": "2025-10-29T14:48:33.411000"
    },
    {
      "subdomain": "ird.oia",
      "type": "A",
      "options": {
        "ttl": 21600
      },
      "value": "140.116.248.21",
      "last_seen": "2025-10-29T14:48:32.920000"
    },
    {
      "subdomain": "irdd-ord",
      "type": "A",
      "options": {
        "ttl": 21600
      },
      "value": "140.116.248.21",
      "last_seen": "2025-10-29T14:48:32.849000"
    },
    {
      "subdomain": "irdd.ord",
      "type": "A",
      "options": {
        "ttl": 17742
      },
      "value": "140.116.248.21",
      "last_seen": "2025-10-29T14:48:32.538000"
    },
    {
      "subdomain": "isaac2025.csie",
      "type": "A",
      "options": {
        "ttl": 3600
      },
      "value": "140.131.116.174",
      "last_seen": "2025-10-29T14:48:33.017000"
    },
    {
      "subdomain": "isad-oia",
      "type": "A",
      "options": {
        "ttl": 21267
      },
      "value": "140.116.248.21",
      "last_seen": "2025-10-29T14:48:32.543000"
    },
    {
      "subdomain": "isad.oia",
      "type": "A",
      "options": {
        "ttl": 21600
      },
      "value": "140.116.248.21",
      "last_seen": "2025-10-29T14:48:32.849000"
    },
    {
      "subdomain": "isaps",
      "type": "A",
      "options": {
        "ttl": 86400
      },
      "value": "140.116.16.15",
      "last_seen": "2025-10-29T14:48:32.861000"
    },
    {
      "subdomain": "isce",
      "type": "A",
      "options": {
        "ttl": 86400
      },
      "value": "211.72.215.59",
      "last_seen": "2025-10-29T14:48:33.634000"
    },
    {
      "subdomain": "isdc",
      "type": "A",
      "options": {
        "ttl": 21600
      },
      "value": "140.116.248.21",
      "last_seen": "2025-10-29T14:48:32.978000"
    },
    {
      "subdomain": "isgnss2016",
      "type": "A",
      "options": {
        "ttl": 21600
      },
      "value": "140.116.80.31",
      "last_seen": "2025-10-29T14:48:33.532000"
    },
    {
      "subdomain": "isgnss2016.geomatics",
      "type": "A",
      "options": {
        "ttl": 3600
      },
      "value": "140.116.80.1",
      "last_seen": "2025-10-29T14:48:32.887000"
    },
    {
      "subdomain": "islab.csie",
      "type": "A",
      "options": {
        "ttl": 3600
      },
      "value": "140.116.247.1",
      "last_seen": "2025-10-29T14:48:33.631000"
    },
    {
      "subdomain": "ismail.csie",
      "type": "A",
      "options": {
        "ttl": 3600
      },
      "value": "140.116.247.2",
      "last_seen": "2025-10-29T14:48:33.404000"
    },
    {
      "subdomain": "ismp.csie",
      "type": "A",
      "options": {
        "ttl": 3600
      },
      "value": "140.116.82.199",
      "last_seen": "2025-10-29T14:48:32.699000"
    },
    {
      "subdomain": "isms.cc",
      "type": "A",
      "options": {
        "ttl": 21600
      },
      "value": "140.116.241.31",
      "last_seen": "2025-10-29T14:48:32.924000"
    },
    {
      "subdomain": "isse",
      "type": "A",
      "options": {
        "ttl": 86400
      },
      "value": "140.116.248.21",
      "last_seen": "2025-10-29T14:48:33.130000"
    },
    {
      "subdomain": "istest.test",
      "type": "A",
      "options": {
        "ttl": 21600
      },
      "value": "140.116.241.101",
      "last_seen": "2025-10-29T14:48:33.678000"
    },
    {
      "subdomain": "iteach",
      "type": "A",
      "options": {
        "ttl": 21600
      },
      "value": "140.116.165.11",
      "last_seen": "2025-10-29T14:48:32.410000"
    },
    {
      "subdomain": "itlab.ee",
      "type": "A",
      "options": {
        "ttl": 60
      },
      "value": "103.167.250.29",
      "last_seen": "2025-10-29T14:48:32.634000"
    },
    {
      "subdomain": "itlab.npe.ee",
      "type": "A",
      "options": {
        "ttl": 60
      },
      "value": "140.116.221.21",
      "last_seen": "2025-10-29T14:48:34.001000"
    },
    {
      "subdomain": "itps",
      "type": "A",
      "options": {
        "ttl": 7792
      },
      "value": "140.116.248.21",
      "last_seen": "2025-10-29T14:48:32.804000"
    },
    {
      "subdomain": "itsa-k8s.netdb.csie",
      "type": "A",
      "options": {
        "ttl": 3600
      },
      "value": "140.116.247.125",
      "last_seen": "2025-10-29T14:48:32.508000"
    },
    {
      "subdomain": "itsa.netdb.csie",
      "type": "A",
      "options": {
        "ttl": 3600
      },
      "value": "140.116.247.125",
      "last_seen": "2025-10-29T14:48:32.928000"
    },
    {
      "subdomain": "iwoca2023.csie",
      "type": "A",
      "options": {
        "ttl": 3600
      },
      "value": "140.131.116.174",
      "last_seen": "2025-10-29T14:48:32.710000"
    },
    {
      "subdomain": "iwrr",
      "type": "A",
      "options": {
        "ttl": 21600
      },
      "value": "140.116.248.17",
      "last_seen": "2025-10-29T14:48:34.025000"
    },
    {
      "subdomain": "j-kumo.flld",
      "type": "A",
      "options": {
        "ttl": 21600
      },
      "value": "140.116.12.162",
      "last_seen": "2025-10-29T14:48:33.982000"
    },
    {
      "subdomain": "j92a21.ee",
      "type": "A",
      "options": {
        "ttl": 60
      },
      "value": "140.116.187.195",
      "last_seen": "2025-10-29T14:48:33.048000"
    },
    {
      "subdomain": "j92a21b.ee",
      "type": "A",
      "options": {
        "ttl": 60
      },
      "value": "140.116.187.196",
      "last_seen": "2025-10-29T14:48:32.983000"
    },
    {
      "subdomain": "jksheu.dps",
      "type": "A",
      "options": {
        "ttl": 21600
      },
      "value": "140.116.205.138",
      "last_seen": "2025-10-29T14:48:33.026000"
    },
    {
      "subdomain": "john.che",
      "type": "A",
      "options": {
        "ttl": 21600
      },
      "value": "140.116.33.197",
      "last_seen": "2025-10-29T14:48:32.545000"
    },
    {
      "subdomain": "john.phys",
      "type": "A",
      "options": {
        "ttl": 21600
      },
      "value": "140.116.91.238",
      "last_seen": "2025-10-29T14:48:33.110000"
    },
    {
      "subdomain": "judge.csie",
      "type": "A",
      "options": {
        "ttl": 3600
      },
      "value": "140.116.245.243",
      "last_seen": "2025-10-29T14:48:32.565000"
    },
    {
      "subdomain": "jupyterhub.phys",
      "type": "A",
      "options": {
        "ttl": 21600
      },
      "value": "140.116.161.209",
      "last_seen": "2025-10-29T14:48:32.534000"
    },
    {
      "subdomain": "jupyterhub2.phys",
      "type": "A",
      "options": {
        "ttl": 21600
      },
      "value": "140.116.161.210",
      "last_seen": "2025-10-29T14:48:32.977000"
    },
    {
      "subdomain": "justinyueh.ee",
      "type": "A",
      "options": {
        "ttl": 60
      },
      "value": "140.116.177.54",
      "last_seen": "2025-10-29T14:48:32.924000"
    },
    {
      "subdomain": "justrna.itps",
      "type": "A",
      "options": {
        "ttl": 21600
      },
      "value": "140.116.56.84",
      "last_seen": "2025-10-29T14:48:33.633000"
    },
    {
      "subdomain": "jwchang.es",
      "type": "A",
      "options": {
        "ttl": 86400
      },
      "value": "140.116.39.125",
      "last_seen": "2025-10-29T14:48:33.361000"
    },
    {
      "subdomain": "jyleepe07.ee",
      "type": "A",
      "options": {
        "ttl": 60
      },
      "value": "140.116.178.77",
      "last_seen": "2025-10-29T14:48:32.698000"
    },
    {
      "subdomain": "jyleepe10.ee",
      "type": "A",
      "options": {
        "ttl": 60
      },
      "value": "140.116.178.80",
      "last_seen": "2025-10-29T14:48:32.562000"
    },
    {
      "subdomain": "jyleepe18.ee",
      "type": "A",
      "options": {
        "ttl": 60
      },
      "value": "140.116.178.88",
      "last_seen": "2025-10-29T14:48:33.647000"
    },
    {
      "subdomain": "kclc",
      "type": "A",
      "options": {
        "ttl": 19938
      },
      "value": "139.162.89.146",
      "last_seen": "2025-10-29T14:48:32.358000"
    },
    {
      "subdomain": "kdd.es",
      "type": "A",
      "options": {
        "ttl": 21600
      },
      "value": "140.116.39.216",
      "last_seen": "2025-10-29T14:48:32.807000"
    },
    {
      "subdomain": "kdd177.es",
      "type": "A",
      "options": {
        "ttl": 21600
      },
      "value": "140.116.39.177",
      "last_seen": "2025-10-29T14:48:33.043000"
    },
    {
      "subdomain": "keycloak.course.aislab.ee",
      "type": "A",
      "options": {
        "ttl": 21600
      },
      "value": "140.116.178.171",
      "last_seen": "2025-10-29T14:48:32.521000"
    },
    {
      "subdomain": "kid.csie",
      "type": "A",
      "options": {
        "ttl": 3600
      },
      "value": "140.116.247.23",
      "last_seen": "2025-10-29T14:48:33.034000"
    },
    {
      "subdomain": "kid.ee",
      "type": "A",
      "options": {
        "ttl": 60
      },
      "value": "140.116.164.190",
      "last_seen": "2025-10-29T14:48:32.537000"
    },
    {
      "subdomain": "kidstudio.ee",
      "type": "A",
      "options": {
        "ttl": 59
      },
      "value": "140.116.164.171",
      "last_seen": "2025-10-29T14:48:34.025000"
    },
    {
      "subdomain": "klab.me",
      "type": "A",
      "options": {
        "ttl": 21600
      },
      "value": "140.116.31.35",
      "last_seen": "2025-10-29T14:48:33.240000"
    },
    {
      "subdomain": "km.wpeiic",
      "type": "A",
      "options": {
        "ttl": 3600
      },
      "value": "140.116.217.11",
      "last_seen": "2025-10-29T14:48:33.971000"
    },
    {
      "subdomain": "ksc.im",
      "type": "A",
      "options": {
        "ttl": 3600
      },
      "value": "140.116.99.141",
      "last_seen": "2025-10-29T14:48:32.857000"
    },
    {
      "subdomain": "ktchuang.netdb.csie",
      "type": "A",
      "options": {
        "ttl": 3600
      },
      "value": "140.116.247.125",
      "last_seen": "2025-10-29T14:48:32.860000"
    },
    {
      "subdomain": "kyoto.itlab.ee",
      "type": "A",
      "options": {
        "ttl": 60
      },
      "value": "140.116.164.155",
      "last_seen": "2025-10-29T14:48:32.705000"
    },
    {
      "subdomain": "lab-bulletin.lab.dps",
      "type": "A",
      "options": {
        "ttl": 300
      },
      "value": "142.171.124.163",
      "last_seen": "2025-10-29T14:48:32.936000"
    },
    {
      "subdomain": "lab.dps",
      "type": "A",
      "options": {
        "ttl": 300
      },
      "value": "127.0.0.1",
      "last_seen": "2025-10-29T14:48:33.493000"
    },
    {
      "subdomain": "lab.es",
      "type": "A",
      "options": {
        "ttl": 21600
      },
      "value": "140.116.78.111",
      "last_seen": "2025-10-29T14:48:32.466000"
    },
    {
      "subdomain": "lagrange.ee",
      "type": "A",
      "options": {
        "ttl": 60
      },
      "value": "140.116.216.117",
      "last_seen": "2025-10-29T14:48:32.419000"
    },
    {
      "subdomain": "law",
      "type": "A",
      "options": {
        "ttl": 86400
      },
      "value": "140.116.182.159",
      "last_seen": "2025-10-29T14:48:33.286000"
    },
    {
      "subdomain": "lawreview.law",
      "type": "A",
      "options": {
        "ttl": 21600
      },
      "value": "103.17.9.244",
      "last_seen": "2025-10-29T14:48:33.071000"
    },
    {
      "subdomain": "lboe.imba",
      "type": "A",
      "options": {
        "ttl": 21600
      },
      "value": "140.116.206.221",
      "last_seen": "2025-10-29T14:48:34.025000"
    },
    {
      "subdomain": "lc.flld",
      "type": "A",
      "options": {
        "ttl": 21600
      },
      "value": "140.116.12.46",
      "last_seen": "2025-10-29T14:48:32.988000"
    },
    {
      "subdomain": "lcaplastic.researchvismap",
      "type": "A",
      "options": {
        "ttl": 21600
      },
      "value": "140.116.249.46",
      "last_seen": "2025-10-29T14:48:33.032000"
    },
    {
      "subdomain": "ldap.aislab.ee",
      "type": "A",
      "options": {
        "ttl": 21600
      },
      "value": "140.116.178.170",
      "last_seen": "2025-10-29T14:48:33.497000"
    },
    {
      "subdomain": "ldap.course.aislab.ee",
      "type": "A",
      "options": {
        "ttl": 21600
      },
      "value": "140.116.178.171",
      "last_seen": "2025-10-29T14:48:32.936000"
    },
    {
      "subdomain": "ldap.test.course.aislab.ee",
      "type": "A",
      "options": {
        "ttl": 21600
      },
      "value": "140.116.178.171",
      "last_seen": "2025-10-29T14:48:33.507000"
    },
    {
      "subdomain": "lee1.ee",
      "type": "A",
      "options": {
        "ttl": 60
      },
      "value": "140.116.156.103",
      "last_seen": "2025-10-29T14:48:32.537000"
    },
    {
      "subdomain": "lee2.ee",
      "type": "A",
      "options": {
        "ttl": 60
      },
      "value": "140.116.156.104",
      "last_seen": "2025-10-29T14:48:33.948000"
    },
    {
      "subdomain": "lens.csie",
      "type": "A",
      "options": {
        "ttl": 21599
      },
      "value": "140.116.245.205",
      "last_seen": "2025-10-29T14:48:33.509000"
    },
    {
      "subdomain": "lib",
      "type": "A",
      "options": {
        "ttl": 60
      },
      "value": "140.116.241.66",
      "last_seen": "2025-10-29T14:48:32.465000"
    },
    {
      "subdomain": "libapp.lib",
      "type": "A",
      "options": {
        "ttl": 60
      },
      "value": "140.116.207.92",
      "last_seen": "2025-10-29T14:48:32.859000"
    },
    {
      "subdomain": "library.math",
      "type": "A",
      "options": {
        "ttl": 21600
      },
      "value": "140.116.21.9",
      "last_seen": "2025-10-29T14:48:32.703000"
    },
    {
      "subdomain": "librenms.csie",
      "type": "A",
      "options": {
        "ttl": 3600
      },
      "value": "140.116.246.6",
      "last_seen": "2025-10-29T14:48:32.893000"
    },
    {
      "subdomain": "lidar2026.geomatics",
      "type": "A",
      "options": {
        "ttl": 3600
      },
      "value": "140.116.47.91",
      "last_seen": "2025-10-29T14:48:32.805000"
    },
    {
      "subdomain": "lidarws2025.geomatics",
      "type": "A",
      "options": {
        "ttl": 3600
      },
      "value": "140.116.47.91",
      "last_seen": "2025-10-29T14:48:32.508000"
    },
    {
      "subdomain": "light.phys",
      "type": "A",
      "options": {
        "ttl": 86400
      },
      "value": "140.116.91.87",
      "last_seen": "2025-10-29T14:48:32.908000"
    },
    {
      "subdomain": "lime.ee",
      "type": "A",
      "options": {
        "ttl": 60
      },
      "value": "140.116.72.59",
      "last_seen": "2025-10-29T14:48:33.594000"
    },
    {
      "subdomain": "lin.vp",
      "type": "A",
      "options": {
        "ttl": 21600
      },
      "value": "140.116.248.21",
      "last_seen": "2025-10-29T14:48:33.411000"
    },
    {
      "subdomain": "linen.ee",
      "type": "A",
      "options": {
        "ttl": 60
      },
      "value": "140.116.72.58",
      "last_seen": "2025-10-29T14:48:32.640000"
    },
    {
      "subdomain": "lingo.kclc",
      "type": "A",
      "options": {
        "ttl": 21600
      },
      "value": "140.116.249.33",
      "last_seen": "2025-10-29T14:48:33.745000"
    },
    {
      "subdomain": "linux.ev",
      "type": "A",
      "options": {
        "ttl": 21600
      },
      "value": "140.116.44.180",
      "last_seen": "2025-10-29T14:48:33.593000"
    },
    {
      "subdomain": "lipidsandalzheimerdisease.researchvismap",
      "type": "A",
      "options": {
        "ttl": 21600
      },
      "value": "140.116.249.46",
      "last_seen": "2025-10-29T14:48:33.029000"
    },
    {
      "subdomain": "liszt.ee",
      "type": "A",
      "options": {
        "ttl": 60
      },
      "value": "140.116.72.148",
      "last_seen": "2025-10-29T14:48:34.026000"
    },
    {
      "subdomain": "live.nlearning",
      "type": "A",
      "options": {
        "ttl": 21600
      },
      "value": "140.116.203.36",
      "last_seen": "2025-10-29T14:48:32.733000"
    },
    {
      "subdomain": "liveabc.lib",
      "type": "A",
      "options": {
        "ttl": 60
      },
      "value": "140.116.207.64",
      "last_seen": "2025-10-29T14:48:33.631000"
    },
    {
      "subdomain": "lldap.course.aislab.ee",
      "type": "A",
      "options": {
        "ttl": 21600
      },
      "value": "140.116.178.171",
      "last_seen": "2025-10-29T14:48:32.832000"
    },
    {
      "subdomain": "lmnn.mse",
      "type": "A",
      "options": {
        "ttl": 21600
      },
      "value": "140.116.87.241",
      "last_seen": "2025-10-29T14:48:32.654000"
    },
    {
      "subdomain": "loc.geomatics",
      "type": "A",
      "options": {
        "ttl": 3600
      },
      "value": "140.116.80.1",
      "last_seen": "2025-10-29T14:48:32.976000"
    },
    {
      "subdomain": "loge2.hyd",
      "type": "A",
      "options": {
        "ttl": 21600
      },
      "value": "140.116.77.93",
      "last_seen": "2025-10-29T14:48:32.972000"
    },
    {
      "subdomain": "login.er.lib",
      "type": "A",
      "options": {
        "ttl": 60
      },
      "value": "140.116.207.93",
      "last_seen": "2025-10-29T14:48:33.970000"
    },
    {
      "subdomain": "lorenz.ee",
      "type": "A",
      "options": {
        "ttl": 60
      },
      "value": "140.116.92.143",
      "last_seen": "2025-10-29T14:48:32.415000"
    },
    {
      "subdomain": "lrc.med",
      "type": "A",
      "options": {
        "ttl": 21600
      },
      "value": "140.116.60.134",
      "last_seen": "2025-10-29T14:48:33.480000"
    },
    {
      "subdomain": "lsprc",
      "type": "A",
      "options": {
        "ttl": 3600
      },
      "value": "140.116.185.136",
      "last_seen": "2025-10-29T14:48:33.507000"
    },
    {
      "subdomain": "m.lib",
      "type": "A",
      "options": {
        "ttl": 60
      },
      "value": "140.116.207.15",
      "last_seen": "2025-10-29T14:48:33.725000"
    },
    {
      "subdomain": "macd.geomatics",
      "type": "A",
      "options": {
        "ttl": 3600
      },
      "value": "140.116.80.1",
      "last_seen": "2025-10-29T14:48:33.636000"
    },
    {
      "subdomain": "machineshop",
      "type": "A",
      "options": {
        "ttl": 21600
      },
      "value": "140.116.248.21",
      "last_seen": "2025-10-29T14:48:33.104000"
    },
    {
      "subdomain": "magenta.ee",
      "type": "A",
      "options": {
        "ttl": 60
      },
      "value": "140.116.72.185",
      "last_seen": "2025-10-29T14:48:32.432000"
    },
    {
      "subdomain": "magiclab.geomatics",
      "type": "A",
      "options": {
        "ttl": 3600
      },
      "value": "140.116.47.91",
      "last_seen": "2025-10-29T14:48:32.580000"
    },
    {
      "subdomain": "mai.ee",
      "type": "A",
      "options": {
        "ttl": 60
      },
      "value": "140.116.177.225",
      "last_seen": "2025-10-29T14:48:33.730000"
    },
    {
      "subdomain": "mail",
      "type": "A",
      "options": {
        "ttl": 86400
      },
      "value": "140.116.229.1",
      "last_seen": "2025-10-29T14:48:32.845000"
    },
    {
      "subdomain": "mail.acc",
      "type": "A",
      "options": {
        "ttl": 21600
      },
      "value": "140.116.51.206",
      "last_seen": "2025-10-29T14:48:32.693000"
    },
    {
      "subdomain": "mail.course.aislab.ee",
      "type": "A",
      "options": {
        "ttl": 21600
      },
      "value": "140.116.178.171",
      "last_seen": "2025-10-29T14:48:32.895000"
    },
    {
      "subdomain": "mail.csie",
      "type": "A",
      "options": {
        "ttl": 3600
      },
      "value": "140.116.246.204",
      "last_seen": "2025-10-29T14:48:32.699000"
    },
    {
      "subdomain": "mail.ee",
      "type": "A",
      "options": {
        "ttl": 60
      },
      "value": "140.116.249.44",
      "last_seen": "2025-10-29T14:48:32.551000"
    },
    {
      "subdomain": "mail.geodac",
      "type": "A",
      "options": {
        "ttl": 21600
      },
      "value": "140.116.249.139",
      "last_seen": "2025-10-29T14:48:32.970000"
    },
    {
      "subdomain": "mail.geomatics",
      "type": "A",
      "options": {
        "ttl": 3600
      },
      "value": "140.116.80.1",
      "last_seen": "2025-10-29T14:48:32.577000"
    },
    {
      "subdomain": "mail.grad",
      "type": "A",
      "options": {
        "ttl": 21600
      },
      "value": "140.116.238.202",
      "last_seen": "2025-10-29T14:48:32.805000"
    },
    {
      "subdomain": "mail.hosp",
      "type": "A",
      "options": {
        "ttl": 3600
      },
      "value": "140.116.59.233",
      "last_seen": "2025-10-29T14:48:32.628000"
    },
    {
      "subdomain": "mail.hyd",
      "type": "A",
      "options": {
        "ttl": 21600
      },
      "value": "140.116.77.18",
      "last_seen": "2025-10-29T14:48:33.414000"
    },
    {
      "subdomain": "mail.ime",
      "type": "A",
      "options": {
        "ttl": 86400
      },
      "value": "140.116.86.7",
      "last_seen": "2025-10-29T14:48:32.672000"
    },
    {
      "subdomain": "mail.mse",
      "type": "A",
      "options": {
        "ttl": 21600
      },
      "value": "140.116.35.25",
      "last_seen": "2025-10-29T14:48:32.473000"
    },
    {
      "subdomain": "mail.thl",
      "type": "A",
      "options": {
        "ttl": 3600
      },
      "value": "140.116.217.104",
      "last_seen": "2025-10-29T14:48:33.251000"
    },
    {
      "subdomain": "mail02.thl",
      "type": "A",
      "options": {
        "ttl": 3600
      },
      "value": "140.116.217.105",
      "last_seen": "2025-10-29T14:48:33.003000"
    },
    {
      "subdomain": "mailbox.csie",
      "type": "A",
      "options": {
        "ttl": 3600
      },
      "value": "140.116.246.202",
      "last_seen": "2025-10-29T14:48:32.421000"
    },
    {
      "subdomain": "main-oga",
      "type": "A",
      "options": {
        "ttl": 20826
      },
      "value": "140.116.248.21",
      "last_seen": "2025-10-29T14:48:33.405000"
    },
    {
      "subdomain": "main.oga",
      "type": "A",
      "options": {
        "ttl": 21600
      },
      "value": "140.116.248.21",
      "last_seen": "2025-10-29T14:48:32.942000"
    },
    {
      "subdomain": "mal.netdb.csie",
      "type": "A",
      "options": {
        "ttl": 3600
      },
      "value": "140.116.247.125",
      "last_seen": "2025-10-29T14:48:33.963000"
    },
    {
      "subdomain": "manage-oga",
      "type": "A",
      "options": {
        "ttl": 21600
      },
      "value": "140.116.248.21",
      "last_seen": "2025-10-29T14:48:32.738000"
    },
    {
      "subdomain": "management",
      "type": "A",
      "options": {
        "ttl": 18857
      },
      "value": "140.116.248.21",
      "last_seen": "2025-10-29T14:48:32.809000"
    },
    {
      "subdomain": "management.oia",
      "type": "A",
      "options": {
        "ttl": 21600
      },
      "value": "140.116.249.187",
      "last_seen": "2025-10-29T14:48:33.298000"
    },
    {
      "subdomain": "managetext.oia",
      "type": "A",
      "options": {
        "ttl": 21600
      },
      "value": "140.116.249.187",
      "last_seen": "2025-10-29T14:48:32.698000"
    },
    {
      "subdomain": "mapd",
      "type": "A",
      "options": {
        "ttl": 21600
      },
      "value": "140.116.248.21",
      "last_seen": "2025-10-29T14:48:32.943000"
    },
    {
      "subdomain": "marangoni1.che",
      "type": "A",
      "options": {
        "ttl": 21600
      },
      "value": "140.116.33.191",
      "last_seen": "2025-10-29T14:48:33.417000"
    },
    {
      "subdomain": "marangoni3.che",
      "type": "A",
      "options": {
        "ttl": 21600
      },
      "value": "140.116.33.193",
      "last_seen": "2025-10-29T14:48:32.695000"
    },
    {
      "subdomain": "marangoni5.che",
      "type": "A",
      "options": {
        "ttl": 21600
      },
      "value": "140.116.33.195",
      "last_seen": "2025-10-29T14:48:32.946000"
    },
    {
      "subdomain": "maroon.ee",
      "type": "A",
      "options": {
        "ttl": 60
      },
      "value": "140.116.72.178",
      "last_seen": "2025-10-29T14:48:33.117000"
    },
    {
      "subdomain": "master-lppl.isaps",
      "type": "A",
      "options": {
        "ttl": 21600
      },
      "value": "140.115.31.200",
      "last_seen": "2025-10-29T14:48:32.512000"
    },
    {
      "subdomain": "material",
      "type": "A",
      "options": {
        "ttl": 21600
      },
      "value": "140.116.249.206",
      "last_seen": "2025-10-29T14:48:32.833000"
    },
    {
      "subdomain": "math",
      "type": "A",
      "options": {
        "ttl": 21600
      },
      "value": "140.116.248.21",
      "last_seen": "2025-10-29T14:48:33.416000"
    },
    {
      "subdomain": "math1.math",
      "type": "A",
      "options": {
        "ttl": 21600
      },
      "value": "140.116.21.1",
      "last_seen": "2025-10-29T14:48:32.944000"
    },
    {
      "subdomain": "matsu.up",
      "type": "A",
      "options": {
        "ttl": 21600
      },
      "value": "140.116.83.59",
      "last_seen": "2025-10-29T14:48:32.860000"
    },
    {
      "subdomain": "mattermost.aislab.ee",
      "type": "A",
      "options": {
        "ttl": 21600
      },
      "value": "140.116.178.170",
      "last_seen": "2025-10-29T14:48:33.077000"
    },
    {
      "subdomain": "mattermost.course.aislab.ee",
      "type": "A",
      "options": {
        "ttl": 21600
      },
      "value": "140.116.178.171",
      "last_seen": "2025-10-29T14:48:32.568000"
    },
    {
      "subdomain": "mattermost.test.course.aislab.ee",
      "type": "A",
      "options": {
        "ttl": 21600
      },
      "value": "140.116.178.171",
      "last_seen": "2025-10-29T14:48:33.452000"
    },
    {
      "subdomain": "mbox.csie",
      "type": "A",
      "options": {
        "ttl": 3600
      },
      "value": "140.116.246.202",
      "last_seen": "2025-10-29T14:48:33.367000"
    },
    {
      "subdomain": "mcert.credit.csie",
      "type": "A",
      "options": {
        "ttl": 3600
      },
      "value": "140.116.249.35",
      "last_seen": "2025-10-29T14:48:32.487000"
    },
    {
      "subdomain": "mclab02.ee",
      "type": "A",
      "options": {
        "ttl": 60
      },
      "value": "140.116.178.69",
      "last_seen": "2025-10-29T14:48:33.470000"
    },
    {
      "subdomain": "mclab02.ee",
      "type": "A",
      "options": {
        "ttl": 60
      },
      "value": "140.116.216.179",
      "last_seen": "2025-10-29T14:48:33.470000"
    },
    {
      "subdomain": "mclab04.ee",
      "type": "A",
      "options": {
        "ttl": 60
      },
      "value": "140.116.216.178",
      "last_seen": "2025-10-29T14:48:32.995000"
    },
    {
      "subdomain": "mclab09.ee",
      "type": "A",
      "options": {
        "ttl": 60
      },
      "value": "140.116.216.183",
      "last_seen": "2025-10-29T14:48:32.424000"
    },
    {
      "subdomain": "mcp-demo.netdb.csie",
      "type": "A",
      "options": {
        "ttl": 3600
      },
      "value": "140.116.247.125",
      "last_seen": "2025-10-29T14:48:32.807000"
    },
    {
      "subdomain": "mcsftp.ee",
      "type": "A",
      "options": {
        "ttl": 60
      },
      "value": "140.116.72.79",
      "last_seen": "2025-10-29T14:48:33.244000"
    },
    {
      "subdomain": "mcslab.ee",
      "type": "A",
      "options": {
        "ttl": 60
      },
      "value": "140.116.72.66",
      "last_seen": "2025-10-29T14:48:32.466000"
    },
    {
      "subdomain": "mcsprinter.ee",
      "type": "A",
      "options": {
        "ttl": 60
      },
      "value": "140.116.156.178",
      "last_seen": "2025-10-29T14:48:32.917000"
    },
    {
      "subdomain": "mcvalid.netdb.csie",
      "type": "A",
      "options": {
        "ttl": 3600
      },
      "value": "140.116.247.125",
      "last_seen": "2025-10-29T14:48:33.207000"
    },
    {
      "subdomain": "mdic",
      "type": "A",
      "options": {
        "ttl": 17982
      },
      "value": "124.150.132.72",
      "last_seen": "2025-10-29T14:48:32.367000"
    },
    {
      "subdomain": "me",
      "type": "A",
      "options": {
        "ttl": 18817
      },
      "value": "140.116.31.39",
      "last_seen": "2025-10-29T14:48:33.376000"
    },
    {
      "subdomain": "me-learning.hosp",
      "type": "A",
      "options": {
        "ttl": 3600
      },
      "value": "140.116.59.98",
      "last_seen": "2025-10-29T14:48:32.917000"
    },
    {
      "subdomain": "mecontrol1.ee",
      "type": "A",
      "options": {
        "ttl": 60
      },
      "value": "140.116.216.185",
      "last_seen": "2025-10-29T14:48:33.512000"
    },
    {
      "subdomain": "mecontrol2.ee",
      "type": "A",
      "options": {
        "ttl": 60
      },
      "value": "140.116.216.186",
      "last_seen": "2025-10-29T14:48:33.703000"
    },
    {
      "subdomain": "med",
      "type": "A",
      "options": {
        "ttl": 17136
      },
      "value": "140.116.241.66",
      "last_seen": "2025-10-29T14:48:32.845000"
    },
    {
      "subdomain": "mediacore.ee",
      "type": "A",
      "options": {
        "ttl": 60
      },
      "value": "140.116.92.181",
      "last_seen": "2025-10-29T14:48:32.545000"
    },
    {
      "subdomain": "mediacore190.ee",
      "type": "A",
      "options": {
        "ttl": 60
      },
      "value": "140.116.92.190",
      "last_seen": "2025-10-29T14:48:33.055000"
    },
    {
      "subdomain": "medicine",
      "type": "A",
      "options": {
        "ttl": 21600
      },
      "value": "140.116.248.21",
      "last_seen": "2025-10-29T14:48:33.019000"
    },
    {
      "subdomain": "medlib.lib",
      "type": "A",
      "options": {
        "ttl": 60
      },
      "value": "140.116.207.41",
      "last_seen": "2025-10-29T14:48:33.427000"
    },
    {
      "subdomain": "medvis.csie",
      "type": "A",
      "options": {
        "ttl": 3600
      },
      "value": "140.116.247.116",
      "last_seen": "2025-10-29T14:48:32.788000"
    },
    {
      "subdomain": "member.nlearning",
      "type": "A",
      "options": {
        "ttl": 21600
      },
      "value": "140.116.167.69",
      "last_seen": "2025-10-29T14:48:32.953000"
    },
    {
      "subdomain": "mems.ee",
      "type": "A",
      "options": {
        "ttl": 60
      },
      "value": "140.116.177.190",
      "last_seen": "2025-10-29T14:48:32.915000"
    },
    {
      "subdomain": "mental-rag.netdb.csie",
      "type": "A",
      "options": {
        "ttl": 3600
      },
      "value": "140.116.247.125",
      "last_seen": "2025-10-29T14:48:33.454000"
    },
    {
      "subdomain": "mentaldisorder.researchvismap",
      "type": "A",
      "options": {
        "ttl": 21600
      },
      "value": "140.116.249.46",
      "last_seen": "2025-10-29T14:48:32.697000"
    },
    {
      "subdomain": "merry.ee",
      "type": "A",
      "options": {
        "ttl": 60
      },
      "value": "140.116.72.102",
      "last_seen": "2025-10-29T14:48:33.576000"
    },
    {
      "subdomain": "metasearch.lib",
      "type": "A",
      "options": {
        "ttl": 60
      },
      "value": "140.116.207.13",
      "last_seen": "2025-10-29T14:48:33.177000"
    },
    {
      "subdomain": "mhealth.csie",
      "type": "A",
      "options": {
        "ttl": 3600
      },
      "value": "140.116.247.183",
      "last_seen": "2025-10-29T14:48:32.886000"
    },
    {
      "subdomain": "mhmc-bd.csie",
      "type": "A",
      "options": {
        "ttl": 3600
      },
      "value": "140.116.82.102",
      "last_seen": "2025-10-29T14:48:32.886000"
    },
    {
      "subdomain": "mhmc.csie",
      "type": "A",
      "options": {
        "ttl": 3600
      },
      "value": "140.116.82.111",
      "last_seen": "2025-10-29T14:48:33.398000"
    },
    {
      "subdomain": "mhmcbd.csie",
      "type": "A",
      "options": {
        "ttl": 3600
      },
      "value": "140.116.82.101",
      "last_seen": "2025-10-29T14:48:33.422000"
    },
    {
      "subdomain": "miaopu.collegex",
      "type": "A",
      "options": {
        "ttl": 21600
      },
      "value": "140.116.203.53",
      "last_seen": "2025-10-29T14:48:33.165000"
    },
    {
      "subdomain": "micimmun",
      "type": "A",
      "options": {
        "ttl": 21600
      },
      "value": "140.116.248.21",
      "last_seen": "2025-10-29T14:48:32.614000"
    },
    {
      "subdomain": "microrpm.itps",
      "type": "A",
      "options": {
        "ttl": 21600
      },
      "value": "140.116.56.82",
      "last_seen": "2025-10-29T14:48:32.961000"
    },
    {
      "subdomain": "miinstore",
      "type": "A",
      "options": {
        "ttl": 21600
      },
      "value": "140.116.58.163",
      "last_seen": "2025-10-29T14:48:32.539000"
    },
    {
      "subdomain": "mil2.hyd",
      "type": "A",
      "options": {
        "ttl": 21600
      },
      "value": "140.116.77.21",
      "last_seen": "2025-10-29T14:48:33.335000"
    },
    {
      "subdomain": "military-osa",
      "type": "A",
      "options": {
        "ttl": 86400
      },
      "value": "140.116.248.21",
      "last_seen": "2025-10-29T14:48:33.360000"
    },
    {
      "subdomain": "military.osa",
      "type": "A",
      "options": {
        "ttl": 21600
      },
      "value": "140.116.248.21",
      "last_seen": "2025-10-29T14:48:32.539000"
    },
    {
      "subdomain": "minbox.sem.dps",
      "type": "A",
      "options": {
        "ttl": 300
      },
      "value": "140.116.205.193",
      "last_seen": "2025-10-29T14:48:32.613000"
    },
    {
      "subdomain": "minlab.earth",
      "type": "A",
      "options": {
        "ttl": 21600
      },
      "value": "140.116.24.41",
      "last_seen": "2025-10-29T14:48:32.544000"
    },
    {
      "subdomain": "mirac.ee",
      "type": "A",
      "options": {
        "ttl": 60
      },
      "value": "140.116.216.55",
      "last_seen": "2025-10-29T14:48:33.897000"
    },
    {
      "subdomain": "mirac13.ee",
      "type": "A",
      "options": {
        "ttl": 60
      },
      "value": "140.116.72.20",
      "last_seen": "2025-10-29T14:48:33.290000"
    },
    {
      "subdomain": "miracc.ee",
      "type": "A",
      "options": {
        "ttl": 60
      },
      "value": "140.116.216.44",
      "last_seen": "2025-10-29T14:48:32.870000"
    },
    {
      "subdomain": "miraccc.ee",
      "type": "A",
      "options": {
        "ttl": 60
      },
      "value": "140.116.72.30",
      "last_seen": "2025-10-29T14:48:32.857000"
    },
    {
      "subdomain": "miractest.ee",
      "type": "A",
      "options": {
        "ttl": 60
      },
      "value": "140.116.177.47",
      "last_seen": "2025-10-29T14:48:33.424000"
    },
    {
      "subdomain": "mirnalmad.researchvismap",
      "type": "A",
      "options": {
        "ttl": 21600
      },
      "value": "140.116.249.46",
      "last_seen": "2025-10-29T14:48:33.159000"
    },
    {
      "subdomain": "mis.dprc",
      "type": "A",
      "options": {
        "ttl": 21600
      },
      "value": "140.116.77.35",
      "last_seen": "2025-10-29T14:48:32.981000"
    },
    {
      "subdomain": "mis.epsh",
      "type": "A",
      "options": {
        "ttl": 21600
      },
      "value": "140.116.248.28",
      "last_seen": "2025-10-29T14:48:33.424000"
    },
    {
      "subdomain": "mitralvalve.researchvismap",
      "type": "A",
      "options": {
        "ttl": 21600
      },
      "value": "140.116.249.46",
      "last_seen": "2025-10-29T14:48:33.502000"
    },
    {
      "subdomain": "mjcheng.ch",
      "type": "A",
      "options": {
        "ttl": 3600
      },
      "value": "23.236.62.147",
      "last_seen": "2025-10-29T14:48:32.752000"
    },
    {
      "subdomain": "mlearning.nursing",
      "type": "A",
      "options": {
        "ttl": 21600
      },
      "value": "140.116.249.131",
      "last_seen": "2025-10-29T14:48:33.737000"
    },
    {
      "subdomain": "mmc",
      "type": "A",
      "options": {
        "ttl": 21148
      },
      "value": "140.116.249.156",
      "last_seen": "2025-10-29T14:48:32.614000"
    },
    {
      "subdomain": "mmcv.csie",
      "type": "A",
      "options": {
        "ttl": 3557
      },
      "value": "140.116.82.12",
      "last_seen": "2025-10-29T14:48:32.902000"
    },
    {
      "subdomain": "mmnetlab.csie",
      "type": "A",
      "options": {
        "ttl": 3600
      },
      "value": "140.116.82.131",
      "last_seen": "2025-10-29T14:48:33.356000"
    },
    {
      "subdomain": "mms2",
      "type": "A",
      "options": {
        "ttl": 21600
      },
      "value": "140.116.249.83",
      "last_seen": "2025-10-29T14:48:32.732000"
    },
    {
      "subdomain": "mobileassistedoralcommunication.researchvismap",
      "type": "A",
      "options": {
        "ttl": 21600
      },
      "value": "140.116.249.46",
      "last_seen": "2025-10-29T14:48:32.807000"
    },
    {
      "subdomain": "mobileassistedreadingdevelopment.researchvismap",
      "type": "A",
      "options": {
        "ttl": 15759
      },
      "value": "140.116.249.46",
      "last_seen": "2025-10-29T14:48:32.614000"
    },
    {
      "subdomain": "modular-course.cge",
      "type": "A",
      "options": {
        "ttl": 21600
      },
      "value": "140.116.218.123",
      "last_seen": "2025-10-29T14:48:33.306000"
    },
    {
      "subdomain": "modular-course.science",
      "type": "A",
      "options": {
        "ttl": 19339
      },
      "value": "140.116.218.123",
      "last_seen": "2025-10-29T14:48:32.507000"
    },
    {
      "subdomain": "moeas.ee",
      "type": "A",
      "options": {
        "ttl": 60
      },
      "value": "140.116.72.27",
      "last_seen": "2025-10-29T14:48:33.646000"
    },
    {
      "subdomain": "moelectricchemicalsensor.researchvismap",
      "type": "A",
      "options": {
        "ttl": 21600
      },
      "value": "140.116.249.46",
      "last_seen": "2025-10-29T14:48:33.541000"
    },
    {
      "subdomain": "moetest.ee",
      "type": "A",
      "options": {
        "ttl": 60
      },
      "value": "140.116.72.24",
      "last_seen": "2025-10-29T14:48:33.264000"
    },
    {
      "subdomain": "moodle",
      "type": "A",
      "options": {
        "ttl": 61732
      },
      "value": "140.116.249.68",
      "last_seen": "2025-10-29T14:48:32.338000"
    },
    {
      "subdomain": "moodle.kclc",
      "type": "A",
      "options": {
        "ttl": 20937
      },
      "value": "140.116.249.34",
      "last_seen": "2025-10-29T14:48:32.376000"
    },
    {
      "subdomain": "moodle.nlearning",
      "type": "A",
      "options": {
        "ttl": 16176
      },
      "value": "140.116.167.68",
      "last_seen": "2025-10-29T14:48:32.501000"
    },
    {
      "subdomain": "moodsensing-ai.csie",
      "type": "A",
      "options": {
        "ttl": 3600
      },
      "value": "140.116.82.118",
      "last_seen": "2025-10-29T14:48:33.345000"
    },
    {
      "subdomain": "moodsensing-app.csie",
      "type": "A",
      "options": {
        "ttl": 3600
      },
      "value": "140.116.249.180",
      "last_seen": "2025-10-29T14:48:33.010000"
    },
    {
      "subdomain": "moodsensing-student.csie",
      "type": "A",
      "options": {
        "ttl": 3600
      },
      "value": "140.116.249.100",
      "last_seen": "2025-10-29T14:48:32.933000"
    },
    {
      "subdomain": "moonstone.math",
      "type": "A",
      "options": {
        "ttl": 21600
      },
      "value": "140.116.21.154",
      "last_seen": "2025-10-29T14:48:33.095000"
    },
    {
      "subdomain": "mosquitokiller.csie",
      "type": "A",
      "options": {
        "ttl": 3600
      },
      "value": "140.116.249.228",
      "last_seen": "2025-10-29T14:48:32.693000"
    },
    {
      "subdomain": "motionlab.bme",
      "type": "A",
      "options": {
        "ttl": 21600
      },
      "value": "103.1.220.21",
      "last_seen": "2025-10-29T14:48:32.822000"
    },
    {
      "subdomain": "motomo.ee",
      "type": "A",
      "options": {
        "ttl": 60
      },
      "value": "140.116.164.242",
      "last_seen": "2025-10-29T14:48:32.510000"
    },
    {
      "subdomain": "mp",
      "type": "A",
      "options": {
        "ttl": 17627
      },
      "value": "139.162.127.115",
      "last_seen": "2025-10-29T14:48:32.697000"
    },
    {
      "subdomain": "mse",
      "type": "A",
      "options": {
        "ttl": 21600
      },
      "value": "59.125.33.11",
      "last_seen": "2025-10-29T14:48:32.967000"
    },
    {
      "subdomain": "msic.ee",
      "type": "A",
      "options": {
        "ttl": 60
      },
      "value": "140.116.156.131",
      "last_seen": "2025-10-29T14:48:32.856000"
    },
    {
      "subdomain": "msicp1.ee",
      "type": "A",
      "options": {
        "ttl": 60
      },
      "value": "140.116.216.234",
      "last_seen": "2025-10-29T14:48:33.023000"
    },
    {
      "subdomain": "msicp2.ee",
      "type": "A",
      "options": {
        "ttl": 60
      },
      "value": "140.116.216.235",
      "last_seen": "2025-10-29T14:48:33.645000"
    },
    {
      "subdomain": "msicp3.ee",
      "type": "A",
      "options": {
        "ttl": 60
      },
      "value": "140.116.216.236",
      "last_seen": "2025-10-29T14:48:32.963000"
    },
    {
      "subdomain": "msoc1.ee",
      "type": "A",
      "options": {
        "ttl": 60
      },
      "value": "140.116.216.113",
      "last_seen": "2025-10-29T14:48:32.959000"
    },
    {
      "subdomain": "mss",
      "type": "A",
      "options": {
        "ttl": 21600
      },
      "value": "140.116.248.21",
      "last_seen": "2025-10-29T14:48:32.512000"
    },
    {
      "subdomain": "mt",
      "type": "A",
      "options": {
        "ttl": 86400
      },
      "value": "140.116.248.21",
      "last_seen": "2025-10-29T14:48:33.978000"
    },
    {
      "subdomain": "mulink1.ee",
      "type": "A",
      "options": {
        "ttl": 60
      },
      "value": "140.116.72.65",
      "last_seen": "2025-10-29T14:48:32.866000"
    },
    {
      "subdomain": "multicourse.binfo",
      "type": "A",
      "options": {
        "ttl": 21600
      },
      "value": "140.116.56.160",
      "last_seen": "2025-10-29T14:48:33.117000"
    },
    {
      "subdomain": "muse.csie",
      "type": "A",
      "options": {
        "ttl": 3600
      },
      "value": "140.116.247.185",
      "last_seen": "2025-10-29T14:48:32.565000"
    },
    {
      "subdomain": "museum",
      "type": "A",
      "options": {
        "ttl": 21600
      },
      "value": "140.116.249.48",
      "last_seen": "2025-10-29T14:48:32.916000"
    },
    {
      "subdomain": "mussorgsky.ee",
      "type": "A",
      "options": {
        "ttl": 60
      },
      "value": "140.116.72.153",
      "last_seen": "2025-10-29T14:48:33.430000"
    },
    {
      "subdomain": "myapp",
      "type": "A",
      "options": {
        "ttl": 21600
      },
      "value": "140.116.28.30",
      "last_seen": "2025-10-29T14:48:32.971000"
    },
    {
      "subdomain": "mybox",
      "type": "A",
      "options": {
        "ttl": 19838
      },
      "value": "140.116.249.242",
      "last_seen": "2025-10-29T14:48:32.697000"
    },
    {
      "subdomain": "myboxact.cc",
      "type": "A",
      "options": {
        "ttl": 21600
      },
      "value": "140.116.249.241",
      "last_seen": "2025-10-29T14:48:33.394000"
    },
    {
      "subdomain": "myidp",
      "type": "A",
      "options": {
        "ttl": 21600
      },
      "value": "140.116.249.161",
      "last_seen": "2025-10-29T14:48:32.637000"
    },
    {
      "subdomain": "myswimdiary.sportslab",
      "type": "A",
      "options": {
        "ttl": 21600
      },
      "value": "140.116.206.178",
      "last_seen": "2025-10-29T14:48:33.157000"
    },
    {
      "subdomain": "mytube",
      "type": "A",
      "options": {
        "ttl": 21600
      },
      "value": "140.116.249.153",
      "last_seen": "2025-10-29T14:48:33.319000"
    },
    {
      "subdomain": "n8n.aislab.ee",
      "type": "A",
      "options": {
        "ttl": 21600
      },
      "value": "140.116.178.170",
      "last_seen": "2025-10-29T14:48:33.028000"
    },
    {
      "subdomain": "n8n.course.aislab.ee",
      "type": "A",
      "options": {
        "ttl": 21600
      },
      "value": "140.116.178.171",
      "last_seen": "2025-10-29T14:48:34.020000"
    },
    {
      "subdomain": "n8n.test.course.aislab.ee",
      "type": "A",
      "options": {
        "ttl": 21600
      },
      "value": "140.116.178.171",
      "last_seen": "2025-10-29T14:48:32.733000"
    },
    {
      "subdomain": "naadsvip.phone",
      "type": "A",
      "options": {
        "ttl": 21600
      },
      "value": "211.23.249.227",
      "last_seen": "2025-10-29T14:48:34.025000"
    },
    {
      "subdomain": "nano",
      "type": "A",
      "options": {
        "ttl": 21600
      },
      "value": "140.116.249.159",
      "last_seen": "2025-10-29T14:48:32.743000"
    },
    {
      "subdomain": "nano.dps",
      "type": "A",
      "options": {
        "ttl": 21600
      },
      "value": "140.116.205.157",
      "last_seen": "2025-10-29T14:48:33.305000"
    },
    {
      "subdomain": "nano.phys",
      "type": "A",
      "options": {
        "ttl": 21600
      },
      "value": "199.34.228.78",
      "last_seen": "2025-10-29T14:48:33.012000"
    },
    {
      "subdomain": "nanocomp.me",
      "type": "A",
      "options": {
        "ttl": 21600
      },
      "value": "140.116.31.35",
      "last_seen": "2025-10-29T14:48:33.108000"
    },
    {
      "subdomain": "nas.collegex",
      "type": "A",
      "options": {
        "ttl": 21600
      },
      "value": "140.116.203.53",
      "last_seen": "2025-10-29T14:48:32.599000"
    },
    {
      "subdomain": "nas.netdb.csie",
      "type": "A",
      "options": {
        "ttl": 3600
      },
      "value": "140.116.247.125",
      "last_seen": "2025-10-29T14:48:32.642000"
    },
    {
      "subdomain": "nas51.cce",
      "type": "A",
      "options": {
        "ttl": 21600
      },
      "value": "140.116.167.76",
      "last_seen": "2025-10-29T14:48:33.433000"
    },
    {
      "subdomain": "nature.ee",
      "type": "A",
      "options": {
        "ttl": 60
      },
      "value": "140.116.72.173",
      "last_seen": "2025-10-29T14:48:33.118000"
    },
    {
      "subdomain": "naucreg1.phone",
      "type": "A",
      "options": {
        "ttl": 21600
      },
      "value": "211.23.249.227",
      "last_seen": "2025-10-29T14:48:33.308000"
    },
    {
      "subdomain": "naucreg2.phone",
      "type": "A",
      "options": {
        "ttl": 21600
      },
      "value": "61.221.202.191",
      "last_seen": "2025-10-29T14:48:33.547000"
    },
    {
      "subdomain": "nautoconf.phone",
      "type": "A",
      "options": {
        "ttl": 21600
      },
      "value": "211.23.249.227",
      "last_seen": "2025-10-29T14:48:33.226000"
    },
    {
      "subdomain": "navayafile.phone",
      "type": "A",
      "options": {
        "ttl": 21600
      },
      "value": "211.23.249.227",
      "last_seen": "2025-10-29T14:48:33.033000"
    },
    {
      "subdomain": "ncbci.csie",
      "type": "A",
      "options": {
        "ttl": 3600
      },
      "value": "140.116.245.45",
      "last_seen": "2025-10-29T14:48:32.963000"
    },
    {
      "subdomain": "ncbcilab.csie",
      "type": "A",
      "options": {
        "ttl": 3600
      },
      "value": "140.116.245.44",
      "last_seen": "2025-10-29T14:48:32.965000"
    },
    {
      "subdomain": "nckuairpollution.csie",
      "type": "A",
      "options": {
        "ttl": 3600
      },
      "value": "140.116.82.93",
      "last_seen": "2025-10-29T14:48:33.950000"
    },
    {
      "subdomain": "nckubikefestival",
      "type": "A",
      "options": {
        "ttl": 21600
      },
      "value": "140.116.154.66",
      "last_seen": "2025-10-29T14:48:32.448000"
    },
    {
      "subdomain": "nckuca",
      "type": "A",
      "options": {
        "ttl": 21600
      },
      "value": "140.116.250.205",
      "last_seen": "2025-10-29T14:48:32.846000"
    },
    {
      "subdomain": "nckudisectts.bme",
      "type": "A",
      "options": {
        "ttl": 21600
      },
      "value": "203.145.220.194",
      "last_seen": "2025-10-29T14:48:32.637000"
    },
    {
      "subdomain": "nckudss.osp",
      "type": "A",
      "options": {
        "ttl": 21600
      },
      "value": "140.116.239.235",
      "last_seen": "2025-10-29T14:48:32.914000"
    },
    {
      "subdomain": "nckudss.ossd",
      "type": "A",
      "options": {
        "ttl": 21600
      },
      "value": "140.116.239.235",
      "last_seen": "2025-10-29T14:48:32.647000"
    },
    {
      "subdomain": "nckuhevtts.bme",
      "type": "A",
      "options": {
        "ttl": 300
      },
      "value": "103.123.243.33",
      "last_seen": "2025-10-29T14:48:34.068000"
    },
    {
      "subdomain": "nckuhirb.hosp",
      "type": "A",
      "options": {
        "ttl": 3600
      },
      "value": "120.114.241.105",
      "last_seen": "2025-10-29T14:48:33.594000"
    },
    {
      "subdomain": "nckuhkiosk.hosp",
      "type": "A",
      "options": {
        "ttl": 3600
      },
      "value": "140.116.59.70",
      "last_seen": "2025-10-29T14:48:32.679000"
    },
    {
      "subdomain": "nckumoocs",
      "type": "A",
      "options": {
        "ttl": 19910
      },
      "value": "140.116.218.13",
      "last_seen": "2025-10-29T14:48:32.358000"
    },
    {
      "subdomain": "nckupass.ctld",
      "type": "A",
      "options": {
        "ttl": 21600
      },
      "value": "140.116.249.243",
      "last_seen": "2025-10-29T14:48:32.555000"
    },
    {
      "subdomain": "nckupharmacy.hosp",
      "type": "A",
      "options": {
        "ttl": 3600
      },
      "value": "140.116.253.135",
      "last_seen": "2025-10-29T14:48:33.488000"
    },
    {
      "subdomain": "nckur.lib",
      "type": "A",
      "options": {
        "ttl": 60
      },
      "value": "140.116.207.17",
      "last_seen": "2025-10-29T14:48:32.875000"
    },
    {
      "subdomain": "nckusec",
      "type": "A",
      "options": {
        "ttl": 86400
      },
      "value": "35.201.181.140",
      "last_seen": "2025-10-29T14:48:33.021000"
    },
    {
      "subdomain": "nckusr2",
      "type": "A",
      "options": {
        "ttl": 21600
      },
      "value": "140.116.6.43",
      "last_seen": "2025-10-29T14:48:33.860000"
    },
    {
      "subdomain": "nckutcmnowadays.tcm",
      "type": "A",
      "options": {
        "ttl": 21600
      },
      "value": "140.116.97.20",
      "last_seen": "2025-10-29T14:48:33.048000"
    },
    {
      "subdomain": "nckutree",
      "type": "A",
      "options": {
        "ttl": 21600
      },
      "value": "140.116.237.145",
      "last_seen": "2025-10-29T14:48:33.498000"
    },
    {
      "subdomain": "nclab.me",
      "type": "A",
      "options": {
        "ttl": 21600
      },
      "value": "140.116.155.190",
      "last_seen": "2025-10-29T14:48:34.020000"
    },
    {
      "subdomain": "ncts",
      "type": "A",
      "options": {
        "ttl": 21600
      },
      "value": "140.116.46.87",
      "last_seen": "2025-10-29T14:48:32.983000"
    },
    {
      "subdomain": "nd.hosp",
      "type": "A",
      "options": {
        "ttl": 3600
      },
      "value": "120.114.241.134",
      "last_seen": "2025-10-29T14:48:33.089000"
    },
    {
      "subdomain": "nde1.ee",
      "type": "A",
      "options": {
        "ttl": 60
      },
      "value": "140.116.177.237",
      "last_seen": "2025-10-29T14:48:33.725000"
    },
    {
      "subdomain": "nde11.ee",
      "type": "A",
      "options": {
        "ttl": 60
      },
      "value": "140.116.177.245",
      "last_seen": "2025-10-29T14:48:32.736000"
    },
    {
      "subdomain": "nde28.ee",
      "type": "A",
      "options": {
        "ttl": 60
      },
      "value": "140.116.177.249",
      "last_seen": "2025-10-29T14:48:33.493000"
    },
    {
      "subdomain": "ndmat.hosp",
      "type": "A",
      "options": {
        "ttl": 3600
      },
      "value": "103.129.178.190",
      "last_seen": "2025-10-29T14:48:32.973000"
    },
    {
      "subdomain": "neat.csie",
      "type": "A",
      "options": {
        "ttl": 3600
      },
      "value": "140.116.245.210",
      "last_seen": "2025-10-29T14:48:32.508000"
    },
    {
      "subdomain": "netdb.csie",
      "type": "A",
      "options": {
        "ttl": 3600
      },
      "value": "140.116.247.125",
      "last_seen": "2025-10-29T14:48:32.723000"
    },
    {
      "subdomain": "neuro-med",
      "type": "A",
      "options": {
        "ttl": 21600
      },
      "value": "140.116.248.21",
      "last_seen": "2025-10-29T14:48:33.514000"
    },
    {
      "subdomain": "news-en.secr",
      "type": "A",
      "options": {
        "ttl": 21600
      },
      "value": "140.116.248.21",
      "last_seen": "2025-10-29T14:48:33.649000"
    },
    {
      "subdomain": "news-secr",
      "type": "A",
      "options": {
        "ttl": 21600
      },
      "value": "140.116.248.21",
      "last_seen": "2025-10-29T14:48:33.099000"
    },
    {
      "subdomain": "news.secr",
      "type": "A",
      "options": {
        "ttl": 21600
      },
      "value": "140.116.248.21",
      "last_seen": "2025-10-29T14:48:32.970000"
    },
    {
      "subdomain": "nextg.mse",
      "type": "A",
      "options": {
        "ttl": 21600
      },
      "value": "140.116.87.76",
      "last_seen": "2025-10-29T14:48:32.633000"
    },
    {
      "subdomain": "nice.ee",
      "type": "A",
      "options": {
        "ttl": 60
      },
      "value": "140.116.49.101",
      "last_seen": "2025-10-29T14:48:32.859000"
    },
    {
      "subdomain": "nids.ee",
      "type": "A",
      "options": {
        "ttl": 60
      },
      "value": "140.116.49.10",
      "last_seen": "2025-10-29T14:48:33.647000"
    },
    {
      "subdomain": "nlearning",
      "type": "A",
      "options": {
        "ttl": 21600
      },
      "value": "140.116.167.67",
      "last_seen": "2025-10-29T14:48:33.296000"
    },
    {
      "subdomain": "nm-med",
      "type": "A",
      "options": {
        "ttl": 21600
      },
      "value": "140.116.248.21",
      "last_seen": "2025-10-29T14:48:33.601000"
    },
    {
      "subdomain": "nobel.ee",
      "type": "A",
      "options": {
        "ttl": 60
      },
      "value": "140.116.216.98",
      "last_seen": "2025-10-29T14:48:32.712000"
    },
    {
      "subdomain": "noc.ee",
      "type": "A",
      "options": {
        "ttl": 60
      },
      "value": "140.116.49.5",
      "last_seen": "2025-10-29T14:48:33.100000"
    },
    {
      "subdomain": "nocodb.course.aislab.ee",
      "type": "A",
      "options": {
        "ttl": 21600
      },
      "value": "140.116.178.171",
      "last_seen": "2025-10-29T14:48:32.975000"
    },
    {
      "subdomain": "nocodb.test.course.aislab.ee",
      "type": "A",
      "options": {
        "ttl": 21600
      },
      "value": "140.116.178.171",
      "last_seen": "2025-10-29T14:48:33.395000"
    },
    {
      "subdomain": "nopam.stat",
      "type": "A",
      "options": {
        "ttl": 21600
      },
      "value": "140.116.52.45",
      "last_seen": "2025-10-29T14:48:32.464000"
    },
    {
      "subdomain": "note.sem.dps",
      "type": "A",
      "options": {
        "ttl": 300
      },
      "value": "140.116.205.193",
      "last_seen": "2025-10-29T14:48:33.488000"
    },
    {
      "subdomain": "np.netdb.csie",
      "type": "A",
      "options": {
        "ttl": 3600
      },
      "value": "140.116.247.125",
      "last_seen": "2025-10-29T14:48:32.460000"
    },
    {
      "subdomain": "ns.caslab.ee",
      "type": "A",
      "options": {
        "ttl": 21600
      },
      "value": "140.116.164.252",
      "last_seen": "2025-10-29T14:48:33.420000"
    },
    {
      "subdomain": "ns1.ccns",
      "type": "A",
      "options": {
        "ttl": 60
      },
      "value": "140.116.249.138",
      "last_seen": "2025-10-29T14:48:32.846000"
    },
    {
      "subdomain": "ns1.lens.csie",
      "type": "A",
      "options": {
        "ttl": 21600
      },
      "value": "140.116.245.193",
      "last_seen": "2025-10-29T14:48:32.872000"
    },
    {
      "subdomain": "ns1.me",
      "type": "A",
      "options": {
        "ttl": 21600
      },
      "value": "140.116.31.39",
      "last_seen": "2025-10-29T14:48:32.908000"
    },
    {
      "subdomain": "ns2.ccns",
      "type": "A",
      "options": {
        "ttl": 60
      },
      "value": "140.116.154.145",
      "last_seen": "2025-10-29T14:48:32.697000"
    },
    {
      "subdomain": "ns2.me",
      "type": "A",
      "options": {
        "ttl": 21600
      },
      "value": "140.116.31.39",
      "last_seen": "2025-10-29T14:48:32.676000"
    },
    {
      "subdomain": "nsap.me",
      "type": "A",
      "options": {
        "ttl": 21600
      },
      "value": "139.162.80.163",
      "last_seen": "2025-10-29T14:48:32.510000"
    },
    {
      "subdomain": "ntpaw.researchvismap",
      "type": "A",
      "options": {
        "ttl": 21600
      },
      "value": "140.116.249.46",
      "last_seen": "2025-10-29T14:48:32.847000"
    },
    {
      "subdomain": "nugasys",
      "type": "A",
      "options": {
        "ttl": 21600
      },
      "value": "140.116.165.75",
      "last_seen": "2025-10-29T14:48:32.743000"
    },
    {
      "subdomain": "nurselededuforanxmgmt.researchvismap",
      "type": "A",
      "options": {
        "ttl": 21600
      },
      "value": "140.116.249.46",
      "last_seen": "2025-10-29T14:48:34.018000"
    },
    {
      "subdomain": "nursing",
      "type": "A",
      "options": {
        "ttl": 21600
      },
      "value": "140.116.248.21",
      "last_seen": "2025-10-29T14:48:32.714000"
    },
    {
      "subdomain": "nursingworkenv.researchvismap",
      "type": "A",
      "options": {
        "ttl": 21600
      },
      "value": "140.116.249.46",
      "last_seen": "2025-10-29T14:48:32.661000"
    },
    {
      "subdomain": "nusantara",
      "type": "A",
      "options": {
        "ttl": 21600
      },
      "value": "140.116.10.20",
      "last_seen": "2025-10-29T14:48:33.442000"
    },
    {
      "subdomain": "oasis",
      "type": "A",
      "options": {
        "ttl": 21600
      },
      "value": "140.116.249.186",
      "last_seen": "2025-10-29T14:48:32.689000"
    },
    {
      "subdomain": "obsgyn-med",
      "type": "A",
      "options": {
        "ttl": 21600
      },
      "value": "140.116.248.21",
      "last_seen": "2025-10-29T14:48:33.445000"
    },
    {
      "subdomain": "ocsadm.oia",
      "type": "A",
      "options": {
        "ttl": 21600
      },
      "value": "140.116.249.220",
      "last_seen": "2025-10-29T14:48:33.019000"
    },
    {
      "subdomain": "office.hyd",
      "type": "A",
      "options": {
        "ttl": 21600
      },
      "value": "140.116.77.1",
      "last_seen": "2025-10-29T14:48:32.712000"
    },
    {
      "subdomain": "office.mse",
      "type": "A",
      "options": {
        "ttl": 86400
      },
      "value": "140.116.87.98",
      "last_seen": "2025-10-29T14:48:32.681000"
    },
    {
      "subdomain": "office2.ime",
      "type": "A",
      "options": {
        "ttl": 21600
      },
      "value": "140.116.86.222",
      "last_seen": "2025-10-29T14:48:32.886000"
    },
    {
      "subdomain": "oga",
      "type": "A",
      "options": {
        "ttl": 21600
      },
      "value": "140.116.248.21",
      "last_seen": "2025-10-29T14:48:32.833000"
    },
    {
      "subdomain": "oia",
      "type": "A",
      "options": {
        "ttl": 20749
      },
      "value": "140.116.248.21",
      "last_seen": "2025-10-29T14:48:32.975000"
    },
    {
      "subdomain": "oiagcac",
      "type": "A",
      "options": {
        "ttl": 21600
      },
      "value": "140.116.249.9",
      "last_seen": "2025-10-29T14:48:33.570000"
    },
    {
      "subdomain": "old.archaeology",
      "type": "A",
      "options": {
        "ttl": 21600
      },
      "value": "103.17.11.108",
      "last_seen": "2025-10-29T14:48:32.849000"
    },
    {
      "subdomain": "oldsite.www.csie",
      "type": "A",
      "options": {
        "ttl": 3600
      },
      "value": "140.116.246.4",
      "last_seen": "2025-10-29T14:48:34.099000"
    },
    {
      "subdomain": "olive.ee",
      "type": "A",
      "options": {
        "ttl": 60
      },
      "value": "140.116.72.187",
      "last_seen": "2025-10-29T14:48:33.438000"
    },
    {
      "subdomain": "onlineresearch.psychology",
      "type": "A",
      "options": {
        "ttl": 21600
      },
      "value": "140.116.183.171",
      "last_seen": "2025-10-29T14:48:32.857000"
    },
    {
      "subdomain": "opensource.csie",
      "type": "A",
      "options": {
        "ttl": 3600
      },
      "value": "140.116.82.251",
      "last_seen": "2025-10-29T14:48:32.847000"
    },
    {
      "subdomain": "ophth-med",
      "type": "A",
      "options": {
        "ttl": 21600
      },
      "value": "140.116.248.21",
      "last_seen": "2025-10-29T14:48:33.444000"
    },
    {
      "subdomain": "orange.ee",
      "type": "A",
      "options": {
        "ttl": 60
      },
      "value": "140.116.72.182",
      "last_seen": "2025-10-29T14:48:32.814000"
    },
    {
      "subdomain": "orchidbase.itps",
      "type": "A",
      "options": {
        "ttl": 86400
      },
      "value": "140.116.56.4",
      "last_seen": "2025-10-29T14:48:32.706000"
    },
    {
      "subdomain": "orcid.lib",
      "type": "A",
      "options": {
        "ttl": 60
      },
      "value": "140.116.207.43",
      "last_seen": "2025-10-29T14:48:32.517000"
    },
    {
      "subdomain": "ord",
      "type": "A",
      "options": {
        "ttl": 86400
      },
      "value": "59.125.33.13",
      "last_seen": "2025-10-29T14:48:33.514000"
    },
    {
      "subdomain": "ordc",
      "type": "A",
      "options": {
        "ttl": 21600
      },
      "value": "139.180.193.50",
      "last_seen": "2025-10-29T14:48:32.470000"
    },
    {
      "subdomain": "orstw2024-test.iim",
      "type": "A",
      "options": {
        "ttl": 3600
      },
      "value": "140.116.96.203",
      "last_seen": "2025-10-29T14:48:32.752000"
    },
    {
      "subdomain": "orstw2024.iim",
      "type": "A",
      "options": {
        "ttl": 3600
      },
      "value": "54.248.246.87",
      "last_seen": "2025-10-29T14:48:33.606000"
    },
    {
      "subdomain": "ortho-med",
      "type": "A",
      "options": {
        "ttl": 21600
      },
      "value": "140.116.248.21",
      "last_seen": "2025-10-29T14:48:33.444000"
    },
    {
      "subdomain": "ortho.clmed",
      "type": "A",
      "options": {
        "ttl": 21600
      },
      "value": "140.116.60.95",
      "last_seen": "2025-10-29T14:48:34.038000"
    },
    {
      "subdomain": "osa",
      "type": "A",
      "options": {
        "ttl": 21600
      },
      "value": "140.116.248.21",
      "last_seen": "2025-10-29T14:48:33.970000"
    },
    {
      "subdomain": "osc.csie",
      "type": "A",
      "options": {
        "ttl": 3600
      },
      "value": "140.116.245.98",
      "last_seen": "2025-10-29T14:48:32.766000"
    },
    {
      "subdomain": "osnas.csie",
      "type": "A",
      "options": {
        "ttl": 3600
      },
      "value": "140.116.245.237",
      "last_seen": "2025-10-29T14:48:32.833000"
    },
    {
      "subdomain": "osp.computing",
      "type": "A",
      "options": {
        "ttl": 86400
      },
      "value": "140.116.223.22",
      "last_seen": "2025-10-29T14:48:33.363000"
    },
    {
      "subdomain": "ossd",
      "type": "A",
      "options": {
        "ttl": 21600
      },
      "value": "140.116.248.21",
      "last_seen": "2025-10-29T14:48:33.118000"
    },
    {
      "subdomain": "ot",
      "type": "A",
      "options": {
        "ttl": 21600
      },
      "value": "140.116.248.21",
      "last_seen": "2025-10-29T14:48:33.574000"
    }
  ],
  "more": true
}

=== 整理後的結果 ===
--- 完整網域 ---
110niag.ncku.edu.tw
118.ices.csie.ncku.edu.tw
123.ices.csie.ncku.edu.tw
2012cit.ncku.edu.tw
2017web.bio.ncku.edu.tw
2020.arch.ncku.edu.tw
2022biocas-preworkshop.csie.ncku.edu.tw
2030.sdg.ncku.edu.tw
3cp-jasmine.polsci.ncku.edu.tw
3emovie.ncku.edu.tw
3rs.deoh.ncku.edu.tw
85th.ncku.edu.tw
90th.ncku.edu.tw
aaa.ncku.edu.tw
aaa1.ncku.edu.tw
aaa2.ncku.edu.tw
aacsb.management.ncku.edu.tw
aatl-signer-backend.netdb.csie.ncku.edu.tw
aatl.netdb.csie.ncku.edu.tw
abcd123.ee.ncku.edu.tw
acad-oxf.ncku.edu.tw
acad.ncku.edu.tw
acc.adm.ncku.edu.tw
acco.ncku.edu.tw
accs.adm.ncku.edu.tw
acesanalysis.researchvismap.ncku.edu.tw
acm.netdb.csie.ncku.edu.tw
activity-osa.ncku.edu.tw
activity.ncku.edu.tw
activity.osa.ncku.edu.tw
ad.lib.ncku.edu.tw
adhelp.ee.ncku.edu.tw
admin.fmri.ncku.edu.tw
admin.gym.ncku.edu.tw
admissions.oia.ncku.edu.tw
adms-acad.ncku.edu.tw
adms.acad.ncku.edu.tw
aeolab04.ee.ncku.edu.tw
aerosol.ev.ncku.edu.tw
ahpnd.researchvismap.ncku.edu.tw
ahs.ncku.edu.tw
ai.csie.ncku.edu.tw
ai4dt.ee.ncku.edu.tw
aibmrc.csie.ncku.edu.tw
aiediting.cc.ncku.edu.tw
aiforum2018.csie.ncku.edu.tw
aigp.ncku.edu.tw
aim.ncku.edu.tw
aim1.aic.ncku.edu.tw
aim2.aic.ncku.edu.tw
aimldesignofmm.researchvismap.ncku.edu.tw
aionchip.computing.ncku.edu.tw
airpro.researchvismap.ncku.edu.tw
ais2m.ncku.edu.tw
aislab.ee.ncku.edu.tw
aislabcourse.ee.ncku.edu.tw
aislabnas.ee.ncku.edu.tw
aitc.ncku.edu.tw
algaepath.itps.ncku.edu.tw
algorithm.csie.ncku.edu.tw
alumni.acc.ncku.edu.tw
alumni.bme.ncku.edu.tw
alumni.dps.ncku.edu.tw
alumni.flld.ncku.edu.tw
alumni.me.ncku.edu.tw
alumni.ncku.edu.tw
alumni.sname.ncku.edu.tw
alumni1.me.ncku.edu.tw
alzcovid.researchvismap.ncku.edu.tw
amba.ncku.edu.tw
amd05.ee.ncku.edu.tw
ampl.me.ncku.edu.tw
anatomy.ncku.edu.tw
ancient.lib.ncku.edu.tw
anesth-med.ncku.edu.tw
animal.ncku.edu.tw
ann.ncku.edu.tw
ann.web.ncku.edu.tw
antiapoptoticproteinsautophagy.researchvismap.ncku.edu.tw
antispam.hosp.ncku.edu.tw
antispam.ncku.edu.tw
antispam1.hosp.ncku.edu.tw
ap.geomatics.ncku.edu.tw
api.deh.csie.ncku.edu.tw
api.experience.ctld.ncku.edu.tw
api.fmri.ncku.edu.tw
api.gym.ncku.edu.tw
api.ksc.im.ncku.edu.tw
api.nckupass.ctld.ncku.edu.tw
api.netdb.csie.ncku.edu.tw
apmr.management.ncku.edu.tw
app-fun.cc.ncku.edu.tw
app.fintech.ncku.edu.tw
app.lib.ncku.edu.tw
app2013.cc.ncku.edu.tw
apply.aic.ncku.edu.tw
apply.cc.ncku.edu.tw
appointment.dev.netdb.csie.ncku.edu.tw
arch.ncku.edu.tw
archaeology.ncku.edu.tw
archimedes.ee.ncku.edu.tw
archives.arch.ncku.edu.tw
archives.museum.ncku.edu.tw
arguidedcaul.researchvismap.ncku.edu.tw
aris2022.ncku.edu.tw
aristolochia.researchvismap.ncku.edu.tw
art.ncku.edu.tw
artcenter.ncku.edu.tw
artrtreatmentofataad.researchvismap.ncku.edu.tw
asas.ee.ncku.edu.tw
asem.me.ncku.edu.tw
asiclab10.ee.ncku.edu.tw
assistance-osa.ncku.edu.tw
assistance.osa.ncku.edu.tw
astrc.ncku.edu.tw
atmirnet.itps.ncku.edu.tw
atp.ee.ncku.edu.tw
atpan.itps.ncku.edu.tw
autobind.csie.ncku.edu.tw
autophagynmstox.researchvismap.ncku.edu.tw
avs.medlib.ncku.edu.tw
awat.ee.ncku.edu.tw
ba.ncku.edu.tw
bb.ncku.edu.tw
bbb.moodle.ncku.edu.tw
bbb2.moodle.ncku.edu.tw
bbb3.moodle.ncku.edu.tw
bbb4.moodle.ncku.edu.tw
bbb5.moodle.ncku.edu.tw
bbb6.moodle.ncku.edu.tw
bbb7.moodle.ncku.edu.tw
bbb8.moodle.ncku.edu.tw
bbb9.moodle.ncku.edu.tw
bbs.ccns.ncku.edu.tw
bclab.arch.ncku.edu.tw
beethoven.ee.ncku.edu.tw
behmed.ncku.edu.tw
belab.ee.ncku.edu.tw
berserk.phys.ncku.edu.tw
bestemi.ncku.edu.tw
bi.im.ncku.edu.tw
biochem.ncku.edu.tw
bioethanolmah.researchvismap.ncku.edu.tw
bioimage.med.ncku.edu.tw
biomarkerbacterialviralinfection.researchvismap.ncku.edu.tw
biomasstorrefaction.researchvismap.ncku.edu.tw
biomethanechar.researchvismap.ncku.edu.tw
blue.ee.ncku.edu.tw
bme.ncku.edu.tw
bmilab.csie.ncku.edu.tw
bookstack.netdb.csie.ncku.edu.tw
boss.testbed.ncku.edu.tw
brand.ncku.edu.tw
brester.ee.ncku.edu.tw
bruckner.ee.ncku.edu.tw
bs.netdb.csie.ncku.edu.tw
budget.top.ncku.edu.tw
buslab.csie.ncku.edu.tw
cacerl.ime.ncku.edu.tw
cacs2008.ncku.edu.tw
cad.csie.ncku.edu.tw
cad12.ee.ncku.edu.tw
cad3.ee.ncku.edu.tw
cadcam.ime.ncku.edu.tw
caelab.me.ncku.edu.tw
caid.csie.ncku.edu.tw
calc.phys.ncku.edu.tw
calendar.lib.ncku.edu.tw
calendar.ncku.edu.tw
camp.csie.ncku.edu.tw
campuslife.90th.ncku.edu.tw
campusosh.deoh.ncku.edu.tw
can.ncku.edu.tw
capst.ncku.edu.tw
career.osa.ncku.edu.tw
career2.osa.ncku.edu.tw
career3.osa.ncku.edu.tw
carfootprint.researchvismap.ncku.edu.tw
carnation.ee.ncku.edu.tw
cas5.ee.ncku.edu.tw
casalab.civil.ncku.edu.tw
casd.csie.ncku.edu.tw
casgpu.ee.ncku.edu.tw
cashier-ufo.ncku.edu.tw
cashier.ufo.ncku.edu.tw
caslab.ee.ncku.edu.tw
casmail.ee.ncku.edu.tw
catslab.ee.ncku.edu.tw
cbb.ncku.edu.tw
cbic.ee.ncku.edu.tw
cbs.cce.ncku.edu.tw
cc.ime.ncku.edu.tw
cc.ncku.edu.tw
cce.ncku.edu.tw
ccep.ctld.ncku.edu.tw
ccep.ncku.edu.tw
ccirdc.cpd.ncku.edu.tw
cck.phys.ncku.edu.tw
cck1.phys.ncku.edu.tw
cck2.phys.ncku.edu.tw
ccns.ncku.edu.tw
cdch1.csie.ncku.edu.tw
cdch2.csie.ncku.edu.tw
cdnetb.lib.ncku.edu.tw
cdnetc.lib.ncku.edu.tw
cdnetdtts.lib.ncku.edu.tw
cdnete.lib.ncku.edu.tw
cdnetf.lib.ncku.edu.tw
ceastudy.researchvismap.ncku.edu.tw
centrallab.hosp.ncku.edu.tw
certcenter.credit.csie.ncku.edu.tw
certificates.nlearning.ncku.edu.tw
cets.ncku.edu.tw
ceyushan.civil.ncku.edu.tw
cfb.cbb.ncku.edu.tw
cfc.ncku.edu.tw
cfc2021.cfc.ncku.edu.tw
cfpmoe.ee.ncku.edu.tw
cge.ncku.edu.tw
cgm.ncku.edu.tw
challenge.computing.ncku.edu.tw
chass.ncku.edu.tw
chatbot.oia.ncku.edu.tw
che.ncku.edu.tw
chemicloud.netdb.csie.ncku.edu.tw
chexam.hosp.ncku.edu.tw
chinese.ncku.edu.tw
chiusystem.ee.ncku.edu.tw
chocolate.ee.ncku.edu.tw
chtsailab.ee.ncku.edu.tw
cial.csie.ncku.edu.tw
cice-acad.ncku.edu.tw
cice.acad.ncku.edu.tw
cid-acad.ncku.edu.tw
cid.acad.ncku.edu.tw
cie.cpd.ncku.edu.tw
ciismgr.cc.ncku.edu.tw
ciot.imis.ncku.edu.tw
cir.bb.ncku.edu.tw
cis-cfc.ncku.edu.tw
cis.cfc.ncku.edu.tw
ckforum.ncku.edu.tw
ckforum2.ncku.edu.tw
ckhp.ncku.edu.tw
ckmail.ncku.edu.tw
ckw.phys.ncku.edu.tw
classroom.iim.ncku.edu.tw
clinicepid.researchvismap.ncku.edu.tw
clm.med.ncku.edu.tw
cloud.computing.ncku.edu.tw
clpharm.ncku.edu.tw
cmnst-cfc.ncku.edu.tw
cmnst2013.cmnst.ncku.edu.tw
cobis-fs.bme.ncku.edu.tw
cobis.bme.ncku.edu.tw
code.arch.ncku.edu.tw
codec.ee.ncku.edu.tw
codimd.aislab.ee.ncku.edu.tw
collegex.ncku.edu.tw
colors.ee.ncku.edu.tw
comc1.comc.ncku.edu.tw
computing.ncku.edu.tw
converter.icsdsa.ncku.edu.tw
copland.ee.ncku.edu.tw
corelab.med.ncku.edu.tw
corpora.flld.ncku.edu.tw
cosbi.ee.ncku.edu.tw
cosbi10.ee.ncku.edu.tw
cosbi11.ee.ncku.edu.tw
cosbi2.ee.ncku.edu.tw
cosbi3.ee.ncku.edu.tw
cosbi4.ee.ncku.edu.tw
cosbi5.ee.ncku.edu.tw
cosbi6.ee.ncku.edu.tw
cosbi7.ee.ncku.edu.tw
cosbi9.ee.ncku.edu.tw
counseling-osa.ncku.edu.tw
counseling.osa.ncku.edu.tw
count.lib.ncku.edu.tw
course-pd2.netdb.csie.ncku.edu.tw
cov19iot01.hosp.ncku.edu.tw
covid19.ncku.edu.tw
covtest.netdb.csie.ncku.edu.tw
cox-nas.collegex.ncku.edu.tw
cox-nas.ctld.ncku.edu.tw
cpanel.nckuhevtts.bme.ncku.edu.tw
cpcalendars.nckuhevtts.bme.ncku.edu.tw
cpcontacts.nckuhevtts.bme.ncku.edu.tw
cpd.ncku.edu.tw
crc.hosp.ncku.edu.tw
credit.csie.ncku.edu.tw
crimson.ee.ncku.edu.tw
crypto.ee.ncku.edu.tw
crystal.ais2m.ncku.edu.tw
cs.ncku.edu.tw
csbot.netdb.csie.ncku.edu.tw
csie.ncku.edu.tw
csp11.ee.ncku.edu.tw
csp24.ee.ncku.edu.tw
css-secr.ncku.edu.tw
css.ncku.edu.tw
cssa.cc.ncku.edu.tw
csslab.csie.ncku.edu.tw
ctai.netdb.csie.ncku.edu.tw
cte-acad.ncku.edu.tw
cte.acad.ncku.edu.tw
ctld-acad.ncku.edu.tw
ctld.acad.ncku.edu.tw
ctld.ncku.edu.tw
ctlt.twl.ncku.edu.tw
ctrmost-cfc.ncku.edu.tw
cubic.mse.ncku.edu.tw
curie.ee.ncku.edu.tw
cvs.twl.ncku.edu.tw
cvtest.netdb.csie.ncku.edu.tw
cyanogmexp.researchvismap.ncku.edu.tw
cyanoshow.researchvismap.ncku.edu.tw
d6im.hosp.ncku.edu.tw
d6service.hosp.ncku.edu.tw
d6wifi.hosp.ncku.edu.tw
dai.csie.ncku.edu.tw
dashboard-ncku-aiot.wp.hosp.ncku.edu.tw
dashboard.experience.ctld.ncku.edu.tw
dashboard.nckupass.ctld.ncku.edu.tw
daylightphotodynamictherapy.researchvismap.ncku.edu.tw
dba.ncku.edu.tw
dbbs.ncku.edu.tw
dbemily.csie.ncku.edu.tw
dblab.csie.ncku.edu.tw
dbs.comc.ncku.edu.tw
dcert-moe.netdb.csie.ncku.edu.tw
dcert-moeh.netdb.csie.ncku.edu.tw
dcert.csie.ncku.edu.tw
dcl.ee.ncku.edu.tw
dcmc14.ee.ncku.edu.tw
dcmc16.ee.ncku.edu.tw
dcmc20.ee.ncku.edu.tw
dcmc33.ee.ncku.edu.tw
dcmc34.ee.ncku.edu.tw
dcmoe.csie.ncku.edu.tw
ddcbc.csie.ncku.edu.tw
deepwiki.netdb.csie.ncku.edu.tw
deh.csie.ncku.edu.tw
dem-med.ncku.edu.tw
denguefever.csie.ncku.edu.tw
dentistry.ncku.edu.tw
deoh.ncku.edu.tw
derek.csie.ncku.edu.tw
derm-med.ncku.edu.tw
design.ncku.edu.tw
devnoc.ee.ncku.edu.tw
dgl.geomatics.ncku.edu.tw
dgx.fintech.management.ncku.edu.tw
dhblab.bme.ncku.edu.tw
dic.csie.ncku.edu.tw
did-fhir.netdb.csie.ncku.edu.tw
digitalarchives.artcenter.ncku.edu.tw
diploma.ncku.edu.tw
dlearning.ncku.edu.tw
dlearningvote.ai4dt.ncku.edu.tw
dm2018.thl.ncku.edu.tw
dns.csie.ncku.edu.tw
dns.es.ncku.edu.tw
dns.web2.ncku.edu.tw
dns.web3.ncku.edu.tw
dns4.ncku.edu.tw
doc-secr.ncku.edu.tw
doc.screamtrumpet.csie.ncku.edu.tw
doc.secr.ncku.edu.tw
docmost.course.aislab.ee.ncku.edu.tw
doem-med.ncku.edu.tw
donate.ncku.edu.tw
dophin.hyd.ncku.edu.tw
dophin.inhmm.ncku.edu.tw
dophin.iotma.ncku.edu.tw
dorm.osa.ncku.edu.tw
dorm2.osa.ncku.edu.tw
dou6.hosp.ncku.edu.tw
download.cfc.ncku.edu.tw
dpdktest.ee.ncku.edu.tw
dpmb.dpec.ncku.edu.tw
dps.ncku.edu.tw
dradmin.hosp.ncku.edu.tw
ds.ncku.edu.tw
dslab.csie.ncku.edu.tw
e-portfolio.ctld.ncku.edu.tw
eap.lib.ncku.edu.tw
earth.ncku.edu.tw
easytest.lib.ncku.edu.tw
easytest2.lib.ncku.edu.tw
ebook.alumni.ncku.edu.tw
ebook.arch.ncku.edu.tw
ecmdic.tpbna.ncku.edu.tw
ecodesign2017.ncku.edu.tw
econ.ncku.edu.tw
economics.ncku.edu.tw
ed.ncku.edu.tw
eda.csie.ncku.edu.tw
edapi.edoc.ncku.edu.tw
edison.ee.ncku.edu.tw
edoc.hosp.ncku.edu.tw
edoct.hosp.ncku.edu.tw
educ.hosp.ncku.edu.tw
eduesx01.cc.ncku.edu.tw
eduesx02.cc.ncku.edu.tw
eduesx03.cc.ncku.edu.tw
eduesx04.cc.ncku.edu.tw
eduesx05.cc.ncku.edu.tw
eduesx06.cc.ncku.edu.tw
eduesx07.cc.ncku.edu.tw
eduesx08.cc.ncku.edu.tw
ee-vm.ccns.ncku.edu.tw
ee.ncku.edu.tw
eecs.ncku.edu.tw
eeoffice.ee.ncku.edu.tw
effectsofcbt-ionqol.researchvismap.ncku.edu.tw
eform.hosp.ncku.edu.tw
eimd.ncku.edu.tw
elearning.hosp.ncku.edu.tw
elearning.imis.ncku.edu.tw
elearning.mdic.ncku.edu.tw
elfess.ee.ncku.edu.tw
elgar.ee.ncku.edu.tw
elite.ee.ncku.edu.tw
elunch.ncku.edu.tw
email.ncku.edu.tw
emba.ncku.edu.tw
emgp.ncku.edu.tw
emily.csie.ncku.edu.tw
emotors.ncku.edu.tw
emrc.ncku.edu.tw
ems.ee.ncku.edu.tw
en.me.ncku.edu.tw
en.mse.ncku.edu.tw
en.ord.ncku.edu.tw
en.sdg.ncku.edu.tw
en.ur.ncku.edu.tw
energy.phys.ncku.edu.tw
enews.oia.ncku.edu.tw
eng.ncku.edu.tw
eng.osp.ncku.edu.tw
engtech.etpc.ncku.edu.tw
ennews-secr.ncku.edu.tw
ent-med.ncku.edu.tw
epage.web2.ncku.edu.tw
epage.web3.ncku.edu.tw
eportfolio.hosp.ncku.edu.tw
eps.gis.ncku.edu.tw
epsh.ncku.edu.tw
epslab.ee.ncku.edu.tw
er.lib.ncku.edu.tw
erg.ncku.edu.tw
ermrc.ncku.edu.tw
eserver.lib.ncku.edu.tw
estat.ncku.edu.tw
esterase-biochem.che.ncku.edu.tw
esxi.csie.ncku.edu.tw
etm-lab.civil.ncku.edu.tw
etpc.ncku.edu.tw
euler.ee.ncku.edu.tw
ev.ncku.edu.tw
evs.ncku.edu.tw
exam.lib.ncku.edu.tw
examad.iim.ncku.edu.tw
exchmail.stat.ncku.edu.tw
expath.itps.ncku.edu.tw
expathtool.itps.ncku.edu.tw
experience.ctld.ncku.edu.tw
express.ord.ncku.edu.tw
exptainan.liberal.ncku.edu.tw
extension.ncku.edu.tw
fdtd.dps.ncku.edu.tw
files.me.ncku.edu.tw
fintech.management.ncku.edu.tw
fintech.ncku.edu.tw
firstaid.ncku.edu.tw
flc.ncku.edu.tw
flld.ncku.edu.tw
fmri.ncku.edu.tw
foodeducation.ai4dt.ncku.edu.tw
foodeducation.ee.ncku.edu.tw
foodeducation1.ee.ncku.edu.tw
formosat7.earth.ncku.edu.tw
foundation.civil.ncku.edu.tw
fourier.ee.ncku.edu.tw
fr.gec2020.twisc.ncku.edu.tw
fr.tcat2019.twisc.ncku.edu.tw
freshmanyear.ccep.ncku.edu.tw
frisky.es.ncku.edu.tw
fs.ncku.edu.tw
fun.phys.ncku.edu.tw
fund.es.ncku.edu.tw
galileo.ee.ncku.edu.tw
gcbme2024.ncku.edu.tw
gdcsc.med.ncku.edu.tw
ge.ncku.edu.tw
geec.ee.ncku.edu.tw
geo-museum.earth.ncku.edu.tw
geodac.ncku.edu.tw
geoenv.thl.ncku.edu.tw
geoenv2020.thl.ncku.edu.tw
geomatics.ncku.edu.tw
gesbinmeofmicroalgae.researchvismap.ncku.edu.tw
gibbs.ee.ncku.edu.tw
gis.ncku.edu.tw
gis.thl.ncku.edu.tw
git.caslab.ee.ncku.edu.tw
gitea.test.course.aislab.ee.ncku.edu.tw
gitlab.aislab.ee.ncku.edu.tw
gitlab.course.aislab.ee.ncku.edu.tw
gitlab.screamtrumpet.csie.ncku.edu.tw
gitlab.test.course.aislab.ee.ncku.edu.tw
giw2020.ncku.edu.tw
gloria.ncku.edu.tw
gm-med.ncku.edu.tw
goapp.ee.ncku.edu.tw
gold.ee.ncku.edu.tw
goodguy.csie.ncku.edu.tw
gpaper.geomatics.ncku.edu.tw
gplab.phys.ncku.edu.tw
grad-osa.ncku.edu.tw
grad.ncku.edu.tw
grad.osa.ncku.edu.tw
graf.csie.ncku.edu.tw
graphics.csie.ncku.edu.tw
graphql.ckforum.ncku.edu.tw
graphql.ckforum2.ncku.edu.tw
grey.ee.ncku.edu.tw
grieg.ee.ncku.edu.tw
grqc.ncts.ncku.edu.tw
grrc.ncku.edu.tw
gs.ncku.edu.tw
gsa.twl.ncku.edu.tw
gun.ckforum.ncku.edu.tw
gun.ckforum2.ncku.edu.tw
gym.ncku.edu.tw
hadcp.thl.ncku.edu.tw
harbor.screamtrumpet.csie.ncku.edu.tw
haydn.ee.ncku.edu.tw
hdmap.geomatics.ncku.edu.tw
health-epsh.ncku.edu.tw
health.epsh.ncku.edu.tw
health.mdic.ncku.edu.tw
hearthermo.csie.ncku.edu.tw
heat3.che.ncku.edu.tw
hec22.hyd.ncku.edu.tw
hedgedoc.course.aislab.ee.ncku.edu.tw
hep.phys.ncku.edu.tw
hieporuscarbon.researchvismap.ncku.edu.tw
higem.ncku.edu.tw
himax.ee.ncku.edu.tw
his.ncku.edu.tw
hmcs.hosp.ncku.edu.tw
hmi.wraicslog.twisc.ncku.edu.tw
hmsstc.ncku.edu.tw
holtz.ee.ncku.edu.tw
holybell.phys.ncku.edu.tw
honeydew.ee.ncku.edu.tw
housing-osa.ncku.edu.tw
housing.osa.ncku.edu.tw
hpc.ncku.edu.tw
hpds119.ee.ncku.edu.tw
hpds120.ee.ncku.edu.tw
hpds124.ee.ncku.edu.tw
hpds71.ee.ncku.edu.tw
hpds82.ee.ncku.edu.tw
hpds85.ee.ncku.edu.tw
hpds88.ee.ncku.edu.tw
hpds95.ee.ncku.edu.tw
hpds96.ee.ncku.edu.tw
hpdslab.ee.ncku.edu.tw
hpfbf.researchvismap.ncku.edu.tw
hsm.ncku.edu.tw
hsnet.ee.ncku.edu.tw
hspc.csie.ncku.edu.tw
hspc2023.csie.ncku.edu.tw
hstrc.hyd.ncku.edu.tw
hsu411.hosp.ncku.edu.tw
hsunt.hosp.ncku.edu.tw
huang.es.ncku.edu.tw
hub.arch.ncku.edu.tw
hub.fintech.ncku.edu.tw
hydrodapu.dprc.ncku.edu.tw
i-certificate.ctld.ncku.edu.tw
i-classroom.collegex.ncku.edu.tw
i-drive.ctld.ncku.edu.tw
i-expert.ctld.ncku.edu.tw
i-member.ctld.ncku.edu.tw
i-nas.cce.ncku.edu.tw
i-ocw.ctld.ncku.edu.tw
i.ncku.edu.tw
iaa.ncku.edu.tw
ib.ncku.edu.tw
ibdpe.ncku.edu.tw
ibm260.phys.ncku.edu.tw
ibm595.phys.ncku.edu.tw
ibms.ncku.edu.tw
ica.ncku.edu.tw
icamp.ncku.edu.tw
icaps.computing.ncku.edu.tw
icdeslab02.ee.ncku.edu.tw
icdeslab05.ee.ncku.edu.tw
icdeslab06.ee.ncku.edu.tw
icdeslab08.ee.ncku.edu.tw
icem15.ncku.edu.tw
ices.csie.ncku.edu.tw
iche2016.hyd.ncku.edu.tw
icid.ncku.edu.tw
icim.ncku.edu.tw
iclab.es.ncku.edu.tw
icmmed.ncku.edu.tw
icwangjf.ee.ncku.edu.tw
id.ncku.edu.tw
id.sso2.ncku.edu.tw
idb.csie.ncku.edu.tw
idc-ord.ncku.edu.tw
idc.ord.ncku.edu.tw
ide.ncku.edu.tw
ideal.csie.ncku.edu.tw
idp.ncku.edu.tw
iebs.arch.ncku.edu.tw
ieet.csie.ncku.edu.tw
ieet.ee.ncku.edu.tw
igisportal.geomatics.ncku.edu.tw
ihliu.twisc.ncku.edu.tw
iim.ncku.edu.tw
iir.csie.ncku.edu.tw
iisd-oia.ncku.edu.tw
iisd.oia.ncku.edu.tw
ijiatraining.ee.ncku.edu.tw
ikmbio.csie.ncku.edu.tw
ilin.iim.ncku.edu.tw
im.ncku.edu.tw
imba.ncku.edu.tw
ime.ncku.edu.tw
imfw.hosp.ncku.edu.tw
imilab.imis.ncku.edu.tw
imis.ncku.edu.tw
imm-med.ncku.edu.tw
imputation.netdb.csie.ncku.edu.tw
imrc.ncku.edu.tw
imslab.csie.ncku.edu.tw
imspmdcad1c.ee.ncku.edu.tw
imxms.hosp.ncku.edu.tw
indigo.ee.ncku.edu.tw
industry-taiwan.innovation.ncku.edu.tw
infra.ee.ncku.edu.tw
innovation.ncku.edu.tw
instrument.science.ncku.edu.tw
internship.arch.ncku.edu.tw
investments.ncku.edu.tw
ioannis.ee.ncku.edu.tw
iog.ncku.edu.tw
iom.hosp.ncku.edu.tw
iom.ncku.edu.tw
ioml.iim.ncku.edu.tw
ipam.testbed.ncku.edu.tw
ipc2011.ncku.edu.tw
iqbal.researchvismap.ncku.edu.tw
ir-ord.ncku.edu.tw
ir.lib.ncku.edu.tw
ir.ord.ncku.edu.tw
ircmmc.ncku.edu.tw
ird-oia.ncku.edu.tw
ird.oia.ncku.edu.tw
irdd-ord.ncku.edu.tw
irdd.ord.ncku.edu.tw
isaac2025.csie.ncku.edu.tw
isad-oia.ncku.edu.tw
isad.oia.ncku.edu.tw
isaps.ncku.edu.tw
isce.ncku.edu.tw
isdc.ncku.edu.tw
isgnss2016.geomatics.ncku.edu.tw
isgnss2016.ncku.edu.tw
islab.csie.ncku.edu.tw
ismail.csie.ncku.edu.tw
ismp.csie.ncku.edu.tw
isms.cc.ncku.edu.tw
isse.ncku.edu.tw
istest.test.ncku.edu.tw
iteach.ncku.edu.tw
itlab.ee.ncku.edu.tw
itlab.npe.ee.ncku.edu.tw
itps.ncku.edu.tw
itsa-k8s.netdb.csie.ncku.edu.tw
itsa.netdb.csie.ncku.edu.tw
iwoca2023.csie.ncku.edu.tw
iwrr.ncku.edu.tw
j-kumo.flld.ncku.edu.tw
j92a21.ee.ncku.edu.tw
j92a21b.ee.ncku.edu.tw
jksheu.dps.ncku.edu.tw
john.che.ncku.edu.tw
john.phys.ncku.edu.tw
judge.csie.ncku.edu.tw
jupyterhub.phys.ncku.edu.tw
jupyterhub2.phys.ncku.edu.tw
justinyueh.ee.ncku.edu.tw
justrna.itps.ncku.edu.tw
jwchang.es.ncku.edu.tw
jyleepe07.ee.ncku.edu.tw
jyleepe10.ee.ncku.edu.tw
jyleepe18.ee.ncku.edu.tw
kclc.ncku.edu.tw
kdd.es.ncku.edu.tw
kdd177.es.ncku.edu.tw
keycloak.course.aislab.ee.ncku.edu.tw
kid.csie.ncku.edu.tw
kid.ee.ncku.edu.tw
kidstudio.ee.ncku.edu.tw
klab.me.ncku.edu.tw
km.wpeiic.ncku.edu.tw
ksc.im.ncku.edu.tw
ktchuang.netdb.csie.ncku.edu.tw
kyoto.itlab.ee.ncku.edu.tw
lab-bulletin.lab.dps.ncku.edu.tw
lab.dps.ncku.edu.tw
lab.es.ncku.edu.tw
lagrange.ee.ncku.edu.tw
law.ncku.edu.tw
lawreview.law.ncku.edu.tw
lboe.imba.ncku.edu.tw
lc.flld.ncku.edu.tw
lcaplastic.researchvismap.ncku.edu.tw
ldap.aislab.ee.ncku.edu.tw
ldap.course.aislab.ee.ncku.edu.tw
ldap.test.course.aislab.ee.ncku.edu.tw
lee1.ee.ncku.edu.tw
lee2.ee.ncku.edu.tw
lens.csie.ncku.edu.tw
lib.ncku.edu.tw
libapp.lib.ncku.edu.tw
library.math.ncku.edu.tw
librenms.csie.ncku.edu.tw
lidar2026.geomatics.ncku.edu.tw
lidarws2025.geomatics.ncku.edu.tw
light.phys.ncku.edu.tw
lime.ee.ncku.edu.tw
lin.vp.ncku.edu.tw
linen.ee.ncku.edu.tw
lingo.kclc.ncku.edu.tw
linux.ev.ncku.edu.tw
lipidsandalzheimerdisease.researchvismap.ncku.edu.tw
liszt.ee.ncku.edu.tw
live.nlearning.ncku.edu.tw
liveabc.lib.ncku.edu.tw
lldap.course.aislab.ee.ncku.edu.tw
lmnn.mse.ncku.edu.tw
loc.geomatics.ncku.edu.tw
loge2.hyd.ncku.edu.tw
login.er.lib.ncku.edu.tw
lorenz.ee.ncku.edu.tw
lrc.med.ncku.edu.tw
lsprc.ncku.edu.tw
m.lib.ncku.edu.tw
macd.geomatics.ncku.edu.tw
machineshop.ncku.edu.tw
magenta.ee.ncku.edu.tw
magiclab.geomatics.ncku.edu.tw
mai.ee.ncku.edu.tw
mail.acc.ncku.edu.tw
mail.course.aislab.ee.ncku.edu.tw
mail.csie.ncku.edu.tw
mail.ee.ncku.edu.tw
mail.geodac.ncku.edu.tw
mail.geomatics.ncku.edu.tw
mail.grad.ncku.edu.tw
mail.hosp.ncku.edu.tw
mail.hyd.ncku.edu.tw
mail.ime.ncku.edu.tw
mail.mse.ncku.edu.tw
mail.ncku.edu.tw
mail.thl.ncku.edu.tw
mail02.thl.ncku.edu.tw
mailbox.csie.ncku.edu.tw
main-oga.ncku.edu.tw
main.oga.ncku.edu.tw
mal.netdb.csie.ncku.edu.tw
manage-oga.ncku.edu.tw
management.ncku.edu.tw
management.oia.ncku.edu.tw
managetext.oia.ncku.edu.tw
mapd.ncku.edu.tw
marangoni1.che.ncku.edu.tw
marangoni3.che.ncku.edu.tw
marangoni5.che.ncku.edu.tw
maroon.ee.ncku.edu.tw
master-lppl.isaps.ncku.edu.tw
material.ncku.edu.tw
math.ncku.edu.tw
math1.math.ncku.edu.tw
matsu.up.ncku.edu.tw
mattermost.aislab.ee.ncku.edu.tw
mattermost.course.aislab.ee.ncku.edu.tw
mattermost.test.course.aislab.ee.ncku.edu.tw
mbox.csie.ncku.edu.tw
mcert.credit.csie.ncku.edu.tw
mclab02.ee.ncku.edu.tw
mclab04.ee.ncku.edu.tw
mclab09.ee.ncku.edu.tw
mcp-demo.netdb.csie.ncku.edu.tw
mcsftp.ee.ncku.edu.tw
mcslab.ee.ncku.edu.tw
mcsprinter.ee.ncku.edu.tw
mcvalid.netdb.csie.ncku.edu.tw
mdic.ncku.edu.tw
me-learning.hosp.ncku.edu.tw
me.ncku.edu.tw
mecontrol1.ee.ncku.edu.tw
mecontrol2.ee.ncku.edu.tw
med.ncku.edu.tw
mediacore.ee.ncku.edu.tw
mediacore190.ee.ncku.edu.tw
medicine.ncku.edu.tw
medlib.lib.ncku.edu.tw
medvis.csie.ncku.edu.tw
member.nlearning.ncku.edu.tw
mems.ee.ncku.edu.tw
mental-rag.netdb.csie.ncku.edu.tw
mentaldisorder.researchvismap.ncku.edu.tw
merry.ee.ncku.edu.tw
metasearch.lib.ncku.edu.tw
mhealth.csie.ncku.edu.tw
mhmc-bd.csie.ncku.edu.tw
mhmc.csie.ncku.edu.tw
mhmcbd.csie.ncku.edu.tw
miaopu.collegex.ncku.edu.tw
micimmun.ncku.edu.tw
microrpm.itps.ncku.edu.tw
miinstore.ncku.edu.tw
mil2.hyd.ncku.edu.tw
military-osa.ncku.edu.tw
military.osa.ncku.edu.tw
minbox.sem.dps.ncku.edu.tw
minlab.earth.ncku.edu.tw
mirac.ee.ncku.edu.tw
mirac13.ee.ncku.edu.tw
miracc.ee.ncku.edu.tw
miraccc.ee.ncku.edu.tw
miractest.ee.ncku.edu.tw
mirnalmad.researchvismap.ncku.edu.tw
mis.dprc.ncku.edu.tw
mis.epsh.ncku.edu.tw
mitralvalve.researchvismap.ncku.edu.tw
mjcheng.ch.ncku.edu.tw
mlearning.nursing.ncku.edu.tw
mmc.ncku.edu.tw
mmcv.csie.ncku.edu.tw
mmnetlab.csie.ncku.edu.tw
mms2.ncku.edu.tw
mobileassistedoralcommunication.researchvismap.ncku.edu.tw
mobileassistedreadingdevelopment.researchvismap.ncku.edu.tw
modular-course.cge.ncku.edu.tw
modular-course.science.ncku.edu.tw
moeas.ee.ncku.edu.tw
moelectricchemicalsensor.researchvismap.ncku.edu.tw
moetest.ee.ncku.edu.tw
moodle.kclc.ncku.edu.tw
moodle.ncku.edu.tw
moodle.nlearning.ncku.edu.tw
moodsensing-ai.csie.ncku.edu.tw
moodsensing-app.csie.ncku.edu.tw
moodsensing-student.csie.ncku.edu.tw
moonstone.math.ncku.edu.tw
mosquitokiller.csie.ncku.edu.tw
motionlab.bme.ncku.edu.tw
motomo.ee.ncku.edu.tw
mp.ncku.edu.tw
mse.ncku.edu.tw
msic.ee.ncku.edu.tw
msicp1.ee.ncku.edu.tw
msicp2.ee.ncku.edu.tw
msicp3.ee.ncku.edu.tw
msoc1.ee.ncku.edu.tw
mss.ncku.edu.tw
mt.ncku.edu.tw
mulink1.ee.ncku.edu.tw
multicourse.binfo.ncku.edu.tw
muse.csie.ncku.edu.tw
museum.ncku.edu.tw
mussorgsky.ee.ncku.edu.tw
myapp.ncku.edu.tw
mybox.ncku.edu.tw
myboxact.cc.ncku.edu.tw
myidp.ncku.edu.tw
myswimdiary.sportslab.ncku.edu.tw
mytube.ncku.edu.tw
n8n.aislab.ee.ncku.edu.tw
n8n.course.aislab.ee.ncku.edu.tw
n8n.test.course.aislab.ee.ncku.edu.tw
naadsvip.phone.ncku.edu.tw
nano.dps.ncku.edu.tw
nano.ncku.edu.tw
nano.phys.ncku.edu.tw
nanocomp.me.ncku.edu.tw
nas.collegex.ncku.edu.tw
nas.netdb.csie.ncku.edu.tw
nas51.cce.ncku.edu.tw
nature.ee.ncku.edu.tw
naucreg1.phone.ncku.edu.tw
naucreg2.phone.ncku.edu.tw
nautoconf.phone.ncku.edu.tw
navayafile.phone.ncku.edu.tw
ncbci.csie.ncku.edu.tw
ncbcilab.csie.ncku.edu.tw
ncku.edu.tw
nckuairpollution.csie.ncku.edu.tw
nckubikefestival.ncku.edu.tw
nckuca.ncku.edu.tw
nckudisectts.bme.ncku.edu.tw
nckudss.osp.ncku.edu.tw
nckudss.ossd.ncku.edu.tw
nckuhevtts.bme.ncku.edu.tw
nckuhirb.hosp.ncku.edu.tw
nckuhkiosk.hosp.ncku.edu.tw
nckumoocs.ncku.edu.tw
nckupass.ctld.ncku.edu.tw
nckupharmacy.hosp.ncku.edu.tw
nckur.lib.ncku.edu.tw
nckusec.ncku.edu.tw
nckusr2.ncku.edu.tw
nckutcmnowadays.tcm.ncku.edu.tw
nckutree.ncku.edu.tw
nclab.me.ncku.edu.tw
ncts.ncku.edu.tw
nd.hosp.ncku.edu.tw
nde1.ee.ncku.edu.tw
nde11.ee.ncku.edu.tw
nde28.ee.ncku.edu.tw
ndmat.hosp.ncku.edu.tw
neat.csie.ncku.edu.tw
netdb.csie.ncku.edu.tw
neuro-med.ncku.edu.tw
news-en.secr.ncku.edu.tw
news-secr.ncku.edu.tw
news.secr.ncku.edu.tw
nextg.mse.ncku.edu.tw
nice.ee.ncku.edu.tw
nids.ee.ncku.edu.tw
nlearning.ncku.edu.tw
nm-med.ncku.edu.tw
nobel.ee.ncku.edu.tw
noc.ee.ncku.edu.tw
nocodb.course.aislab.ee.ncku.edu.tw
nocodb.test.course.aislab.ee.ncku.edu.tw
nopam.stat.ncku.edu.tw
note.sem.dps.ncku.edu.tw
np.netdb.csie.ncku.edu.tw
ns.caslab.ee.ncku.edu.tw
ns1.ccns.ncku.edu.tw
ns1.lens.csie.ncku.edu.tw
ns1.me.ncku.edu.tw
ns2.ccns.ncku.edu.tw
ns2.me.ncku.edu.tw
nsap.me.ncku.edu.tw
ntpaw.researchvismap.ncku.edu.tw
nugasys.ncku.edu.tw
nurselededuforanxmgmt.researchvismap.ncku.edu.tw
nursing.ncku.edu.tw
nursingworkenv.researchvismap.ncku.edu.tw
nusantara.ncku.edu.tw
oasis.ncku.edu.tw
obsgyn-med.ncku.edu.tw
ocsadm.oia.ncku.edu.tw
office.hyd.ncku.edu.tw
office.mse.ncku.edu.tw
office2.ime.ncku.edu.tw
oga.ncku.edu.tw
oia.ncku.edu.tw
oiagcac.ncku.edu.tw
old.archaeology.ncku.edu.tw
oldsite.www.csie.ncku.edu.tw
olive.ee.ncku.edu.tw
onlineresearch.psychology.ncku.edu.tw
opensource.csie.ncku.edu.tw
ophth-med.ncku.edu.tw
orange.ee.ncku.edu.tw
orchidbase.itps.ncku.edu.tw
orcid.lib.ncku.edu.tw
ord.ncku.edu.tw
ordc.ncku.edu.tw
orstw2024-test.iim.ncku.edu.tw
orstw2024.iim.ncku.edu.tw
ortho-med.ncku.edu.tw
ortho.clmed.ncku.edu.tw
osa.ncku.edu.tw
osc.csie.ncku.edu.tw
osnas.csie.ncku.edu.tw
osp.computing.ncku.edu.tw
ossd.ncku.edu.tw
ot.ncku.edu.tw

總共找到 992 個網域 (包含根網域)。

--- 次級網域（緊鄰 root 的一段 + root） ---
110niag.ncku.edu.tw
2012cit.ncku.edu.tw
3emovie.ncku.edu.tw
85th.ncku.edu.tw
90th.ncku.edu.tw
aaa.ncku.edu.tw
aaa1.ncku.edu.tw
aaa2.ncku.edu.tw
acad-oxf.ncku.edu.tw
acad.ncku.edu.tw
acc.ncku.edu.tw
acco.ncku.edu.tw
activity-osa.ncku.edu.tw
activity.ncku.edu.tw
adm.ncku.edu.tw
adms-acad.ncku.edu.tw
ahs.ncku.edu.tw
ai4dt.ncku.edu.tw
aic.ncku.edu.tw
aigp.ncku.edu.tw
aim.ncku.edu.tw
ais2m.ncku.edu.tw
aitc.ncku.edu.tw
alumni.ncku.edu.tw
amba.ncku.edu.tw
anatomy.ncku.edu.tw
anesth-med.ncku.edu.tw
animal.ncku.edu.tw
ann.ncku.edu.tw
antispam.ncku.edu.tw
arch.ncku.edu.tw
archaeology.ncku.edu.tw
aris2022.ncku.edu.tw
art.ncku.edu.tw
artcenter.ncku.edu.tw
assistance-osa.ncku.edu.tw
astrc.ncku.edu.tw
ba.ncku.edu.tw
bb.ncku.edu.tw
behmed.ncku.edu.tw
bestemi.ncku.edu.tw
binfo.ncku.edu.tw
bio.ncku.edu.tw
biochem.ncku.edu.tw
bme.ncku.edu.tw
brand.ncku.edu.tw
cacs2008.ncku.edu.tw
calendar.ncku.edu.tw
can.ncku.edu.tw
capst.ncku.edu.tw
cashier-ufo.ncku.edu.tw
cbb.ncku.edu.tw
cc.ncku.edu.tw
cce.ncku.edu.tw
ccep.ncku.edu.tw
ccns.ncku.edu.tw
cets.ncku.edu.tw
cfc.ncku.edu.tw
cge.ncku.edu.tw
cgm.ncku.edu.tw
ch.ncku.edu.tw
chass.ncku.edu.tw
che.ncku.edu.tw
chinese.ncku.edu.tw
cice-acad.ncku.edu.tw
cid-acad.ncku.edu.tw
cis-cfc.ncku.edu.tw
civil.ncku.edu.tw
ckforum.ncku.edu.tw
ckforum2.ncku.edu.tw
ckhp.ncku.edu.tw
ckmail.ncku.edu.tw
clmed.ncku.edu.tw
clpharm.ncku.edu.tw
cmnst-cfc.ncku.edu.tw
cmnst.ncku.edu.tw
collegex.ncku.edu.tw
comc.ncku.edu.tw
computing.ncku.edu.tw
counseling-osa.ncku.edu.tw
covid19.ncku.edu.tw
cpd.ncku.edu.tw
cs.ncku.edu.tw
csie.ncku.edu.tw
css-secr.ncku.edu.tw
css.ncku.edu.tw
cte-acad.ncku.edu.tw
ctld-acad.ncku.edu.tw
ctld.ncku.edu.tw
ctrmost-cfc.ncku.edu.tw
dba.ncku.edu.tw
dbbs.ncku.edu.tw
dem-med.ncku.edu.tw
dentistry.ncku.edu.tw
deoh.ncku.edu.tw
derm-med.ncku.edu.tw
design.ncku.edu.tw
diploma.ncku.edu.tw
dlearning.ncku.edu.tw
dns4.ncku.edu.tw
doc-secr.ncku.edu.tw
doem-med.ncku.edu.tw
donate.ncku.edu.tw
dpec.ncku.edu.tw
dprc.ncku.edu.tw
dps.ncku.edu.tw
ds.ncku.edu.tw
earth.ncku.edu.tw
ecodesign2017.ncku.edu.tw
econ.ncku.edu.tw
economics.ncku.edu.tw
ed.ncku.edu.tw
edoc.ncku.edu.tw
ee.ncku.edu.tw
eecs.ncku.edu.tw
eimd.ncku.edu.tw
elunch.ncku.edu.tw
email.ncku.edu.tw
emba.ncku.edu.tw
emgp.ncku.edu.tw
emotors.ncku.edu.tw
emrc.ncku.edu.tw
eng.ncku.edu.tw
ennews-secr.ncku.edu.tw
ent-med.ncku.edu.tw
epsh.ncku.edu.tw
erg.ncku.edu.tw
ermrc.ncku.edu.tw
es.ncku.edu.tw
estat.ncku.edu.tw
etpc.ncku.edu.tw
ev.ncku.edu.tw
evs.ncku.edu.tw
extension.ncku.edu.tw
fintech.ncku.edu.tw
firstaid.ncku.edu.tw
flc.ncku.edu.tw
flld.ncku.edu.tw
fmri.ncku.edu.tw
fs.ncku.edu.tw
gcbme2024.ncku.edu.tw
ge.ncku.edu.tw
geodac.ncku.edu.tw
geomatics.ncku.edu.tw
gis.ncku.edu.tw
giw2020.ncku.edu.tw
gloria.ncku.edu.tw
gm-med.ncku.edu.tw
grad-osa.ncku.edu.tw
grad.ncku.edu.tw
grrc.ncku.edu.tw
gs.ncku.edu.tw
gym.ncku.edu.tw
health-epsh.ncku.edu.tw
higem.ncku.edu.tw
his.ncku.edu.tw
hmsstc.ncku.edu.tw
hosp.ncku.edu.tw
housing-osa.ncku.edu.tw
hpc.ncku.edu.tw
hsm.ncku.edu.tw
hyd.ncku.edu.tw
i.ncku.edu.tw
iaa.ncku.edu.tw
ib.ncku.edu.tw
ibdpe.ncku.edu.tw
ibms.ncku.edu.tw
ica.ncku.edu.tw
icamp.ncku.edu.tw
icem15.ncku.edu.tw
icid.ncku.edu.tw
icim.ncku.edu.tw
icmmed.ncku.edu.tw
icsdsa.ncku.edu.tw
id.ncku.edu.tw
idc-ord.ncku.edu.tw
ide.ncku.edu.tw
idp.ncku.edu.tw
iim.ncku.edu.tw
iisd-oia.ncku.edu.tw
im.ncku.edu.tw
imba.ncku.edu.tw
ime.ncku.edu.tw
imis.ncku.edu.tw
imm-med.ncku.edu.tw
imrc.ncku.edu.tw
inhmm.ncku.edu.tw
innovation.ncku.edu.tw
investments.ncku.edu.tw
iog.ncku.edu.tw
iom.ncku.edu.tw
iotma.ncku.edu.tw
ipc2011.ncku.edu.tw
ir-ord.ncku.edu.tw
ircmmc.ncku.edu.tw
ird-oia.ncku.edu.tw
irdd-ord.ncku.edu.tw
isad-oia.ncku.edu.tw
isaps.ncku.edu.tw
isce.ncku.edu.tw
isdc.ncku.edu.tw
isgnss2016.ncku.edu.tw
isse.ncku.edu.tw
iteach.ncku.edu.tw
itps.ncku.edu.tw
iwrr.ncku.edu.tw
kclc.ncku.edu.tw
law.ncku.edu.tw
lib.ncku.edu.tw
liberal.ncku.edu.tw
lsprc.ncku.edu.tw
machineshop.ncku.edu.tw
mail.ncku.edu.tw
main-oga.ncku.edu.tw
manage-oga.ncku.edu.tw
management.ncku.edu.tw
mapd.ncku.edu.tw
material.ncku.edu.tw
math.ncku.edu.tw
mdic.ncku.edu.tw
me.ncku.edu.tw
med.ncku.edu.tw
medicine.ncku.edu.tw
medlib.ncku.edu.tw
micimmun.ncku.edu.tw
miinstore.ncku.edu.tw
military-osa.ncku.edu.tw
mmc.ncku.edu.tw
mms2.ncku.edu.tw
moodle.ncku.edu.tw
mp.ncku.edu.tw
mse.ncku.edu.tw
mss.ncku.edu.tw
mt.ncku.edu.tw
museum.ncku.edu.tw
myapp.ncku.edu.tw
mybox.ncku.edu.tw
myidp.ncku.edu.tw
mytube.ncku.edu.tw
nano.ncku.edu.tw
nckubikefestival.ncku.edu.tw
nckuca.ncku.edu.tw
nckumoocs.ncku.edu.tw
nckusec.ncku.edu.tw
nckusr2.ncku.edu.tw
nckutree.ncku.edu.tw
ncts.ncku.edu.tw
neuro-med.ncku.edu.tw
news-secr.ncku.edu.tw
nlearning.ncku.edu.tw
nm-med.ncku.edu.tw
nugasys.ncku.edu.tw
nursing.ncku.edu.tw
nusantara.ncku.edu.tw
oasis.ncku.edu.tw
obsgyn-med.ncku.edu.tw
oga.ncku.edu.tw
oia.ncku.edu.tw
oiagcac.ncku.edu.tw
ophth-med.ncku.edu.tw
ord.ncku.edu.tw
ordc.ncku.edu.tw
ortho-med.ncku.edu.tw
osa.ncku.edu.tw
osp.ncku.edu.tw
ossd.ncku.edu.tw
ot.ncku.edu.tw
phone.ncku.edu.tw
phys.ncku.edu.tw
polsci.ncku.edu.tw
psychology.ncku.edu.tw
researchvismap.ncku.edu.tw
science.ncku.edu.tw
sdg.ncku.edu.tw
secr.ncku.edu.tw
sname.ncku.edu.tw
sportslab.ncku.edu.tw
sso2.ncku.edu.tw
stat.ncku.edu.tw
tcm.ncku.edu.tw
test.ncku.edu.tw
testbed.ncku.edu.tw
thl.ncku.edu.tw
top.ncku.edu.tw
tpbna.ncku.edu.tw
twisc.ncku.edu.tw
twl.ncku.edu.tw
ufo.ncku.edu.tw
up.ncku.edu.tw
ur.ncku.edu.tw
vp.ncku.edu.tw
web.ncku.edu.tw
web2.ncku.edu.tw
web3.ncku.edu.tw
wpeiic.ncku.edu.tw

總共找到 295 個獨特的次級網域。

已寫入 log 檔：shodan_ncku.edu.tw_2025-10-30_03-36-53.log
