
正在查詢 ncku.edu.tw 的子網域（抓取所有分頁）...

=== Shodan 原始 JSON（合併所有頁） ===
{
  "domain": "ncku.edu.tw",
  "tags": [
    "dmarc",
    "google-verified",
    "microsoft-office-365",
    "spf"
  ],
  "data": [
    {
      "subdomain": "",
      "type": "A",
      "options": {
        "ttl": 13232
      },
      "value": "140.116.229.1",
      "last_seen": "2025-10-30T03:57:30.022000"
    },
    {
      "subdomain": "110niag",
      "type": "A",
      "options": {
        "ttl": 21600
      },
      "value": "211.72.55.47",
      "last_seen": "2025-10-30T03:57:30.332000"
    },
    {
      "subdomain": "118.ices.csie",
      "type": "A",
      "options": {
        "ttl": 3598
      },
      "value": "140.116.245.118",
      "last_seen": "2025-10-30T03:57:34.919000"
    },
    {
      "subdomain": "123.ices.csie",
      "type": "A",
      "options": {
        "ttl": 3600
      },
      "value": "140.116.245.123",
      "last_seen": "2025-10-30T03:57:30.403000"
    },
    {
      "subdomain": "2012cit",
      "type": "A",
      "options": {
        "ttl": 21599
      },
      "value": "140.116.97.20",
      "last_seen": "2025-10-30T03:57:32.742000"
    },
    {
      "subdomain": "2017web.bio",
      "type": "A",
      "options": {
        "ttl": 21600
      },
      "value": "140.116.249.102",
      "last_seen": "2025-10-30T03:57:30.618000"
    },
    {
      "subdomain": "2020.arch",
      "type": "A",
      "options": {
        "ttl": 21600
      },
      "value": "103.17.11.108",
      "last_seen": "2025-10-30T03:57:30.025000"
    },
    {
      "subdomain": "2022biocas-preworkshop.csie",
      "type": "A",
      "options": {
        "ttl": 3600
      },
      "value": "140.116.246.29",
      "last_seen": "2025-10-30T03:57:31.491000"
    },
    {
      "subdomain": "2030.sdg",
      "type": "A",
      "options": {
        "ttl": 21600
      },
      "value": "140.116.249.217",
      "last_seen": "2025-10-30T03:57:31.383000"
    },
    {
      "subdomain": "3cp-jasmine.polsci",
      "type": "A",
      "options": {
        "ttl": 21600
      },
      "value": "140.116.182.70",
      "last_seen": "2025-10-30T03:57:30.175000"
    },
    {
      "subdomain": "3emovie",
      "type": "A",
      "options": {
        "ttl": 21600
      },
      "value": "203.74.202.50",
      "last_seen": "2025-10-30T03:57:30.582000"
    },
    {
      "subdomain": "3rs.deoh",
      "type": "A",
      "options": {
        "ttl": 21600
      },
      "value": "103.129.178.182",
      "last_seen": "2025-10-30T03:57:30.174000"
    },
    {
      "subdomain": "85th",
      "type": "A",
      "options": {
        "ttl": 21600
      },
      "value": "140.116.165.75",
      "last_seen": "2025-10-30T03:57:31.476000"
    },
    {
      "subdomain": "90th",
      "type": "A",
      "options": {
        "ttl": 15691
      },
      "value": "140.116.249.106",
      "last_seen": "2025-10-30T03:57:30.576000"
    },
    {
      "subdomain": "aaa",
      "type": "A",
      "options": {
        "ttl": 21600
      },
      "value": "140.116.19.6",
      "last_seen": "2025-10-30T03:57:32.385000"
    },
    {
      "subdomain": "aaa",
      "type": "A",
      "options": {
        "ttl": 21600
      },
      "value": "140.116.19.7",
      "last_seen": "2025-10-30T03:57:32.385000"
    },
    {
      "subdomain": "aaa1",
      "type": "A",
      "options": {
        "ttl": 21600
      },
      "value": "140.116.19.6",
      "last_seen": "2025-10-30T03:57:31.525000"
    },
    {
      "subdomain": "aaa2",
      "type": "A",
      "options": {
        "ttl": 21600
      },
      "value": "140.116.19.7",
      "last_seen": "2025-10-30T03:57:30.579000"
    },
    {
      "subdomain": "aacsb.management",
      "type": "A",
      "options": {
        "ttl": 20133
      },
      "value": "140.116.50.12",
      "last_seen": "2025-10-30T03:57:30.522000"
    },
    {
      "subdomain": "aatl-signer-backend.netdb.csie",
      "type": "A",
      "options": {
        "ttl": 3600
      },
      "value": "140.116.247.125",
      "last_seen": "2025-10-30T03:57:29.978000"
    },
    {
      "subdomain": "aatl.netdb.csie",
      "type": "A",
      "options": {
        "ttl": 3600
      },
      "value": "140.116.247.125",
      "last_seen": "2025-10-30T03:57:30.643000"
    },
    {
      "subdomain": "abcd123.ee",
      "type": "A",
      "options": {
        "ttl": 60
      },
      "value": "140.116.177.50",
      "last_seen": "2025-10-30T03:57:30.716000"
    },
    {
      "subdomain": "abcd123.ee",
      "type": "A",
      "options": {
        "ttl": 60
      },
      "value": "140.116.216.50",
      "last_seen": "2025-10-30T03:57:30.716000"
    },
    {
      "subdomain": "acad",
      "type": "A",
      "options": {
        "ttl": 21600
      },
      "value": "140.116.248.21",
      "last_seen": "2025-10-30T03:57:30.950000"
    },
    {
      "subdomain": "acad-oxf",
      "type": "A",
      "options": {
        "ttl": 21600
      },
      "value": "103.118.26.155",
      "last_seen": "2025-10-30T03:57:30.577000"
    },
    {
      "subdomain": "acc.adm",
      "type": "A",
      "options": {
        "ttl": 21599
      },
      "value": "140.116.248.11",
      "last_seen": "2025-10-30T03:57:34.570000"
    },
    {
      "subdomain": "acco",
      "type": "A",
      "options": {
        "ttl": 21600
      },
      "value": "140.116.248.21",
      "last_seen": "2025-10-30T03:57:30.563000"
    },
    {
      "subdomain": "accs.adm",
      "type": "A",
      "options": {
        "ttl": 21600
      },
      "value": "140.116.248.11",
      "last_seen": "2025-10-30T03:57:31.634000"
    },
    {
      "subdomain": "acesanalysis.researchvismap",
      "type": "A",
      "options": {
        "ttl": 21600
      },
      "value": "140.116.249.46",
      "last_seen": "2025-10-30T03:57:30.175000"
    },
    {
      "subdomain": "acm.netdb.csie",
      "type": "A",
      "options": {
        "ttl": 3600
      },
      "value": "140.116.247.125",
      "last_seen": "2025-10-30T03:57:32.281000"
    },
    {
      "subdomain": "activity",
      "type": "A",
      "options": {
        "ttl": 21600
      },
      "value": "140.116.249.41",
      "last_seen": "2025-10-30T03:57:31.639000"
    },
    {
      "subdomain": "activity-osa",
      "type": "A",
      "options": {
        "ttl": 21600
      },
      "value": "140.116.248.21",
      "last_seen": "2025-10-30T03:57:30.176000"
    },
    {
      "subdomain": "activity.osa",
      "type": "A",
      "options": {
        "ttl": 21599
      },
      "value": "140.116.248.21",
      "last_seen": "2025-10-30T03:57:30.398000"
    },
    {
      "subdomain": "ad.lib",
      "type": "A",
      "options": {
        "ttl": 60
      },
      "value": "140.116.207.35",
      "last_seen": "2025-10-30T03:57:34.452000"
    },
    {
      "subdomain": "adhelp.ee",
      "type": "A",
      "options": {
        "ttl": 60
      },
      "value": "140.116.177.31",
      "last_seen": "2025-10-30T03:57:30.506000"
    },
    {
      "subdomain": "admin.fmri",
      "type": "A",
      "options": {
        "ttl": 39082
      },
      "value": "140.116.252.100",
      "last_seen": "2025-10-30T03:57:30.595000"
    },
    {
      "subdomain": "admin.gym",
      "type": "A",
      "options": {
        "ttl": 21600
      },
      "value": "140.116.206.180",
      "last_seen": "2025-10-30T03:57:30.159000"
    },
    {
      "subdomain": "admissions.oia",
      "type": "A",
      "options": {
        "ttl": 62523
      },
      "value": "140.116.249.222",
      "last_seen": "2025-10-30T03:57:32.497000"
    },
    {
      "subdomain": "adms-acad",
      "type": "A",
      "options": {
        "ttl": 3146
      },
      "value": "140.116.248.21",
      "last_seen": "2025-10-30T03:57:30.647000"
    },
    {
      "subdomain": "adms.acad",
      "type": "A",
      "options": {
        "ttl": 17079
      },
      "value": "140.116.248.21",
      "last_seen": "2025-10-30T03:57:29.999000"
    },
    {
      "subdomain": "aeolab04.ee",
      "type": "A",
      "options": {
        "ttl": 60
      },
      "value": "140.116.216.196",
      "last_seen": "2025-10-30T03:57:29.977000"
    },
    {
      "subdomain": "aerosol.ev",
      "type": "A",
      "options": {
        "ttl": 21600
      },
      "value": "140.116.44.179",
      "last_seen": "2025-10-30T03:57:30.567000"
    },
    {
      "subdomain": "ahpnd.researchvismap",
      "type": "A",
      "options": {
        "ttl": 21600
      },
      "value": "140.116.249.46",
      "last_seen": "2025-10-30T03:57:30.565000"
    },
    {
      "subdomain": "ahs",
      "type": "A",
      "options": {
        "ttl": 21600
      },
      "value": "140.116.248.21",
      "last_seen": "2025-10-30T03:57:30.689000"
    },
    {
      "subdomain": "ai.csie",
      "type": "A",
      "options": {
        "ttl": 3600
      },
      "value": "140.116.246.7",
      "last_seen": "2025-10-30T03:57:30.529000"
    },
    {
      "subdomain": "ai4dt.ee",
      "type": "A",
      "options": {
        "ttl": 60
      },
      "value": "140.116.56.60",
      "last_seen": "2025-10-30T03:57:34.481000"
    },
    {
      "subdomain": "aibmrc.csie",
      "type": "A",
      "options": {
        "ttl": 3600
      },
      "value": "140.116.246.197",
      "last_seen": "2025-10-30T03:57:30.527000"
    },
    {
      "subdomain": "aiediting.cc",
      "type": "A",
      "options": {
        "ttl": 21600
      },
      "value": "140.116.241.243",
      "last_seen": "2025-10-30T03:57:30.689000"
    },
    {
      "subdomain": "aiforum2018.csie",
      "type": "A",
      "options": {
        "ttl": 3600
      },
      "value": "140.116.245.100",
      "last_seen": "2025-10-30T03:57:31.068000"
    },
    {
      "subdomain": "aigp",
      "type": "A",
      "options": {
        "ttl": 21600
      },
      "value": "140.116.248.21",
      "last_seen": "2025-10-30T03:57:30.522000"
    },
    {
      "subdomain": "aim",
      "type": "A",
      "options": {
        "ttl": 21600
      },
      "value": "140.116.248.21",
      "last_seen": "2025-10-30T03:57:30.290000"
    },
    {
      "subdomain": "aim1.aic",
      "type": "A",
      "options": {
        "ttl": 21600
      },
      "value": "140.116.240.146",
      "last_seen": "2025-10-30T03:57:30.590000"
    },
    {
      "subdomain": "aim2.aic",
      "type": "A",
      "options": {
        "ttl": 21599
      },
      "value": "140.116.240.147",
      "last_seen": "2025-10-30T03:57:30.395000"
    },
    {
      "subdomain": "aimldesignofmm.researchvismap",
      "type": "A",
      "options": {
        "ttl": 21600
      },
      "value": "140.116.249.46",
      "last_seen": "2025-10-30T03:57:30.146000"
    },
    {
      "subdomain": "aionchip.computing",
      "type": "A",
      "options": {
        "ttl": 21600
      },
      "value": "140.116.223.23",
      "last_seen": "2025-10-30T03:57:33.227000"
    },
    {
      "subdomain": "airpro.researchvismap",
      "type": "A",
      "options": {
        "ttl": 21600
      },
      "value": "140.116.249.46",
      "last_seen": "2025-10-30T03:57:30.206000"
    },
    {
      "subdomain": "ais2m",
      "type": "A",
      "options": {
        "ttl": 21600
      },
      "value": "35.187.147.222",
      "last_seen": "2025-10-30T03:57:31.071000"
    },
    {
      "subdomain": "aislab.ee",
      "type": "A",
      "options": {
        "ttl": 21600
      },
      "value": "140.116.178.170",
      "last_seen": "2025-10-30T03:57:31.523000"
    },
    {
      "subdomain": "aislabcourse.ee",
      "type": "A",
      "options": {
        "ttl": 60
      },
      "value": "140.116.178.171",
      "last_seen": "2025-10-30T03:57:30.565000"
    },
    {
      "subdomain": "aislabnas.ee",
      "type": "A",
      "options": {
        "ttl": 60
      },
      "value": "140.116.178.163",
      "last_seen": "2025-10-30T03:57:30.709000"
    },
    {
      "subdomain": "aitc",
      "type": "A",
      "options": {
        "ttl": 21600
      },
      "value": "140.116.249.181",
      "last_seen": "2025-10-30T03:57:33.141000"
    },
    {
      "subdomain": "algaepath.itps",
      "type": "A",
      "options": {
        "ttl": 21600
      },
      "value": "140.116.56.84",
      "last_seen": "2025-10-30T03:57:31.677000"
    },
    {
      "subdomain": "algorithm.csie",
      "type": "A",
      "options": {
        "ttl": 3600
      },
      "value": "140.116.82.66",
      "last_seen": "2025-10-30T03:57:31.689000"
    },
    {
      "subdomain": "alumni",
      "type": "A",
      "options": {
        "ttl": 11043
      },
      "value": "140.116.248.21",
      "last_seen": "2025-10-30T03:57:30.095000"
    },
    {
      "subdomain": "alumni.acc",
      "type": "A",
      "options": {
        "ttl": 21600
      },
      "value": "59.125.33.48",
      "last_seen": "2025-10-30T03:57:30.658000"
    },
    {
      "subdomain": "alumni.bme",
      "type": "A",
      "options": {
        "ttl": 21600
      },
      "value": "60.249.215.120",
      "last_seen": "2025-10-30T03:57:30.599000"
    },
    {
      "subdomain": "alumni.dps",
      "type": "A",
      "options": {
        "ttl": 300
      },
      "value": "61.61.82.65",
      "last_seen": "2025-10-30T03:57:30.074000"
    },
    {
      "subdomain": "alumni.flld",
      "type": "A",
      "options": {
        "ttl": 21600
      },
      "value": "140.116.12.2",
      "last_seen": "2025-10-30T03:57:34.327000"
    },
    {
      "subdomain": "alumni.me",
      "type": "A",
      "options": {
        "ttl": 21600
      },
      "value": "140.116.31.35",
      "last_seen": "2025-10-30T03:57:32.285000"
    },
    {
      "subdomain": "alumni.sname",
      "type": "A",
      "options": {
        "ttl": 21600
      },
      "value": "140.116.85.236",
      "last_seen": "2025-10-30T03:57:30.279000"
    },
    {
      "subdomain": "alumni1.me",
      "type": "A",
      "options": {
        "ttl": 21600
      },
      "value": "140.116.31.27",
      "last_seen": "2025-10-30T03:57:30.103000"
    },
    {
      "subdomain": "alzcovid.researchvismap",
      "type": "A",
      "options": {
        "ttl": 21600
      },
      "value": "140.116.249.46",
      "last_seen": "2025-10-30T03:57:31.657000"
    },
    {
      "subdomain": "amba",
      "type": "A",
      "options": {
        "ttl": 21600
      },
      "value": "140.116.248.21",
      "last_seen": "2025-10-30T03:57:30.711000"
    },
    {
      "subdomain": "amd05.ee",
      "type": "A",
      "options": {
        "ttl": 60
      },
      "value": "140.116.178.37",
      "last_seen": "2025-10-30T03:57:30.519000"
    },
    {
      "subdomain": "ampl.me",
      "type": "A",
      "options": {
        "ttl": 21600
      },
      "value": "140.116.31.35",
      "last_seen": "2025-10-30T03:57:30.644000"
    },
    {
      "subdomain": "anatomy",
      "type": "A",
      "options": {
        "ttl": 21599
      },
      "value": "140.116.248.21",
      "last_seen": "2025-10-30T03:57:30.479000"
    },
    {
      "subdomain": "ancient.lib",
      "type": "A",
      "options": {
        "ttl": 60
      },
      "value": "140.116.207.31",
      "last_seen": "2025-10-30T03:57:30.582000"
    },
    {
      "subdomain": "anesth-med",
      "type": "A",
      "options": {
        "ttl": 86400
      },
      "value": "140.116.248.21",
      "last_seen": "2025-10-30T03:57:30.386000"
    },
    {
      "subdomain": "animal",
      "type": "A",
      "options": {
        "ttl": 21600
      },
      "value": "140.116.248.21",
      "last_seen": "2025-10-30T03:57:31.156000"
    },
    {
      "subdomain": "ann",
      "type": "A",
      "options": {
        "ttl": 21600
      },
      "value": "140.116.248.21",
      "last_seen": "2025-10-30T03:57:29.988000"
    },
    {
      "subdomain": "ann.web",
      "type": "A",
      "options": {
        "ttl": 21600
      },
      "value": "140.116.248.21",
      "last_seen": "2025-10-30T03:57:30.944000"
    },
    {
      "subdomain": "antiapoptoticproteinsautophagy.researchvismap",
      "type": "A",
      "options": {
        "ttl": 21600
      },
      "value": "140.116.249.46",
      "last_seen": "2025-10-30T03:57:30.516000"
    },
    {
      "subdomain": "antispam",
      "type": "A",
      "options": {
        "ttl": 21600
      },
      "value": "140.116.229.120",
      "last_seen": "2025-10-30T03:57:29.999000"
    },
    {
      "subdomain": "antispam.hosp",
      "type": "A",
      "options": {
        "ttl": 721
      },
      "value": "120.114.248.23",
      "last_seen": "2025-10-30T03:57:30.403000"
    },
    {
      "subdomain": "antispam1.hosp",
      "type": "A",
      "options": {
        "ttl": 3600
      },
      "value": "140.116.59.236",
      "last_seen": "2025-10-30T03:57:31.649000"
    },
    {
      "subdomain": "ap.geomatics",
      "type": "A",
      "options": {
        "ttl": 3600
      },
      "value": "140.116.80.1",
      "last_seen": "2025-10-30T03:57:30.170000"
    },
    {
      "subdomain": "api.deh.csie",
      "type": "A",
      "options": {
        "ttl": 3600
      },
      "value": "140.116.82.138",
      "last_seen": "2025-10-30T03:57:30.438000"
    },
    {
      "subdomain": "api.experience.ctld",
      "type": "A",
      "options": {
        "ttl": 86400
      },
      "value": "140.116.249.243",
      "last_seen": "2025-10-30T03:57:34.141000"
    },
    {
      "subdomain": "api.fmri",
      "type": "A",
      "options": {
        "ttl": 21600
      },
      "value": "140.116.252.100",
      "last_seen": "2025-10-30T03:57:30.589000"
    },
    {
      "subdomain": "api.gym",
      "type": "A",
      "options": {
        "ttl": 21600
      },
      "value": "140.116.206.180",
      "last_seen": "2025-10-30T03:57:30.523000"
    },
    {
      "subdomain": "api.ksc.im",
      "type": "A",
      "options": {
        "ttl": 3600
      },
      "value": "140.116.99.141",
      "last_seen": "2025-10-30T03:57:30.581000"
    },
    {
      "subdomain": "api.nckupass.ctld",
      "type": "A",
      "options": {
        "ttl": 21600
      },
      "value": "140.116.249.243",
      "last_seen": "2025-10-30T03:57:33.164000"
    },
    {
      "subdomain": "api.netdb.csie",
      "type": "A",
      "options": {
        "ttl": 3599
      },
      "value": "140.116.247.125",
      "last_seen": "2025-10-30T03:57:31.287000"
    },
    {
      "subdomain": "apmr.management",
      "type": "A",
      "options": {
        "ttl": 21600
      },
      "value": "140.116.50.63",
      "last_seen": "2025-10-30T03:57:31.698000"
    },
    {
      "subdomain": "app-fun.cc",
      "type": "A",
      "options": {
        "ttl": 21600
      },
      "value": "140.116.165.81",
      "last_seen": "2025-10-30T03:57:29.989000"
    },
    {
      "subdomain": "app.fintech",
      "type": "A",
      "options": {
        "ttl": 21600
      },
      "value": "140.116.17.233",
      "last_seen": "2025-10-30T03:57:30.291000"
    },
    {
      "subdomain": "app.lib",
      "type": "A",
      "options": {
        "ttl": 60
      },
      "value": "140.116.207.50",
      "last_seen": "2025-10-30T03:57:30.169000"
    },
    {
      "subdomain": "app2013.cc",
      "type": "A",
      "options": {
        "ttl": 21600
      },
      "value": "140.116.249.198",
      "last_seen": "2025-10-30T03:57:31.534000"
    },
    {
      "subdomain": "apply.aic",
      "type": "A",
      "options": {
        "ttl": 21600
      },
      "value": "140.116.241.243",
      "last_seen": "2025-10-30T03:57:31.670000"
    },
    {
      "subdomain": "apply.cc",
      "type": "A",
      "options": {
        "ttl": 21600
      },
      "value": "140.116.249.246",
      "last_seen": "2025-10-30T03:57:31.638000"
    },
    {
      "subdomain": "appointment.dev.netdb.csie",
      "type": "A",
      "options": {
        "ttl": 3600
      },
      "value": "140.116.247.125",
      "last_seen": "2025-10-30T03:57:32.766000"
    },
    {
      "subdomain": "arch",
      "type": "A",
      "options": {
        "ttl": 21600
      },
      "value": "103.17.11.108",
      "last_seen": "2025-10-30T03:57:30.666000"
    },
    {
      "subdomain": "archaeology",
      "type": "A",
      "options": {
        "ttl": 15692
      },
      "value": "140.116.248.21",
      "last_seen": "2025-10-30T03:57:30.194000"
    },
    {
      "subdomain": "archimedes.ee",
      "type": "A",
      "options": {
        "ttl": 60
      },
      "value": "140.116.216.123",
      "last_seen": "2025-10-30T03:57:29.988000"
    },
    {
      "subdomain": "archives.arch",
      "type": "A",
      "options": {
        "ttl": 21600
      },
      "value": "140.116.37.41",
      "last_seen": "2025-10-30T03:57:30.593000"
    },
    {
      "subdomain": "archives.museum",
      "type": "A",
      "options": {
        "ttl": 21600
      },
      "value": "140.116.249.49",
      "last_seen": "2025-10-30T03:57:30.614000"
    },
    {
      "subdomain": "arguidedcaul.researchvismap",
      "type": "A",
      "options": {
        "ttl": 21600
      },
      "value": "140.116.249.46",
      "last_seen": "2025-10-30T03:57:30.438000"
    },
    {
      "subdomain": "aris2022",
      "type": "A",
      "options": {
        "ttl": 21600
      },
      "value": "140.116.215.75",
      "last_seen": "2025-10-30T03:57:30.103000"
    },
    {
      "subdomain": "aristolochia.researchvismap",
      "type": "A",
      "options": {
        "ttl": 21600
      },
      "value": "140.116.249.46",
      "last_seen": "2025-10-30T03:57:29.976000"
    },
    {
      "subdomain": "art",
      "type": "A",
      "options": {
        "ttl": 21600
      },
      "value": "140.116.248.21",
      "last_seen": "2025-10-30T03:57:32.279000"
    },
    {
      "subdomain": "artcenter",
      "type": "A",
      "options": {
        "ttl": 21600
      },
      "value": "140.116.248.21",
      "last_seen": "2025-10-30T03:57:30.645000"
    },
    {
      "subdomain": "artrtreatmentofataad.researchvismap",
      "type": "A",
      "options": {
        "ttl": 21600
      },
      "value": "140.116.249.46",
      "last_seen": "2025-10-30T03:57:30.635000"
    },
    {
      "subdomain": "asas.ee",
      "type": "A",
      "options": {
        "ttl": 60
      },
      "value": "140.116.216.49",
      "last_seen": "2025-10-30T03:57:30.687000"
    },
    {
      "subdomain": "asem.me",
      "type": "A",
      "options": {
        "ttl": 21600
      },
      "value": "140.116.31.35",
      "last_seen": "2025-10-30T03:57:31.534000"
    },
    {
      "subdomain": "asiclab10.ee",
      "type": "A",
      "options": {
        "ttl": 60
      },
      "value": "140.116.187.217",
      "last_seen": "2025-10-30T03:57:31.806000"
    },
    {
      "subdomain": "assistance-osa",
      "type": "A",
      "options": {
        "ttl": 21600
      },
      "value": "140.116.248.21",
      "last_seen": "2025-10-30T03:57:30.811000"
    },
    {
      "subdomain": "assistance.osa",
      "type": "A",
      "options": {
        "ttl": 21600
      },
      "value": "140.116.248.21",
      "last_seen": "2025-10-30T03:57:30.767000"
    },
    {
      "subdomain": "astrc",
      "type": "A",
      "options": {
        "ttl": 21600
      },
      "value": "140.116.248.21",
      "last_seen": "2025-10-30T03:57:30.586000"
    },
    {
      "subdomain": "atmirnet.itps",
      "type": "A",
      "options": {
        "ttl": 15693
      },
      "value": "140.116.56.82",
      "last_seen": "2025-10-30T03:57:29.989000"
    },
    {
      "subdomain": "atp.ee",
      "type": "A",
      "options": {
        "ttl": 60
      },
      "value": "140.116.177.131",
      "last_seen": "2025-10-30T03:57:32.509000"
    },
    {
      "subdomain": "atpan.itps",
      "type": "A",
      "options": {
        "ttl": 21600
      },
      "value": "140.116.56.178",
      "last_seen": "2025-10-30T03:57:30.661000"
    },
    {
      "subdomain": "autobind.csie",
      "type": "A",
      "options": {
        "ttl": 3600
      },
      "value": "140.116.247.185",
      "last_seen": "2025-10-30T03:57:30.145000"
    },
    {
      "subdomain": "autophagynmstox.researchvismap",
      "type": "A",
      "options": {
        "ttl": 21600
      },
      "value": "140.116.249.46",
      "last_seen": "2025-10-30T03:57:30.501000"
    },
    {
      "subdomain": "avs.medlib",
      "type": "A",
      "options": {
        "ttl": 21600
      },
      "value": "140.116.60.129",
      "last_seen": "2025-10-30T03:57:30.727000"
    },
    {
      "subdomain": "awat.ee",
      "type": "A",
      "options": {
        "ttl": 60
      },
      "value": "140.116.164.203",
      "last_seen": "2025-10-30T03:57:30.603000"
    },
    {
      "subdomain": "ba",
      "type": "A",
      "options": {
        "ttl": 15691
      },
      "value": "140.116.248.21",
      "last_seen": "2025-10-30T03:57:30.420000"
    },
    {
      "subdomain": "bb",
      "type": "A",
      "options": {
        "ttl": 21600
      },
      "value": "140.116.248.21",
      "last_seen": "2025-10-30T03:57:33.056000"
    },
    {
      "subdomain": "bbb.moodle",
      "type": "A",
      "options": {
        "ttl": 21600
      },
      "value": "140.116.249.20",
      "last_seen": "2025-10-30T03:57:30.100000"
    },
    {
      "subdomain": "bbb2.moodle",
      "type": "A",
      "options": {
        "ttl": 21600
      },
      "value": "140.116.249.21",
      "last_seen": "2025-10-30T03:57:31.859000"
    },
    {
      "subdomain": "bbb3.moodle",
      "type": "A",
      "options": {
        "ttl": 21600
      },
      "value": "140.116.249.22",
      "last_seen": "2025-10-30T03:57:30.104000"
    },
    {
      "subdomain": "bbb4.moodle",
      "type": "A",
      "options": {
        "ttl": 21600
      },
      "value": "140.116.249.23",
      "last_seen": "2025-10-30T03:57:31.699000"
    },
    {
      "subdomain": "bbb5.moodle",
      "type": "A",
      "options": {
        "ttl": 21600
      },
      "value": "140.116.249.24",
      "last_seen": "2025-10-30T03:57:30.646000"
    },
    {
      "subdomain": "bbb6.moodle",
      "type": "A",
      "options": {
        "ttl": 86400
      },
      "value": "140.116.249.25",
      "last_seen": "2025-10-30T03:57:32.775000"
    },
    {
      "subdomain": "bbb7.moodle",
      "type": "A",
      "options": {
        "ttl": 21600
      },
      "value": "140.116.249.26",
      "last_seen": "2025-10-30T03:57:30.521000"
    },
    {
      "subdomain": "bbb8.moodle",
      "type": "A",
      "options": {
        "ttl": 21600
      },
      "value": "140.116.249.27",
      "last_seen": "2025-10-30T03:57:29.999000"
    },
    {
      "subdomain": "bbb9.moodle",
      "type": "A",
      "options": {
        "ttl": 21600
      },
      "value": "140.116.249.28",
      "last_seen": "2025-10-30T03:57:32.938000"
    },
    {
      "subdomain": "bbs.ccns",
      "type": "A",
      "options": {
        "ttl": 60
      },
      "value": "140.116.249.140",
      "last_seen": "2025-10-30T03:57:30.888000"
    },
    {
      "subdomain": "bclab.arch",
      "type": "A",
      "options": {
        "ttl": 21600
      },
      "value": "140.116.76.94",
      "last_seen": "2025-10-30T03:57:30.612000"
    },
    {
      "subdomain": "beethoven.ee",
      "type": "A",
      "options": {
        "ttl": 60
      },
      "value": "140.116.156.90",
      "last_seen": "2025-10-30T03:57:30.595000"
    },
    {
      "subdomain": "behmed",
      "type": "A",
      "options": {
        "ttl": 21600
      },
      "value": "140.116.248.21",
      "last_seen": "2025-10-30T03:57:30.438000"
    },
    {
      "subdomain": "belab.ee",
      "type": "A",
      "options": {
        "ttl": 60
      },
      "value": "140.116.157.168",
      "last_seen": "2025-10-30T03:57:31.894000"
    },
    {
      "subdomain": "berserk.phys",
      "type": "A",
      "options": {
        "ttl": 21600
      },
      "value": "140.116.91.132",
      "last_seen": "2025-10-30T03:57:30.504000"
    },
    {
      "subdomain": "bestemi",
      "type": "A",
      "options": {
        "ttl": 21600
      },
      "value": "103.118.26.155",
      "last_seen": "2025-10-30T03:57:30.593000"
    },
    {
      "subdomain": "bi.im",
      "type": "A",
      "options": {
        "ttl": 3600
      },
      "value": "140.116.99.15",
      "last_seen": "2025-10-30T03:57:30.576000"
    },
    {
      "subdomain": "biochem",
      "type": "A",
      "options": {
        "ttl": 21600
      },
      "value": "140.116.248.21",
      "last_seen": "2025-10-30T03:57:29.977000"
    },
    {
      "subdomain": "bioethanolmah.researchvismap",
      "type": "A",
      "options": {
        "ttl": 21600
      },
      "value": "140.116.249.46",
      "last_seen": "2025-10-30T03:57:31.288000"
    },
    {
      "subdomain": "bioimage.med",
      "type": "A",
      "options": {
        "ttl": 21600
      },
      "value": "103.118.26.155",
      "last_seen": "2025-10-30T03:57:31.714000"
    },
    {
      "subdomain": "biomarkerbacterialviralinfection.researchvismap",
      "type": "A",
      "options": {
        "ttl": 21600
      },
      "value": "140.116.249.46",
      "last_seen": "2025-10-30T03:57:30.560000"
    },
    {
      "subdomain": "biomasstorrefaction.researchvismap",
      "type": "A",
      "options": {
        "ttl": 21600
      },
      "value": "140.116.249.46",
      "last_seen": "2025-10-30T03:57:30.607000"
    },
    {
      "subdomain": "biomethanechar.researchvismap",
      "type": "A",
      "options": {
        "ttl": 21599
      },
      "value": "140.116.249.46",
      "last_seen": "2025-10-30T03:57:30.642000"
    },
    {
      "subdomain": "blue.ee",
      "type": "A",
      "options": {
        "ttl": 60
      },
      "value": "140.116.72.171",
      "last_seen": "2025-10-30T03:57:29.989000"
    },
    {
      "subdomain": "bme",
      "type": "A",
      "options": {
        "ttl": 21600
      },
      "value": "140.116.248.21",
      "last_seen": "2025-10-30T03:57:30.644000"
    },
    {
      "subdomain": "bmilab.csie",
      "type": "A",
      "options": {
        "ttl": 3600
      },
      "value": "140.116.82.83",
      "last_seen": "2025-10-30T03:57:30.880000"
    },
    {
      "subdomain": "bookstack.netdb.csie",
      "type": "A",
      "options": {
        "ttl": 3600
      },
      "value": "140.116.247.125",
      "last_seen": "2025-10-30T03:57:30.983000"
    },
    {
      "subdomain": "boss.testbed",
      "type": "A",
      "options": {
        "ttl": 59
      },
      "value": "140.110.111.10",
      "last_seen": "2025-10-30T03:57:34.015000"
    },
    {
      "subdomain": "brand",
      "type": "A",
      "options": {
        "ttl": 86400
      },
      "value": "140.116.248.4",
      "last_seen": "2025-10-30T03:57:31.735000"
    },
    {
      "subdomain": "brester.ee",
      "type": "A",
      "options": {
        "ttl": 60
      },
      "value": "140.116.92.145",
      "last_seen": "2025-10-30T03:57:31.711000"
    },
    {
      "subdomain": "bruckner.ee",
      "type": "A",
      "options": {
        "ttl": 60
      },
      "value": "140.116.72.160",
      "last_seen": "2025-10-30T03:57:30.844000"
    },
    {
      "subdomain": "bs.netdb.csie",
      "type": "A",
      "options": {
        "ttl": 3600
      },
      "value": "140.116.247.125",
      "last_seen": "2025-10-30T03:57:31.719000"
    },
    {
      "subdomain": "budget.top",
      "type": "A",
      "options": {
        "ttl": 21600
      },
      "value": "140.116.239.242",
      "last_seen": "2025-10-30T03:57:30.584000"
    },
    {
      "subdomain": "buslab.csie",
      "type": "A",
      "options": {
        "ttl": 3600
      },
      "value": "140.116.82.22",
      "last_seen": "2025-10-30T03:57:35.660000"
    },
    {
      "subdomain": "cacerl.ime",
      "type": "A",
      "options": {
        "ttl": 21600
      },
      "value": "140.116.86.7",
      "last_seen": "2025-10-30T03:57:30.681000"
    },
    {
      "subdomain": "cacs2008",
      "type": "A",
      "options": {
        "ttl": 21598
      },
      "value": "140.116.178.26",
      "last_seen": "2025-10-30T03:57:32.855000"
    },
    {
      "subdomain": "cad.csie",
      "type": "A",
      "options": {
        "ttl": 3600
      },
      "value": "140.116.82.250",
      "last_seen": "2025-10-30T03:57:31.735000"
    },
    {
      "subdomain": "cad12.ee",
      "type": "A",
      "options": {
        "ttl": 60
      },
      "value": "140.116.156.221",
      "last_seen": "2025-10-30T03:57:30.559000"
    },
    {
      "subdomain": "cad3.ee",
      "type": "A",
      "options": {
        "ttl": 60
      },
      "value": "140.116.156.80",
      "last_seen": "2025-10-30T03:57:36.777000"
    },
    {
      "subdomain": "cadcam.ime",
      "type": "A",
      "options": {
        "ttl": 21600
      },
      "value": "140.116.86.180",
      "last_seen": "2025-10-30T03:57:31.956000"
    },
    {
      "subdomain": "caelab.me",
      "type": "A",
      "options": {
        "ttl": 21600
      },
      "value": "140.116.71.129",
      "last_seen": "2025-10-30T03:57:30.800000"
    },
    {
      "subdomain": "caid.csie",
      "type": "A",
      "options": {
        "ttl": 3600
      },
      "value": "103.1.220.21",
      "last_seen": "2025-10-30T03:57:30.463000"
    },
    {
      "subdomain": "calc.phys",
      "type": "A",
      "options": {
        "ttl": 21600
      },
      "value": "140.116.22.38",
      "last_seen": "2025-10-30T03:57:30.982000"
    },
    {
      "subdomain": "calendar",
      "type": "A",
      "options": {
        "ttl": 86400
      },
      "value": "140.116.249.160",
      "last_seen": "2025-10-30T03:57:30.950000"
    },
    {
      "subdomain": "calendar.lib",
      "type": "A",
      "options": {
        "ttl": 60
      },
      "value": "140.116.207.190",
      "last_seen": "2025-10-30T03:57:31.744000"
    },
    {
      "subdomain": "camp.csie",
      "type": "A",
      "options": {
        "ttl": 3600
      },
      "value": "140.116.246.90",
      "last_seen": "2025-10-30T03:57:30.412000"
    },
    {
      "subdomain": "campuslife.90th",
      "type": "A",
      "options": {
        "ttl": 86400
      },
      "value": "140.116.249.233",
      "last_seen": "2025-10-30T03:57:30.294000"
    },
    {
      "subdomain": "campusosh.deoh",
      "type": "A",
      "options": {
        "ttl": 21599
      },
      "value": "140.116.249.42",
      "last_seen": "2025-10-30T03:57:30.576000"
    },
    {
      "subdomain": "can",
      "type": "A",
      "options": {
        "ttl": 21600
      },
      "value": "13.94.40.32",
      "last_seen": "2025-10-30T03:57:30.102000"
    },
    {
      "subdomain": "capst",
      "type": "A",
      "options": {
        "ttl": 21600
      },
      "value": "140.116.16.22",
      "last_seen": "2025-10-30T03:57:33.346000"
    },
    {
      "subdomain": "career.osa",
      "type": "A",
      "options": {
        "ttl": 21600
      },
      "value": "140.116.238.213",
      "last_seen": "2025-10-30T03:57:30.645000"
    },
    {
      "subdomain": "career2.osa",
      "type": "A",
      "options": {
        "ttl": 21600
      },
      "value": "140.116.238.201",
      "last_seen": "2025-10-30T03:57:30.208000"
    },
    {
      "subdomain": "career3.osa",
      "type": "A",
      "options": {
        "ttl": 21600
      },
      "value": "140.116.238.164",
      "last_seen": "2025-10-30T03:57:30.291000"
    },
    {
      "subdomain": "carfootprint.researchvismap",
      "type": "A",
      "options": {
        "ttl": 21600
      },
      "value": "140.116.249.46",
      "last_seen": "2025-10-30T03:57:30.646000"
    },
    {
      "subdomain": "carnation.ee",
      "type": "A",
      "options": {
        "ttl": 60
      },
      "value": "140.116.72.186",
      "last_seen": "2025-10-30T03:57:30.508000"
    },
    {
      "subdomain": "cas5.ee",
      "type": "A",
      "options": {
        "ttl": 60
      },
      "value": "140.116.164.225",
      "last_seen": "2025-10-30T03:57:31.528000"
    },
    {
      "subdomain": "casalab.civil",
      "type": "A",
      "options": {
        "ttl": 3600
      },
      "value": "140.116.36.16",
      "last_seen": "2025-10-30T03:57:31.992000"
    },
    {
      "subdomain": "casd.csie",
      "type": "A",
      "options": {
        "ttl": 3600
      },
      "value": "140.116.245.28",
      "last_seen": "2025-10-30T03:57:34.804000"
    },
    {
      "subdomain": "casgpu.ee",
      "type": "A",
      "options": {
        "ttl": 60
      },
      "value": "140.116.164.230",
      "last_seen": "2025-10-30T03:57:29.978000"
    },
    {
      "subdomain": "cashier-ufo",
      "type": "A",
      "options": {
        "ttl": 21600
      },
      "value": "140.116.248.21",
      "last_seen": "2025-10-30T03:57:30.768000"
    },
    {
      "subdomain": "cashier.ufo",
      "type": "A",
      "options": {
        "ttl": 21600
      },
      "value": "140.116.248.21",
      "last_seen": "2025-10-30T03:57:30.664000"
    },
    {
      "subdomain": "caslab.ee",
      "type": "A",
      "options": {
        "ttl": 15558
      },
      "value": "140.116.164.252",
      "last_seen": "2025-10-30T03:57:30.239000"
    },
    {
      "subdomain": "casmail.ee",
      "type": "A",
      "options": {
        "ttl": 60
      },
      "value": "140.116.164.251",
      "last_seen": "2025-10-30T03:57:30.595000"
    },
    {
      "subdomain": "catslab.ee",
      "type": "A",
      "options": {
        "ttl": 60
      },
      "value": "140.116.177.158",
      "last_seen": "2025-10-30T03:57:30.602000"
    },
    {
      "subdomain": "cbb",
      "type": "A",
      "options": {
        "ttl": 21600
      },
      "value": "140.116.248.21",
      "last_seen": "2025-10-30T03:57:30.024000"
    },
    {
      "subdomain": "cbic.ee",
      "type": "A",
      "options": {
        "ttl": 60
      },
      "value": "140.116.177.141",
      "last_seen": "2025-10-30T03:57:30.446000"
    },
    {
      "subdomain": "cbs.cce",
      "type": "A",
      "options": {
        "ttl": 21600
      },
      "value": "140.116.203.49",
      "last_seen": "2025-10-30T03:57:31.425000"
    },
    {
      "subdomain": "cc",
      "type": "A",
      "options": {
        "ttl": 21600
      },
      "value": "140.116.248.21",
      "last_seen": "2025-10-30T03:57:30.914000"
    },
    {
      "subdomain": "cc.ime",
      "type": "A",
      "options": {
        "ttl": 21600
      },
      "value": "140.116.86.181",
      "last_seen": "2025-10-30T03:57:31.728000"
    },
    {
      "subdomain": "cce",
      "type": "A",
      "options": {
        "ttl": 21600
      },
      "value": "140.116.203.49",
      "last_seen": "2025-10-30T03:57:30.394000"
    },
    {
      "subdomain": "ccep",
      "type": "A",
      "options": {
        "ttl": 21599
      },
      "value": "140.116.203.60",
      "last_seen": "2025-10-30T03:57:30.698000"
    },
    {
      "subdomain": "ccep.ctld",
      "type": "A",
      "options": {
        "ttl": 21600
      },
      "value": "140.116.203.60",
      "last_seen": "2025-10-30T03:57:30.199000"
    },
    {
      "subdomain": "ccirdc.cpd",
      "type": "A",
      "options": {
        "ttl": 86400
      },
      "value": "122.147.183.228",
      "last_seen": "2025-10-30T03:57:33.747000"
    },
    {
      "subdomain": "cck.phys",
      "type": "A",
      "options": {
        "ttl": 21600
      },
      "value": "140.116.91.89",
      "last_seen": "2025-10-30T03:57:30.073000"
    },
    {
      "subdomain": "cck1.phys",
      "type": "A",
      "options": {
        "ttl": 86400
      },
      "value": "140.116.91.89",
      "last_seen": "2025-10-30T03:57:30.682000"
    },
    {
      "subdomain": "cck2.phys",
      "type": "A",
      "options": {
        "ttl": 86400
      },
      "value": "140.116.91.89",
      "last_seen": "2025-10-30T03:57:32.350000"
    },
    {
      "subdomain": "ccns",
      "type": "A",
      "options": {
        "ttl": 60
      },
      "value": "140.116.154.146",
      "last_seen": "2025-10-30T03:57:29.978000"
    },
    {
      "subdomain": "cdch1.csie",
      "type": "A",
      "options": {
        "ttl": 3600
      },
      "value": "140.116.246.157",
      "last_seen": "2025-10-30T03:57:31.778000"
    },
    {
      "subdomain": "cdch2.csie",
      "type": "A",
      "options": {
        "ttl": 3600
      },
      "value": "140.116.246.158",
      "last_seen": "2025-10-30T03:57:30.986000"
    },
    {
      "subdomain": "cdnetb.lib",
      "type": "A",
      "options": {
        "ttl": 60
      },
      "value": "140.116.207.22",
      "last_seen": "2025-10-30T03:57:31.985000"
    },
    {
      "subdomain": "cdnetc.lib",
      "type": "A",
      "options": {
        "ttl": 60
      },
      "value": "140.116.210.1",
      "last_seen": "2025-10-30T03:57:30.504000"
    },
    {
      "subdomain": "cdnetdtts.lib",
      "type": "A",
      "options": {
        "ttl": 60
      },
      "value": "140.116.207.80",
      "last_seen": "2025-10-30T03:57:30.355000"
    },
    {
      "subdomain": "cdnete.lib",
      "type": "A",
      "options": {
        "ttl": 60
      },
      "value": "140.116.207.193",
      "last_seen": "2025-10-30T03:57:30.079000"
    },
    {
      "subdomain": "cdnetf.lib",
      "type": "A",
      "options": {
        "ttl": 60
      },
      "value": "140.116.207.23",
      "last_seen": "2025-10-30T03:57:30.760000"
    },
    {
      "subdomain": "ceastudy.researchvismap",
      "type": "A",
      "options": {
        "ttl": 21600
      },
      "value": "140.116.249.46",
      "last_seen": "2025-10-30T03:57:30.630000"
    },
    {
      "subdomain": "centrallab.hosp",
      "type": "A",
      "options": {
        "ttl": 3600
      },
      "value": "120.114.241.38",
      "last_seen": "2025-10-30T03:57:30.937000"
    },
    {
      "subdomain": "certcenter.credit.csie",
      "type": "A",
      "options": {
        "ttl": 3600
      },
      "value": "140.116.249.35",
      "last_seen": "2025-10-30T03:57:30.519000"
    },
    {
      "subdomain": "certificates.nlearning",
      "type": "A",
      "options": {
        "ttl": 21600
      },
      "value": "140.116.167.70",
      "last_seen": "2025-10-30T03:57:30.158000"
    },
    {
      "subdomain": "cets",
      "type": "A",
      "options": {
        "ttl": 21600
      },
      "value": "103.118.26.155",
      "last_seen": "2025-10-30T03:57:30.643000"
    },
    {
      "subdomain": "ceyushan.civil",
      "type": "A",
      "options": {
        "ttl": 3599
      },
      "value": "61.221.12.100",
      "last_seen": "2025-10-30T03:57:34.207000"
    },
    {
      "subdomain": "cfb.cbb",
      "type": "A",
      "options": {
        "ttl": 21600
      },
      "value": "60.249.215.120",
      "last_seen": "2025-10-30T03:57:29.999000"
    },
    {
      "subdomain": "cfc",
      "type": "A",
      "options": {
        "ttl": 21600
      },
      "value": "140.116.248.21",
      "last_seen": "2025-10-30T03:57:31.069000"
    },
    {
      "subdomain": "cfc2021.cfc",
      "type": "A",
      "options": {
        "ttl": 21600
      },
      "value": "140.116.235.150",
      "last_seen": "2025-10-30T03:57:33.030000"
    },
    {
      "subdomain": "cfpmoe.ee",
      "type": "A",
      "options": {
        "ttl": 60
      },
      "value": "140.116.177.55",
      "last_seen": "2025-10-30T03:57:30.467000"
    },
    {
      "subdomain": "cge",
      "type": "A",
      "options": {
        "ttl": 21600
      },
      "value": "140.116.248.21",
      "last_seen": "2025-10-30T03:57:33.335000"
    },
    {
      "subdomain": "cgm",
      "type": "A",
      "options": {
        "ttl": 21600
      },
      "value": "140.116.56.132",
      "last_seen": "2025-10-30T03:57:33.493000"
    },
    {
      "subdomain": "challenge.computing",
      "type": "A",
      "options": {
        "ttl": 86400
      },
      "value": "140.116.158.124",
      "last_seen": "2025-10-30T03:57:31.229000"
    },
    {
      "subdomain": "chass",
      "type": "A",
      "options": {
        "ttl": 21600
      },
      "value": "140.116.248.21",
      "last_seen": "2025-10-30T03:57:30.950000"
    },
    {
      "subdomain": "chatbot.oia",
      "type": "A",
      "options": {
        "ttl": 21600
      },
      "value": "140.116.249.221",
      "last_seen": "2025-10-30T03:57:32.690000"
    },
    {
      "subdomain": "che",
      "type": "A",
      "options": {
        "ttl": 21599
      },
      "value": "140.116.248.21",
      "last_seen": "2025-10-30T03:57:31.527000"
    },
    {
      "subdomain": "chemicloud.netdb.csie",
      "type": "A",
      "options": {
        "ttl": 3600
      },
      "value": "140.116.247.125",
      "last_seen": "2025-10-30T03:57:30.950000"
    },
    {
      "subdomain": "chexam.hosp",
      "type": "A",
      "options": {
        "ttl": 3600
      },
      "value": "120.114.241.79",
      "last_seen": "2025-10-30T03:57:30.099000"
    },
    {
      "subdomain": "chinese",
      "type": "A",
      "options": {
        "ttl": 21600
      },
      "value": "140.116.248.21",
      "last_seen": "2025-10-30T03:57:32.212000"
    },
    {
      "subdomain": "chiusystem.ee",
      "type": "A",
      "options": {
        "ttl": 60
      },
      "value": "140.116.177.49",
      "last_seen": "2025-10-30T03:57:30.491000"
    },
    {
      "subdomain": "chocolate.ee",
      "type": "A",
      "options": {
        "ttl": 60
      },
      "value": "140.116.72.55",
      "last_seen": "2025-10-30T03:57:30.646000"
    },
    {
      "subdomain": "chtsailab.ee",
      "type": "A",
      "options": {
        "ttl": 60
      },
      "value": "140.116.216.60",
      "last_seen": "2025-10-30T03:57:30.682000"
    },
    {
      "subdomain": "cial.csie",
      "type": "A",
      "options": {
        "ttl": 3600
      },
      "value": "140.116.82.170",
      "last_seen": "2025-10-30T03:57:31.534000"
    },
    {
      "subdomain": "cice-acad",
      "type": "A",
      "options": {
        "ttl": 21599
      },
      "value": "140.116.248.21",
      "last_seen": "2025-10-30T03:57:31.252000"
    },
    {
      "subdomain": "cice.acad",
      "type": "A",
      "options": {
        "ttl": 21600
      },
      "value": "140.116.248.21",
      "last_seen": "2025-10-30T03:57:30.522000"
    },
    {
      "subdomain": "cid-acad",
      "type": "A",
      "options": {
        "ttl": 21600
      },
      "value": "140.116.248.21",
      "last_seen": "2025-10-30T03:57:30.527000"
    },
    {
      "subdomain": "cid.acad",
      "type": "A",
      "options": {
        "ttl": 21600
      },
      "value": "140.116.248.21",
      "last_seen": "2025-10-30T03:57:30.600000"
    },
    {
      "subdomain": "cie.cpd",
      "type": "A",
      "options": {
        "ttl": 86400
      },
      "value": "140.116.205.5",
      "last_seen": "2025-10-30T03:57:31.757000"
    },
    {
      "subdomain": "ciismgr.cc",
      "type": "A",
      "options": {
        "ttl": 600
      },
      "value": "140.116.169.24",
      "last_seen": "2025-10-30T03:57:33.127000"
    },
    {
      "subdomain": "ciot.imis",
      "type": "A",
      "options": {
        "ttl": 21600
      },
      "value": "140.116.86.242",
      "last_seen": "2025-10-30T03:57:30.613000"
    },
    {
      "subdomain": "cir.bb",
      "type": "A",
      "options": {
        "ttl": 21600
      },
      "value": "140.116.165.223",
      "last_seen": "2025-10-30T03:57:33.274000"
    },
    {
      "subdomain": "cis-cfc",
      "type": "A",
      "options": {
        "ttl": 21600
      },
      "value": "140.116.248.21",
      "last_seen": "2025-10-30T03:57:30.704000"
    },
    {
      "subdomain": "cis.cfc",
      "type": "A",
      "options": {
        "ttl": 21600
      },
      "value": "140.116.235.225",
      "last_seen": "2025-10-30T03:57:32.775000"
    },
    {
      "subdomain": "ckforum",
      "type": "A",
      "options": {
        "ttl": 86400
      },
      "value": "140.116.83.124",
      "last_seen": "2025-10-30T03:57:30.816000"
    },
    {
      "subdomain": "ckforum2",
      "type": "A",
      "options": {
        "ttl": 21600
      },
      "value": "140.116.83.125",
      "last_seen": "2025-10-30T03:57:30.331000"
    },
    {
      "subdomain": "ckhp",
      "type": "A",
      "options": {
        "ttl": 21600
      },
      "value": "140.116.251.220",
      "last_seen": "2025-10-30T03:57:30.290000"
    },
    {
      "subdomain": "ckmail",
      "type": "A",
      "options": {
        "ttl": 86400
      },
      "value": "140.116.251.222",
      "last_seen": "2025-10-30T03:57:30.605000"
    },
    {
      "subdomain": "ckw.phys",
      "type": "A",
      "options": {
        "ttl": 21600
      },
      "value": "140.116.91.118",
      "last_seen": "2025-10-30T03:57:30.514000"
    },
    {
      "subdomain": "classroom.iim",
      "type": "A",
      "options": {
        "ttl": 3600
      },
      "value": "140.116.99.3",
      "last_seen": "2025-10-30T03:57:30.603000"
    },
    {
      "subdomain": "clinicepid.researchvismap",
      "type": "A",
      "options": {
        "ttl": 21600
      },
      "value": "140.116.249.46",
      "last_seen": "2025-10-30T03:57:30.944000"
    },
    {
      "subdomain": "clm.med",
      "type": "A",
      "options": {
        "ttl": 21600
      },
      "value": "140.116.60.114",
      "last_seen": "2025-10-30T03:57:32.114000"
    },
    {
      "subdomain": "cloud.computing",
      "type": "A",
      "options": {
        "ttl": 21599
      },
      "value": "140.116.68.44",
      "last_seen": "2025-10-30T03:57:30.527000"
    },
    {
      "subdomain": "clpharm",
      "type": "A",
      "options": {
        "ttl": 21600
      },
      "value": "140.116.248.21",
      "last_seen": "2025-10-30T03:57:30.168000"
    },
    {
      "subdomain": "cmnst-cfc",
      "type": "A",
      "options": {
        "ttl": 21600
      },
      "value": "140.116.248.21",
      "last_seen": "2025-10-30T03:57:30.646000"
    },
    {
      "subdomain": "cmnst2013.cmnst",
      "type": "A",
      "options": {
        "ttl": 21600
      },
      "value": "140.116.235.150",
      "last_seen": "2025-10-30T03:57:31.755000"
    },
    {
      "subdomain": "cobis-fs.bme",
      "type": "A",
      "options": {
        "ttl": 21600
      },
      "value": "140.116.175.179",
      "last_seen": "2025-10-30T03:57:31.376000"
    },
    {
      "subdomain": "cobis.bme",
      "type": "A",
      "options": {
        "ttl": 21600
      },
      "value": "140.116.175.178",
      "last_seen": "2025-10-30T03:57:30.147000"
    },
    {
      "subdomain": "code.arch",
      "type": "A",
      "options": {
        "ttl": 21597
      },
      "value": "140.116.37.57",
      "last_seen": "2025-10-30T03:57:35.093000"
    },
    {
      "subdomain": "codec.ee",
      "type": "A",
      "options": {
        "ttl": 60
      },
      "value": "140.116.187.130",
      "last_seen": "2025-10-30T03:57:30.602000"
    },
    {
      "subdomain": "codimd.aislab.ee",
      "type": "A",
      "options": {
        "ttl": 21600
      },
      "value": "140.116.178.170",
      "last_seen": "2025-10-30T03:57:30.244000"
    },
    {
      "subdomain": "collegex",
      "type": "A",
      "options": {
        "ttl": 21600
      },
      "value": "140.116.203.55",
      "last_seen": "2025-10-30T03:57:30.821000"
    },
    {
      "subdomain": "colors.ee",
      "type": "A",
      "options": {
        "ttl": 59
      },
      "value": "140.116.72.53",
      "last_seen": "2025-10-30T03:57:30.867000"
    },
    {
      "subdomain": "comc1.comc",
      "type": "A",
      "options": {
        "ttl": 21600
      },
      "value": "140.116.133.180",
      "last_seen": "2025-10-30T03:57:30.893000"
    },
    {
      "subdomain": "computing",
      "type": "A",
      "options": {
        "ttl": 21600
      },
      "value": "140.116.248.17",
      "last_seen": "2025-10-30T03:57:30.169000"
    },
    {
      "subdomain": "converter.icsdsa",
      "type": "A",
      "options": {
        "ttl": 21600
      },
      "value": "140.116.236.86",
      "last_seen": "2025-10-30T03:57:30.719000"
    },
    {
      "subdomain": "copland.ee",
      "type": "A",
      "options": {
        "ttl": 60
      },
      "value": "140.116.72.161",
      "last_seen": "2025-10-30T03:57:30.175000"
    },
    {
      "subdomain": "corelab.med",
      "type": "A",
      "options": {
        "ttl": 21600
      },
      "value": "103.118.26.155",
      "last_seen": "2025-10-30T03:57:30.998000"
    },
    {
      "subdomain": "corpora.flld",
      "type": "A",
      "options": {
        "ttl": 21600
      },
      "value": "140.116.12.204",
      "last_seen": "2025-10-30T03:57:30.592000"
    },
    {
      "subdomain": "cosbi.ee",
      "type": "A",
      "options": {
        "ttl": 60
      },
      "value": "140.116.214.130",
      "last_seen": "2025-10-30T03:57:31.908000"
    },
    {
      "subdomain": "cosbi10.ee",
      "type": "A",
      "options": {
        "ttl": 60
      },
      "value": "140.116.214.140",
      "last_seen": "2025-10-30T03:57:31.898000"
    },
    {
      "subdomain": "cosbi11.ee",
      "type": "A",
      "options": {
        "ttl": 60
      },
      "value": "140.116.214.142",
      "last_seen": "2025-10-30T03:57:30.094000"
    },
    {
      "subdomain": "cosbi2.ee",
      "type": "A",
      "options": {
        "ttl": 60
      },
      "value": "140.116.214.131",
      "last_seen": "2025-10-30T03:57:30.100000"
    },
    {
      "subdomain": "cosbi3.ee",
      "type": "A",
      "options": {
        "ttl": 60
      },
      "value": "140.116.214.132",
      "last_seen": "2025-10-30T03:57:30.606000"
    },
    {
      "subdomain": "cosbi4.ee",
      "type": "A",
      "options": {
        "ttl": 60
      },
      "value": "140.116.214.133",
      "last_seen": "2025-10-30T03:57:34.484000"
    },
    {
      "subdomain": "cosbi5.ee",
      "type": "A",
      "options": {
        "ttl": 60
      },
      "value": "140.116.214.134",
      "last_seen": "2025-10-30T03:57:30.100000"
    },
    {
      "subdomain": "cosbi6.ee",
      "type": "A",
      "options": {
        "ttl": 60
      },
      "value": "140.116.214.135",
      "last_seen": "2025-10-30T03:57:30.607000"
    },
    {
      "subdomain": "cosbi7.ee",
      "type": "A",
      "options": {
        "ttl": 60
      },
      "value": "140.116.214.136",
      "last_seen": "2025-10-30T03:57:30.406000"
    },
    {
      "subdomain": "cosbi9.ee",
      "type": "A",
      "options": {
        "ttl": 60
      },
      "value": "140.116.214.138",
      "last_seen": "2025-10-30T03:57:32.572000"
    },
    {
      "subdomain": "counseling-osa",
      "type": "A",
      "options": {
        "ttl": 21600
      },
      "value": "140.116.248.21",
      "last_seen": "2025-10-30T03:57:30.175000"
    },
    {
      "subdomain": "counseling.osa",
      "type": "A",
      "options": {
        "ttl": 21600
      },
      "value": "140.116.248.21",
      "last_seen": "2025-10-30T03:57:30.613000"
    },
    {
      "subdomain": "count.lib",
      "type": "A",
      "options": {
        "ttl": 60
      },
      "value": "140.116.207.191",
      "last_seen": "2025-10-30T03:57:30.940000"
    },
    {
      "subdomain": "course-pd2.netdb.csie",
      "type": "A",
      "options": {
        "ttl": 3600
      },
      "value": "140.116.247.125",
      "last_seen": "2025-10-30T03:57:30.439000"
    },
    {
      "subdomain": "cov19iot01.hosp",
      "type": "A",
      "options": {
        "ttl": 3600
      },
      "value": "120.114.241.82",
      "last_seen": "2025-10-30T03:57:32.783000"
    },
    {
      "subdomain": "covid19",
      "type": "A",
      "options": {
        "ttl": 21600
      },
      "value": "140.116.248.17",
      "last_seen": "2025-10-30T03:57:29.989000"
    },
    {
      "subdomain": "covtest.netdb.csie",
      "type": "A",
      "options": {
        "ttl": 3600
      },
      "value": "140.116.247.125",
      "last_seen": "2025-10-30T03:57:30.291000"
    },
    {
      "subdomain": "cox-nas.collegex",
      "type": "A",
      "options": {
        "ttl": 21600
      },
      "value": "140.116.203.53",
      "last_seen": "2025-10-30T03:57:31.271000"
    },
    {
      "subdomain": "cox-nas.ctld",
      "type": "A",
      "options": {
        "ttl": 21600
      },
      "value": "140.116.203.53",
      "last_seen": "2025-10-30T03:57:30.836000"
    },
    {
      "subdomain": "cpanel.nckuhevtts.bme",
      "type": "A",
      "options": {
        "ttl": 300
      },
      "value": "103.123.243.33",
      "last_seen": "2025-10-30T03:57:31.287000"
    },
    {
      "subdomain": "cpcalendars.nckuhevtts.bme",
      "type": "A",
      "options": {
        "ttl": 300
      },
      "value": "103.123.243.33",
      "last_seen": "2025-10-30T03:57:30.528000"
    },
    {
      "subdomain": "cpcontacts.nckuhevtts.bme",
      "type": "A",
      "options": {
        "ttl": 300
      },
      "value": "103.123.243.33",
      "last_seen": "2025-10-30T03:57:30.774000"
    },
    {
      "subdomain": "cpd",
      "type": "A",
      "options": {
        "ttl": 21600
      },
      "value": "140.116.248.21",
      "last_seen": "2025-10-30T03:57:30.363000"
    },
    {
      "subdomain": "crc.hosp",
      "type": "A",
      "options": {
        "ttl": 3600
      },
      "value": "103.118.26.155",
      "last_seen": "2025-10-30T03:57:31.780000"
    },
    {
      "subdomain": "credit.csie",
      "type": "A",
      "options": {
        "ttl": 3600
      },
      "value": "140.116.82.204",
      "last_seen": "2025-10-30T03:57:34.716000"
    },
    {
      "subdomain": "crimson.ee",
      "type": "A",
      "options": {
        "ttl": 60
      },
      "value": "140.116.72.54",
      "last_seen": "2025-10-30T03:57:30.647000"
    },
    {
      "subdomain": "crypto.ee",
      "type": "A",
      "options": {
        "ttl": 3600
      },
      "value": "140.116.163.150",
      "last_seen": "2025-10-30T03:57:30.791000"
    },
    {
      "subdomain": "crystal.ais2m",
      "type": "A",
      "options": {
        "ttl": 21600
      },
      "value": "140.116.158.199",
      "last_seen": "2025-10-30T03:57:30.290000"
    },
    {
      "subdomain": "cs",
      "type": "A",
      "options": {
        "ttl": 600
      },
      "value": "140.116.44.179",
      "last_seen": "2025-10-30T03:57:34.045000"
    },
    {
      "subdomain": "csbot.netdb.csie",
      "type": "A",
      "options": {
        "ttl": 3600
      },
      "value": "140.116.247.125",
      "last_seen": "2025-10-30T03:57:31.880000"
    },
    {
      "subdomain": "csie",
      "type": "A",
      "options": {
        "ttl": 250
      },
      "value": "140.116.246.30",
      "last_seen": "2025-10-30T03:57:34.453000"
    },
    {
      "subdomain": "csp11.ee",
      "type": "A",
      "options": {
        "ttl": 60
      },
      "value": "140.116.156.251",
      "last_seen": "2025-10-30T03:57:30.692000"
    },
    {
      "subdomain": "csp24.ee",
      "type": "A",
      "options": {
        "ttl": 60
      },
      "value": "140.116.215.31",
      "last_seen": "2025-10-30T03:57:32.155000"
    },
    {
      "subdomain": "css",
      "type": "A",
      "options": {
        "ttl": 21600
      },
      "value": "140.116.183.31",
      "last_seen": "2025-10-30T03:57:31.762000"
    },
    {
      "subdomain": "css-secr",
      "type": "A",
      "options": {
        "ttl": 21600
      },
      "value": "140.116.248.21",
      "last_seen": "2025-10-30T03:57:30.323000"
    },
    {
      "subdomain": "cssa.cc",
      "type": "A",
      "options": {
        "ttl": 21600
      },
      "value": "140.116.154.83",
      "last_seen": "2025-10-30T03:57:30.165000"
    },
    {
      "subdomain": "csslab.csie",
      "type": "A",
      "options": {
        "ttl": 3600
      },
      "value": "140.116.247.1",
      "last_seen": "2025-10-30T03:57:32.231000"
    },
    {
      "subdomain": "ctai.netdb.csie",
      "type": "A",
      "options": {
        "ttl": 3600
      },
      "value": "140.116.247.125",
      "last_seen": "2025-10-30T03:57:30.611000"
    },
    {
      "subdomain": "cte-acad",
      "type": "A",
      "options": {
        "ttl": 21600
      },
      "value": "140.116.248.21",
      "last_seen": "2025-10-30T03:57:30.609000"
    },
    {
      "subdomain": "cte.acad",
      "type": "A",
      "options": {
        "ttl": 21600
      },
      "value": "140.116.248.21",
      "last_seen": "2025-10-30T03:57:30.577000"
    },
    {
      "subdomain": "ctld",
      "type": "A",
      "options": {
        "ttl": 21600
      },
      "value": "140.116.241.66",
      "last_seen": "2025-10-30T03:57:30.912000"
    },
    {
      "subdomain": "ctld-acad",
      "type": "A",
      "options": {
        "ttl": 15692
      },
      "value": "140.116.248.21",
      "last_seen": "2025-10-30T03:57:29.999000"
    },
    {
      "subdomain": "ctld.acad",
      "type": "A",
      "options": {
        "ttl": 21600
      },
      "value": "140.116.248.21",
      "last_seen": "2025-10-30T03:57:30.104000"
    },
    {
      "subdomain": "ctlt.twl",
      "type": "A",
      "options": {
        "ttl": 21600
      },
      "value": "140.116.10.228",
      "last_seen": "2025-10-30T03:57:30.160000"
    },
    {
      "subdomain": "ctrmost-cfc",
      "type": "A",
      "options": {
        "ttl": 21600
      },
      "value": "140.116.248.21",
      "last_seen": "2025-10-30T03:57:30.622000"
    },
    {
      "subdomain": "cubic.mse",
      "type": "A",
      "options": {
        "ttl": 21600
      },
      "value": "140.116.35.25",
      "last_seen": "2025-10-30T03:57:30.526000"
    },
    {
      "subdomain": "curie.ee",
      "type": "A",
      "options": {
        "ttl": 60
      },
      "value": "140.116.216.106",
      "last_seen": "2025-10-30T03:57:31.521000"
    },
    {
      "subdomain": "cvs.twl",
      "type": "A",
      "options": {
        "ttl": 21600
      },
      "value": "140.116.10.228",
      "last_seen": "2025-10-30T03:57:32.933000"
    },
    {
      "subdomain": "cvtest.netdb.csie",
      "type": "A",
      "options": {
        "ttl": 3600
      },
      "value": "140.116.249.1",
      "last_seen": "2025-10-30T03:57:30.611000"
    },
    {
      "subdomain": "cyanogmexp.researchvismap",
      "type": "A",
      "options": {
        "ttl": 21600
      },
      "value": "140.116.249.46",
      "last_seen": "2025-10-30T03:57:30.341000"
    },
    {
      "subdomain": "cyanoshow.researchvismap",
      "type": "A",
      "options": {
        "ttl": 21598
      },
      "value": "140.116.249.46",
      "last_seen": "2025-10-30T03:57:33.501000"
    },
    {
      "subdomain": "d6im.hosp",
      "type": "A",
      "options": {
        "ttl": 3600
      },
      "value": "35.201.145.151",
      "last_seen": "2025-10-30T03:57:30.166000"
    },
    {
      "subdomain": "d6service.hosp",
      "type": "A",
      "options": {
        "ttl": 3599
      },
      "value": "140.116.220.21",
      "last_seen": "2025-10-30T03:57:30.478000"
    },
    {
      "subdomain": "d6wifi.hosp",
      "type": "A",
      "options": {
        "ttl": 3600
      },
      "value": "140.116.220.20",
      "last_seen": "2025-10-30T03:57:30.605000"
    },
    {
      "subdomain": "dai.csie",
      "type": "A",
      "options": {
        "ttl": 3600
      },
      "value": "140.116.82.205",
      "last_seen": "2025-10-30T03:57:30.769000"
    },
    {
      "subdomain": "dashboard-ncku-aiot.wp.hosp",
      "type": "A",
      "options": {
        "ttl": 3599
      },
      "value": "120.114.241.91",
      "last_seen": "2025-10-30T03:57:35.092000"
    },
    {
      "subdomain": "dashboard.experience.ctld",
      "type": "A",
      "options": {
        "ttl": 21600
      },
      "value": "140.116.249.243",
      "last_seen": "2025-10-30T03:57:30.754000"
    },
    {
      "subdomain": "dashboard.nckupass.ctld",
      "type": "A",
      "options": {
        "ttl": 21600
      },
      "value": "140.116.249.243",
      "last_seen": "2025-10-30T03:57:30.331000"
    },
    {
      "subdomain": "daylightphotodynamictherapy.researchvismap",
      "type": "A",
      "options": {
        "ttl": 21600
      },
      "value": "140.116.249.46",
      "last_seen": "2025-10-30T03:57:30.611000"
    },
    {
      "subdomain": "dba",
      "type": "A",
      "options": {
        "ttl": 21600
      },
      "value": "140.116.248.21",
      "last_seen": "2025-10-30T03:57:30.393000"
    },
    {
      "subdomain": "dbbs",
      "type": "A",
      "options": {
        "ttl": 21600
      },
      "value": "140.116.248.21",
      "last_seen": "2025-10-30T03:57:30.647000"
    },
    {
      "subdomain": "dbemily.csie",
      "type": "A",
      "options": {
        "ttl": 3600
      },
      "value": "140.116.247.22",
      "last_seen": "2025-10-30T03:57:30.696000"
    },
    {
      "subdomain": "dblab.csie",
      "type": "A",
      "options": {
        "ttl": 3600
      },
      "value": "140.116.247.24",
      "last_seen": "2025-10-30T03:57:31.520000"
    },
    {
      "subdomain": "dbs.comc",
      "type": "A",
      "options": {
        "ttl": 21600
      },
      "value": "140.116.133.175",
      "last_seen": "2025-10-30T03:57:31.608000"
    },
    {
      "subdomain": "dcert-moe.netdb.csie",
      "type": "A",
      "options": {
        "ttl": 3600
      },
      "value": "140.116.247.125",
      "last_seen": "2025-10-30T03:57:29.989000"
    },
    {
      "subdomain": "dcert-moeh.netdb.csie",
      "type": "A",
      "options": {
        "ttl": 3600
      },
      "value": "140.116.247.125",
      "last_seen": "2025-10-30T03:57:31.314000"
    },
    {
      "subdomain": "dcert.csie",
      "type": "A",
      "options": {
        "ttl": 3600
      },
      "value": "140.116.247.121",
      "last_seen": "2025-10-30T03:57:30.612000"
    },
    {
      "subdomain": "dcl.ee",
      "type": "A",
      "options": {
        "ttl": 60
      },
      "value": "140.116.72.158",
      "last_seen": "2025-10-30T03:57:31.856000"
    },
    {
      "subdomain": "dcmc14.ee",
      "type": "A",
      "options": {
        "ttl": 60
      },
      "value": "140.116.72.198",
      "last_seen": "2025-10-30T03:57:33.581000"
    },
    {
      "subdomain": "dcmc16.ee",
      "type": "A",
      "options": {
        "ttl": 60
      },
      "value": "140.116.72.200",
      "last_seen": "2025-10-30T03:57:30.030000"
    },
    {
      "subdomain": "dcmc20.ee",
      "type": "A",
      "options": {
        "ttl": 60
      },
      "value": "140.116.72.204",
      "last_seen": "2025-10-30T03:57:30.176000"
    },
    {
      "subdomain": "dcmc33.ee",
      "type": "A",
      "options": {
        "ttl": 60
      },
      "value": "140.116.72.217",
      "last_seen": "2025-10-30T03:57:31.855000"
    },
    {
      "subdomain": "dcmc34.ee",
      "type": "A",
      "options": {
        "ttl": 60
      },
      "value": "140.116.72.218",
      "last_seen": "2025-10-30T03:57:30.259000"
    },
    {
      "subdomain": "dcmoe.csie",
      "type": "A",
      "options": {
        "ttl": 3600
      },
      "value": "140.116.247.121",
      "last_seen": "2025-10-30T03:57:31.535000"
    },
    {
      "subdomain": "ddcbc.csie",
      "type": "A",
      "options": {
        "ttl": 3600
      },
      "value": "140.116.249.174",
      "last_seen": "2025-10-30T03:57:32.682000"
    },
    {
      "subdomain": "deepwiki.netdb.csie",
      "type": "A",
      "options": {
        "ttl": 3600
      },
      "value": "140.116.247.125",
      "last_seen": "2025-10-30T03:57:30.655000"
    },
    {
      "subdomain": "deh.csie",
      "type": "A",
      "options": {
        "ttl": 3600
      },
      "value": "140.116.249.176",
      "last_seen": "2025-10-30T03:57:30.516000"
    },
    {
      "subdomain": "dem-med",
      "type": "A",
      "options": {
        "ttl": 21600
      },
      "value": "140.116.248.21",
      "last_seen": "2025-10-30T03:57:32.280000"
    },
    {
      "subdomain": "denguefever.csie",
      "type": "A",
      "options": {
        "ttl": 3600
      },
      "value": "210.71.198.36",
      "last_seen": "2025-10-30T03:57:30.305000"
    },
    {
      "subdomain": "dentistry",
      "type": "A",
      "options": {
        "ttl": 21600
      },
      "value": "140.116.248.21",
      "last_seen": "2025-10-30T03:57:30.618000"
    },
    {
      "subdomain": "deoh",
      "type": "A",
      "options": {
        "ttl": 21599
      },
      "value": "140.116.248.21",
      "last_seen": "2025-10-30T03:57:35.551000"
    },
    {
      "subdomain": "derek.csie",
      "type": "A",
      "options": {
        "ttl": 3600
      },
      "value": "140.116.247.187",
      "last_seen": "2025-10-30T03:57:30.803000"
    },
    {
      "subdomain": "derm-med",
      "type": "A",
      "options": {
        "ttl": 21599
      },
      "value": "140.116.248.21",
      "last_seen": "2025-10-30T03:57:30.645000"
    },
    {
      "subdomain": "design",
      "type": "A",
      "options": {
        "ttl": 21600
      },
      "value": "140.116.42.10",
      "last_seen": "2025-10-30T03:57:30.521000"
    },
    {
      "subdomain": "devnoc.ee",
      "type": "A",
      "options": {
        "ttl": 60
      },
      "value": "140.116.158.243",
      "last_seen": "2025-10-30T03:57:30.332000"
    },
    {
      "subdomain": "dgl.geomatics",
      "type": "A",
      "options": {
        "ttl": 3600
      },
      "value": "140.116.80.1",
      "last_seen": "2025-10-30T03:57:31.781000"
    },
    {
      "subdomain": "dgx.fintech.management",
      "type": "A",
      "options": {
        "ttl": 21600
      },
      "value": "140.116.17.227",
      "last_seen": "2025-10-30T03:57:30.299000"
    },
    {
      "subdomain": "dhblab.bme",
      "type": "A",
      "options": {
        "ttl": 21600
      },
      "value": "60.249.215.114",
      "last_seen": "2025-10-30T03:57:30.824000"
    },
    {
      "subdomain": "dic.csie",
      "type": "A",
      "options": {
        "ttl": 3599
      },
      "value": "140.116.245.92",
      "last_seen": "2025-10-30T03:57:32.918000"
    },
    {
      "subdomain": "did-fhir.netdb.csie",
      "type": "A",
      "options": {
        "ttl": 3600
      },
      "value": "140.116.247.125",
      "last_seen": "2025-10-30T03:57:31.317000"
    },
    {
      "subdomain": "digitalarchives.artcenter",
      "type": "A",
      "options": {
        "ttl": 21600
      },
      "value": "140.116.219.85",
      "last_seen": "2025-10-30T03:57:32.741000"
    },
    {
      "subdomain": "diploma",
      "type": "A",
      "options": {
        "ttl": 21600
      },
      "value": "140.116.249.172",
      "last_seen": "2025-10-30T03:57:30.519000"
    },
    {
      "subdomain": "dlearning",
      "type": "A",
      "options": {
        "ttl": 21600
      },
      "value": "203.145.221.194",
      "last_seen": "2025-10-30T03:57:30.293000"
    },
    {
      "subdomain": "dlearningvote.ai4dt",
      "type": "A",
      "options": {
        "ttl": 21600
      },
      "value": "203.145.221.194",
      "last_seen": "2025-10-30T03:57:30.270000"
    },
    {
      "subdomain": "dm2018.thl",
      "type": "A",
      "options": {
        "ttl": 3600
      },
      "value": "140.116.217.217",
      "last_seen": "2025-10-30T03:57:30.238000"
    },
    {
      "subdomain": "dns.csie",
      "type": "A",
      "options": {
        "ttl": 3600
      },
      "value": "140.116.246.2",
      "last_seen": "2025-10-30T03:57:32.524000"
    },
    {
      "subdomain": "dns.es",
      "type": "A",
      "options": {
        "ttl": 21599
      },
      "value": "140.116.78.1",
      "last_seen": "2025-10-30T03:57:30.464000"
    },
    {
      "subdomain": "dns.web2",
      "type": "A",
      "options": {
        "ttl": 300
      },
      "value": "140.116.248.17",
      "last_seen": "2025-10-30T03:57:30.614000"
    },
    {
      "subdomain": "dns.web3",
      "type": "A",
      "options": {
        "ttl": 299
      },
      "value": "140.116.248.21",
      "last_seen": "2025-10-30T03:57:33.912000"
    },
    {
      "subdomain": "dns4",
      "type": "A",
      "options": {
        "ttl": 21600
      },
      "value": "163.28.113.6",
      "last_seen": "2025-10-30T03:57:30.644000"
    },
    {
      "subdomain": "doc-secr",
      "type": "A",
      "options": {
        "ttl": 21600
      },
      "value": "140.116.248.21",
      "last_seen": "2025-10-30T03:57:30.616000"
    },
    {
      "subdomain": "doc.screamtrumpet.csie",
      "type": "A",
      "options": {
        "ttl": 3600
      },
      "value": "140.116.82.234",
      "last_seen": "2025-10-30T03:57:30.803000"
    },
    {
      "subdomain": "doc.secr",
      "type": "A",
      "options": {
        "ttl": 21600
      },
      "value": "140.116.248.21",
      "last_seen": "2025-10-30T03:57:31.317000"
    },
    {
      "subdomain": "docmost.course.aislab.ee",
      "type": "A",
      "options": {
        "ttl": 21600
      },
      "value": "140.116.178.171",
      "last_seen": "2025-10-30T03:57:30.142000"
    },
    {
      "subdomain": "doem-med",
      "type": "A",
      "options": {
        "ttl": 21600
      },
      "value": "140.116.248.21",
      "last_seen": "2025-10-30T03:57:30.285000"
    },
    {
      "subdomain": "donate",
      "type": "A",
      "options": {
        "ttl": 21600
      },
      "value": "140.116.248.17",
      "last_seen": "2025-10-30T03:57:36.030000"
    },
    {
      "subdomain": "dophin.hyd",
      "type": "A",
      "options": {
        "ttl": 21600
      },
      "value": "140.116.77.16",
      "last_seen": "2025-10-30T03:57:30.175000"
    },
    {
      "subdomain": "dophin.inhmm",
      "type": "A",
      "options": {
        "ttl": 21600
      },
      "value": "140.116.77.22",
      "last_seen": "2025-10-30T03:57:35.437000"
    },
    {
      "subdomain": "dophin.iotma",
      "type": "A",
      "options": {
        "ttl": 21600
      },
      "value": "140.116.77.17",
      "last_seen": "2025-10-30T03:57:33.302000"
    },
    {
      "subdomain": "dorm.osa",
      "type": "A",
      "options": {
        "ttl": 21600
      },
      "value": "140.116.250.205",
      "last_seen": "2025-10-30T03:57:30.622000"
    },
    {
      "subdomain": "dorm2.osa",
      "type": "A",
      "options": {
        "ttl": 21600
      },
      "value": "140.116.250.205",
      "last_seen": "2025-10-30T03:57:31.689000"
    },
    {
      "subdomain": "dou6.hosp",
      "type": "A",
      "options": {
        "ttl": 3600
      },
      "value": "140.116.220.2",
      "last_seen": "2025-10-30T03:57:30.144000"
    },
    {
      "subdomain": "download.cfc",
      "type": "A",
      "options": {
        "ttl": 21600
      },
      "value": "140.116.235.126",
      "last_seen": "2025-10-30T03:57:30.625000"
    },
    {
      "subdomain": "dpdktest.ee",
      "type": "A",
      "options": {
        "ttl": 60
      },
      "value": "140.116.221.24",
      "last_seen": "2025-10-30T03:57:32.782000"
    },
    {
      "subdomain": "dpmb.dpec",
      "type": "A",
      "options": {
        "ttl": 3600
      },
      "value": "140.116.175.39",
      "last_seen": "2025-10-30T03:57:31.148000"
    },
    {
      "subdomain": "dps",
      "type": "A",
      "options": {
        "ttl": 21600
      },
      "value": "140.116.248.21",
      "last_seen": "2025-10-30T03:57:29.978000"
    },
    {
      "subdomain": "dradmin.hosp",
      "type": "A",
      "options": {
        "ttl": 3599
      },
      "value": "35.201.145.151",
      "last_seen": "2025-10-30T03:57:31.024000"
    },
    {
      "subdomain": "ds",
      "type": "A",
      "options": {
        "ttl": 15692
      },
      "value": "103.17.11.108",
      "last_seen": "2025-10-30T03:57:30.194000"
    },
    {
      "subdomain": "dslab.csie",
      "type": "A",
      "options": {
        "ttl": 3600
      },
      "value": "140.116.246.157",
      "last_seen": "2025-10-30T03:57:30.090000"
    },
    {
      "subdomain": "e-portfolio.ctld",
      "type": "A",
      "options": {
        "ttl": 360
      },
      "value": "140.116.249.243",
      "last_seen": "2025-10-30T03:57:30.520000"
    },
    {
      "subdomain": "eap.lib",
      "type": "A",
      "options": {
        "ttl": 60
      },
      "value": "140.116.207.83",
      "last_seen": "2025-10-30T03:57:31.350000"
    },
    {
      "subdomain": "earth",
      "type": "A",
      "options": {
        "ttl": 15692
      },
      "value": "140.116.248.21",
      "last_seen": "2025-10-30T03:57:29.977000"
    },
    {
      "subdomain": "easytest.lib",
      "type": "A",
      "options": {
        "ttl": 60
      },
      "value": "140.116.207.63",
      "last_seen": "2025-10-30T03:57:30.290000"
    },
    {
      "subdomain": "easytest2.lib",
      "type": "A",
      "options": {
        "ttl": 60
      },
      "value": "140.116.207.63",
      "last_seen": "2025-10-30T03:57:36.543000"
    },
    {
      "subdomain": "ebook.alumni",
      "type": "A",
      "options": {
        "ttl": 21600
      },
      "value": "140.116.252.62",
      "last_seen": "2025-10-30T03:57:30.540000"
    },
    {
      "subdomain": "ebook.arch",
      "type": "A",
      "options": {
        "ttl": 21600
      },
      "value": "140.116.76.42",
      "last_seen": "2025-10-30T03:57:30.645000"
    },
    {
      "subdomain": "ecmdic.tpbna",
      "type": "A",
      "options": {
        "ttl": 21600
      },
      "value": "140.116.249.225",
      "last_seen": "2025-10-30T03:57:33.319000"
    },
    {
      "subdomain": "ecodesign2017",
      "type": "A",
      "options": {
        "ttl": 21600
      },
      "value": "140.116.249.224",
      "last_seen": "2025-10-30T03:57:30.299000"
    },
    {
      "subdomain": "econ",
      "type": "A",
      "options": {
        "ttl": 86400
      },
      "value": "140.116.182.197",
      "last_seen": "2025-10-30T03:57:31.536000"
    },
    {
      "subdomain": "economics",
      "type": "A",
      "options": {
        "ttl": 21600
      },
      "value": "140.116.182.197",
      "last_seen": "2025-10-30T03:57:33.534000"
    },
    {
      "subdomain": "ed",
      "type": "A",
      "options": {
        "ttl": 86400
      },
      "value": "140.116.183.80",
      "last_seen": "2025-10-30T03:57:31.317000"
    },
    {
      "subdomain": "eda.csie",
      "type": "A",
      "options": {
        "ttl": 3600
      },
      "value": "140.116.245.164",
      "last_seen": "2025-10-30T03:57:30.099000"
    },
    {
      "subdomain": "edapi.edoc",
      "type": "A",
      "options": {
        "ttl": 21600
      },
      "value": "140.116.218.76",
      "last_seen": "2025-10-30T03:57:33.669000"
    },
    {
      "subdomain": "edison.ee",
      "type": "A",
      "options": {
        "ttl": 59
      },
      "value": "140.116.216.104",
      "last_seen": "2025-10-30T03:57:33.247000"
    },
    {
      "subdomain": "edoc.hosp",
      "type": "A",
      "options": {
        "ttl": 3600
      },
      "value": "140.116.59.58",
      "last_seen": "2025-10-30T03:57:30.292000"
    },
    {
      "subdomain": "edoct.hosp",
      "type": "A",
      "options": {
        "ttl": 3600
      },
      "value": "120.114.241.107",
      "last_seen": "2025-10-30T03:57:30.291000"
    },
    {
      "subdomain": "educ.hosp",
      "type": "A",
      "options": {
        "ttl": 3600
      },
      "value": "140.116.59.210",
      "last_seen": "2025-10-30T03:57:30.827000"
    },
    {
      "subdomain": "eduesx01.cc",
      "type": "A",
      "options": {
        "ttl": 21600
      },
      "value": "140.116.8.183",
      "last_seen": "2025-10-30T03:57:33.328000"
    },
    {
      "subdomain": "eduesx02.cc",
      "type": "A",
      "options": {
        "ttl": 21600
      },
      "value": "140.116.8.184",
      "last_seen": "2025-10-30T03:57:32.289000"
    },
    {
      "subdomain": "eduesx03.cc",
      "type": "A",
      "options": {
        "ttl": 21600
      },
      "value": "140.116.8.185",
      "last_seen": "2025-10-30T03:57:30.291000"
    },
    {
      "subdomain": "eduesx04.cc",
      "type": "A",
      "options": {
        "ttl": 21599
      },
      "value": "140.116.8.186",
      "last_seen": "2025-10-30T03:57:31.346000"
    },
    {
      "subdomain": "eduesx05.cc",
      "type": "A",
      "options": {
        "ttl": 21600
      },
      "value": "140.116.8.187",
      "last_seen": "2025-10-30T03:57:30.390000"
    },
    {
      "subdomain": "eduesx06.cc",
      "type": "A",
      "options": {
        "ttl": 21600
      },
      "value": "140.116.8.188",
      "last_seen": "2025-10-30T03:57:30.435000"
    },
    {
      "subdomain": "eduesx07.cc",
      "type": "A",
      "options": {
        "ttl": 21600
      },
      "value": "140.116.8.189",
      "last_seen": "2025-10-30T03:57:30.439000"
    },
    {
      "subdomain": "eduesx08.cc",
      "type": "A",
      "options": {
        "ttl": 21600
      },
      "value": "140.116.8.190",
      "last_seen": "2025-10-30T03:57:32.158000"
    },
    {
      "subdomain": "ee",
      "type": "A",
      "options": {
        "ttl": 60
      },
      "value": "140.116.49.101",
      "last_seen": "2025-10-30T03:57:34.008000"
    },
    {
      "subdomain": "ee-vm.ccns",
      "type": "A",
      "options": {
        "ttl": 60
      },
      "value": "140.116.163.144",
      "last_seen": "2025-10-30T03:57:30.330000"
    },
    {
      "subdomain": "eecs",
      "type": "A",
      "options": {
        "ttl": 86400
      },
      "value": "140.116.248.21",
      "last_seen": "2025-10-30T03:57:30.247000"
    },
    {
      "subdomain": "eeoffice.ee",
      "type": "A",
      "options": {
        "ttl": 60
      },
      "value": "140.116.49.17",
      "last_seen": "2025-10-30T03:57:30.528000"
    },
    {
      "subdomain": "effectsofcbt-ionqol.researchvismap",
      "type": "A",
      "options": {
        "ttl": 21600
      },
      "value": "140.116.249.46",
      "last_seen": "2025-10-30T03:57:31.806000"
    },
    {
      "subdomain": "eform.hosp",
      "type": "A",
      "options": {
        "ttl": 3600
      },
      "value": "140.116.59.59",
      "last_seen": "2025-10-30T03:57:31.328000"
    },
    {
      "subdomain": "eimd",
      "type": "A",
      "options": {
        "ttl": 21600
      },
      "value": "140.116.61.206",
      "last_seen": "2025-10-30T03:57:30.100000"
    },
    {
      "subdomain": "elearning.hosp",
      "type": "A",
      "options": {
        "ttl": 3600
      },
      "value": "120.114.241.52",
      "last_seen": "2025-10-30T03:57:33.542000"
    },
    {
      "subdomain": "elearning.imis",
      "type": "A",
      "options": {
        "ttl": 21600
      },
      "value": "140.116.86.26",
      "last_seen": "2025-10-30T03:57:33.545000"
    },
    {
      "subdomain": "elearning.mdic",
      "type": "A",
      "options": {
        "ttl": 21600
      },
      "value": "140.116.249.176",
      "last_seen": "2025-10-30T03:57:30.911000"
    },
    {
      "subdomain": "elfess.ee",
      "type": "A",
      "options": {
        "ttl": 60
      },
      "value": "140.116.72.21",
      "last_seen": "2025-10-30T03:57:30.147000"
    },
    {
      "subdomain": "elgar.ee",
      "type": "A",
      "options": {
        "ttl": 60
      },
      "value": "140.116.72.136",
      "last_seen": "2025-10-30T03:57:32.499000"
    },
    {
      "subdomain": "elite.ee",
      "type": "A",
      "options": {
        "ttl": 60
      },
      "value": "140.116.164.234",
      "last_seen": "2025-10-30T03:57:31.526000"
    },
    {
      "subdomain": "elunch",
      "type": "A",
      "options": {
        "ttl": 21600
      },
      "value": "140.116.56.57",
      "last_seen": "2025-10-30T03:57:30.650000"
    },
    {
      "subdomain": "email",
      "type": "A",
      "options": {
        "ttl": 17382
      },
      "value": "140.116.229.1",
      "last_seen": "2025-10-30T03:57:31.377000"
    },
    {
      "subdomain": "emba",
      "type": "A",
      "options": {
        "ttl": 86400
      },
      "value": "140.116.248.21",
      "last_seen": "2025-10-30T03:57:32.394000"
    },
    {
      "subdomain": "emgp",
      "type": "A",
      "options": {
        "ttl": 21600
      },
      "value": "140.116.248.21",
      "last_seen": "2025-10-30T03:57:31.924000"
    },
    {
      "subdomain": "emily.csie",
      "type": "A",
      "options": {
        "ttl": 3600
      },
      "value": "140.116.246.108",
      "last_seen": "2025-10-30T03:57:30.633000"
    },
    {
      "subdomain": "emily.csie",
      "type": "A",
      "options": {
        "ttl": 3600
      },
      "value": "140.116.247.21",
      "last_seen": "2025-10-30T03:57:30.633000"
    },
    {
      "subdomain": "emotors",
      "type": "A",
      "options": {
        "ttl": 300
      },
      "value": "140.116.175.252",
      "last_seen": "2025-10-30T03:57:30.044000"
    },
    {
      "subdomain": "emrc",
      "type": "A",
      "options": {
        "ttl": 21600
      },
      "value": "140.116.234.1",
      "last_seen": "2025-10-30T03:57:30.527000"
    },
    {
      "subdomain": "ems.ee",
      "type": "A",
      "options": {
        "ttl": 60
      },
      "value": "140.116.163.9",
      "last_seen": "2025-10-30T03:57:30.970000"
    },
    {
      "subdomain": "en.me",
      "type": "A",
      "options": {
        "ttl": 21600
      },
      "value": "140.116.31.35",
      "last_seen": "2025-10-30T03:57:33.624000"
    },
    {
      "subdomain": "en.mse",
      "type": "A",
      "options": {
        "ttl": 21600
      },
      "value": "59.125.33.11",
      "last_seen": "2025-10-30T03:57:30.593000"
    },
    {
      "subdomain": "en.ord",
      "type": "A",
      "options": {
        "ttl": 86400
      },
      "value": "59.125.33.13",
      "last_seen": "2025-10-30T03:57:33.807000"
    },
    {
      "subdomain": "en.sdg",
      "type": "A",
      "options": {
        "ttl": 21600
      },
      "value": "59.125.33.8",
      "last_seen": "2025-10-30T03:57:30.974000"
    },
    {
      "subdomain": "en.ur",
      "type": "A",
      "options": {
        "ttl": 21600
      },
      "value": "59.125.33.10",
      "last_seen": "2025-10-30T03:57:30.666000"
    },
    {
      "subdomain": "energy.phys",
      "type": "A",
      "options": {
        "ttl": 21600
      },
      "value": "140.116.91.1",
      "last_seen": "2025-10-30T03:57:35.312000"
    },
    {
      "subdomain": "enews.oia",
      "type": "A",
      "options": {
        "ttl": 21600
      },
      "value": "140.116.165.83",
      "last_seen": "2025-10-30T03:57:32.291000"
    },
    {
      "subdomain": "eng",
      "type": "A",
      "options": {
        "ttl": 18143
      },
      "value": "140.116.248.21",
      "last_seen": "2025-10-30T03:57:29.989000"
    },
    {
      "subdomain": "eng.osp",
      "type": "A",
      "options": {
        "ttl": 21600
      },
      "value": "139.162.230.110",
      "last_seen": "2025-10-30T03:57:30.521000"
    },
    {
      "subdomain": "engtech.etpc",
      "type": "A",
      "options": {
        "ttl": 21600
      },
      "value": "140.116.175.64",
      "last_seen": "2025-10-30T03:57:31.830000"
    },
    {
      "subdomain": "ennews-secr",
      "type": "A",
      "options": {
        "ttl": 21600
      },
      "value": "140.116.248.21",
      "last_seen": "2025-10-30T03:57:30.100000"
    },
    {
      "subdomain": "ent-med",
      "type": "A",
      "options": {
        "ttl": 21600
      },
      "value": "140.116.248.21",
      "last_seen": "2025-10-30T03:57:31.531000"
    },
    {
      "subdomain": "epage.web2",
      "type": "A",
      "options": {
        "ttl": 300
      },
      "value": "140.116.241.58",
      "last_seen": "2025-10-30T03:57:31.529000"
    },
    {
      "subdomain": "epage.web3",
      "type": "A",
      "options": {
        "ttl": 299
      },
      "value": "140.116.248.21",
      "last_seen": "2025-10-30T03:57:30.555000"
    },
    {
      "subdomain": "eportfolio.hosp",
      "type": "A",
      "options": {
        "ttl": 3600
      },
      "value": "140.116.59.217",
      "last_seen": "2025-10-30T03:57:30.311000"
    },
    {
      "subdomain": "eps.gis",
      "type": "A",
      "options": {
        "ttl": 21600
      },
      "value": "140.116.218.33",
      "last_seen": "2025-10-30T03:57:30.391000"
    },
    {
      "subdomain": "epsh",
      "type": "A",
      "options": {
        "ttl": 21600
      },
      "value": "140.116.248.21",
      "last_seen": "2025-10-30T03:57:30.248000"
    },
    {
      "subdomain": "epslab.ee",
      "type": "A",
      "options": {
        "ttl": 60
      },
      "value": "140.116.163.7",
      "last_seen": "2025-10-30T03:57:30.145000"
    },
    {
      "subdomain": "er.lib",
      "type": "A",
      "options": {
        "ttl": 60
      },
      "value": "140.116.207.93",
      "last_seen": "2025-10-30T03:57:31.835000"
    },
    {
      "subdomain": "erg",
      "type": "A",
      "options": {
        "ttl": 19559
      },
      "value": "140.116.16.5",
      "last_seen": "2025-10-30T03:57:33.332000"
    },
    {
      "subdomain": "ermrc",
      "type": "A",
      "options": {
        "ttl": 21600
      },
      "value": "140.116.248.21",
      "last_seen": "2025-10-30T03:57:30.099000"
    },
    {
      "subdomain": "eserver.lib",
      "type": "A",
      "options": {
        "ttl": 60
      },
      "value": "140.116.207.84",
      "last_seen": "2025-10-30T03:57:34.518000"
    },
    {
      "subdomain": "estat",
      "type": "A",
      "options": {
        "ttl": 21600
      },
      "value": "140.116.52.58",
      "last_seen": "2025-10-30T03:57:30.052000"
    },
    {
      "subdomain": "esterase-biochem.che",
      "type": "A",
      "options": {
        "ttl": 21600
      },
      "value": "140.116.33.72",
      "last_seen": "2025-10-30T03:57:30.711000"
    },
    {
      "subdomain": "esxi.csie",
      "type": "A",
      "options": {
        "ttl": 3600
      },
      "value": "140.116.82.53",
      "last_seen": "2025-10-30T03:57:30.644000"
    },
    {
      "subdomain": "etm-lab.civil",
      "type": "A",
      "options": {
        "ttl": 3600
      },
      "value": "103.17.11.108",
      "last_seen": "2025-10-30T03:57:30.640000"
    },
    {
      "subdomain": "etpc",
      "type": "A",
      "options": {
        "ttl": 21600
      },
      "value": "140.116.249.91",
      "last_seen": "2025-10-30T03:57:30.640000"
    },
    {
      "subdomain": "euler.ee",
      "type": "A",
      "options": {
        "ttl": 60
      },
      "value": "140.116.216.108",
      "last_seen": "2025-10-30T03:57:30.523000"
    },
    {
      "subdomain": "ev",
      "type": "A",
      "options": {
        "ttl": 15691
      },
      "value": "140.116.248.21",
      "last_seen": "2025-10-30T03:57:31.261000"
    },
    {
      "subdomain": "evs",
      "type": "A",
      "options": {
        "ttl": 21600
      },
      "value": "163.28.114.8",
      "last_seen": "2025-10-30T03:57:30.709000"
    },
    {
      "subdomain": "exam.lib",
      "type": "A",
      "options": {
        "ttl": 60
      },
      "value": "140.116.207.72",
      "last_seen": "2025-10-30T03:57:30.611000"
    },
    {
      "subdomain": "examad.iim",
      "type": "A",
      "options": {
        "ttl": 3599
      },
      "value": "140.116.99.4",
      "last_seen": "2025-10-30T03:57:30.966000"
    },
    {
      "subdomain": "exchmail.stat",
      "type": "A",
      "options": {
        "ttl": 21600
      },
      "value": "140.116.52.31",
      "last_seen": "2025-10-30T03:57:30.521000"
    },
    {
      "subdomain": "expath.itps",
      "type": "A",
      "options": {
        "ttl": 21600
      },
      "value": "140.116.56.82",
      "last_seen": "2025-10-30T03:57:31.413000"
    },
    {
      "subdomain": "expathtool.itps",
      "type": "A",
      "options": {
        "ttl": 86400
      },
      "value": "140.116.56.82",
      "last_seen": "2025-10-30T03:57:33.371000"
    },
    {
      "subdomain": "experience.ctld",
      "type": "A",
      "options": {
        "ttl": 21600
      },
      "value": "140.116.249.243",
      "last_seen": "2025-10-30T03:57:30.662000"
    },
    {
      "subdomain": "express.ord",
      "type": "A",
      "options": {
        "ttl": 21600
      },
      "value": "104.155.196.30",
      "last_seen": "2025-10-30T03:57:30.102000"
    },
    {
      "subdomain": "exptainan.liberal",
      "type": "A",
      "options": {
        "ttl": 86400
      },
      "value": "140.116.249.129",
      "last_seen": "2025-10-30T03:57:32.040000"
    },
    {
      "subdomain": "extension",
      "type": "A",
      "options": {
        "ttl": 21600
      },
      "value": "140.116.203.58",
      "last_seen": "2025-10-30T03:57:30.614000"
    },
    {
      "subdomain": "fdtd.dps",
      "type": "A",
      "options": {
        "ttl": 21600
      },
      "value": "140.116.205.146",
      "last_seen": "2025-10-30T03:57:31.531000"
    },
    {
      "subdomain": "files.me",
      "type": "A",
      "options": {
        "ttl": 4528
      },
      "value": "140.116.31.35",
      "last_seen": "2025-10-30T03:57:33.107000"
    },
    {
      "subdomain": "fintech",
      "type": "A",
      "options": {
        "ttl": 21600
      },
      "value": "54.199.105.73",
      "last_seen": "2025-10-30T03:57:30.095000"
    },
    {
      "subdomain": "fintech.management",
      "type": "A",
      "options": {
        "ttl": 21600
      },
      "value": "18.176.250.183",
      "last_seen": "2025-10-30T03:57:30.103000"
    },
    {
      "subdomain": "firstaid",
      "type": "A",
      "options": {
        "ttl": 21600
      },
      "value": "140.116.213.70",
      "last_seen": "2025-10-30T03:57:30.095000"
    },
    {
      "subdomain": "flc",
      "type": "A",
      "options": {
        "ttl": 21075
      },
      "value": "140.116.248.21",
      "last_seen": "2025-10-30T03:57:32.294000"
    },
    {
      "subdomain": "flld",
      "type": "A",
      "options": {
        "ttl": 21600
      },
      "value": "140.116.248.21",
      "last_seen": "2025-10-30T03:57:30.665000"
    },
    {
      "subdomain": "fmri",
      "type": "A",
      "options": {
        "ttl": 21600
      },
      "value": "140.116.252.100",
      "last_seen": "2025-10-30T03:57:32.776000"
    },
    {
      "subdomain": "foodeducation.ai4dt",
      "type": "A",
      "options": {
        "ttl": 21600
      },
      "value": "203.145.221.194",
      "last_seen": "2025-10-30T03:57:30.158000"
    },
    {
      "subdomain": "foodeducation.ee",
      "type": "A",
      "options": {
        "ttl": 60
      },
      "value": "140.116.56.57",
      "last_seen": "2025-10-30T03:57:30.299000"
    },
    {
      "subdomain": "foodeducation1.ee",
      "type": "A",
      "options": {
        "ttl": 60
      },
      "value": "140.116.56.39",
      "last_seen": "2025-10-30T03:57:31.592000"
    },
    {
      "subdomain": "formosat7.earth",
      "type": "A",
      "options": {
        "ttl": 21600
      },
      "value": "140.116.176.83",
      "last_seen": "2025-10-30T03:57:30.555000"
    },
    {
      "subdomain": "foundation.civil",
      "type": "A",
      "options": {
        "ttl": 3599
      },
      "value": "139.162.72.104",
      "last_seen": "2025-10-30T03:57:32.977000"
    },
    {
      "subdomain": "fourier.ee",
      "type": "A",
      "options": {
        "ttl": 60
      },
      "value": "140.116.216.102",
      "last_seen": "2025-10-30T03:57:30.715000"
    },
    {
      "subdomain": "fr.gec2020.twisc",
      "type": "A",
      "options": {
        "ttl": 1
      },
      "value": "140.116.163.133",
      "last_seen": "2025-10-30T03:57:30.315000"
    },
    {
      "subdomain": "fr.tcat2019.twisc",
      "type": "A",
      "options": {
        "ttl": 1
      },
      "value": "140.116.163.142",
      "last_seen": "2025-10-30T03:57:30.862000"
    },
    {
      "subdomain": "freshmanyear.ccep",
      "type": "A",
      "options": {
        "ttl": 21600
      },
      "value": "140.116.241.66",
      "last_seen": "2025-10-30T03:57:30.650000"
    },
    {
      "subdomain": "frisky.es",
      "type": "A",
      "options": {
        "ttl": 21600
      },
      "value": "140.116.39.104",
      "last_seen": "2025-10-30T03:57:30.002000"
    },
    {
      "subdomain": "fs",
      "type": "A",
      "options": {
        "ttl": 86400
      },
      "value": "140.116.249.167",
      "last_seen": "2025-10-30T03:57:33.362000"
    },
    {
      "subdomain": "fun.phys",
      "type": "A",
      "options": {
        "ttl": 21600
      },
      "value": "140.116.91.119",
      "last_seen": "2025-10-30T03:57:30.638000"
    },
    {
      "subdomain": "fund.es",
      "type": "A",
      "options": {
        "ttl": 21600
      },
      "value": "140.116.78.120",
      "last_seen": "2025-10-30T03:57:30.623000"
    },
    {
      "subdomain": "galileo.ee",
      "type": "A",
      "options": {
        "ttl": 60
      },
      "value": "140.116.216.107",
      "last_seen": "2025-10-30T03:57:30.504000"
    },
    {
      "subdomain": "gcbme2024",
      "type": "A",
      "options": {
        "ttl": 21600
      },
      "value": "103.118.26.155",
      "last_seen": "2025-10-30T03:57:33.367000"
    },
    {
      "subdomain": "gdcsc.med",
      "type": "A",
      "options": {
        "ttl": 21600
      },
      "value": "140.116.60.217",
      "last_seen": "2025-10-30T03:57:30.949000"
    },
    {
      "subdomain": "ge",
      "type": "A",
      "options": {
        "ttl": 21600
      },
      "value": "140.116.249.205",
      "last_seen": "2025-10-30T03:57:30.100000"
    },
    {
      "subdomain": "geec.ee",
      "type": "A",
      "options": {
        "ttl": 60
      },
      "value": "140.116.187.164",
      "last_seen": "2025-10-30T03:57:31.853000"
    },
    {
      "subdomain": "geo-museum.earth",
      "type": "A",
      "options": {
        "ttl": 21600
      },
      "value": "140.116.24.228",
      "last_seen": "2025-10-30T03:57:30.645000"
    },
    {
      "subdomain": "geodac",
      "type": "A",
      "options": {
        "ttl": 21600
      },
      "value": "140.116.249.139",
      "last_seen": "2025-10-30T03:57:30.160000"
    },
    {
      "subdomain": "geoenv.thl",
      "type": "A",
      "options": {
        "ttl": 3600
      },
      "value": "140.116.249.228",
      "last_seen": "2025-10-30T03:57:34.548000"
    },
    {
      "subdomain": "geoenv2020.thl",
      "type": "A",
      "options": {
        "ttl": 3600
      },
      "value": "140.116.185.3",
      "last_seen": "2025-10-30T03:57:30.439000"
    },
    {
      "subdomain": "geomatics",
      "type": "A",
      "options": {
        "ttl": 3600
      },
      "value": "140.116.248.21",
      "last_seen": "2025-10-30T03:57:31.302000"
    },
    {
      "subdomain": "gesbinmeofmicroalgae.researchvismap",
      "type": "A",
      "options": {
        "ttl": 21600
      },
      "value": "140.116.249.46",
      "last_seen": "2025-10-30T03:57:29.996000"
    },
    {
      "subdomain": "gibbs.ee",
      "type": "A",
      "options": {
        "ttl": 60
      },
      "value": "140.116.216.100",
      "last_seen": "2025-10-30T03:57:30.963000"
    },
    {
      "subdomain": "gis",
      "type": "A",
      "options": {
        "ttl": 21600
      },
      "value": "140.116.206.101",
      "last_seen": "2025-10-30T03:57:30.553000"
    },
    {
      "subdomain": "gis.thl",
      "type": "A",
      "options": {
        "ttl": 3600
      },
      "value": "140.116.217.109",
      "last_seen": "2025-10-30T03:57:31.351000"
    },
    {
      "subdomain": "git.caslab.ee",
      "type": "A",
      "options": {
        "ttl": 21600
      },
      "value": "140.116.164.228",
      "last_seen": "2025-10-30T03:57:33.613000"
    },
    {
      "subdomain": "gitea.test.course.aislab.ee",
      "type": "A",
      "options": {
        "ttl": 21600
      },
      "value": "140.116.178.171",
      "last_seen": "2025-10-30T03:57:30.279000"
    },
    {
      "subdomain": "gitlab.aislab.ee",
      "type": "A",
      "options": {
        "ttl": 21600
      },
      "value": "140.116.178.170",
      "last_seen": "2025-10-30T03:57:30.721000"
    },
    {
      "subdomain": "gitlab.course.aislab.ee",
      "type": "A",
      "options": {
        "ttl": 21600
      },
      "value": "140.116.178.171",
      "last_seen": "2025-10-30T03:57:31.431000"
    },
    {
      "subdomain": "gitlab.screamtrumpet.csie",
      "type": "A",
      "options": {
        "ttl": 3600
      },
      "value": "140.116.82.234",
      "last_seen": "2025-10-30T03:57:30.392000"
    },
    {
      "subdomain": "gitlab.test.course.aislab.ee",
      "type": "A",
      "options": {
        "ttl": 21600
      },
      "value": "140.116.178.171",
      "last_seen": "2025-10-30T03:57:31.392000"
    },
    {
      "subdomain": "giw2020",
      "type": "A",
      "options": {
        "ttl": 21600
      },
      "value": "140.116.247.185",
      "last_seen": "2025-10-30T03:57:33.384000"
    },
    {
      "subdomain": "gloria",
      "type": "A",
      "options": {
        "ttl": 21600
      },
      "value": "140.116.248.17",
      "last_seen": "2025-10-30T03:57:31.860000"
    },
    {
      "subdomain": "gm-med",
      "type": "A",
      "options": {
        "ttl": 21600
      },
      "value": "140.116.248.21",
      "last_seen": "2025-10-30T03:57:30.681000"
    },
    {
      "subdomain": "goapp.ee",
      "type": "A",
      "options": {
        "ttl": 60
      },
      "value": "140.116.49.182",
      "last_seen": "2025-10-30T03:57:34.592000"
    },
    {
      "subdomain": "gold.ee",
      "type": "A",
      "options": {
        "ttl": 60
      },
      "value": "140.116.72.51",
      "last_seen": "2025-10-30T03:57:30.658000"
    },
    {
      "subdomain": "goodguy.csie",
      "type": "A",
      "options": {
        "ttl": 3600
      },
      "value": "140.116.246.180",
      "last_seen": "2025-10-30T03:57:33.446000"
    },
    {
      "subdomain": "gpaper.geomatics",
      "type": "A",
      "options": {
        "ttl": 3600
      },
      "value": "140.116.80.1",
      "last_seen": "2025-10-30T03:57:33.670000"
    },
    {
      "subdomain": "gplab.phys",
      "type": "A",
      "options": {
        "ttl": 21600
      },
      "value": "140.116.91.87",
      "last_seen": "2025-10-30T03:57:30.300000"
    },
    {
      "subdomain": "grad",
      "type": "A",
      "options": {
        "ttl": 21600
      },
      "value": "140.116.212.123",
      "last_seen": "2025-10-30T03:57:30.602000"
    },
    {
      "subdomain": "grad-osa",
      "type": "A",
      "options": {
        "ttl": 86400
      },
      "value": "140.116.248.21",
      "last_seen": "2025-10-30T03:57:32.281000"
    },
    {
      "subdomain": "grad.osa",
      "type": "A",
      "options": {
        "ttl": 21600
      },
      "value": "140.116.248.21",
      "last_seen": "2025-10-30T03:57:30.786000"
    },
    {
      "subdomain": "graf.csie",
      "type": "A",
      "options": {
        "ttl": 3600
      },
      "value": "140.116.246.97",
      "last_seen": "2025-10-30T03:57:30.145000"
    },
    {
      "subdomain": "graphics.csie",
      "type": "A",
      "options": {
        "ttl": 3600
      },
      "value": "140.116.246.105",
      "last_seen": "2025-10-30T03:57:30.661000"
    },
    {
      "subdomain": "graphql.ckforum",
      "type": "A",
      "options": {
        "ttl": 21600
      },
      "value": "140.116.83.124",
      "last_seen": "2025-10-30T03:57:30.006000"
    },
    {
      "subdomain": "graphql.ckforum2",
      "type": "A",
      "options": {
        "ttl": 21600
      },
      "value": "140.116.83.125",
      "last_seen": "2025-10-30T03:57:31.007000"
    },
    {
      "subdomain": "grey.ee",
      "type": "A",
      "options": {
        "ttl": 60
      },
      "value": "140.116.72.176",
      "last_seen": "2025-10-30T03:57:30.175000"
    },
    {
      "subdomain": "grieg.ee",
      "type": "A",
      "options": {
        "ttl": 59
      },
      "value": "140.116.72.147",
      "last_seen": "2025-10-30T03:57:33.318000"
    },
    {
      "subdomain": "grqc.ncts",
      "type": "A",
      "options": {
        "ttl": 16865
      },
      "value": "140.116.161.169",
      "last_seen": "2025-10-30T03:57:34.235000"
    },
    {
      "subdomain": "grrc",
      "type": "A",
      "options": {
        "ttl": 21600
      },
      "value": "140.116.248.21",
      "last_seen": "2025-10-30T03:57:30.047000"
    },
    {
      "subdomain": "gs",
      "type": "A",
      "options": {
        "ttl": 21600
      },
      "value": "216.239.32.21",
      "last_seen": "2025-10-30T03:57:30.110000"
    },
    {
      "subdomain": "gs",
      "type": "A",
      "options": {
        "ttl": 21600
      },
      "value": "216.239.34.21",
      "last_seen": "2025-10-30T03:57:30.110000"
    },
    {
      "subdomain": "gs",
      "type": "A",
      "options": {
        "ttl": 21600
      },
      "value": "216.239.36.21",
      "last_seen": "2025-10-30T03:57:30.110000"
    },
    {
      "subdomain": "gs",
      "type": "A",
      "options": {
        "ttl": 21600
      },
      "value": "216.239.38.21",
      "last_seen": "2025-10-30T03:57:30.110000"
    },
    {
      "subdomain": "gsa.twl",
      "type": "A",
      "options": {
        "ttl": 21600
      },
      "value": "140.116.10.228",
      "last_seen": "2025-10-30T03:57:30.290000"
    },
    {
      "subdomain": "gun.ckforum",
      "type": "A",
      "options": {
        "ttl": 21600
      },
      "value": "140.116.83.124",
      "last_seen": "2025-10-30T03:57:30.946000"
    },
    {
      "subdomain": "gun.ckforum2",
      "type": "A",
      "options": {
        "ttl": 21600
      },
      "value": "140.116.83.125",
      "last_seen": "2025-10-30T03:57:30.292000"
    },
    {
      "subdomain": "gym",
      "type": "A",
      "options": {
        "ttl": 21600
      },
      "value": "140.116.206.180",
      "last_seen": "2025-10-30T03:57:30.148000"
    },
    {
      "subdomain": "hadcp.thl",
      "type": "A",
      "options": {
        "ttl": 3600
      },
      "value": "140.116.185.238",
      "last_seen": "2025-10-30T03:57:32.404000"
    },
    {
      "subdomain": "harbor.screamtrumpet.csie",
      "type": "A",
      "options": {
        "ttl": 3600
      },
      "value": "140.116.82.234",
      "last_seen": "2025-10-30T03:57:31.878000"
    },
    {
      "subdomain": "haydn.ee",
      "type": "A",
      "options": {
        "ttl": 60
      },
      "value": "140.116.72.138",
      "last_seen": "2025-10-30T03:57:30.924000"
    },
    {
      "subdomain": "hdmap.geomatics",
      "type": "A",
      "options": {
        "ttl": 3600
      },
      "value": "140.116.80.26",
      "last_seen": "2025-10-30T03:57:30.438000"
    },
    {
      "subdomain": "health-epsh",
      "type": "A",
      "options": {
        "ttl": 21600
      },
      "value": "140.116.248.21",
      "last_seen": "2025-10-30T03:57:32.444000"
    },
    {
      "subdomain": "health.epsh",
      "type": "A",
      "options": {
        "ttl": 21600
      },
      "value": "140.116.248.21",
      "last_seen": "2025-10-30T03:57:33.403000"
    },
    {
      "subdomain": "health.mdic",
      "type": "A",
      "options": {
        "ttl": 21600
      },
      "value": "140.116.249.171",
      "last_seen": "2025-10-30T03:57:30.103000"
    },
    {
      "subdomain": "hearthermo.csie",
      "type": "A",
      "options": {
        "ttl": 3600
      },
      "value": "140.116.247.118",
      "last_seen": "2025-10-30T03:57:30.869000"
    },
    {
      "subdomain": "heat3.che",
      "type": "A",
      "options": {
        "ttl": 21600
      },
      "value": "140.116.33.33",
      "last_seen": "2025-10-30T03:57:33.416000"
    },
    {
      "subdomain": "hec22.hyd",
      "type": "A",
      "options": {
        "ttl": 21600
      },
      "value": "140.116.77.23",
      "last_seen": "2025-10-30T03:57:30.902000"
    },
    {
      "subdomain": "hedgedoc.course.aislab.ee",
      "type": "A",
      "options": {
        "ttl": 86400
      },
      "value": "140.116.178.171",
      "last_seen": "2025-10-30T03:57:35.796000"
    },
    {
      "subdomain": "hep.phys",
      "type": "A",
      "options": {
        "ttl": 21600
      },
      "value": "140.116.91.1",
      "last_seen": "2025-10-30T03:57:30.673000"
    },
    {
      "subdomain": "hieporuscarbon.researchvismap",
      "type": "A",
      "options": {
        "ttl": 21600
      },
      "value": "140.116.249.46",
      "last_seen": "2025-10-30T03:57:30.458000"
    },
    {
      "subdomain": "higem",
      "type": "A",
      "options": {
        "ttl": 21600
      },
      "value": "103.17.11.108",
      "last_seen": "2025-10-30T03:57:30.523000"
    },
    {
      "subdomain": "himax.ee",
      "type": "A",
      "options": {
        "ttl": 60
      },
      "value": "140.116.187.126",
      "last_seen": "2025-10-30T03:57:30.468000"
    },
    {
      "subdomain": "his",
      "type": "A",
      "options": {
        "ttl": 21600
      },
      "value": "140.116.248.21",
      "last_seen": "2025-10-30T03:57:30.011000"
    },
    {
      "subdomain": "hmcs.hosp",
      "type": "A",
      "options": {
        "ttl": 3600
      },
      "value": "140.116.59.57",
      "last_seen": "2025-10-30T03:57:30.897000"
    },
    {
      "subdomain": "hmi.wraicslog.twisc",
      "type": "A",
      "options": {
        "ttl": 1
      },
      "value": "140.116.223.193",
      "last_seen": "2025-10-30T03:57:31.099000"
    },
    {
      "subdomain": "hmsstc",
      "type": "A",
      "options": {
        "ttl": 21600
      },
      "value": "140.116.58.148",
      "last_seen": "2025-10-30T03:57:30.095000"
    },
    {
      "subdomain": "holtz.ee",
      "type": "A",
      "options": {
        "ttl": 60
      },
      "value": "140.116.216.109",
      "last_seen": "2025-10-30T03:57:30.292000"
    },
    {
      "subdomain": "holybell.phys",
      "type": "A",
      "options": {
        "ttl": 21600
      },
      "value": "140.116.91.107",
      "last_seen": "2025-10-30T03:57:30.527000"
    },
    {
      "subdomain": "honeydew.ee",
      "type": "A",
      "options": {
        "ttl": 60
      },
      "value": "140.116.72.184",
      "last_seen": "2025-10-30T03:57:30.682000"
    },
    {
      "subdomain": "housing-osa",
      "type": "A",
      "options": {
        "ttl": 86400
      },
      "value": "140.116.248.21",
      "last_seen": "2025-10-30T03:57:30.782000"
    },
    {
      "subdomain": "housing.osa",
      "type": "A",
      "options": {
        "ttl": 21600
      },
      "value": "140.116.248.21",
      "last_seen": "2025-10-30T03:57:32.495000"
    },
    {
      "subdomain": "hpc",
      "type": "A",
      "options": {
        "ttl": 21600
      },
      "value": "140.116.206.35",
      "last_seen": "2025-10-30T03:57:30.586000"
    },
    {
      "subdomain": "hpds119.ee",
      "type": "A",
      "options": {
        "ttl": 60
      },
      "value": "140.116.164.119",
      "last_seen": "2025-10-30T03:57:30.757000"
    },
    {
      "subdomain": "hpds120.ee",
      "type": "A",
      "options": {
        "ttl": 60
      },
      "value": "140.116.164.120",
      "last_seen": "2025-10-30T03:57:30.492000"
    },
    {
      "subdomain": "hpds124.ee",
      "type": "A",
      "options": {
        "ttl": 60
      },
      "value": "140.116.164.124",
      "last_seen": "2025-10-30T03:57:31.885000"
    },
    {
      "subdomain": "hpds71.ee",
      "type": "A",
      "options": {
        "ttl": 60
      },
      "value": "140.116.164.71",
      "last_seen": "2025-10-30T03:57:30.496000"
    },
    {
      "subdomain": "hpds82.ee",
      "type": "A",
      "options": {
        "ttl": 60
      },
      "value": "140.116.164.82",
      "last_seen": "2025-10-30T03:57:30.013000"
    },
    {
      "subdomain": "hpds85.ee",
      "type": "A",
      "options": {
        "ttl": 60
      },
      "value": "140.116.164.85",
      "last_seen": "2025-10-30T03:57:30.676000"
    },
    {
      "subdomain": "hpds88.ee",
      "type": "A",
      "options": {
        "ttl": 60
      },
      "value": "140.116.164.88",
      "last_seen": "2025-10-30T03:57:33.663000"
    },
    {
      "subdomain": "hpds95.ee",
      "type": "A",
      "options": {
        "ttl": 60
      },
      "value": "140.116.164.95",
      "last_seen": "2025-10-30T03:57:30.644000"
    },
    {
      "subdomain": "hpds96.ee",
      "type": "A",
      "options": {
        "ttl": 60
      },
      "value": "140.116.164.96",
      "last_seen": "2025-10-30T03:57:34.218000"
    },
    {
      "subdomain": "hpdslab.ee",
      "type": "A",
      "options": {
        "ttl": 58
      },
      "value": "140.116.164.78",
      "last_seen": "2025-10-30T03:57:34.382000"
    },
    {
      "subdomain": "hpfbf.researchvismap",
      "type": "A",
      "options": {
        "ttl": 86400
      },
      "value": "140.116.249.46",
      "last_seen": "2025-10-30T03:57:30.742000"
    },
    {
      "subdomain": "hsm",
      "type": "A",
      "options": {
        "ttl": 15692
      },
      "value": "140.116.248.21",
      "last_seen": "2025-10-30T03:57:30.515000"
    },
    {
      "subdomain": "hsnet.ee",
      "type": "A",
      "options": {
        "ttl": 3600
      },
      "value": "140.116.163.129",
      "last_seen": "2025-10-30T03:57:34.358000"
    },
    {
      "subdomain": "hspc.csie",
      "type": "A",
      "options": {
        "ttl": 3600
      },
      "value": "140.116.154.66",
      "last_seen": "2025-10-30T03:57:34.631000"
    },
    {
      "subdomain": "hspc2023.csie",
      "type": "A",
      "options": {
        "ttl": 3600
      },
      "value": "140.116.154.66",
      "last_seen": "2025-10-30T03:57:33.590000"
    },
    {
      "subdomain": "hstrc.hyd",
      "type": "A",
      "options": {},
      "value": "140.116.38.140",
      "last_seen": "2025-10-04T07:50:52.498000"
    },
    {
      "subdomain": "hstrc.hyd",
      "type": "A",
      "options": {
        "ttl": 21600
      },
      "value": "140.116.77.156",
      "last_seen": "2025-10-30T03:57:33.012000"
    },
    {
      "subdomain": "hsu411.hosp",
      "type": "A",
      "options": {
        "ttl": 3600
      },
      "value": "140.116.60.70",
      "last_seen": "2025-10-30T03:57:31.899000"
    },
    {
      "subdomain": "hsunt.hosp",
      "type": "A",
      "options": {
        "ttl": 3600
      },
      "value": "140.116.60.226",
      "last_seen": "2025-10-30T03:57:30.681000"
    },
    {
      "subdomain": "huang.es",
      "type": "A",
      "options": {
        "ttl": 21600
      },
      "value": "140.116.226.213",
      "last_seen": "2025-10-30T03:57:30.650000"
    },
    {
      "subdomain": "hub.arch",
      "type": "A",
      "options": {
        "ttl": 21600
      },
      "value": "140.116.37.41",
      "last_seen": "2025-10-30T03:57:30.015000"
    },
    {
      "subdomain": "hub.fintech",
      "type": "A",
      "options": {
        "ttl": 21600
      },
      "value": "140.116.17.225",
      "last_seen": "2025-10-30T03:57:30.517000"
    },
    {
      "subdomain": "hydrodapu.dprc",
      "type": "A",
      "options": {
        "ttl": 21600
      },
      "value": "140.116.66.26",
      "last_seen": "2025-10-30T03:57:30.446000"
    },
    {
      "subdomain": "i",
      "type": "A",
      "options": {
        "ttl": 21600
      },
      "value": "140.116.249.160",
      "last_seen": "2025-10-30T03:57:30.332000"
    },
    {
      "subdomain": "i-certificate.ctld",
      "type": "A",
      "options": {
        "ttl": 86400
      },
      "value": "140.116.17.149",
      "last_seen": "2025-10-30T03:57:31.342000"
    },
    {
      "subdomain": "i-classroom.collegex",
      "type": "A",
      "options": {
        "ttl": 21600
      },
      "value": "140.116.167.71",
      "last_seen": "2025-10-30T03:57:30.694000"
    },
    {
      "subdomain": "i-drive.ctld",
      "type": "A",
      "options": {
        "ttl": 21600
      },
      "value": "140.116.203.33",
      "last_seen": "2025-10-30T03:57:30.294000"
    },
    {
      "subdomain": "i-expert.ctld",
      "type": "A",
      "options": {
        "ttl": 21600
      },
      "value": "140.116.17.158",
      "last_seen": "2025-10-30T03:57:30.681000"
    },
    {
      "subdomain": "i-member.ctld",
      "type": "A",
      "options": {
        "ttl": 21600
      },
      "value": "140.116.17.147",
      "last_seen": "2025-10-30T03:57:30.197000"
    },
    {
      "subdomain": "i-nas.cce",
      "type": "A",
      "options": {
        "ttl": 21600
      },
      "value": "140.116.238.124",
      "last_seen": "2025-10-30T03:57:30.303000"
    },
    {
      "subdomain": "i-ocw.ctld",
      "type": "A",
      "options": {
        "ttl": 11594
      },
      "value": "140.116.17.153",
      "last_seen": "2025-10-30T03:57:30.892000"
    },
    {
      "subdomain": "iaa",
      "type": "A",
      "options": {
        "ttl": 21600
      },
      "value": "140.116.248.21",
      "last_seen": "2025-10-30T03:57:30.169000"
    },
    {
      "subdomain": "ib",
      "type": "A",
      "options": {
        "ttl": 21600
      },
      "value": "140.116.248.21",
      "last_seen": "2025-10-30T03:57:32.283000"
    },
    {
      "subdomain": "ibdpe",
      "type": "A",
      "options": {
        "ttl": 20625
      },
      "value": "140.116.248.21",
      "last_seen": "2025-10-30T03:57:30.291000"
    },
    {
      "subdomain": "ibm260.phys",
      "type": "A",
      "options": {
        "ttl": 21600
      },
      "value": "140.116.161.2",
      "last_seen": "2025-10-30T03:57:30.949000"
    },
    {
      "subdomain": "ibm595.phys",
      "type": "A",
      "options": {
        "ttl": 21600
      },
      "value": "140.116.161.1",
      "last_seen": "2025-10-30T03:57:32.114000"
    },
    {
      "subdomain": "ibms",
      "type": "A",
      "options": {
        "ttl": 21600
      },
      "value": "140.116.248.21",
      "last_seen": "2025-10-30T03:57:33.796000"
    },
    {
      "subdomain": "ica",
      "type": "A",
      "options": {
        "ttl": 21600
      },
      "value": "140.116.248.21",
      "last_seen": "2025-10-30T03:57:30.019000"
    },
    {
      "subdomain": "icamp",
      "type": "A",
      "options": {
        "ttl": 15691
      },
      "value": "140.116.248.21",
      "last_seen": "2025-10-30T03:57:32.462000"
    },
    {
      "subdomain": "icaps.computing",
      "type": "A",
      "options": {
        "ttl": 21600
      },
      "value": "140.116.158.124",
      "last_seen": "2025-10-30T03:57:32.532000"
    },
    {
      "subdomain": "icdeslab02.ee",
      "type": "A",
      "options": {
        "ttl": 60
      },
      "value": "140.116.156.225",
      "last_seen": "2025-10-30T03:57:32.475000"
    },
    {
      "subdomain": "icdeslab05.ee",
      "type": "A",
      "options": {
        "ttl": 60
      },
      "value": "140.116.156.228",
      "last_seen": "2025-10-30T03:57:31.691000"
    },
    {
      "subdomain": "icdeslab06.ee",
      "type": "A",
      "options": {
        "ttl": 60
      },
      "value": "140.116.156.229",
      "last_seen": "2025-10-30T03:57:30.175000"
    },
    {
      "subdomain": "icdeslab08.ee",
      "type": "A",
      "options": {
        "ttl": 60
      },
      "value": "140.116.156.231",
      "last_seen": "2025-10-30T03:57:33.001000"
    },
    {
      "subdomain": "icem15",
      "type": "A",
      "options": {
        "ttl": 21600
      },
      "value": "140.116.97.78",
      "last_seen": "2025-10-30T03:57:30.644000"
    },
    {
      "subdomain": "ices.csie",
      "type": "A",
      "options": {
        "ttl": 3600
      },
      "value": "140.116.245.125",
      "last_seen": "2025-10-30T03:57:30.676000"
    },
    {
      "subdomain": "iche2016.hyd",
      "type": "A",
      "options": {
        "ttl": 21600
      },
      "value": "140.116.77.15",
      "last_seen": "2025-10-30T03:57:32.475000"
    },
    {
      "subdomain": "icid",
      "type": "A",
      "options": {
        "ttl": 18729
      },
      "value": "140.116.220.139",
      "last_seen": "2025-10-30T03:57:30.293000"
    },
    {
      "subdomain": "icim",
      "type": "A",
      "options": {
        "ttl": 21600
      },
      "value": "140.116.248.21",
      "last_seen": "2025-10-30T03:57:30.737000"
    },
    {
      "subdomain": "iclab.es",
      "type": "A",
      "options": {
        "ttl": 21600
      },
      "value": "140.116.226.88",
      "last_seen": "2025-10-30T03:57:30.144000"
    },
    {
      "subdomain": "icmmed",
      "type": "A",
      "options": {
        "ttl": 15691
      },
      "value": "140.116.248.21",
      "last_seen": "2025-10-30T03:57:33.084000"
    },
    {
      "subdomain": "icwangjf.ee",
      "type": "A",
      "options": {
        "ttl": 60
      },
      "value": "140.116.156.223",
      "last_seen": "2025-10-30T03:57:30.519000"
    },
    {
      "subdomain": "id",
      "type": "A",
      "options": {
        "ttl": 21600
      },
      "value": "140.116.249.120",
      "last_seen": "2025-10-30T03:57:31.484000"
    },
    {
      "subdomain": "id.sso2",
      "type": "A",
      "options": {
        "ttl": 21600
      },
      "value": "140.116.249.167",
      "last_seen": "2025-10-30T03:57:31.289000"
    },
    {
      "subdomain": "idb.csie",
      "type": "A",
      "options": {
        "ttl": 3600
      },
      "value": "140.116.247.40",
      "last_seen": "2025-10-30T03:57:31.566000"
    },
    {
      "subdomain": "idc-ord",
      "type": "A",
      "options": {
        "ttl": 21600
      },
      "value": "140.116.248.21",
      "last_seen": "2025-10-30T03:57:31.516000"
    },
    {
      "subdomain": "idc.ord",
      "type": "A",
      "options": {
        "ttl": 86400
      },
      "value": "140.116.248.21",
      "last_seen": "2025-10-30T03:57:31.851000"
    },
    {
      "subdomain": "ide",
      "type": "A",
      "options": {
        "ttl": 3600
      },
      "value": "140.116.241.66",
      "last_seen": "2025-10-30T03:57:30.191000"
    },
    {
      "subdomain": "ideal.csie",
      "type": "A",
      "options": {
        "ttl": 3600
      },
      "value": "140.116.246.221",
      "last_seen": "2025-10-30T03:57:30.169000"
    },
    {
      "subdomain": "idp",
      "type": "A",
      "options": {
        "ttl": 21600
      },
      "value": "140.116.241.102",
      "last_seen": "2025-10-30T03:57:30.963000"
    },
    {
      "subdomain": "iebs.arch",
      "type": "A",
      "options": {
        "ttl": 21600
      },
      "value": "220.132.246.195",
      "last_seen": "2025-10-30T03:57:30.800000"
    },
    {
      "subdomain": "ieet.csie",
      "type": "A",
      "options": {
        "ttl": 3600
      },
      "value": "140.116.246.143",
      "last_seen": "2025-10-30T03:57:30.542000"
    },
    {
      "subdomain": "ieet.ee",
      "type": "A",
      "options": {
        "ttl": 60
      },
      "value": "140.116.49.16",
      "last_seen": "2025-10-30T03:57:30.102000"
    },
    {
      "subdomain": "igisportal.geomatics",
      "type": "A",
      "options": {
        "ttl": 3600
      },
      "value": "140.116.47.125",
      "last_seen": "2025-10-30T03:57:30.463000"
    },
    {
      "subdomain": "ihliu.twisc",
      "type": "A",
      "options": {
        "ttl": 1
      },
      "value": "140.116.163.129",
      "last_seen": "2025-10-30T03:57:34.619000"
    },
    {
      "subdomain": "iim",
      "type": "A",
      "options": {
        "ttl": 3600
      },
      "value": "140.116.241.66",
      "last_seen": "2025-10-30T03:57:32.498000"
    },
    {
      "subdomain": "iir.csie",
      "type": "A",
      "options": {
        "ttl": 3600
      },
      "value": "140.116.247.183",
      "last_seen": "2025-10-30T03:57:31.528000"
    },
    {
      "subdomain": "iisd-oia",
      "type": "A",
      "options": {
        "ttl": 21600
      },
      "value": "140.116.248.21",
      "last_seen": "2025-10-30T03:57:30.507000"
    },
    {
      "subdomain": "iisd.oia",
      "type": "A",
      "options": {
        "ttl": 21600
      },
      "value": "140.116.248.21",
      "last_seen": "2025-10-30T03:57:30.169000"
    },
    {
      "subdomain": "ijiatraining.ee",
      "type": "A",
      "options": {
        "ttl": 60
      },
      "value": "140.116.56.35",
      "last_seen": "2025-10-30T03:57:30.298000"
    },
    {
      "subdomain": "ikmbio.csie",
      "type": "A",
      "options": {
        "ttl": 3600
      },
      "value": "140.116.245.99",
      "last_seen": "2025-10-30T03:57:30.030000"
    },
    {
      "subdomain": "ilin.iim",
      "type": "A",
      "options": {
        "ttl": 3600
      },
      "value": "185.199.111.153",
      "last_seen": "2025-10-30T03:57:31.520000"
    },
    {
      "subdomain": "im",
      "type": "A",
      "options": {
        "ttl": 3600
      },
      "value": "140.116.241.66",
      "last_seen": "2025-10-30T03:57:30.298000"
    },
    {
      "subdomain": "imba",
      "type": "A",
      "options": {
        "ttl": 21600
      },
      "value": "103.17.11.108",
      "last_seen": "2025-10-30T03:57:30.690000"
    },
    {
      "subdomain": "ime",
      "type": "A",
      "options": {
        "ttl": 21600
      },
      "value": "140.116.86.7",
      "last_seen": "2025-10-30T03:57:30.584000"
    },
    {
      "subdomain": "imfw.hosp",
      "type": "A",
      "options": {
        "ttl": 3600
      },
      "value": "140.116.60.31",
      "last_seen": "2025-10-30T03:57:31.262000"
    },
    {
      "subdomain": "imilab.imis",
      "type": "A",
      "options": {
        "ttl": 21600
      },
      "value": "140.116.86.196",
      "last_seen": "2025-10-30T03:57:30.024000"
    },
    {
      "subdomain": "imis",
      "type": "A",
      "options": {
        "ttl": 20858
      },
      "value": "140.116.248.21",
      "last_seen": "2025-10-30T03:57:30.631000"
    },
    {
      "subdomain": "imm-med",
      "type": "A",
      "options": {
        "ttl": 16462
      },
      "value": "140.116.248.21",
      "last_seen": "2025-10-30T03:57:33.324000"
    },
    {
      "subdomain": "imputation.netdb.csie",
      "type": "A",
      "options": {
        "ttl": 3600
      },
      "value": "140.116.247.125",
      "last_seen": "2025-10-30T03:57:32.247000"
    },
    {
      "subdomain": "imrc",
      "type": "A",
      "options": {
        "ttl": 21600
      },
      "value": "140.116.234.99",
      "last_seen": "2025-10-30T03:57:33.193000"
    },
    {
      "subdomain": "imslab.csie",
      "type": "A",
      "options": {
        "ttl": 3600
      },
      "value": "140.116.245.253",
      "last_seen": "2025-10-30T03:57:30.396000"
    },
    {
      "subdomain": "imspmdcad1c.ee",
      "type": "A",
      "options": {
        "ttl": 60
      },
      "value": "140.116.216.80",
      "last_seen": "2025-10-30T03:57:30.644000"
    },
    {
      "subdomain": "imxms.hosp",
      "type": "A",
      "options": {
        "ttl": 3600
      },
      "value": "120.114.241.90",
      "last_seen": "2025-10-30T03:57:30.554000"
    },
    {
      "subdomain": "indigo.ee",
      "type": "A",
      "options": {
        "ttl": 60
      },
      "value": "140.116.72.57",
      "last_seen": "2025-10-30T03:57:32.765000"
    },
    {
      "subdomain": "industry-taiwan.innovation",
      "type": "A",
      "options": {
        "ttl": 21600
      },
      "value": "140.116.88.230",
      "last_seen": "2025-10-30T03:57:30.769000"
    },
    {
      "subdomain": "infra.ee",
      "type": "A",
      "options": {
        "ttl": 60
      },
      "value": "140.116.164.146",
      "last_seen": "2025-10-30T03:57:34.083000"
    },
    {
      "subdomain": "innovation",
      "type": "A",
      "options": {
        "ttl": 21600
      },
      "value": "140.116.248.21",
      "last_seen": "2025-10-30T03:57:30.931000"
    },
    {
      "subdomain": "instrument.science",
      "type": "A",
      "options": {
        "ttl": 21600
      },
      "value": "140.116.228.43",
      "last_seen": "2025-10-30T03:57:30.456000"
    },
    {
      "subdomain": "internship.arch",
      "type": "A",
      "options": {
        "ttl": 21600
      },
      "value": "140.116.37.41",
      "last_seen": "2025-10-30T03:57:30.099000"
    },
    {
      "subdomain": "investments",
      "type": "A",
      "options": {
        "ttl": 21598
      },
      "value": "140.116.249.179",
      "last_seen": "2025-10-30T03:57:35.074000"
    },
    {
      "subdomain": "ioannis.ee",
      "type": "A",
      "options": {
        "ttl": 60
      },
      "value": "140.116.163.101",
      "last_seen": "2025-10-30T03:57:32.063000"
    },
    {
      "subdomain": "iog",
      "type": "A",
      "options": {
        "ttl": 21600
      },
      "value": "140.116.248.21",
      "last_seen": "2025-10-30T03:57:30.706000"
    },
    {
      "subdomain": "iom",
      "type": "A",
      "options": {
        "ttl": 21600
      },
      "value": "140.116.248.21",
      "last_seen": "2025-10-30T03:57:31.865000"
    },
    {
      "subdomain": "iom.hosp",
      "type": "A",
      "options": {
        "ttl": 3600
      },
      "value": "59.125.33.7",
      "last_seen": "2025-10-30T03:57:30.535000"
    },
    {
      "subdomain": "ioml.iim",
      "type": "A",
      "options": {
        "ttl": 3600
      },
      "value": "140.116.96.219",
      "last_seen": "2025-10-30T03:57:30.879000"
    },
    {
      "subdomain": "ipam.testbed",
      "type": "A",
      "options": {
        "ttl": 60
      },
      "value": "140.110.111.19",
      "last_seen": "2025-10-30T03:57:30.704000"
    },
    {
      "subdomain": "ipc2011",
      "type": "A",
      "options": {
        "ttl": 21600
      },
      "value": "140.116.91.87",
      "last_seen": "2025-10-30T03:57:34.627000"
    },
    {
      "subdomain": "iqbal.researchvismap",
      "type": "A",
      "options": {
        "ttl": 86400
      },
      "value": "140.116.249.46",
      "last_seen": "2025-10-30T03:57:36.633000"
    },
    {
      "subdomain": "ir-ord",
      "type": "A",
      "options": {
        "ttl": 21600
      },
      "value": "140.116.248.21",
      "last_seen": "2025-10-30T03:57:30.524000"
    },
    {
      "subdomain": "ir.lib",
      "type": "A",
      "options": {
        "ttl": 60
      },
      "value": "140.116.207.99",
      "last_seen": "2025-10-30T03:57:30.756000"
    },
    {
      "subdomain": "ir.ord",
      "type": "A",
      "options": {
        "ttl": 21600
      },
      "value": "140.116.248.21",
      "last_seen": "2025-10-30T03:57:30.522000"
    },
    {
      "subdomain": "ircmmc",
      "type": "A",
      "options": {
        "ttl": 86400
      },
      "value": "162.213.255.16",
      "last_seen": "2025-10-30T03:57:32.290000"
    },
    {
      "subdomain": "ird-oia",
      "type": "A",
      "options": {
        "ttl": 21600
      },
      "value": "140.116.248.21",
      "last_seen": "2025-10-30T03:57:30.104000"
    },
    {
      "subdomain": "ird.oia",
      "type": "A",
      "options": {
        "ttl": 21600
      },
      "value": "140.116.248.21",
      "last_seen": "2025-10-30T03:57:30.289000"
    },
    {
      "subdomain": "irdd-ord",
      "type": "A",
      "options": {
        "ttl": 15691
      },
      "value": "140.116.248.21",
      "last_seen": "2025-10-30T03:57:30.879000"
    },
    {
      "subdomain": "irdd.ord",
      "type": "A",
      "options": {
        "ttl": 21600
      },
      "value": "140.116.248.21",
      "last_seen": "2025-10-30T03:57:30.414000"
    },
    {
      "subdomain": "isaac2025.csie",
      "type": "A",
      "options": {
        "ttl": 3600
      },
      "value": "140.131.116.174",
      "last_seen": "2025-10-30T03:57:30.094000"
    },
    {
      "subdomain": "isad-oia",
      "type": "A",
      "options": {
        "ttl": 21600
      },
      "value": "140.116.248.21",
      "last_seen": "2025-10-30T03:57:30.527000"
    },
    {
      "subdomain": "isad.oia",
      "type": "A",
      "options": {
        "ttl": 21600
      },
      "value": "140.116.248.21",
      "last_seen": "2025-10-30T03:57:33.692000"
    },
    {
      "subdomain": "isaps",
      "type": "A",
      "options": {
        "ttl": 21600
      },
      "value": "140.116.16.15",
      "last_seen": "2025-10-30T03:57:31.545000"
    },
    {
      "subdomain": "isce",
      "type": "A",
      "options": {
        "ttl": 86400
      },
      "value": "211.72.215.59",
      "last_seen": "2025-10-30T03:57:30.841000"
    },
    {
      "subdomain": "isdc",
      "type": "A",
      "options": {
        "ttl": 21600
      },
      "value": "140.116.248.21",
      "last_seen": "2025-10-30T03:57:30.331000"
    },
    {
      "subdomain": "isgnss2016",
      "type": "A",
      "options": {
        "ttl": 86400
      },
      "value": "140.116.80.31",
      "last_seen": "2025-10-30T03:57:30.099000"
    },
    {
      "subdomain": "isgnss2016.geomatics",
      "type": "A",
      "options": {
        "ttl": 3600
      },
      "value": "140.116.80.1",
      "last_seen": "2025-10-30T03:57:34.351000"
    },
    {
      "subdomain": "islab.csie",
      "type": "A",
      "options": {
        "ttl": 3600
      },
      "value": "140.116.247.1",
      "last_seen": "2025-10-30T03:57:30.692000"
    },
    {
      "subdomain": "ismail.csie",
      "type": "A",
      "options": {
        "ttl": 3600
      },
      "value": "140.116.247.2",
      "last_seen": "2025-10-30T03:57:31.409000"
    },
    {
      "subdomain": "ismp.csie",
      "type": "A",
      "options": {
        "ttl": 3600
      },
      "value": "140.116.82.199",
      "last_seen": "2025-10-30T03:57:30.647000"
    },
    {
      "subdomain": "isms.cc",
      "type": "A",
      "options": {
        "ttl": 21600
      },
      "value": "140.116.241.31",
      "last_seen": "2025-10-30T03:57:30.098000"
    },
    {
      "subdomain": "isse",
      "type": "A",
      "options": {
        "ttl": 21600
      },
      "value": "140.116.248.21",
      "last_seen": "2025-10-30T03:57:31.140000"
    },
    {
      "subdomain": "istest.test",
      "type": "A",
      "options": {
        "ttl": 21600
      },
      "value": "140.116.241.101",
      "last_seen": "2025-10-30T03:57:31.272000"
    },
    {
      "subdomain": "iteach",
      "type": "A",
      "options": {
        "ttl": 21600
      },
      "value": "140.116.165.11",
      "last_seen": "2025-10-30T03:57:30.695000"
    },
    {
      "subdomain": "itlab.ee",
      "type": "A",
      "options": {
        "ttl": 60
      },
      "value": "103.167.250.29",
      "last_seen": "2025-10-30T03:57:30.964000"
    },
    {
      "subdomain": "itlab.npe.ee",
      "type": "A",
      "options": {
        "ttl": 60
      },
      "value": "140.116.221.21",
      "last_seen": "2025-10-30T03:57:30.103000"
    },
    {
      "subdomain": "itps",
      "type": "A",
      "options": {
        "ttl": 21600
      },
      "value": "140.116.248.21",
      "last_seen": "2025-10-30T03:57:30.701000"
    },
    {
      "subdomain": "itsa-k8s.netdb.csie",
      "type": "A",
      "options": {
        "ttl": 3600
      },
      "value": "140.116.247.125",
      "last_seen": "2025-10-30T03:57:30.569000"
    },
    {
      "subdomain": "itsa.netdb.csie",
      "type": "A",
      "options": {
        "ttl": 3600
      },
      "value": "140.116.247.125",
      "last_seen": "2025-10-30T03:57:30.330000"
    },
    {
      "subdomain": "iwoca2023.csie",
      "type": "A",
      "options": {
        "ttl": 3600
      },
      "value": "140.131.116.174",
      "last_seen": "2025-10-30T03:57:31.607000"
    },
    {
      "subdomain": "iwrr",
      "type": "A",
      "options": {
        "ttl": 21600
      },
      "value": "140.116.248.17",
      "last_seen": "2025-10-30T03:57:31.866000"
    },
    {
      "subdomain": "j-kumo.flld",
      "type": "A",
      "options": {
        "ttl": 21600
      },
      "value": "140.116.12.162",
      "last_seen": "2025-10-30T03:57:30.645000"
    },
    {
      "subdomain": "j92a21.ee",
      "type": "A",
      "options": {
        "ttl": 60
      },
      "value": "140.116.187.195",
      "last_seen": "2025-10-30T03:57:32.032000"
    },
    {
      "subdomain": "j92a21b.ee",
      "type": "A",
      "options": {
        "ttl": 60
      },
      "value": "140.116.187.196",
      "last_seen": "2025-10-30T03:57:30.176000"
    },
    {
      "subdomain": "jksheu.dps",
      "type": "A",
      "options": {
        "ttl": 21600
      },
      "value": "140.116.205.138",
      "last_seen": "2025-10-30T03:57:30.693000"
    },
    {
      "subdomain": "john.che",
      "type": "A",
      "options": {
        "ttl": 21600
      },
      "value": "140.116.33.197",
      "last_seen": "2025-10-30T03:57:32.376000"
    },
    {
      "subdomain": "john.phys",
      "type": "A",
      "options": {
        "ttl": 21600
      },
      "value": "140.116.91.238",
      "last_seen": "2025-10-30T03:57:34.358000"
    },
    {
      "subdomain": "judge.csie",
      "type": "A",
      "options": {
        "ttl": 3600
      },
      "value": "140.116.245.243",
      "last_seen": "2025-10-30T03:57:31.523000"
    },
    {
      "subdomain": "jupyterhub.phys",
      "type": "A",
      "options": {
        "ttl": 21600
      },
      "value": "140.116.161.209",
      "last_seen": "2025-10-30T03:57:33.506000"
    },
    {
      "subdomain": "jupyterhub2.phys",
      "type": "A",
      "options": {
        "ttl": 21600
      },
      "value": "140.116.161.210",
      "last_seen": "2025-10-30T03:57:30.519000"
    },
    {
      "subdomain": "justinyueh.ee",
      "type": "A",
      "options": {
        "ttl": 60
      },
      "value": "140.116.177.54",
      "last_seen": "2025-10-30T03:57:34.247000"
    },
    {
      "subdomain": "justrna.itps",
      "type": "A",
      "options": {
        "ttl": 21600
      },
      "value": "140.116.56.84",
      "last_seen": "2025-10-30T03:57:30.700000"
    },
    {
      "subdomain": "jwchang.es",
      "type": "A",
      "options": {
        "ttl": 21600
      },
      "value": "140.116.39.125",
      "last_seen": "2025-10-30T03:57:30.217000"
    },
    {
      "subdomain": "jyleepe07.ee",
      "type": "A",
      "options": {
        "ttl": 60
      },
      "value": "140.116.178.77",
      "last_seen": "2025-10-30T03:57:32.500000"
    },
    {
      "subdomain": "jyleepe10.ee",
      "type": "A",
      "options": {
        "ttl": 60
      },
      "value": "140.116.178.80",
      "last_seen": "2025-10-30T03:57:31.678000"
    },
    {
      "subdomain": "jyleepe18.ee",
      "type": "A",
      "options": {
        "ttl": 60
      },
      "value": "140.116.178.88",
      "last_seen": "2025-10-30T03:57:30.858000"
    },
    {
      "subdomain": "kclc",
      "type": "A",
      "options": {
        "ttl": 21600
      },
      "value": "139.162.89.146",
      "last_seen": "2025-10-30T03:57:34.576000"
    },
    {
      "subdomain": "kdd.es",
      "type": "A",
      "options": {
        "ttl": 21600
      },
      "value": "140.116.39.216",
      "last_seen": "2025-10-30T03:57:30.158000"
    },
    {
      "subdomain": "kdd177.es",
      "type": "A",
      "options": {
        "ttl": 21600
      },
      "value": "140.116.39.177",
      "last_seen": "2025-10-30T03:57:30.398000"
    },
    {
      "subdomain": "keycloak.course.aislab.ee",
      "type": "A",
      "options": {
        "ttl": 21600
      },
      "value": "140.116.178.171",
      "last_seen": "2025-10-30T03:57:30.705000"
    },
    {
      "subdomain": "kid.csie",
      "type": "A",
      "options": {
        "ttl": 3600
      },
      "value": "140.116.247.23",
      "last_seen": "2025-10-30T03:57:33.704000"
    },
    {
      "subdomain": "kid.ee",
      "type": "A",
      "options": {
        "ttl": 60
      },
      "value": "140.116.164.190",
      "last_seen": "2025-10-30T03:57:30.104000"
    },
    {
      "subdomain": "kidstudio.ee",
      "type": "A",
      "options": {
        "ttl": 60
      },
      "value": "140.116.164.171",
      "last_seen": "2025-10-30T03:57:30.099000"
    },
    {
      "subdomain": "klab.me",
      "type": "A",
      "options": {
        "ttl": 21124
      },
      "value": "140.116.31.35",
      "last_seen": "2025-10-30T03:57:30.549000"
    },
    {
      "subdomain": "km.wpeiic",
      "type": "A",
      "options": {
        "ttl": 3600
      },
      "value": "140.116.217.11",
      "last_seen": "2025-10-30T03:57:30.646000"
    },
    {
      "subdomain": "ksc.im",
      "type": "A",
      "options": {
        "ttl": 3600
      },
      "value": "140.116.99.141",
      "last_seen": "2025-10-30T03:57:31.682000"
    },
    {
      "subdomain": "ktchuang.netdb.csie",
      "type": "A",
      "options": {
        "ttl": 3600
      },
      "value": "140.116.247.125",
      "last_seen": "2025-10-30T03:57:31.977000"
    },
    {
      "subdomain": "kyoto.itlab.ee",
      "type": "A",
      "options": {
        "ttl": 60
      },
      "value": "140.116.164.155",
      "last_seen": "2025-10-30T03:57:30.794000"
    },
    {
      "subdomain": "lab-bulletin.lab.dps",
      "type": "A",
      "options": {
        "ttl": 300
      },
      "value": "142.171.124.163",
      "last_seen": "2025-10-30T03:57:30.591000"
    },
    {
      "subdomain": "lab.dps",
      "type": "A",
      "options": {
        "ttl": 300
      },
      "value": "127.0.0.1",
      "last_seen": "2025-10-30T03:57:32.095000"
    },
    {
      "subdomain": "lab.es",
      "type": "A",
      "options": {
        "ttl": 86400
      },
      "value": "140.116.78.111",
      "last_seen": "2025-10-30T03:57:32.553000"
    },
    {
      "subdomain": "lagrange.ee",
      "type": "A",
      "options": {
        "ttl": 60
      },
      "value": "140.116.216.117",
      "last_seen": "2025-10-30T03:57:30.491000"
    },
    {
      "subdomain": "law",
      "type": "A",
      "options": {
        "ttl": 21600
      },
      "value": "140.116.182.159",
      "last_seen": "2025-10-30T03:57:31.989000"
    },
    {
      "subdomain": "lawreview.law",
      "type": "A",
      "options": {
        "ttl": 21600
      },
      "value": "103.17.9.244",
      "last_seen": "2025-10-30T03:57:30.604000"
    },
    {
      "subdomain": "lboe.imba",
      "type": "A",
      "options": {
        "ttl": 21600
      },
      "value": "140.116.206.221",
      "last_seen": "2025-10-30T03:57:30.527000"
    },
    {
      "subdomain": "lc.flld",
      "type": "A",
      "options": {
        "ttl": 21600
      },
      "value": "140.116.12.46",
      "last_seen": "2025-10-30T03:57:30.100000"
    },
    {
      "subdomain": "lcaplastic.researchvismap",
      "type": "A",
      "options": {
        "ttl": 21600
      },
      "value": "140.116.249.46",
      "last_seen": "2025-10-30T03:57:31.505000"
    },
    {
      "subdomain": "ldap.aislab.ee",
      "type": "A",
      "options": {
        "ttl": 21599
      },
      "value": "140.116.178.170",
      "last_seen": "2025-10-30T03:57:31.429000"
    },
    {
      "subdomain": "ldap.course.aislab.ee",
      "type": "A",
      "options": {
        "ttl": 21600
      },
      "value": "140.116.178.171",
      "last_seen": "2025-10-30T03:57:33.133000"
    },
    {
      "subdomain": "ldap.test.course.aislab.ee",
      "type": "A",
      "options": {
        "ttl": 21600
      },
      "value": "140.116.178.171",
      "last_seen": "2025-10-30T03:57:30.225000"
    },
    {
      "subdomain": "lee1.ee",
      "type": "A",
      "options": {
        "ttl": 60
      },
      "value": "140.116.156.103",
      "last_seen": "2025-10-30T03:57:30.953000"
    },
    {
      "subdomain": "lee2.ee",
      "type": "A",
      "options": {
        "ttl": 60
      },
      "value": "140.116.156.104",
      "last_seen": "2025-10-30T03:57:30.319000"
    },
    {
      "subdomain": "lens.csie",
      "type": "A",
      "options": {
        "ttl": 21600
      },
      "value": "140.116.245.205",
      "last_seen": "2025-10-30T03:57:30.969000"
    },
    {
      "subdomain": "lib",
      "type": "A",
      "options": {
        "ttl": 60
      },
      "value": "140.116.241.66",
      "last_seen": "2025-10-30T03:57:30.952000"
    },
    {
      "subdomain": "libapp.lib",
      "type": "A",
      "options": {
        "ttl": 60
      },
      "value": "140.116.207.92",
      "last_seen": "2025-10-30T03:57:30.851000"
    },
    {
      "subdomain": "library.math",
      "type": "A",
      "options": {
        "ttl": 86400
      },
      "value": "140.116.21.9",
      "last_seen": "2025-10-30T03:57:34.025000"
    },
    {
      "subdomain": "librenms.csie",
      "type": "A",
      "options": {
        "ttl": 3600
      },
      "value": "140.116.246.6",
      "last_seen": "2025-10-30T03:57:31.550000"
    },
    {
      "subdomain": "lidar2026.geomatics",
      "type": "A",
      "options": {
        "ttl": 3600
      },
      "value": "140.116.47.91",
      "last_seen": "2025-10-30T03:57:30.710000"
    },
    {
      "subdomain": "lidarws2025.geomatics",
      "type": "A",
      "options": {
        "ttl": 3600
      },
      "value": "140.116.47.91",
      "last_seen": "2025-10-30T03:57:30.522000"
    },
    {
      "subdomain": "light.phys",
      "type": "A",
      "options": {
        "ttl": 21600
      },
      "value": "140.116.91.87",
      "last_seen": "2025-10-30T03:57:30.292000"
    },
    {
      "subdomain": "lime.ee",
      "type": "A",
      "options": {
        "ttl": 60
      },
      "value": "140.116.72.59",
      "last_seen": "2025-10-30T03:57:30.294000"
    },
    {
      "subdomain": "lin.vp",
      "type": "A",
      "options": {
        "ttl": 43200
      },
      "value": "140.116.248.21",
      "last_seen": "2025-10-30T03:57:34.768000"
    },
    {
      "subdomain": "linen.ee",
      "type": "A",
      "options": {
        "ttl": 59
      },
      "value": "140.116.72.58",
      "last_seen": "2025-10-30T03:57:31.610000"
    },
    {
      "subdomain": "lingo.kclc",
      "type": "A",
      "options": {
        "ttl": 21600
      },
      "value": "140.116.249.33",
      "last_seen": "2025-10-30T03:57:33.790000"
    },
    {
      "subdomain": "linux.ev",
      "type": "A",
      "options": {
        "ttl": 21600
      },
      "value": "140.116.44.180",
      "last_seen": "2025-10-30T03:57:30.174000"
    },
    {
      "subdomain": "lipidsandalzheimerdisease.researchvismap",
      "type": "A",
      "options": {
        "ttl": 21600
      },
      "value": "140.116.249.46",
      "last_seen": "2025-10-30T03:57:30.713000"
    },
    {
      "subdomain": "liszt.ee",
      "type": "A",
      "options": {
        "ttl": 60
      },
      "value": "140.116.72.148",
      "last_seen": "2025-10-30T03:57:30.714000"
    },
    {
      "subdomain": "live.nlearning",
      "type": "A",
      "options": {
        "ttl": 21600
      },
      "value": "140.116.203.36",
      "last_seen": "2025-10-30T03:57:30.234000"
    },
    {
      "subdomain": "liveabc.lib",
      "type": "A",
      "options": {
        "ttl": 60
      },
      "value": "140.116.207.64",
      "last_seen": "2025-10-30T03:57:30.147000"
    },
    {
      "subdomain": "lldap.course.aislab.ee",
      "type": "A",
      "options": {
        "ttl": 21600
      },
      "value": "140.116.178.171",
      "last_seen": "2025-10-30T03:57:30.541000"
    },
    {
      "subdomain": "lmnn.mse",
      "type": "A",
      "options": {
        "ttl": 21600
      },
      "value": "140.116.87.241",
      "last_seen": "2025-10-30T03:57:30.054000"
    },
    {
      "subdomain": "loc.geomatics",
      "type": "A",
      "options": {
        "ttl": 3600
      },
      "value": "140.116.80.1",
      "last_seen": "2025-10-30T03:57:30.174000"
    },
    {
      "subdomain": "loge2.hyd",
      "type": "A",
      "options": {
        "ttl": 21600
      },
      "value": "140.116.77.93",
      "last_seen": "2025-10-30T03:57:30.120000"
    },
    {
      "subdomain": "login.er.lib",
      "type": "A",
      "options": {
        "ttl": 60
      },
      "value": "140.116.207.93",
      "last_seen": "2025-10-30T03:57:30.563000"
    },
    {
      "subdomain": "lorenz.ee",
      "type": "A",
      "options": {
        "ttl": 60
      },
      "value": "140.116.92.143",
      "last_seen": "2025-10-30T03:57:30.467000"
    },
    {
      "subdomain": "lrc.med",
      "type": "A",
      "options": {
        "ttl": 21600
      },
      "value": "140.116.60.134",
      "last_seen": "2025-10-30T03:57:31.997000"
    },
    {
      "subdomain": "lsprc",
      "type": "A",
      "options": {
        "ttl": 3600
      },
      "value": "140.116.185.136",
      "last_seen": "2025-10-30T03:57:30.622000"
    },
    {
      "subdomain": "m.lib",
      "type": "A",
      "options": {
        "ttl": 60
      },
      "value": "140.116.207.15",
      "last_seen": "2025-10-30T03:57:30.645000"
    },
    {
      "subdomain": "macd.geomatics",
      "type": "A",
      "options": {
        "ttl": 3600
      },
      "value": "140.116.80.1",
      "last_seen": "2025-10-30T03:57:32.016000"
    },
    {
      "subdomain": "machineshop",
      "type": "A",
      "options": {
        "ttl": 21600
      },
      "value": "140.116.248.21",
      "last_seen": "2025-10-30T03:57:30.330000"
    },
    {
      "subdomain": "magenta.ee",
      "type": "A",
      "options": {
        "ttl": 60
      },
      "value": "140.116.72.185",
      "last_seen": "2025-10-30T03:57:30.529000"
    },
    {
      "subdomain": "magiclab.geomatics",
      "type": "A",
      "options": {
        "ttl": 3600
      },
      "value": "140.116.47.91",
      "last_seen": "2025-10-30T03:57:30.895000"
    },
    {
      "subdomain": "mai.ee",
      "type": "A",
      "options": {
        "ttl": 60
      },
      "value": "140.116.177.225",
      "last_seen": "2025-10-30T03:57:31.520000"
    },
    {
      "subdomain": "mail",
      "type": "A",
      "options": {
        "ttl": 86400
      },
      "value": "140.116.229.1",
      "last_seen": "2025-10-30T03:57:31.437000"
    },
    {
      "subdomain": "mail.acc",
      "type": "A",
      "options": {
        "ttl": 21600
      },
      "value": "140.116.51.206",
      "last_seen": "2025-10-30T03:57:30.756000"
    },
    {
      "subdomain": "mail.course.aislab.ee",
      "type": "A",
      "options": {
        "ttl": 21600
      },
      "value": "140.116.178.171",
      "last_seen": "2025-10-30T03:57:32.027000"
    },
    {
      "subdomain": "mail.csie",
      "type": "A",
      "options": {
        "ttl": 3600
      },
      "value": "140.116.246.204",
      "last_seen": "2025-10-30T03:57:30.445000"
    },
    {
      "subdomain": "mail.ee",
      "type": "A",
      "options": {
        "ttl": 60
      },
      "value": "140.116.249.44",
      "last_seen": "2025-10-30T03:57:30.411000"
    },
    {
      "subdomain": "mail.geodac",
      "type": "A",
      "options": {
        "ttl": 21600
      },
      "value": "140.116.249.139",
      "last_seen": "2025-10-30T03:57:31.329000"
    },
    {
      "subdomain": "mail.geomatics",
      "type": "A",
      "options": {
        "ttl": 3600
      },
      "value": "140.116.80.1",
      "last_seen": "2025-10-30T03:57:30.715000"
    },
    {
      "subdomain": "mail.grad",
      "type": "A",
      "options": {
        "ttl": 21599
      },
      "value": "140.116.238.202",
      "last_seen": "2025-10-30T03:57:32.534000"
    },
    {
      "subdomain": "mail.hosp",
      "type": "A",
      "options": {
        "ttl": 3600
      },
      "value": "140.116.59.233",
      "last_seen": "2025-10-30T03:57:33.892000"
    },
    {
      "subdomain": "mail.hyd",
      "type": "A",
      "options": {
        "ttl": 86400
      },
      "value": "140.116.77.18",
      "last_seen": "2025-10-30T03:57:34.608000"
    },
    {
      "subdomain": "mail.ime",
      "type": "A",
      "options": {
        "ttl": 21600
      },
      "value": "140.116.86.7",
      "last_seen": "2025-10-30T03:57:30.528000"
    },
    {
      "subdomain": "mail.mse",
      "type": "A",
      "options": {
        "ttl": 21600
      },
      "value": "140.116.35.25",
      "last_seen": "2025-10-30T03:57:30.645000"
    },
    {
      "subdomain": "mail.thl",
      "type": "A",
      "options": {
        "ttl": 3600
      },
      "value": "140.116.217.104",
      "last_seen": "2025-10-30T03:57:30.447000"
    },
    {
      "subdomain": "mail02.thl",
      "type": "A",
      "options": {
        "ttl": 3600
      },
      "value": "140.116.217.105",
      "last_seen": "2025-10-30T03:57:30.720000"
    },
    {
      "subdomain": "mailbox.csie",
      "type": "A",
      "options": {
        "ttl": 3600
      },
      "value": "140.116.246.202",
      "last_seen": "2025-10-30T03:57:32.278000"
    },
    {
      "subdomain": "main-oga",
      "type": "A",
      "options": {
        "ttl": 21600
      },
      "value": "140.116.248.21",
      "last_seen": "2025-10-30T03:57:32.283000"
    },
    {
      "subdomain": "main.oga",
      "type": "A",
      "options": {
        "ttl": 21600
      },
      "value": "140.116.248.21",
      "last_seen": "2025-10-30T03:57:32.023000"
    },
    {
      "subdomain": "mal.netdb.csie",
      "type": "A",
      "options": {
        "ttl": 3600
      },
      "value": "140.116.247.125",
      "last_seen": "2025-10-30T03:57:30.715000"
    },
    {
      "subdomain": "manage-oga",
      "type": "A",
      "options": {
        "ttl": 86400
      },
      "value": "140.116.248.21",
      "last_seen": "2025-10-30T03:57:30.996000"
    },
    {
      "subdomain": "management",
      "type": "A",
      "options": {
        "ttl": 21600
      },
      "value": "140.116.248.21",
      "last_seen": "2025-10-30T03:57:30.299000"
    },
    {
      "subdomain": "management.oia",
      "type": "A",
      "options": {
        "ttl": 86400
      },
      "value": "140.116.249.187",
      "last_seen": "2025-10-30T03:57:30.549000"
    },
    {
      "subdomain": "managetext.oia",
      "type": "A",
      "options": {
        "ttl": 21600
      },
      "value": "140.116.249.187",
      "last_seen": "2025-10-30T03:57:35.559000"
    },
    {
      "subdomain": "mapd",
      "type": "A",
      "options": {
        "ttl": 21600
      },
      "value": "140.116.248.21",
      "last_seen": "2025-10-30T03:57:30.824000"
    },
    {
      "subdomain": "marangoni1.che",
      "type": "A",
      "options": {
        "ttl": 21600
      },
      "value": "140.116.33.191",
      "last_seen": "2025-10-30T03:57:31.290000"
    },
    {
      "subdomain": "marangoni3.che",
      "type": "A",
      "options": {
        "ttl": 86400
      },
      "value": "140.116.33.193",
      "last_seen": "2025-10-30T03:57:32.074000"
    },
    {
      "subdomain": "marangoni5.che",
      "type": "A",
      "options": {
        "ttl": 86400
      },
      "value": "140.116.33.195",
      "last_seen": "2025-10-30T03:57:30.894000"
    },
    {
      "subdomain": "maroon.ee",
      "type": "A",
      "options": {
        "ttl": 60
      },
      "value": "140.116.72.178",
      "last_seen": "2025-10-30T03:57:30.574000"
    },
    {
      "subdomain": "master-lppl.isaps",
      "type": "A",
      "options": {
        "ttl": 21600
      },
      "value": "140.115.31.200",
      "last_seen": "2025-10-30T03:57:30.109000"
    },
    {
      "subdomain": "material",
      "type": "A",
      "options": {
        "ttl": 21600
      },
      "value": "140.116.249.206",
      "last_seen": "2025-10-30T03:57:31.421000"
    },
    {
      "subdomain": "math",
      "type": "A",
      "options": {
        "ttl": 2096
      },
      "value": "140.116.248.21",
      "last_seen": "2025-10-30T03:57:30.610000"
    },
    {
      "subdomain": "math1.math",
      "type": "A",
      "options": {
        "ttl": 86400
      },
      "value": "140.116.21.1",
      "last_seen": "2025-10-30T03:57:32.086000"
    },
    {
      "subdomain": "matsu.up",
      "type": "A",
      "options": {
        "ttl": 21600
      },
      "value": "140.116.83.59",
      "last_seen": "2025-10-30T03:57:32.034000"
    },
    {
      "subdomain": "mattermost.aislab.ee",
      "type": "A",
      "options": {
        "ttl": 21600
      },
      "value": "140.116.178.170",
      "last_seen": "2025-10-30T03:57:30.332000"
    },
    {
      "subdomain": "mattermost.course.aislab.ee",
      "type": "A",
      "options": {
        "ttl": 21600
      },
      "value": "140.116.178.171",
      "last_seen": "2025-10-30T03:57:33.610000"
    },
    {
      "subdomain": "mattermost.test.course.aislab.ee",
      "type": "A",
      "options": {
        "ttl": 21600
      },
      "value": "140.116.178.171",
      "last_seen": "2025-10-30T03:57:30.820000"
    },
    {
      "subdomain": "mbox.csie",
      "type": "A",
      "options": {
        "ttl": 3600
      },
      "value": "140.116.246.202",
      "last_seen": "2025-10-30T03:57:33.330000"
    },
    {
      "subdomain": "mcert.credit.csie",
      "type": "A",
      "options": {
        "ttl": 3600
      },
      "value": "140.116.249.35",
      "last_seen": "2025-10-30T03:57:30.160000"
    },
    {
      "subdomain": "mclab02.ee",
      "type": "A",
      "options": {
        "ttl": 60
      },
      "value": "140.116.178.69",
      "last_seen": "2025-10-30T03:57:33.533000"
    },
    {
      "subdomain": "mclab02.ee",
      "type": "A",
      "options": {
        "ttl": 60
      },
      "value": "140.116.216.179",
      "last_seen": "2025-10-30T03:57:33.533000"
    },
    {
      "subdomain": "mclab04.ee",
      "type": "A",
      "options": {
        "ttl": 60
      },
      "value": "140.116.216.178",
      "last_seen": "2025-10-30T03:57:32.495000"
    },
    {
      "subdomain": "mclab09.ee",
      "type": "A",
      "options": {
        "ttl": 60
      },
      "value": "140.116.216.183",
      "last_seen": "2025-10-30T03:57:33.022000"
    },
    {
      "subdomain": "mcp-demo.netdb.csie",
      "type": "A",
      "options": {
        "ttl": 3600
      },
      "value": "140.116.247.125",
      "last_seen": "2025-10-30T03:57:31.519000"
    },
    {
      "subdomain": "mcsftp.ee",
      "type": "A",
      "options": {
        "ttl": 60
      },
      "value": "140.116.72.79",
      "last_seen": "2025-10-30T03:57:36.548000"
    },
    {
      "subdomain": "mcslab.ee",
      "type": "A",
      "options": {
        "ttl": 60
      },
      "value": "140.116.72.66",
      "last_seen": "2025-10-30T03:57:31.769000"
    },
    {
      "subdomain": "mcsprinter.ee",
      "type": "A",
      "options": {
        "ttl": 60
      },
      "value": "140.116.156.178",
      "last_seen": "2025-10-30T03:57:30.622000"
    },
    {
      "subdomain": "mcvalid.netdb.csie",
      "type": "A",
      "options": {
        "ttl": 3600
      },
      "value": "140.116.247.125",
      "last_seen": "2025-10-30T03:57:30.520000"
    },
    {
      "subdomain": "mdic",
      "type": "A",
      "options": {
        "ttl": 20544
      },
      "value": "124.150.132.72",
      "last_seen": "2025-10-30T03:57:30.144000"
    },
    {
      "subdomain": "me",
      "type": "A",
      "options": {
        "ttl": 21600
      },
      "value": "140.116.31.39",
      "last_seen": "2025-10-30T03:57:30.623000"
    },
    {
      "subdomain": "me-learning.hosp",
      "type": "A",
      "options": {
        "ttl": 3600
      },
      "value": "140.116.59.98",
      "last_seen": "2025-10-30T03:57:30.725000"
    },
    {
      "subdomain": "mecontrol1.ee",
      "type": "A",
      "options": {
        "ttl": 60
      },
      "value": "140.116.216.185",
      "last_seen": "2025-10-30T03:57:34.801000"
    },
    {
      "subdomain": "mecontrol2.ee",
      "type": "A",
      "options": {
        "ttl": 60
      },
      "value": "140.116.216.186",
      "last_seen": "2025-10-30T03:57:30.145000"
    },
    {
      "subdomain": "med",
      "type": "A",
      "options": {
        "ttl": 19359
      },
      "value": "140.116.241.66",
      "last_seen": "2025-10-30T03:57:30.438000"
    },
    {
      "subdomain": "mediacore.ee",
      "type": "A",
      "options": {
        "ttl": 60
      },
      "value": "140.116.92.181",
      "last_seen": "2025-10-30T03:57:30.417000"
    },
    {
      "subdomain": "mediacore190.ee",
      "type": "A",
      "options": {
        "ttl": 60
      },
      "value": "140.116.92.190",
      "last_seen": "2025-10-30T03:57:30.108000"
    },
    {
      "subdomain": "medicine",
      "type": "A",
      "options": {
        "ttl": 21600
      },
      "value": "140.116.248.21",
      "last_seen": "2025-10-30T03:57:30.894000"
    },
    {
      "subdomain": "medlib.lib",
      "type": "A",
      "options": {
        "ttl": 60
      },
      "value": "140.116.207.41",
      "last_seen": "2025-10-30T03:57:30.470000"
    },
    {
      "subdomain": "medvis.csie",
      "type": "A",
      "options": {
        "ttl": 3600
      },
      "value": "140.116.247.116",
      "last_seen": "2025-10-30T03:57:31.468000"
    },
    {
      "subdomain": "member.nlearning",
      "type": "A",
      "options": {
        "ttl": 21600
      },
      "value": "140.116.167.69",
      "last_seen": "2025-10-30T03:57:30.690000"
    },
    {
      "subdomain": "mems.ee",
      "type": "A",
      "options": {
        "ttl": 60
      },
      "value": "140.116.177.190",
      "last_seen": "2025-10-30T03:57:31.621000"
    },
    {
      "subdomain": "mental-rag.netdb.csie",
      "type": "A",
      "options": {
        "ttl": 3600
      },
      "value": "140.116.247.125",
      "last_seen": "2025-10-30T03:57:30.970000"
    },
    {
      "subdomain": "mentaldisorder.researchvismap",
      "type": "A",
      "options": {
        "ttl": 21600
      },
      "value": "140.116.249.46",
      "last_seen": "2025-10-30T03:57:32.041000"
    },
    {
      "subdomain": "merry.ee",
      "type": "A",
      "options": {
        "ttl": 60
      },
      "value": "140.116.72.102",
      "last_seen": "2025-10-30T03:57:34.045000"
    },
    {
      "subdomain": "metasearch.lib",
      "type": "A",
      "options": {
        "ttl": 60
      },
      "value": "140.116.207.13",
      "last_seen": "2025-10-30T03:57:30.643000"
    },
    {
      "subdomain": "mhealth.csie",
      "type": "A",
      "options": {
        "ttl": 3600
      },
      "value": "140.116.247.183",
      "last_seen": "2025-10-30T03:57:34.082000"
    },
    {
      "subdomain": "mhmc-bd.csie",
      "type": "A",
      "options": {
        "ttl": 3600
      },
      "value": "140.116.82.102",
      "last_seen": "2025-10-30T03:57:30.733000"
    },
    {
      "subdomain": "mhmc.csie",
      "type": "A",
      "options": {
        "ttl": 3600
      },
      "value": "140.116.82.111",
      "last_seen": "2025-10-30T03:57:30.144000"
    },
    {
      "subdomain": "mhmcbd.csie",
      "type": "A",
      "options": {
        "ttl": 3600
      },
      "value": "140.116.82.101",
      "last_seen": "2025-10-30T03:57:30.731000"
    },
    {
      "subdomain": "miaopu.collegex",
      "type": "A",
      "options": {
        "ttl": 21600
      },
      "value": "140.116.203.53",
      "last_seen": "2025-10-30T03:57:30.738000"
    },
    {
      "subdomain": "micimmun",
      "type": "A",
      "options": {
        "ttl": 11437
      },
      "value": "140.116.248.21",
      "last_seen": "2025-10-30T03:57:30.721000"
    },
    {
      "subdomain": "microrpm.itps",
      "type": "A",
      "options": {
        "ttl": 21600
      },
      "value": "140.116.56.82",
      "last_seen": "2025-10-30T03:57:31.680000"
    },
    {
      "subdomain": "miinstore",
      "type": "A",
      "options": {
        "ttl": 21600
      },
      "value": "140.116.58.163",
      "last_seen": "2025-10-30T03:57:30.289000"
    },
    {
      "subdomain": "mil2.hyd",
      "type": "A",
      "options": {
        "ttl": 21600
      },
      "value": "140.116.77.21",
      "last_seen": "2025-10-30T03:57:31.852000"
    },
    {
      "subdomain": "military-osa",
      "type": "A",
      "options": {
        "ttl": 15691
      },
      "value": "140.116.248.21",
      "last_seen": "2025-10-30T03:57:30.561000"
    },
    {
      "subdomain": "military.osa",
      "type": "A",
      "options": {
        "ttl": 21600
      },
      "value": "140.116.248.21",
      "last_seen": "2025-10-30T03:57:30.176000"
    },
    {
      "subdomain": "minbox.sem.dps",
      "type": "A",
      "options": {
        "ttl": 300
      },
      "value": "140.116.205.193",
      "last_seen": "2025-10-30T03:57:30.667000"
    },
    {
      "subdomain": "minlab.earth",
      "type": "A",
      "options": {
        "ttl": 21600
      },
      "value": "140.116.24.41",
      "last_seen": "2025-10-30T03:57:30.243000"
    },
    {
      "subdomain": "mirac.ee",
      "type": "A",
      "options": {
        "ttl": 60
      },
      "value": "140.116.216.55",
      "last_seen": "2025-10-30T03:57:36.262000"
    },
    {
      "subdomain": "mirac13.ee",
      "type": "A",
      "options": {
        "ttl": 60
      },
      "value": "140.116.72.20",
      "last_seen": "2025-10-30T03:57:31.556000"
    },
    {
      "subdomain": "miracc.ee",
      "type": "A",
      "options": {
        "ttl": 60
      },
      "value": "140.116.216.44",
      "last_seen": "2025-10-30T03:57:30.058000"
    },
    {
      "subdomain": "miraccc.ee",
      "type": "A",
      "options": {
        "ttl": 60
      },
      "value": "140.116.72.30",
      "last_seen": "2025-10-30T03:57:30.727000"
    },
    {
      "subdomain": "miractest.ee",
      "type": "A",
      "options": {
        "ttl": 60
      },
      "value": "140.116.177.47",
      "last_seen": "2025-10-30T03:57:31.823000"
    },
    {
      "subdomain": "mirnalmad.researchvismap",
      "type": "A",
      "options": {
        "ttl": 21600
      },
      "value": "140.116.249.46",
      "last_seen": "2025-10-30T03:57:31.240000"
    },
    {
      "subdomain": "mis.dprc",
      "type": "A",
      "options": {
        "ttl": 21600
      },
      "value": "140.116.77.35",
      "last_seen": "2025-10-30T03:57:30.728000"
    },
    {
      "subdomain": "mis.epsh",
      "type": "A",
      "options": {
        "ttl": 21600
      },
      "value": "140.116.248.28",
      "last_seen": "2025-10-30T03:57:30.258000"
    },
    {
      "subdomain": "mitralvalve.researchvismap",
      "type": "A",
      "options": {
        "ttl": 21600
      },
      "value": "140.116.249.46",
      "last_seen": "2025-10-30T03:57:30.105000"
    },
    {
      "subdomain": "mjcheng.ch",
      "type": "A",
      "options": {
        "ttl": 3600
      },
      "value": "23.236.62.147",
      "last_seen": "2025-10-30T03:57:30.320000"
    },
    {
      "subdomain": "mlearning.nursing",
      "type": "A",
      "options": {
        "ttl": 86400
      },
      "value": "140.116.249.131",
      "last_seen": "2025-10-30T03:57:32.127000"
    },
    {
      "subdomain": "mmc",
      "type": "A",
      "options": {
        "ttl": 21600
      },
      "value": "140.116.249.156",
      "last_seen": "2025-10-30T03:57:33.834000"
    },
    {
      "subdomain": "mmcv.csie",
      "type": "A",
      "options": {
        "ttl": 3600
      },
      "value": "140.116.82.12",
      "last_seen": "2025-10-30T03:57:30.062000"
    },
    {
      "subdomain": "mmnetlab.csie",
      "type": "A",
      "options": {
        "ttl": 3600
      },
      "value": "140.116.82.131",
      "last_seen": "2025-10-30T03:57:30.139000"
    },
    {
      "subdomain": "mms2",
      "type": "A",
      "options": {
        "ttl": 21600
      },
      "value": "140.116.249.83",
      "last_seen": "2025-10-30T03:57:30.797000"
    },
    {
      "subdomain": "mobileassistedoralcommunication.researchvismap",
      "type": "A",
      "options": {
        "ttl": 21600
      },
      "value": "140.116.249.46",
      "last_seen": "2025-10-30T03:57:30.645000"
    },
    {
      "subdomain": "mobileassistedreadingdevelopment.researchvismap",
      "type": "A",
      "options": {
        "ttl": 21599
      },
      "value": "140.116.249.46",
      "last_seen": "2025-10-30T03:57:33.372000"
    },
    {
      "subdomain": "modular-course.cge",
      "type": "A",
      "options": {
        "ttl": 21600
      },
      "value": "140.116.218.123",
      "last_seen": "2025-10-30T03:57:30.870000"
    },
    {
      "subdomain": "modular-course.science",
      "type": "A",
      "options": {
        "ttl": 21600
      },
      "value": "140.116.218.123",
      "last_seen": "2025-10-30T03:57:34.082000"
    },
    {
      "subdomain": "moeas.ee",
      "type": "A",
      "options": {
        "ttl": 60
      },
      "value": "140.116.72.27",
      "last_seen": "2025-10-30T03:57:30.876000"
    },
    {
      "subdomain": "moelectricchemicalsensor.researchvismap",
      "type": "A",
      "options": {
        "ttl": 21600
      },
      "value": "140.116.249.46",
      "last_seen": "2025-10-30T03:57:30.798000"
    },
    {
      "subdomain": "moetest.ee",
      "type": "A",
      "options": {
        "ttl": 60
      },
      "value": "140.116.72.24",
      "last_seen": "2025-10-30T03:57:31.556000"
    },
    {
      "subdomain": "moodle",
      "type": "A",
      "options": {
        "ttl": 13059
      },
      "value": "140.116.249.68",
      "last_seen": "2025-10-30T03:57:31.650000"
    },
    {
      "subdomain": "moodle.kclc",
      "type": "A",
      "options": {
        "ttl": 21600
      },
      "value": "140.116.249.34",
      "last_seen": "2025-10-30T03:57:31.692000"
    },
    {
      "subdomain": "moodle.nlearning",
      "type": "A",
      "options": {
        "ttl": 21600
      },
      "value": "140.116.167.68",
      "last_seen": "2025-10-30T03:57:30.256000"
    },
    {
      "subdomain": "moodsensing-ai.csie",
      "type": "A",
      "options": {
        "ttl": 3600
      },
      "value": "140.116.82.118",
      "last_seen": "2025-10-30T03:57:32.499000"
    },
    {
      "subdomain": "moodsensing-app.csie",
      "type": "A",
      "options": {
        "ttl": 3600
      },
      "value": "140.116.249.180",
      "last_seen": "2025-10-30T03:57:30.062000"
    },
    {
      "subdomain": "moodsensing-student.csie",
      "type": "A",
      "options": {
        "ttl": 2264
      },
      "value": "140.116.249.100",
      "last_seen": "2025-10-30T03:57:35.641000"
    },
    {
      "subdomain": "moonstone.math",
      "type": "A",
      "options": {
        "ttl": 21600
      },
      "value": "140.116.21.154",
      "last_seen": "2025-10-30T03:57:30.561000"
    },
    {
      "subdomain": "mosquitokiller.csie",
      "type": "A",
      "options": {
        "ttl": 3600
      },
      "value": "140.116.249.228",
      "last_seen": "2025-10-30T03:57:30.642000"
    },
    {
      "subdomain": "motionlab.bme",
      "type": "A",
      "options": {
        "ttl": 21600
      },
      "value": "103.1.220.21",
      "last_seen": "2025-10-30T03:57:32.633000"
    },
    {
      "subdomain": "motomo.ee",
      "type": "A",
      "options": {
        "ttl": 60
      },
      "value": "140.116.164.242",
      "last_seen": "2025-10-30T03:57:30.504000"
    },
    {
      "subdomain": "mp",
      "type": "A",
      "options": {
        "ttl": 21600
      },
      "value": "139.162.127.115",
      "last_seen": "2025-10-30T03:57:30.730000"
    },
    {
      "subdomain": "mse",
      "type": "A",
      "options": {
        "ttl": 21600
      },
      "value": "59.125.33.11",
      "last_seen": "2025-10-30T03:57:31.399000"
    },
    {
      "subdomain": "msic.ee",
      "type": "A",
      "options": {
        "ttl": 60
      },
      "value": "140.116.156.131",
      "last_seen": "2025-10-30T03:57:30.734000"
    },
    {
      "subdomain": "msicp1.ee",
      "type": "A",
      "options": {
        "ttl": 60
      },
      "value": "140.116.216.234",
      "last_seen": "2025-10-30T03:57:32.079000"
    },
    {
      "subdomain": "msicp2.ee",
      "type": "A",
      "options": {
        "ttl": 60
      },
      "value": "140.116.216.235",
      "last_seen": "2025-10-30T03:57:30.735000"
    },
    {
      "subdomain": "msicp3.ee",
      "type": "A",
      "options": {
        "ttl": 60
      },
      "value": "140.116.216.236",
      "last_seen": "2025-10-30T03:57:31.707000"
    },
    {
      "subdomain": "msoc1.ee",
      "type": "A",
      "options": {
        "ttl": 60
      },
      "value": "140.116.216.113",
      "last_seen": "2025-10-30T03:57:30.608000"
    },
    {
      "subdomain": "mss",
      "type": "A",
      "options": {
        "ttl": 86400
      },
      "value": "140.116.248.21",
      "last_seen": "2025-10-30T03:57:34.360000"
    },
    {
      "subdomain": "mt",
      "type": "A",
      "options": {
        "ttl": 21600
      },
      "value": "140.116.248.21",
      "last_seen": "2025-10-30T03:57:30.488000"
    },
    {
      "subdomain": "mulink1.ee",
      "type": "A",
      "options": {
        "ttl": 60
      },
      "value": "140.116.72.65",
      "last_seen": "2025-10-30T03:57:30.201000"
    },
    {
      "subdomain": "multicourse.binfo",
      "type": "A",
      "options": {
        "ttl": 21600
      },
      "value": "140.116.56.160",
      "last_seen": "2025-10-30T03:57:30.734000"
    },
    {
      "subdomain": "muse.csie",
      "type": "A",
      "options": {
        "ttl": 3600
      },
      "value": "140.116.247.185",
      "last_seen": "2025-10-30T03:57:34.524000"
    },
    {
      "subdomain": "museum",
      "type": "A",
      "options": {
        "ttl": 21600
      },
      "value": "140.116.249.48",
      "last_seen": "2025-10-30T03:57:31.520000"
    },
    {
      "subdomain": "mussorgsky.ee",
      "type": "A",
      "options": {
        "ttl": 60
      },
      "value": "140.116.72.153",
      "last_seen": "2025-10-30T03:57:30.268000"
    },
    {
      "subdomain": "myapp",
      "type": "A",
      "options": {
        "ttl": 21600
      },
      "value": "140.116.28.30",
      "last_seen": "2025-10-30T03:57:30.754000"
    },
    {
      "subdomain": "mybox",
      "type": "A",
      "options": {
        "ttl": 21600
      },
      "value": "140.116.249.242",
      "last_seen": "2025-10-30T03:57:30.739000"
    },
    {
      "subdomain": "myboxact.cc",
      "type": "A",
      "options": {
        "ttl": 21600
      },
      "value": "140.116.249.241",
      "last_seen": "2025-10-30T03:57:30.810000"
    },
    {
      "subdomain": "myidp",
      "type": "A",
      "options": {
        "ttl": 21600
      },
      "value": "140.116.249.161",
      "last_seen": "2025-10-30T03:57:30.925000"
    },
    {
      "subdomain": "myswimdiary.sportslab",
      "type": "A",
      "options": {
        "ttl": 86400
      },
      "value": "140.116.206.178",
      "last_seen": "2025-10-30T03:57:32.498000"
    },
    {
      "subdomain": "mytube",
      "type": "A",
      "options": {
        "ttl": 21600
      },
      "value": "140.116.249.153",
      "last_seen": "2025-10-30T03:57:30.148000"
    },
    {
      "subdomain": "n8n.aislab.ee",
      "type": "A",
      "options": {
        "ttl": 21600
      },
      "value": "140.116.178.170",
      "last_seen": "2025-10-30T03:57:33.080000"
    },
    {
      "subdomain": "n8n.course.aislab.ee",
      "type": "A",
      "options": {
        "ttl": 21600
      },
      "value": "140.116.178.171",
      "last_seen": "2025-10-30T03:57:33.378000"
    },
    {
      "subdomain": "n8n.test.course.aislab.ee",
      "type": "A",
      "options": {
        "ttl": 21600
      },
      "value": "140.116.178.171",
      "last_seen": "2025-10-30T03:57:31.747000"
    },
    {
      "subdomain": "naadsvip.phone",
      "type": "A",
      "options": {
        "ttl": 21600
      },
      "value": "211.23.249.227",
      "last_seen": "2025-10-30T03:57:30.409000"
    },
    {
      "subdomain": "nano",
      "type": "A",
      "options": {
        "ttl": 86400
      },
      "value": "140.116.249.159",
      "last_seen": "2025-10-30T03:57:30.884000"
    },
    {
      "subdomain": "nano.dps",
      "type": "A",
      "options": {
        "ttl": 21600
      },
      "value": "140.116.205.157",
      "last_seen": "2025-10-30T03:57:30.749000"
    },
    {
      "subdomain": "nano.phys",
      "type": "A",
      "options": {
        "ttl": 21600
      },
      "value": "199.34.228.78",
      "last_seen": "2025-10-30T03:57:30.241000"
    },
    {
      "subdomain": "nanocomp.me",
      "type": "A",
      "options": {
        "ttl": 21600
      },
      "value": "140.116.31.35",
      "last_seen": "2025-10-30T03:57:30.660000"
    },
    {
      "subdomain": "nas.collegex",
      "type": "A",
      "options": {
        "ttl": 21600
      },
      "value": "140.116.203.53",
      "last_seen": "2025-10-30T03:57:31.056000"
    },
    {
      "subdomain": "nas.netdb.csie",
      "type": "A",
      "options": {
        "ttl": 3600
      },
      "value": "140.116.247.125",
      "last_seen": "2025-10-30T03:57:30.654000"
    },
    {
      "subdomain": "nas51.cce",
      "type": "A",
      "options": {
        "ttl": 21600
      },
      "value": "140.116.167.76",
      "last_seen": "2025-10-30T03:57:30.274000"
    },
    {
      "subdomain": "nature.ee",
      "type": "A",
      "options": {
        "ttl": 60
      },
      "value": "140.116.72.173",
      "last_seen": "2025-10-30T03:57:32.856000"
    },
    {
      "subdomain": "naucreg1.phone",
      "type": "A",
      "options": {
        "ttl": 21600
      },
      "value": "211.23.249.227",
      "last_seen": "2025-10-30T03:57:30.456000"
    },
    {
      "subdomain": "naucreg2.phone",
      "type": "A",
      "options": {
        "ttl": 21600
      },
      "value": "61.221.202.191",
      "last_seen": "2025-10-30T03:57:33.104000"
    },
    {
      "subdomain": "nautoconf.phone",
      "type": "A",
      "options": {
        "ttl": 21600
      },
      "value": "211.23.249.227",
      "last_seen": "2025-10-30T03:57:31.522000"
    },
    {
      "subdomain": "navayafile.phone",
      "type": "A",
      "options": {
        "ttl": 21600
      },
      "value": "211.23.249.227",
      "last_seen": "2025-10-30T03:57:32.459000"
    },
    {
      "subdomain": "ncbci.csie",
      "type": "A",
      "options": {
        "ttl": 3600
      },
      "value": "140.116.245.45",
      "last_seen": "2025-10-30T03:57:33.551000"
    },
    {
      "subdomain": "ncbcilab.csie",
      "type": "A",
      "options": {
        "ttl": 3600
      },
      "value": "140.116.245.44",
      "last_seen": "2025-10-30T03:57:32.755000"
    },
    {
      "subdomain": "nckuairpollution.csie",
      "type": "A",
      "options": {
        "ttl": 3600
      },
      "value": "140.116.82.93",
      "last_seen": "2025-10-30T03:57:30.797000"
    },
    {
      "subdomain": "nckubikefestival",
      "type": "A",
      "options": {
        "ttl": 21600
      },
      "value": "140.116.154.66",
      "last_seen": "2025-10-30T03:57:31.412000"
    },
    {
      "subdomain": "nckuca",
      "type": "A",
      "options": {
        "ttl": 21600
      },
      "value": "140.116.250.205",
      "last_seen": "2025-10-30T03:57:30.099000"
    },
    {
      "subdomain": "nckudisectts.bme",
      "type": "A",
      "options": {
        "ttl": 21600
      },
      "value": "203.145.220.194",
      "last_seen": "2025-10-30T03:57:30.674000"
    },
    {
      "subdomain": "nckudss.osp",
      "type": "A",
      "options": {
        "ttl": 21600
      },
      "value": "140.116.239.235",
      "last_seen": "2025-10-30T03:57:33.147000"
    },
    {
      "subdomain": "nckudss.ossd",
      "type": "A",
      "options": {
        "ttl": 21600
      },
      "value": "140.116.239.235",
      "last_seen": "2025-10-30T03:57:30.166000"
    },
    {
      "subdomain": "nckuhevtts.bme",
      "type": "A",
      "options": {
        "ttl": 300
      },
      "value": "103.123.243.33",
      "last_seen": "2025-10-30T03:57:34.094000"
    },
    {
      "subdomain": "nckuhirb.hosp",
      "type": "A",
      "options": {
        "ttl": 3600
      },
      "value": "120.114.241.105",
      "last_seen": "2025-10-30T03:57:30.241000"
    },
    {
      "subdomain": "nckuhkiosk.hosp",
      "type": "A",
      "options": {
        "ttl": 3600
      },
      "value": "140.116.59.70",
      "last_seen": "2025-10-30T03:57:30.633000"
    },
    {
      "subdomain": "nckumoocs",
      "type": "A",
      "options": {
        "ttl": 21600
      },
      "value": "140.116.218.13",
      "last_seen": "2025-10-30T03:57:30.745000"
    },
    {
      "subdomain": "nckupass.ctld",
      "type": "A",
      "options": {
        "ttl": 21600
      },
      "value": "140.116.249.243",
      "last_seen": "2025-10-30T03:57:32.289000"
    },
    {
      "subdomain": "nckupharmacy.hosp",
      "type": "A",
      "options": {
        "ttl": 3600
      },
      "value": "140.116.253.135",
      "last_seen": "2025-10-30T03:57:30.156000"
    },
    {
      "subdomain": "nckur.lib",
      "type": "A",
      "options": {
        "ttl": 60
      },
      "value": "140.116.207.17",
      "last_seen": "2025-10-30T03:57:32.107000"
    },
    {
      "subdomain": "nckusec",
      "type": "A",
      "options": {
        "ttl": 21600
      },
      "value": "35.201.181.140",
      "last_seen": "2025-10-30T03:57:30.523000"
    },
    {
      "subdomain": "nckusr2",
      "type": "A",
      "options": {
        "ttl": 21600
      },
      "value": "140.116.6.43",
      "last_seen": "2025-10-30T03:57:32.252000"
    },
    {
      "subdomain": "nckutcmnowadays.tcm",
      "type": "A",
      "options": {
        "ttl": 21600
      },
      "value": "140.116.97.20",
      "last_seen": "2025-10-30T03:57:31.522000"
    },
    {
      "subdomain": "nckutree",
      "type": "A",
      "options": {
        "ttl": 21600
      },
      "value": "140.116.237.145",
      "last_seen": "2025-10-30T03:57:30.749000"
    },
    {
      "subdomain": "nclab.me",
      "type": "A",
      "options": {
        "ttl": 21600
      },
      "value": "140.116.155.190",
      "last_seen": "2025-10-30T03:57:30.675000"
    },
    {
      "subdomain": "ncts",
      "type": "A",
      "options": {
        "ttl": 21600
      },
      "value": "140.116.46.87",
      "last_seen": "2025-10-30T03:57:30.599000"
    },
    {
      "subdomain": "nd.hosp",
      "type": "A",
      "options": {
        "ttl": 3600
      },
      "value": "120.114.241.134",
      "last_seen": "2025-10-30T03:57:30.751000"
    },
    {
      "subdomain": "nde1.ee",
      "type": "A",
      "options": {
        "ttl": 60
      },
      "value": "140.116.177.237",
      "last_seen": "2025-10-30T03:57:30.455000"
    },
    {
      "subdomain": "nde11.ee",
      "type": "A",
      "options": {
        "ttl": 60
      },
      "value": "140.116.177.245",
      "last_seen": "2025-10-30T03:57:35.061000"
    },
    {
      "subdomain": "nde28.ee",
      "type": "A",
      "options": {
        "ttl": 60
      },
      "value": "140.116.177.249",
      "last_seen": "2025-10-30T03:57:30.521000"
    },
    {
      "subdomain": "ndmat.hosp",
      "type": "A",
      "options": {
        "ttl": 3600
      },
      "value": "103.129.178.190",
      "last_seen": "2025-10-30T03:57:30.159000"
    },
    {
      "subdomain": "neat.csie",
      "type": "A",
      "options": {
        "ttl": 3600
      },
      "value": "140.116.245.210",
      "last_seen": "2025-10-30T03:57:30.318000"
    },
    {
      "subdomain": "netdb.csie",
      "type": "A",
      "options": {
        "ttl": 3600
      },
      "value": "140.116.247.125",
      "last_seen": "2025-10-30T03:57:30.622000"
    },
    {
      "subdomain": "neuro-med",
      "type": "A",
      "options": {
        "ttl": 21600
      },
      "value": "140.116.248.21",
      "last_seen": "2025-10-30T03:57:30.291000"
    },
    {
      "subdomain": "news-en.secr",
      "type": "A",
      "options": {
        "ttl": 21600
      },
      "value": "140.116.248.21",
      "last_seen": "2025-10-30T03:57:33.077000"
    },
    {
      "subdomain": "news-secr",
      "type": "A",
      "options": {
        "ttl": 5835
      },
      "value": "140.116.248.21",
      "last_seen": "2025-10-30T03:57:30.103000"
    },
    {
      "subdomain": "news.secr",
      "type": "A",
      "options": {
        "ttl": 21600
      },
      "value": "140.116.248.21",
      "last_seen": "2025-10-30T03:57:30.334000"
    },
    {
      "subdomain": "nextg.mse",
      "type": "A",
      "options": {
        "ttl": 21600
      },
      "value": "140.116.87.76",
      "last_seen": "2025-10-30T03:57:30.948000"
    },
    {
      "subdomain": "nice.ee",
      "type": "A",
      "options": {
        "ttl": 60
      },
      "value": "140.116.49.101",
      "last_seen": "2025-10-30T03:57:33.027000"
    },
    {
      "subdomain": "nids.ee",
      "type": "A",
      "options": {
        "ttl": 60
      },
      "value": "140.116.49.10",
      "last_seen": "2025-10-30T03:57:30.752000"
    },
    {
      "subdomain": "nlearning",
      "type": "A",
      "options": {
        "ttl": 60912
      },
      "value": "140.116.167.67",
      "last_seen": "2025-10-30T03:57:32.521000"
    },
    {
      "subdomain": "nm-med",
      "type": "A",
      "options": {
        "ttl": 21600
      },
      "value": "140.116.248.21",
      "last_seen": "2025-10-30T03:57:32.111000"
    },
    {
      "subdomain": "nobel.ee",
      "type": "A",
      "options": {
        "ttl": 60
      },
      "value": "140.116.216.98",
      "last_seen": "2025-10-30T03:57:33.053000"
    },
    {
      "subdomain": "noc.ee",
      "type": "A",
      "options": {
        "ttl": 60
      },
      "value": "140.116.49.5",
      "last_seen": "2025-10-30T03:57:32.115000"
    },
    {
      "subdomain": "nocodb.course.aislab.ee",
      "type": "A",
      "options": {
        "ttl": 86400
      },
      "value": "140.116.178.171",
      "last_seen": "2025-10-30T03:57:36.350000"
    },
    {
      "subdomain": "nocodb.test.course.aislab.ee",
      "type": "A",
      "options": {
        "ttl": 21600
      },
      "value": "140.116.178.171",
      "last_seen": "2025-10-30T03:57:31.008000"
    },
    {
      "subdomain": "nopam.stat",
      "type": "A",
      "options": {
        "ttl": 19560
      },
      "value": "140.116.52.45",
      "last_seen": "2025-10-30T03:57:31.042000"
    },
    {
      "subdomain": "note.sem.dps",
      "type": "A",
      "options": {
        "ttl": 300
      },
      "value": "140.116.205.193",
      "last_seen": "2025-10-30T03:57:31.440000"
    },
    {
      "subdomain": "np.netdb.csie",
      "type": "A",
      "options": {
        "ttl": 3600
      },
      "value": "140.116.247.125",
      "last_seen": "2025-10-30T03:57:30.808000"
    },
    {
      "subdomain": "ns.caslab.ee",
      "type": "A",
      "options": {
        "ttl": 21600
      },
      "value": "140.116.164.252",
      "last_seen": "2025-10-30T03:57:30.864000"
    },
    {
      "subdomain": "ns1.ccns",
      "type": "A",
      "options": {
        "ttl": 60
      },
      "value": "140.116.249.138",
      "last_seen": "2025-10-30T03:57:31.687000"
    },
    {
      "subdomain": "ns1.lens.csie",
      "type": "A",
      "options": {
        "ttl": 21600
      },
      "value": "140.116.245.193",
      "last_seen": "2025-10-30T03:57:30.720000"
    },
    {
      "subdomain": "ns1.me",
      "type": "A",
      "options": {
        "ttl": 21600
      },
      "value": "140.116.31.39",
      "last_seen": "2025-10-30T03:57:31.480000"
    },
    {
      "subdomain": "ns2.ccns",
      "type": "A",
      "options": {
        "ttl": 60
      },
      "value": "140.116.154.145",
      "last_seen": "2025-10-30T03:57:32.664000"
    },
    {
      "subdomain": "ns2.me",
      "type": "A",
      "options": {
        "ttl": 21600
      },
      "value": "140.116.31.39",
      "last_seen": "2025-10-30T03:57:30.759000"
    },
    {
      "subdomain": "nsap.me",
      "type": "A",
      "options": {
        "ttl": 21600
      },
      "value": "139.162.80.163",
      "last_seen": "2025-10-30T03:57:33.088000"
    },
    {
      "subdomain": "ntpaw.researchvismap",
      "type": "A",
      "options": {
        "ttl": 21600
      },
      "value": "140.116.249.46",
      "last_seen": "2025-10-30T03:57:30.303000"
    },
    {
      "subdomain": "nugasys",
      "type": "A",
      "options": {
        "ttl": 21600
      },
      "value": "140.116.165.75",
      "last_seen": "2025-10-30T03:57:30.229000"
    },
    {
      "subdomain": "nurselededuforanxmgmt.researchvismap",
      "type": "A",
      "options": {
        "ttl": 86400
      },
      "value": "140.116.249.46",
      "last_seen": "2025-10-30T03:57:32.174000"
    },
    {
      "subdomain": "nursing",
      "type": "A",
      "options": {
        "ttl": 21600
      },
      "value": "140.116.248.21",
      "last_seen": "2025-10-30T03:57:30.170000"
    },
    {
      "subdomain": "nursingworkenv.researchvismap",
      "type": "A",
      "options": {
        "ttl": 21600
      },
      "value": "140.116.249.46",
      "last_seen": "2025-10-30T03:57:33.748000"
    },
    {
      "subdomain": "nusantara",
      "type": "A",
      "options": {
        "ttl": 86400
      },
      "value": "140.116.10.20",
      "last_seen": "2025-10-30T03:57:31.270000"
    },
    {
      "subdomain": "oasis",
      "type": "A",
      "options": {
        "ttl": 21600
      },
      "value": "140.116.249.186",
      "last_seen": "2025-10-30T03:57:30.844000"
    },
    {
      "subdomain": "obsgyn-med",
      "type": "A",
      "options": {
        "ttl": 21600
      },
      "value": "140.116.248.21",
      "last_seen": "2025-10-30T03:57:30.488000"
    },
    {
      "subdomain": "ocsadm.oia",
      "type": "A",
      "options": {
        "ttl": 15691
      },
      "value": "140.116.249.220",
      "last_seen": "2025-10-30T03:57:32.115000"
    },
    {
      "subdomain": "office.hyd",
      "type": "A",
      "options": {
        "ttl": 21600
      },
      "value": "140.116.77.1",
      "last_seen": "2025-10-30T03:57:30.851000"
    },
    {
      "subdomain": "office.mse",
      "type": "A",
      "options": {
        "ttl": 21600
      },
      "value": "140.116.87.98",
      "last_seen": "2025-10-30T03:57:31.344000"
    },
    {
      "subdomain": "office2.ime",
      "type": "A",
      "options": {
        "ttl": 21600
      },
      "value": "140.116.86.222",
      "last_seen": "2025-10-30T03:57:30.179000"
    },
    {
      "subdomain": "oga",
      "type": "A",
      "options": {
        "ttl": 86400
      },
      "value": "140.116.248.21",
      "last_seen": "2025-10-30T03:57:30.468000"
    },
    {
      "subdomain": "oia",
      "type": "A",
      "options": {
        "ttl": 19990
      },
      "value": "140.116.248.21",
      "last_seen": "2025-10-30T03:57:30.390000"
    },
    {
      "subdomain": "oiagcac",
      "type": "A",
      "options": {
        "ttl": 21600
      },
      "value": "140.116.249.9",
      "last_seen": "2025-10-30T03:57:31.325000"
    },
    {
      "subdomain": "old.archaeology",
      "type": "A",
      "options": {
        "ttl": 21600
      },
      "value": "103.17.11.108",
      "last_seen": "2025-10-30T03:57:30.141000"
    },
    {
      "subdomain": "oldsite.www.csie",
      "type": "A",
      "options": {
        "ttl": 3600
      },
      "value": "140.116.246.4",
      "last_seen": "2025-10-30T03:57:30.290000"
    },
    {
      "subdomain": "olive.ee",
      "type": "A",
      "options": {
        "ttl": 60
      },
      "value": "140.116.72.187",
      "last_seen": "2025-10-30T03:57:30.363000"
    },
    {
      "subdomain": "onlineresearch.psychology",
      "type": "A",
      "options": {
        "ttl": 21600
      },
      "value": "140.116.183.171",
      "last_seen": "2025-10-30T03:57:30.298000"
    },
    {
      "subdomain": "opensource.csie",
      "type": "A",
      "options": {
        "ttl": 3600
      },
      "value": "140.116.82.251",
      "last_seen": "2025-10-30T03:57:30.173000"
    },
    {
      "subdomain": "ophth-med",
      "type": "A",
      "options": {
        "ttl": 21600
      },
      "value": "140.116.248.21",
      "last_seen": "2025-10-30T03:57:30.594000"
    },
    {
      "subdomain": "orange.ee",
      "type": "A",
      "options": {
        "ttl": 60
      },
      "value": "140.116.72.182",
      "last_seen": "2025-10-30T03:57:30.717000"
    },
    {
      "subdomain": "orchidbase.itps",
      "type": "A",
      "options": {
        "ttl": 21600
      },
      "value": "140.116.56.4",
      "last_seen": "2025-10-30T03:57:30.890000"
    },
    {
      "subdomain": "orcid.lib",
      "type": "A",
      "options": {
        "ttl": 60
      },
      "value": "140.116.207.43",
      "last_seen": "2025-10-30T03:57:30.427000"
    },
    {
      "subdomain": "ord",
      "type": "A",
      "options": {
        "ttl": 21600
      },
      "value": "59.125.33.13",
      "last_seen": "2025-10-30T03:57:30.555000"
    },
    {
      "subdomain": "ordc",
      "type": "A",
      "options": {
        "ttl": 21600
      },
      "value": "139.180.193.50",
      "last_seen": "2025-10-30T03:57:30.102000"
    },
    {
      "subdomain": "orstw2024-test.iim",
      "type": "A",
      "options": {
        "ttl": 3600
      },
      "value": "140.116.96.203",
      "last_seen": "2025-10-30T03:57:30.495000"
    },
    {
      "subdomain": "orstw2024.iim",
      "type": "A",
      "options": {
        "ttl": 3600
      },
      "value": "54.248.246.87",
      "last_seen": "2025-10-30T03:57:30.527000"
    },
    {
      "subdomain": "ortho-med",
      "type": "A",
      "options": {
        "ttl": 21600
      },
      "value": "140.116.248.21",
      "last_seen": "2025-10-30T03:57:30.603000"
    },
    {
      "subdomain": "ortho.clmed",
      "type": "A",
      "options": {
        "ttl": 21600
      },
      "value": "140.116.60.95",
      "last_seen": "2025-10-30T03:57:31.902000"
    },
    {
      "subdomain": "osa",
      "type": "A",
      "options": {
        "ttl": 21600
      },
      "value": "140.116.248.21",
      "last_seen": "2025-10-30T03:57:31.168000"
    },
    {
      "subdomain": "osc.csie",
      "type": "A",
      "options": {
        "ttl": 3599
      },
      "value": "140.116.245.98",
      "last_seen": "2025-10-30T03:57:32.131000"
    },
    {
      "subdomain": "osnas.csie",
      "type": "A",
      "options": {
        "ttl": 3600
      },
      "value": "140.116.245.237",
      "last_seen": "2025-10-30T03:57:30.784000"
    },
    {
      "subdomain": "osp.computing",
      "type": "A",
      "options": {
        "ttl": 21600
      },
      "value": "140.116.223.22",
      "last_seen": "2025-10-30T03:57:30.107000"
    },
    {
      "subdomain": "ossd",
      "type": "A",
      "options": {
        "ttl": 86400
      },
      "value": "140.116.248.21",
      "last_seen": "2025-10-30T03:57:36.545000"
    },
    {
      "subdomain": "ot",
      "type": "A",
      "options": {
        "ttl": 21600
      },
      "value": "140.116.248.21",
      "last_seen": "2025-10-30T03:57:30.810000"
    },
    {
      "subdomain": "10acgg.web2",
      "type": "CNAME",
      "options": {
        "ttl": 21599
      },
      "value": "rpage.web2.ncku.edu.tw",
      "last_seen": "2025-10-30T03:57:32.759000"
    },
    {
      "subdomain": "2015iwait-ifmia.web2",
      "type": "CNAME",
      "options": {
        "ttl": 300
      },
      "value": "epage.web2.ncku.edu.tw",
      "last_seen": "2025-10-30T03:57:30.831000"
    },
    {
      "subdomain": "2017srp.twisc",
      "type": "CNAME",
      "options": {
        "ttl": 1
      },
      "value": "ghs.googlehosted.com",
      "last_seen": "2025-10-30T03:57:30.565000"
    },
    {
      "subdomain": "2018srp.twisc",
      "type": "CNAME",
      "options": {
        "ttl": 1
      },
      "value": "ghs.googlehosted.com",
      "last_seen": "2025-10-30T03:57:30.688000"
    },
    {
      "subdomain": "2019nsisf.twisc",
      "type": "CNAME",
      "options": {
        "ttl": 1
      },
      "value": "ghs.googlehosted.com",
      "last_seen": "2025-10-30T03:57:30.133000"
    },
    {
      "subdomain": "2019srp.twisc",
      "type": "CNAME",
      "options": {
        "ttl": 1
      },
      "value": "ghs.googlehosted.com",
      "last_seen": "2025-10-30T03:57:30.567000"
    },
    {
      "subdomain": "2021higem.web2",
      "type": "CNAME",
      "options": {
        "ttl": 21599
      },
      "value": "rpage.web2.ncku.edu.tw",
      "last_seen": "2025-10-30T03:57:30.503000"
    },
    {
      "subdomain": "2025fhed",
      "type": "CNAME",
      "options": {
        "ttl": 86400
      },
      "value": "2025fhed.ncku.edu.tw.s.strikinglydns.com",
      "last_seen": "2025-10-30T03:57:30.148000"
    },
    {
      "subdomain": "2025kiborpc",
      "type": "CNAME",
      "options": {
        "ttl": 21600
      },
      "value": "ghs.googlehosted.com",
      "last_seen": "2025-10-30T03:57:30.573000"
    },
    {
      "subdomain": "2025sss.ais2m",
      "type": "CNAME",
      "options": {
        "ttl": 21600
      },
      "value": "pointing.wixdns.net",
      "last_seen": "2025-10-30T03:57:31.796000"
    },
    {
      "subdomain": "40th.med",
      "type": "CNAME",
      "options": {
        "ttl": 86400
      },
      "value": "ghs.googlehosted.com",
      "last_seen": "2025-10-30T03:57:31.653000"
    },
    {
      "subdomain": "academic.web2",
      "type": "CNAME",
      "options": {
        "ttl": 86400
      },
      "value": "rpage.web2.ncku.edu.tw",
      "last_seen": "2025-10-30T03:57:32.393000"
    },
    {
      "subdomain": "acchos.hosp",
      "type": "CNAME",
      "options": {
        "ttl": 3600
      },
      "value": "rpage.hosp.ncku.edu.tw",
      "last_seen": "2025-10-30T03:57:30.756000"
    },
    {
      "subdomain": "accton.web2",
      "type": "CNAME",
      "options": {
        "ttl": 21599
      },
      "value": "rpage.web2.ncku.edu.tw",
      "last_seen": "2025-10-30T03:57:30.503000"
    },
    {
      "subdomain": "acir.web2",
      "type": "CNAME",
      "options": {
        "ttl": 21600
      },
      "value": "rpage.web2.ncku.edu.tw",
      "last_seen": "2025-10-30T03:57:30.734000"
    },
    {
      "subdomain": "adrc.hosp",
      "type": "CNAME",
      "options": {
        "ttl": 1114
      },
      "value": "rpage.hosp.ncku.edu.tw",
      "last_seen": "2025-10-30T03:57:30.690000"
    },
    {
      "subdomain": "ahdb.ee",
      "type": "CNAME",
      "options": {
        "ttl": 60
      },
      "value": "zoro.ee.ncku.edu.tw",
      "last_seen": "2025-10-30T03:57:30.741000"
    },
    {
      "subdomain": "aics2020.twisc",
      "type": "CNAME",
      "options": {
        "ttl": 1
      },
      "value": "ghs.googlehosted.com",
      "last_seen": "2025-10-30T03:57:30.848000"
    },
    {
      "subdomain": "aiot.cssha",
      "type": "CNAME",
      "options": {
        "ttl": 86400
      },
      "value": "www144.wixdns.net",
      "last_seen": "2025-10-30T03:57:32.286000"
    },
    {
      "subdomain": "aisnd.ee",
      "type": "CNAME",
      "options": {
        "ttl": 60
      },
      "value": "ai4dt.ee.ncku.edu.tw",
      "last_seen": "2025-10-30T03:57:34.481000"
    },
    {
      "subdomain": "almightystm.web2",
      "type": "CNAME",
      "options": {
        "ttl": 21600
      },
      "value": "rpage.web2.ncku.edu.tw",
      "last_seen": "2025-10-30T03:57:30.841000"
    },
    {
      "subdomain": "alpine.ccns",
      "type": "CNAME",
      "options": {
        "ttl": 59
      },
      "value": "ee-vm.ccns.ncku.edu.tw",
      "last_seen": "2025-10-30T03:57:31.772000"
    },
    {
      "subdomain": "alumni.hyd",
      "type": "CNAME",
      "options": {
        "ttl": 21600
      },
      "value": "web.hyd.ncku.edu.tw",
      "last_seen": "2025-10-30T03:57:30.644000"
    },
    {
      "subdomain": "anti-frailty.web2",
      "type": "CNAME",
      "options": {
        "ttl": 21600
      },
      "value": "rpage.web2.ncku.edu.tw",
      "last_seen": "2025-10-30T03:57:30.574000"
    },
    {
      "subdomain": "anw",
      "type": "CNAME",
      "options": {
        "ttl": 21600
      },
      "value": "anw.ncku.com.tw",
      "last_seen": "2025-10-30T03:57:31.748000"
    },
    {
      "subdomain": "ap-acad.web2",
      "type": "CNAME",
      "options": {
        "ttl": 21600
      },
      "value": "rpage.web2.ncku.edu.tw",
      "last_seen": "2025-10-30T03:57:30.653000"
    },
    {
      "subdomain": "ap.pers",
      "type": "CNAME",
      "options": {
        "ttl": 21599
      },
      "value": "ap.pers.ncku.com.tw",
      "last_seen": "2025-10-30T03:57:32.645000"
    },
    {
      "subdomain": "apmc.web2",
      "type": "CNAME",
      "options": {
        "ttl": 21600
      },
      "value": "rpage.web2.ncku.edu.tw",
      "last_seen": "2025-10-30T03:57:30.987000"
    },
    {
      "subdomain": "app.cc",
      "type": "CNAME",
      "options": {
        "ttl": 21599
      },
      "value": "app.cc.ncku.com.tw",
      "last_seen": "2025-10-30T03:57:33.060000"
    },
    {
      "subdomain": "app.pers",
      "type": "CNAME",
      "options": {
        "ttl": 21600
      },
      "value": "app.pers.ncku.com.tw",
      "last_seen": "2025-10-30T03:57:30.599000"
    },
    {
      "subdomain": "apps.acad",
      "type": "CNAME",
      "options": {
        "ttl": 21600
      },
      "value": "apps.acad.ncku.com.tw",
      "last_seen": "2025-10-30T03:57:30.242000"
    },
    {
      "subdomain": "apps.pers",
      "type": "CNAME",
      "options": {
        "ttl": 19449
      },
      "value": "apps.pers.ncku.com.tw",
      "last_seen": "2025-10-30T03:57:30.995000"
    },
    {
      "subdomain": "apss.oga",
      "type": "CNAME",
      "options": {
        "ttl": 21599
      },
      "value": "apss.oga.ncku.com.tw",
      "last_seen": "2025-10-30T03:57:30.601000"
    },
    {
      "subdomain": "archlinux.ccns",
      "type": "CNAME",
      "options": {
        "ttl": 60
      },
      "value": "proxy.ccns.io",
      "last_seen": "2025-10-22T06:28:25.514000"
    },
    {
      "subdomain": "archlinux.ccns",
      "type": "CNAME",
      "options": {
        "ttl": 60
      },
      "value": "proxy.ccns.ncku.edu.tw",
      "last_seen": "2025-10-30T03:57:34.282000"
    },
    {
      "subdomain": "archlinux.csie",
      "type": "CNAME",
      "options": {
        "ttl": 3600
      },
      "value": "cs-dc.router.ccns.io",
      "last_seen": "2025-10-30T03:57:30.805000"
    },
    {
      "subdomain": "archlinux2.ccns",
      "type": "CNAME",
      "options": {
        "ttl": 60
      },
      "value": "ee-vm.ccns.ncku.edu.tw",
      "last_seen": "2025-10-30T03:57:31.726000"
    },
    {
      "subdomain": "asiajcis2024.web2",
      "type": "CNAME",
      "options": {
        "ttl": 21599
      },
      "value": "rpage.web2.ncku.edu.tw",
      "last_seen": "2025-10-30T03:57:30.419000"
    },
    {
      "subdomain": "atzg2025",
      "type": "CNAME",
      "options": {
        "ttl": 21600
      },
      "value": "ghs.googlehosted.com",
      "last_seen": "2025-10-30T03:57:31.803000"
    },
    {
      "subdomain": "autodiscover",
      "type": "CNAME",
      "options": {
        "ttl": 3600
      },
      "value": "autodiscover.outlook.com",
      "last_seen": "2025-10-30T03:57:30.307000"
    },
    {
      "subdomain": "b1000.web3",
      "type": "CNAME",
      "options": {
        "ttl": 21600
      },
      "value": "rpage.web3.ncku.edu.tw",
      "last_seen": "2025-10-30T03:57:30.820000"
    },
    {
      "subdomain": "b10c54.web3",
      "type": "CNAME",
      "options": {
        "ttl": 300
      },
      "value": "dns.web3.ncku.edu.tw",
      "last_seen": "2025-10-30T03:57:30.127000"
    },
    {
      "subdomain": "b1300.web3",
      "type": "CNAME",
      "options": {
        "ttl": 299
      },
      "value": "dns.web3.ncku.edu.tw",
      "last_seen": "2025-10-30T03:57:33.165000"
    },
    {
      "subdomain": "b1600.web3",
      "type": "CNAME",
      "options": {
        "ttl": 300
      },
      "value": "dns.web3.ncku.edu.tw",
      "last_seen": "2025-10-30T03:57:30.233000"
    },
    {
      "subdomain": "b1700.web3",
      "type": "CNAME",
      "options": {
        "ttl": 300
      },
      "value": "dns.web3.ncku.edu.tw",
      "last_seen": "2025-10-30T03:57:30.590000"
    },
    {
      "subdomain": "b2200.web3",
      "type": "CNAME",
      "options": {
        "ttl": 300
      },
      "value": "dns.web3.ncku.edu.tw",
      "last_seen": "2025-10-30T03:57:30.882000"
    },
    {
      "subdomain": "b2300.web3",
      "type": "CNAME",
      "options": {
        "ttl": 300
      },
      "value": "dns.web3.ncku.edu.tw",
      "last_seen": "2025-10-30T03:57:30.586000"
    },
    {
      "subdomain": "b2400.web3",
      "type": "CNAME",
      "options": {
        "ttl": 300
      },
      "value": "dns.web3.ncku.edu.tw",
      "last_seen": "2025-10-30T03:57:30.423000"
    },
    {
      "subdomain": "b24c06.web3",
      "type": "CNAME",
      "options": {
        "ttl": 21599
      },
      "value": "epage.web3.ncku.edu.tw",
      "last_seen": "2025-10-30T03:57:30.955000"
    },
    {
      "subdomain": "b29c01.web3",
      "type": "CNAME",
      "options": {
        "ttl": 300
      },
      "value": "dns.web3.ncku.edu.tw",
      "last_seen": "2025-10-30T03:57:30.865000"
    },
    {
      "subdomain": "b2c002.web3",
      "type": "CNAME",
      "options": {
        "ttl": 300
      },
      "value": "dns.web3.ncku.edu.tw",
      "last_seen": "2025-10-30T03:57:30.587000"
    },
    {
      "subdomain": "b3c001.web3",
      "type": "CNAME",
      "options": {
        "ttl": 299
      },
      "value": "dns.web3.ncku.edu.tw",
      "last_seen": "2025-10-30T03:57:30.297000"
    },
    {
      "subdomain": "b3c004.web3",
      "type": "CNAME",
      "options": {
        "ttl": 299
      },
      "value": "dns.web3.ncku.edu.tw",
      "last_seen": "2025-10-30T03:57:30.562000"
    },
    {
      "subdomain": "b3c007.web3",
      "type": "CNAME",
      "options": {
        "ttl": 300
      },
      "value": "dns.web3.ncku.edu.tw",
      "last_seen": "2025-10-30T03:57:30.169000"
    },
    {
      "subdomain": "b3c008.web3",
      "type": "CNAME",
      "options": {
        "ttl": 300
      },
      "value": "dns.web3.ncku.edu.tw",
      "last_seen": "2025-10-30T03:57:31.144000"
    },
    {
      "subdomain": "b8c001.web3",
      "type": "CNAME",
      "options": {
        "ttl": 300
      },
      "value": "dns.web3.ncku.edu.tw",
      "last_seen": "2025-10-30T03:57:30.598000"
    },
    {
      "subdomain": "bac006.web3",
      "type": "CNAME",
      "options": {
        "ttl": 300
      },
      "value": "dns.web3.ncku.edu.tw",
      "last_seen": "2025-10-30T03:57:31.318000"
    },
    {
      "subdomain": "bac008.web3",
      "type": "CNAME",
      "options": {
        "ttl": 21600
      },
      "value": "epage.web3.ncku.edu.tw",
      "last_seen": "2025-10-30T03:57:30.299000"
    },
    {
      "subdomain": "bac009.web3",
      "type": "CNAME",
      "options": {
        "ttl": 21600
      },
      "value": "epage.web3.ncku.edu.tw",
      "last_seen": "2025-10-30T03:57:30.855000"
    },
    {
      "subdomain": "baisp-lab.csie",
      "type": "CNAME",
      "options": {
        "ttl": 3600
      },
      "value": "baisp-lab.github.io",
      "last_seen": "2025-10-30T03:57:31.175000"
    },
    {
      "subdomain": "bb000.web3",
      "type": "CNAME",
      "options": {
        "ttl": 21600
      },
      "value": "epage.web3.ncku.edu.tw",
      "last_seen": "2025-10-30T03:57:30.925000"
    },
    {
      "subdomain": "bbc006.web3",
      "type": "CNAME",
      "options": {
        "ttl": 300
      },
      "value": "dns.web3.ncku.edu.tw",
      "last_seen": "2025-10-30T03:57:33.230000"
    },
    {
      "subdomain": "bbc009.web3",
      "type": "CNAME",
      "options": {
        "ttl": 299
      },
      "value": "dns.web3.ncku.edu.tw",
      "last_seen": "2025-10-30T03:57:30.461000"
    },
    {
      "subdomain": "bbc010.web3",
      "type": "CNAME",
      "options": {
        "ttl": 21600
      },
      "value": "epage.web3.ncku.edu.tw",
      "last_seen": "2025-10-30T03:57:30.119000"
    },
    {
      "subdomain": "bbc011.web3",
      "type": "CNAME",
      "options": {
        "ttl": 300
      },
      "value": "dns.web3.ncku.edu.tw",
      "last_seen": "2025-10-30T03:57:30.966000"
    },
    {
      "subdomain": "bbc013.web3",
      "type": "CNAME",
      "options": {
        "ttl": 300
      },
      "value": "dns.web3.ncku.edu.tw",
      "last_seen": "2025-10-30T03:57:33.912000"
    },
    {
      "subdomain": "bbc015.web3",
      "type": "CNAME",
      "options": {
        "ttl": 89
      },
      "value": "dns.web3.ncku.edu.tw",
      "last_seen": "2025-10-30T03:57:30.951000"
    },
    {
      "subdomain": "bbc020.web3",
      "type": "CNAME",
      "options": {
        "ttl": 300
      },
      "value": "dns.web3.ncku.edu.tw",
      "last_seen": "2025-10-30T03:57:30.573000"
    },
    {
      "subdomain": "bbc026.web3",
      "type": "CNAME",
      "options": {
        "ttl": 21600
      },
      "value": "epage.web3.ncku.edu.tw",
      "last_seen": "2025-10-30T03:57:31.888000"
    },
    {
      "subdomain": "bbc029.web3",
      "type": "CNAME",
      "options": {
        "ttl": 21600
      },
      "value": "epage.web3.ncku.edu.tw",
      "last_seen": "2025-10-30T03:57:32.497000"
    },
    {
      "subdomain": "bbc031.web3",
      "type": "CNAME",
      "options": {
        "ttl": 21600
      },
      "value": "epage.web3.ncku.edu.tw",
      "last_seen": "2025-10-30T03:57:32.113000"
    },
    {
      "subdomain": "bbc035r.web3",
      "type": "CNAME",
      "options": {
        "ttl": 21600
      },
      "value": "rpage.web3.ncku.edu.tw",
      "last_seen": "2025-10-30T03:57:34.477000"
    },
    {
      "subdomain": "bbc036r.web3",
      "type": "CNAME",
      "options": {
        "ttl": 21597
      },
      "value": "rpage.web3.ncku.edu.tw",
      "last_seen": "2025-10-30T03:57:35.309000"
    },
    {
      "subdomain": "bbs.ccns",
      "type": "AAAA",
      "options": {
        "ttl": 60
      },
      "value": "2001:288:7001:249::140",
      "last_seen": "2025-10-30T03:58:44.403000"
    },
    {
      "subdomain": "bd000.web3",
      "type": "CNAME",
      "options": {
        "ttl": 299
      },
      "value": "dns.web3.ncku.edu.tw",
      "last_seen": "2025-10-30T03:57:30.424000"
    },
    {
      "subdomain": "bdc001.web3",
      "type": "CNAME",
      "options": {
        "ttl": 300
      },
      "value": "dns.web3.ncku.edu.tw",
      "last_seen": "2025-10-30T03:57:30.593000"
    },
    {
      "subdomain": "bdc003.web3",
      "type": "CNAME",
      "options": {
        "ttl": 21599
      },
      "value": "epage.web3.ncku.edu.tw",
      "last_seen": "2025-10-30T03:57:30.555000"
    },
    {
      "subdomain": "bdc007.web3",
      "type": "CNAME",
      "options": {
        "ttl": 21600
      },
      "value": "rpage.web3.ncku.edu.tw",
      "last_seen": "2025-10-30T03:57:30.839000"
    },
    {
      "subdomain": "bdc008r.web3",
      "type": "CNAME",
      "options": {
        "ttl": 21600
      },
      "value": "rpage.web3.ncku.edu.tw",
      "last_seen": "2025-10-30T03:57:30.882000"
    },
    {
      "subdomain": "bec001.web3",
      "type": "CNAME",
      "options": {
        "ttl": 300
      },
      "value": "dns.web3.ncku.edu.tw",
      "last_seen": "2025-10-30T03:57:30.186000"
    },
    {
      "subdomain": "bec002.web3",
      "type": "CNAME",
      "options": {
        "ttl": 299
      },
      "value": "dns.web3.ncku.edu.tw",
      "last_seen": "2025-10-30T03:57:30.599000"
    },
    {
      "subdomain": "bec004.web3",
      "type": "CNAME",
      "options": {
        "ttl": 21600
      },
      "value": "epage.web3.ncku.edu.tw",
      "last_seen": "2025-10-30T03:57:30.214000"
    },
    {
      "subdomain": "bec007r.web3",
      "type": "CNAME",
      "options": {
        "ttl": 300
      },
      "value": "rpage.web3.ncku.edu.tw",
      "last_seen": "2025-10-30T03:57:33.674000"
    },
    {
      "subdomain": "beer-c-kpi.acad",
      "type": "CNAME",
      "options": {
        "ttl": 21600
      },
      "value": "beer-c-kpi.acad.ncku.com.tw",
      "last_seen": "2025-10-30T03:57:34.485000"
    },
    {
      "subdomain": "bfc001.web3",
      "type": "CNAME",
      "options": {
        "ttl": 300
      },
      "value": "dns.web3.ncku.edu.tw",
      "last_seen": "2025-10-30T03:57:30.729000"
    },
    {
      "subdomain": "bigdata2017.twisc",
      "type": "CNAME",
      "options": {
        "ttl": 1
      },
      "value": "ghs.googlehosted.com",
      "last_seen": "2025-10-30T03:57:30.745000"
    },
    {
      "subdomain": "bigdata2018.twisc",
      "type": "CNAME",
      "options": {
        "ttl": 1
      },
      "value": "ghs.googlehosted.com",
      "last_seen": "2025-10-30T03:57:30.535000"
    },
    {
      "subdomain": "bigdata2019.twisc",
      "type": "CNAME",
      "options": {
        "ttl": 1
      },
      "value": "ghs.googlehosted.com",
      "last_seen": "2025-10-30T03:57:30.754000"
    },
    {
      "subdomain": "bigdata2020.twisc",
      "type": "CNAME",
      "options": {
        "ttl": 1
      },
      "value": "ghs.googlehosted.com",
      "last_seen": "2025-10-30T03:57:30.885000"
    },
    {
      "subdomain": "bigdata2021.twisc",
      "type": "CNAME",
      "options": {
        "ttl": 1
      },
      "value": "ghs.googlehosted.com",
      "last_seen": "2025-10-30T03:57:30.596000"
    },
    {
      "subdomain": "bigdata2022.twisc",
      "type": "CNAME",
      "options": {
        "ttl": 1
      },
      "value": "ghs.googlehosted.com",
      "last_seen": "2025-10-30T03:57:30.505000"
    },
    {
      "subdomain": "bigdata2023.twisc",
      "type": "CNAME",
      "options": {
        "ttl": 1
      },
      "value": "ghs.googlehosted.com",
      "last_seen": "2025-10-30T03:57:34.471000"
    },
    {
      "subdomain": "biotechfeeds.web2",
      "type": "CNAME",
      "options": {
        "ttl": 21600
      },
      "value": "rpage.web2.ncku.edu.tw",
      "last_seen": "2025-10-30T03:57:31.536000"
    },
    {
      "subdomain": "bits.web2",
      "type": "CNAME",
      "options": {
        "ttl": 21600
      },
      "value": "rpage.web2.ncku.edu.tw",
      "last_seen": "2025-10-30T03:57:34.894000"
    },
    {
      "subdomain": "bmhd.web2",
      "type": "CNAME",
      "options": {
        "ttl": 21600
      },
      "value": "rpage.web2.ncku.edu.tw",
      "last_seen": "2025-10-30T03:57:32.110000"
    },
    {
      "subdomain": "boss.testbed",
      "type": "AAAA",
      "options": {
        "ttl": 60
      },
      "value": "2001:e10:4000:6e::10",
      "last_seen": "2025-10-30T03:58:51.455000"
    },
    {
      "subdomain": "breast.hosp",
      "type": "CNAME",
      "options": {
        "ttl": 3599
      },
      "value": "rpage.hosp.ncku.edu.tw",
      "last_seen": "2025-10-30T03:57:30.646000"
    },
    {
      "subdomain": "brundtlandweek.web2",
      "type": "CNAME",
      "options": {
        "ttl": 21600
      },
      "value": "rpage.web2.ncku.edu.tw",
      "last_seen": "2025-10-30T03:57:31.715000"
    },
    {
      "subdomain": "cach.web2",
      "type": "CNAME",
      "options": {
        "ttl": 21600
      },
      "value": "rpage.web2.ncku.edu.tw",
      "last_seen": "2025-10-30T03:57:31.862000"
    },
    {
      "subdomain": "caie.hosp",
      "type": "CNAME",
      "options": {
        "ttl": 3599
      },
      "value": "rpage.hosp.ncku.edu.tw",
      "last_seen": "2025-10-30T03:57:38.281000"
    },
    {
      "subdomain": "calendar.gs",
      "type": "CNAME",
      "options": {
        "ttl": 21600
      },
      "value": "ghs.googlehosted.com",
      "last_seen": "2025-10-30T03:57:31.736000"
    },
    {
      "subdomain": "campus1",
      "type": "CNAME",
      "options": {
        "ttl": 21599
      },
      "value": "campus1.ncku.com.tw",
      "last_seen": "2025-10-30T03:57:33.030000"
    },
    {
      "subdomain": "campus4",
      "type": "CNAME",
      "options": {
        "ttl": 86399
      },
      "value": "campus4.ncku.com.tw",
      "last_seen": "2025-10-30T03:57:32.646000"
    },
    {
      "subdomain": "campus5",
      "type": "CNAME",
      "options": {
        "ttl": 86400
      },
      "value": "campus5.ncku.com.tw",
      "last_seen": "2025-10-30T03:57:31.025000"
    },
    {
      "subdomain": "car.oga",
      "type": "CNAME",
      "options": {
        "ttl": 21600
      },
      "value": "car.oga.ncku.com.tw",
      "last_seen": "2025-10-30T03:57:33.311000"
    },
    {
      "subdomain": "cardiovascular.surgery",
      "type": "CNAME",
      "options": {
        "ttl": 21600
      },
      "value": "secure.cloudways.cloud",
      "last_seen": "2025-10-30T03:57:30.688000"
    },
    {
      "subdomain": "cash.ufo",
      "type": "CNAME",
      "options": {
        "ttl": 21600
      },
      "value": "cash.ufo.ncku.com.tw",
      "last_seen": "2025-10-30T03:57:31.312000"
    },
    {
      "subdomain": "caslab.ee",
      "type": "AAAA",
      "options": {
        "ttl": 86400
      },
      "value": "2001:288:7001:1062::4",
      "last_seen": "2025-10-30T03:58:51.119000"
    },
    {
      "subdomain": "cbmrd.web2",
      "type": "CNAME",
      "options": {
        "ttl": 21600
      },
      "value": "rpage.web2.ncku.edu.tw",
      "last_seen": "2025-10-30T03:57:30.608000"
    },
    {
      "subdomain": "cce.ee",
      "type": "CNAME",
      "options": {
        "ttl": 60
      },
      "value": "www.ee.ncku.edu.tw",
      "last_seen": "2025-10-30T03:57:30.928000"
    },
    {
      "subdomain": "ccliu.earth",
      "type": "CNAME",
      "options": {
        "ttl": 21600
      },
      "value": "ghs.googlehosted.com",
      "last_seen": "2025-10-30T03:57:30.147000"
    },
    {
      "subdomain": "ccmc.web2",
      "type": "CNAME",
      "options": {
        "ttl": 21600
      },
      "value": "rpage.web2.ncku.edu.tw",
      "last_seen": "2025-10-30T03:57:32.788000"
    },
    {
      "subdomain": "ccns",
      "type": "AAAA",
      "options": {
        "ttl": 60
      },
      "value": "2001:288:7001:10e7::3",
      "last_seen": "2025-10-30T03:58:49.997000"
    },
    {
      "subdomain": "centos.ccns",
      "type": "CNAME",
      "options": {
        "ttl": 60
      },
      "value": "ee-vm.ccns.ncku.edu.tw",
      "last_seen": "2025-10-30T03:57:30.330000"
    },
    {
      "subdomain": "cet.acad",
      "type": "CNAME",
      "options": {
        "ttl": 21599
      },
      "value": "cet.acad.ncku.com.tw",
      "last_seen": "2025-10-30T03:57:32.648000"
    },
    {
      "subdomain": "cgw2018.csie",
      "type": "CNAME",
      "options": {
        "ttl": 3600
      },
      "value": "mislab.github.io",
      "last_seen": "2025-10-30T03:57:31.394000"
    },
    {
      "subdomain": "ch",
      "type": "CNAME",
      "options": {
        "ttl": 21600
      },
      "value": "www242.wixdns.net",
      "last_seen": "2025-10-30T03:57:30.667000"
    },
    {
      "subdomain": "chc.hosp",
      "type": "CNAME",
      "options": {
        "ttl": 3599
      },
      "value": "rpage.hosp.ncku.edu.tw",
      "last_seen": "2025-10-30T03:57:30.506000"
    },
    {
      "subdomain": "chemistry.web2",
      "type": "CNAME",
      "options": {
        "ttl": 21600
      },
      "value": "rpage.web2.ncku.edu.tw",
      "last_seen": "2025-10-30T03:57:32.161000"
    },
    {
      "subdomain": "chengkung9.90th",
      "type": "CNAME",
      "options": {
        "ttl": 21599
      },
      "value": "proxy-ssl.webflow.com",
      "last_seen": "2025-10-30T03:57:30.503000"
    },
    {
      "subdomain": "chpsc.hosp",
      "type": "CNAME",
      "options": {
        "ttl": 3599
      },
      "value": "rpage.hosp.ncku.edu.tw",
      "last_seen": "2025-10-30T03:57:30.527000"
    },
    {
      "subdomain": "cic.hosp",
      "type": "CNAME",
      "options": {
        "ttl": 3600
      },
      "value": "rpage.hosp.ncku.edu.tw",
      "last_seen": "2025-10-30T03:57:31.878000"
    },
    {
      "subdomain": "cidsr.web2",
      "type": "CNAME",
      "options": {
        "ttl": 3527
      },
      "value": "rpage.web2.ncku.edu.tw",
      "last_seen": "2025-10-30T03:57:30.514000"
    },
    {
      "subdomain": "ciis-sans.web2",
      "type": "CNAME",
      "options": {
        "ttl": 21600
      },
      "value": "rpage.web2.ncku.edu.tw",
      "last_seen": "2025-10-30T03:57:30.642000"
    },
    {
      "subdomain": "ciis.cc",
      "type": "CNAME",
      "options": {
        "ttl": 21600
      },
      "value": "ghs.googlehosted.com",
      "last_seen": "2025-10-30T03:57:31.501000"
    },
    {
      "subdomain": "cipm2019forum.twisc",
      "type": "CNAME",
      "options": {
        "ttl": 1
      },
      "value": "ghs.googlehosted.com",
      "last_seen": "2025-10-30T03:57:30.660000"
    },
    {
      "subdomain": "cisc2026.twisc",
      "type": "CNAME",
      "options": {
        "ttl": 1
      },
      "value": "ghs.googlehosted.com",
      "last_seen": "2025-10-30T03:57:30.733000"
    },
    {
      "subdomain": "ckj.csie",
      "type": "CNAME",
      "options": {
        "ttl": 3600
      },
      "value": "ckj.imslab.org",
      "last_seen": "2025-10-30T03:57:33.533000"
    },
    {
      "subdomain": "class-qry.acad",
      "type": "CNAME",
      "options": {
        "ttl": 86399
      },
      "value": "class-qry.acad.ncku.com.tw",
      "last_seen": "2025-10-30T03:57:34.822000"
    },
    {
      "subdomain": "cloud.cc",
      "type": "CNAME",
      "options": {
        "ttl": 21599
      },
      "value": "cloud.cc.ncku.com.tw",
      "last_seen": "2025-10-30T03:57:32.648000"
    },
    {
      "subdomain": "cloud.lens.csie",
      "type": "CNAME",
      "options": {
        "ttl": 300
      },
      "value": "lens.csie.ncku.edu.tw",
      "last_seen": "2025-10-30T03:57:31.055000"
    },
    {
      "subdomain": "cmrc.hosp",
      "type": "CNAME",
      "options": {
        "ttl": 3600
      },
      "value": "rpage.hosp.ncku.edu.tw",
      "last_seen": "2025-10-30T03:57:30.520000"
    },
    {
      "subdomain": "cncmail",
      "type": "CNAME",
      "options": {
        "ttl": 86400
      },
      "value": "cncmail.ncku.com.tw",
      "last_seen": "2025-10-30T03:57:32.208000"
    },
    {
      "subdomain": "contactus",
      "type": "CNAME",
      "options": {
        "ttl": 21599
      },
      "value": "contactus.ncku.com.tw",
      "last_seen": "2025-10-30T03:57:30.763000"
    },
    {
      "subdomain": "contactus.cc",
      "type": "CNAME",
      "options": {
        "ttl": 15690
      },
      "value": "contactus.cc.ncku.com.tw",
      "last_seen": "2025-10-30T03:57:33.284000"
    },
    {
      "subdomain": "course",
      "type": "CNAME",
      "options": {
        "ttl": 21600
      },
      "value": "course.ncku.com.tw",
      "last_seen": "2025-10-30T03:57:33.456000"
    },
    {
      "subdomain": "course-query.acad",
      "type": "CNAME",
      "options": {
        "ttl": 21600
      },
      "value": "course-query.acad.ncku.com.tw",
      "last_seen": "2025-10-30T03:57:30.903000"
    },
    {
      "subdomain": "cpi.acad",
      "type": "CNAME",
      "options": {
        "ttl": 21600
      },
      "value": "cpi.acad.ncku.com.tw",
      "last_seen": "2025-10-30T03:57:31.103000"
    },
    {
      "subdomain": "cps.imis",
      "type": "CNAME",
      "options": {
        "ttl": 86400
      },
      "value": "ghs.googlehosted.com",
      "last_seen": "2025-10-30T03:57:33.023000"
    },
    {
      "subdomain": "crush.cc",
      "type": "CNAME",
      "options": {
        "ttl": 86400
      },
      "value": "ghs.googlehosted.com",
      "last_seen": "2025-10-30T03:57:31.848000"
    },
    {
      "subdomain": "csi.ee",
      "type": "CNAME",
      "options": {
        "ttl": 60
      },
      "value": "www.ee.ncku.edu.tw",
      "last_seen": "2025-10-30T03:57:32.359000"
    },
    {
      "subdomain": "csys.osa",
      "type": "CNAME",
      "options": {
        "ttl": 21599
      },
      "value": "csys.osa.ncku.com.tw",
      "last_seen": "2025-10-30T03:57:30.345000"
    },
    {
      "subdomain": "ctc.hosp",
      "type": "CNAME",
      "options": {
        "ttl": 3600
      },
      "value": "rpage.hosp.ncku.edu.tw",
      "last_seen": "2025-10-30T03:57:30.520000"
    },
    {
      "subdomain": "ctrmost.web2",
      "type": "CNAME",
      "options": {
        "ttl": 21600
      },
      "value": "rpage.web2.ncku.edu.tw",
      "last_seen": "2025-10-30T03:57:31.408000"
    },
    {
      "subdomain": "ctstrait.polsci",
      "type": "CNAME",
      "options": {
        "ttl": 21600
      },
      "value": "ghs.googlehosted.com",
      "last_seen": "2025-10-30T03:57:30.159000"
    },
    {
      "subdomain": "cyanogmexp",
      "type": "CNAME",
      "options": {
        "ttl": 21600
      },
      "value": "asymmetrical-porcupine-ydd32xxz2y368aofw0d9djn3.herokudns.com",
      "last_seen": "2025-10-30T03:57:34.310000"
    },
    {
      "subdomain": "d6www.hosp",
      "type": "CNAME",
      "options": {
        "ttl": 3596
      },
      "value": "d6www.4db8d35c76.02c3ccf3.hiwaf.hinet.net",
      "last_seen": "2025-10-30T03:57:38.982000"
    },
    {
      "subdomain": "dadh2023.chinese",
      "type": "CNAME",
      "options": {
        "ttl": 86400
      },
      "value": "ghs.googlehosted.com",
      "last_seen": "2025-10-30T03:57:33.031000"
    },
    {
      "subdomain": "data",
      "type": "CNAME",
      "options": {
        "ttl": 21600
      },
      "value": "data.ncku.com.tw",
      "last_seen": "2025-10-30T03:57:32.505000"
    },
    {
      "subdomain": "db.nckumap",
      "type": "CNAME",
      "options": {
        "ttl": 21600
      },
      "value": "db.nckumap.ncku.com.tw",
      "last_seen": "2025-10-30T03:57:30.548000"
    },
    {
      "subdomain": "dcert",
      "type": "CNAME",
      "options": {
        "ttl": 21599
      },
      "value": "dcert.ncku.com.tw",
      "last_seen": "2025-10-30T03:57:30.345000"
    },
    {
      "subdomain": "dcmc.ee",
      "type": "CNAME",
      "options": {
        "ttl": 60
      },
      "value": "ghs.googlehosted.com",
      "last_seen": "2025-10-30T03:57:30.524000"
    },
    {
      "subdomain": "debian.ccns",
      "type": "CNAME",
      "options": {
        "ttl": 5
      },
      "value": "proxy.ccns.io",
      "last_seen": "2025-10-22T06:28:26.399000"
    },
    {
      "subdomain": "debian.ccns",
      "type": "CNAME",
      "options": {
        "ttl": 6
      },
      "value": "proxy.ccns.ncku.edu.tw",
      "last_seen": "2025-10-30T03:57:30.499000"
    },
    {
      "subdomain": "debian.csie",
      "type": "CNAME",
      "options": {
        "ttl": 3599
      },
      "value": "cs-dc.router.ccns.io",
      "last_seen": "2025-10-30T03:57:30.935000"
    },
    {
      "subdomain": "dementia.friendly.chass",
      "type": "CNAME",
      "options": {
        "ttl": 21600
      },
      "value": "pointing.wixdns.net",
      "last_seen": "2025-10-30T03:57:30.759000"
    },
    {
      "subdomain": "derm.hosp",
      "type": "CNAME",
      "options": {
        "ttl": 3600
      },
      "value": "rpage.hosp.ncku.edu.tw",
      "last_seen": "2025-10-30T03:57:30.503000"
    },
    {
      "subdomain": "dev.mis",
      "type": "CNAME",
      "options": {
        "ttl": 21600
      },
      "value": "dev.mis.ncku.com.tw",
      "last_seen": "2025-10-30T03:57:30.781000"
    },
    {
      "subdomain": "df.cc",
      "type": "CNAME",
      "options": {
        "ttl": 86400
      },
      "value": "df.cc.ncku.com.tw",
      "last_seen": "2025-10-30T03:57:31.838000"
    },
    {
      "subdomain": "dgg.hosp",
      "type": "CNAME",
      "options": {
        "ttl": 3599
      },
      "value": "rpage.hosp.ncku.edu.tw",
      "last_seen": "2025-10-30T03:57:30.469000"
    },
    {
      "subdomain": "digiappt.pers",
      "type": "CNAME",
      "options": {
        "ttl": 21600
      },
      "value": "digiappt.pers.ncku.com.tw",
      "last_seen": "2025-10-30T03:57:30.996000"
    },
    {
      "subdomain": "dis.hosp",
      "type": "CNAME",
      "options": {
        "ttl": 3600
      },
      "value": "rpage.hosp.ncku.edu.tw",
      "last_seen": "2025-10-30T03:57:31.921000"
    },
    {
      "subdomain": "dlt.csie",
      "type": "CNAME",
      "options": {
        "ttl": 3599
      },
      "value": "netdbncku.github.io",
      "last_seen": "2025-10-30T03:57:32.717000"
    },
    {
      "subdomain": "dns.csie",
      "type": "AAAA",
      "options": {
        "ttl": 3600
      },
      "value": "2001:288:7001:2724::2",
      "last_seen": "2025-10-30T03:58:44.628000"
    },
    {
      "subdomain": "docap3",
      "type": "CNAME",
      "options": {
        "ttl": 21600
      },
      "value": "docap3.ncku.com.tw",
      "last_seen": "2025-10-30T03:57:30.607000"
    },
    {
      "subdomain": "docdl.edoc",
      "type": "CNAME",
      "options": {
        "ttl": 21600
      },
      "value": "docdl.edoc.ncku.com.tw",
      "last_seen": "2025-10-30T03:57:32.338000"
    },
    {
      "subdomain": "doctran1.edoc",
      "type": "CNAME",
      "options": {
        "ttl": 21600
      },
      "value": "doctran1.edoc.ncku.com.tw",
      "last_seen": "2025-10-30T03:57:32.157000"
    },
    {
      "subdomain": "doctran2.edoc",
      "type": "CNAME",
      "options": {
        "ttl": 86400
      },
      "value": "doctran2.edoc.ncku.com.tw",
      "last_seen": "2025-10-30T03:57:30.926000"
    },
    {
      "subdomain": "doctran3.edoc",
      "type": "CNAME",
      "options": {
        "ttl": 21028
      },
      "value": "doctran3.edoc.ncku.com.tw",
      "last_seen": "2025-10-30T03:57:30.769000"
    },
    {
      "subdomain": "doctran4.edoc",
      "type": "CNAME",
      "options": {
        "ttl": 86399
      },
      "value": "doctran4.edoc.ncku.com.tw",
      "last_seen": "2025-10-30T03:57:33.079000"
    },
    {
      "subdomain": "donate.web2",
      "type": "CNAME",
      "options": {
        "ttl": 21600
      },
      "value": "rpage.web2.ncku.edu.tw",
      "last_seen": "2025-10-30T03:57:32.236000"
    },
    {
      "subdomain": "donate2",
      "type": "CNAME",
      "options": {
        "ttl": 86399
      },
      "value": "donate2.ncku.com.tw",
      "last_seen": "2025-10-30T03:57:33.369000"
    },
    {
      "subdomain": "dr.hosp",
      "type": "CNAME",
      "options": {
        "ttl": 3600
      },
      "value": "rpage.hosp.ncku.edu.tw",
      "last_seen": "2025-10-30T03:57:30.810000"
    },
    {
      "subdomain": "drive.gs",
      "type": "CNAME",
      "options": {
        "ttl": 21600
      },
      "value": "ghs.googlehosted.com",
      "last_seen": "2025-10-30T03:57:32.309000"
    },
    {
      "subdomain": "dsscalliance.web2",
      "type": "CNAME",
      "options": {
        "ttl": 300
      },
      "value": "epage.web2.ncku.edu.tw",
      "last_seen": "2025-10-30T03:57:32.496000"
    },
    {
      "subdomain": "e1ds.ee",
      "type": "CNAME",
      "options": {
        "ttl": 60
      },
      "value": "zoro.ee.ncku.edu.tw",
      "last_seen": "2025-10-30T03:57:33.289000"
    },
    {
      "subdomain": "eadm",
      "type": "CNAME",
      "options": {
        "ttl": 86400
      },
      "value": "eadm.ncku.com.tw",
      "last_seen": "2025-10-30T03:57:30.765000"
    },
    {
      "subdomain": "eagle.english",
      "type": "CNAME",
      "options": {
        "ttl": 21600
      },
      "value": "eagle.english.ncku.com.tw",
      "last_seen": "2025-10-30T03:57:32.136000"
    },
    {
      "subdomain": "edoc",
      "type": "CNAME",
      "options": {
        "ttl": 21599
      },
      "value": "edoc.ncku.com.tw",
      "last_seen": "2025-10-30T03:57:30.869000"
    },
    {
      "subdomain": "eealum.ee",
      "type": "CNAME",
      "options": {
        "ttl": 60
      },
      "value": "ghs.googlehosted.com",
      "last_seen": "2025-10-30T03:57:30.952000"
    },
    {
      "subdomain": "eip.hosp",
      "type": "CNAME",
      "options": {
        "ttl": 3599
      },
      "value": "rpage.hosp.ncku.edu.tw",
      "last_seen": "2025-10-30T03:57:31.389000"
    },
    {
      "subdomain": "embrl.biochem",
      "type": "CNAME",
      "options": {
        "ttl": 21600
      },
      "value": "embrl.wordpress.com",
      "last_seen": "2025-10-30T03:57:32.318000"
    },
    {
      "subdomain": "emxms.hosp",
      "type": "CNAME",
      "options": {
        "ttl": 3600
      },
      "value": "xms.hosp.ncku.edu.tw",
      "last_seen": "2025-10-30T03:57:32.085000"
    },
    {
      "subdomain": "en.gs",
      "type": "CNAME",
      "options": {
        "ttl": 16557
      },
      "value": "ghs.googlehosted.com",
      "last_seen": "2025-10-30T03:57:31.549000"
    },
    {
      "subdomain": "ent.hosp",
      "type": "CNAME",
      "options": {
        "ttl": 3600
      },
      "value": "rpage.hosp.ncku.edu.tw",
      "last_seen": "2025-10-30T03:57:30.668000"
    },
    {
      "subdomain": "eportfolio",
      "type": "CNAME",
      "options": {
        "ttl": 21600
      },
      "value": "eportfolio.ncku.com.tw",
      "last_seen": "2025-10-30T03:57:31.474000"
    },
    {
      "subdomain": "es.tcat2020.twisc",
      "type": "CNAME",
      "options": {
        "ttl": 1
      },
      "value": "ghs.googlehosted.com",
      "last_seen": "2025-10-30T03:57:32.915000"
    },
    {
      "subdomain": "evergreen.web2",
      "type": "CNAME",
      "options": {
        "ttl": 21600
      },
      "value": "rpage.web2.ncku.edu.tw",
      "last_seen": "2025-10-30T03:57:30.744000"
    },
    {
      "subdomain": "exchange.oia",
      "type": "CNAME",
      "options": {
        "ttl": 21600
      },
      "value": "exchange.oia.ncku.com.tw",
      "last_seen": "2025-10-30T03:57:30.642000"
    },
    {
      "subdomain": "expsys",
      "type": "CNAME",
      "options": {
        "ttl": 86399
      },
      "value": "expsys.ncku.com.tw",
      "last_seen": "2025-10-30T03:57:32.645000"
    },
    {
      "subdomain": "exptnsel.liberal",
      "type": "CNAME",
      "options": {
        "ttl": 21600
      },
      "value": "exptnsel.liberal.ncku.com.tw",
      "last_seen": "2025-10-30T03:57:30.115000"
    },
    {
      "subdomain": "familymedicine.hosp",
      "type": "CNAME",
      "options": {
        "ttl": 3600
      },
      "value": "rpage.hosp.ncku.edu.tw",
      "last_seen": "2025-10-30T03:57:30.173000"
    },
    {
      "subdomain": "farming.chass",
      "type": "CNAME",
      "options": {
        "ttl": 21600
      },
      "value": "www169.wixdns.net",
      "last_seen": "2025-10-30T03:57:34.524000"
    },
    {
      "subdomain": "file-apply.hosp",
      "type": "CNAME",
      "options": {
        "ttl": 3600
      },
      "value": "rpage.hosp.ncku.edu.tw",
      "last_seen": "2025-10-30T03:57:30.856000"
    },
    {
      "subdomain": "foodeducation111.ee",
      "type": "CNAME",
      "options": {
        "ttl": 59
      },
      "value": "foodeducation1.ee.ncku.edu.tw",
      "last_seen": "2025-10-30T03:57:31.592000"
    },
    {
      "subdomain": "fprs.acad",
      "type": "CNAME",
      "options": {
        "ttl": 21600
      },
      "value": "fprs.acad.ncku.com.tw",
      "last_seen": "2025-10-30T03:57:33.440000"
    },
    {
      "subdomain": "fr.tcat2020.twisc",
      "type": "CNAME",
      "options": {
        "ttl": 1
      },
      "value": "ghs.googlehosted.com",
      "last_seen": "2025-10-30T03:57:30.655000"
    },
    {
      "subdomain": "freshmancamp",
      "type": "CNAME",
      "options": {
        "ttl": 86400
      },
      "value": "ghs.googlehosted.com",
      "last_seen": "2025-10-30T03:57:30.700000"
    },
    {
      "subdomain": "freshmen.web2",
      "type": "CNAME",
      "options": {
        "ttl": 21600
      },
      "value": "rpage.web2.ncku.edu.tw",
      "last_seen": "2025-10-30T03:57:31.382000"
    },
    {
      "subdomain": "future",
      "type": "CNAME",
      "options": {
        "ttl": 21600
      },
      "value": "pointing.wixdns.net",
      "last_seen": "2025-10-30T03:57:30.556000"
    },
    {
      "subdomain": "future.web2",
      "type": "CNAME",
      "options": {
        "ttl": 21600
      },
      "value": "rpage.web2.ncku.edu.tw",
      "last_seen": "2025-10-30T03:57:31.524000"
    },
    {
      "subdomain": "futureplus",
      "type": "CNAME",
      "options": {
        "ttl": 21599
      },
      "value": "futureplus.ncku.com.tw",
      "last_seen": "2025-10-30T03:57:33.455000"
    },
    {
      "subdomain": "ga.hosp",
      "type": "CNAME",
      "options": {
        "ttl": 3600
      },
      "value": "rpage.hosp.ncku.edu.tw",
      "last_seen": "2025-10-30T03:57:30.434000"
    },
    {
      "subdomain": "galaxy.lens.csie",
      "type": "CNAME",
      "options": {
        "ttl": 300
      },
      "value": "lens.csie.ncku.edu.tw",
      "last_seen": "2025-10-30T03:57:30.888000"
    },
    {
      "subdomain": "gbxms.hosp",
      "type": "CNAME",
      "options": {
        "ttl": 3600
      },
      "value": "xms.hosp.ncku.edu.tw",
      "last_seen": "2025-10-30T03:57:30.943000"
    },
    {
      "subdomain": "gcb.cc",
      "type": "CNAME",
      "options": {
        "ttl": 21600
      },
      "value": "ghs.googlehosted.com",
      "last_seen": "2025-10-30T03:57:30.910000"
    },
    {
      "subdomain": "gec2018.twisc",
      "type": "CNAME",
      "options": {
        "ttl": 1
      },
      "value": "ghs.googlehosted.com",
      "last_seen": "2025-10-30T03:57:30.826000"
    },
    {
      "subdomain": "gec2019.twisc",
      "type": "CNAME",
      "options": {
        "ttl": 1
      },
      "value": "ghs.googlehosted.com",
      "last_seen": "2025-10-30T03:57:31.188000"
    },
    {
      "subdomain": "gec2020.twisc",
      "type": "CNAME",
      "options": {
        "ttl": 1
      },
      "value": "ghs.googlehosted.com",
      "last_seen": "2025-10-30T03:57:30.517000"
    },
    {
      "subdomain": "gec2021.twisc",
      "type": "CNAME",
      "options": {
        "ttl": 1
      },
      "value": "ghs.googlehosted.com",
      "last_seen": "2025-10-30T03:57:34.392000"
    },
    {
      "subdomain": "gec2022.twisc",
      "type": "CNAME",
      "options": {
        "ttl": 1
      },
      "value": "ghs.googlehosted.com",
      "last_seen": "2025-10-30T03:57:30.719000"
    },
    {
      "subdomain": "gec2023.twisc",
      "type": "CNAME",
      "options": {
        "ttl": 1
      },
      "value": "ghs.googlehosted.com",
      "last_seen": "2025-10-30T03:57:31.867000"
    },
    {
      "subdomain": "genaff.cc",
      "type": "CNAME",
      "options": {
        "ttl": 86400
      },
      "value": "genaff.cc.ncku.com.tw",
      "last_seen": "2025-10-30T03:57:30.972000"
    },
    {
      "subdomain": "gender.web2",
      "type": "CNAME",
      "options": {
        "ttl": 21599
      },
      "value": "rpage.web2.ncku.edu.tw",
      "last_seen": "2025-10-30T03:57:30.608000"
    },
    {
      "subdomain": "genderequity.web2",
      "type": "CNAME",
      "options": {
        "ttl": 16963
      },
      "value": "rpage.web2.ncku.edu.tw",
      "last_seen": "2025-10-30T03:57:30.635000"
    },
    {
      "subdomain": "genetics.hosp",
      "type": "CNAME",
      "options": {
        "ttl": 3600
      },
      "value": "rpage.hosp.ncku.edu.tw",
      "last_seen": "2025-10-30T03:57:31.988000"
    },
    {
      "subdomain": "geodac.web2",
      "type": "CNAME",
      "options": {
        "ttl": 21599
      },
      "value": "rpage.web2.ncku.edu.tw",
      "last_seen": "2025-10-30T03:57:32.382000"
    },
    {
      "subdomain": "geoenv.thl",
      "type": "AAAA",
      "options": {
        "ttl": 3600
      },
      "value": "2001:288:7001:249::228",
      "last_seen": "2025-10-30T03:58:42.309000"
    },
    {
      "subdomain": "geoenv2020.thl",
      "type": "AAAA",
      "options": {
        "ttl": 3600
      },
      "value": "2001:288:7001:9800::3",
      "last_seen": "2025-10-30T03:58:52.230000"
    },
    {
      "subdomain": "giftedsh.web2",
      "type": "CNAME",
      "options": {
        "ttl": 21598
      },
      "value": "rpage.web2.ncku.edu.tw",
      "last_seen": "2025-10-30T03:57:34.621000"
    },
    {
      "subdomain": "git.lens.csie",
      "type": "CNAME",
      "options": {
        "ttl": 300
      },
      "value": "lens.csie.ncku.edu.tw",
      "last_seen": "2025-10-30T03:57:30.969000"
    },
    {
      "subdomain": "gloria.web2",
      "type": "CNAME",
      "options": {
        "ttl": 21600
      },
      "value": "rpage.web2.ncku.edu.tw",
      "last_seen": "2025-10-30T03:57:33.598000"
    },
    {
      "subdomain": "gmrc.web2",
      "type": "CNAME",
      "options": {
        "ttl": 21600
      },
      "value": "rpage.web2.ncku.edu.tw",
      "last_seen": "2025-10-30T03:57:31.909000"
    },
    {
      "subdomain": "grad-dept",
      "type": "CNAME",
      "options": {
        "ttl": 86400
      },
      "value": "grad-dept.ncku.com.tw",
      "last_seen": "2025-10-30T03:57:30.722000"
    },
    {
      "subdomain": "grade.acad",
      "type": "CNAME",
      "options": {
        "ttl": 21600
      },
      "value": "grade.acad.ncku.com.tw",
      "last_seen": "2025-10-30T03:57:30.702000"
    },
    {
      "subdomain": "grafana.lens.csie",
      "type": "CNAME",
      "options": {
        "ttl": 298
      },
      "value": "lens.csie.ncku.edu.tw",
      "last_seen": "2025-10-30T03:57:33.454000"
    },
    {
      "subdomain": "greenways.web2",
      "type": "CNAME",
      "options": {
        "ttl": 21600
      },
      "value": "rpage.web2.ncku.edu.tw",
      "last_seen": "2025-10-30T03:57:31.529000"
    },
    {
      "subdomain": "gsc.web2",
      "type": "CNAME",
      "options": {
        "ttl": 21600
      },
      "value": "rpage.web2.ncku.edu.tw",
      "last_seen": "2025-10-30T03:57:31.255000"
    },
    {
      "subdomain": "gsroc.phys",
      "type": "CNAME",
      "options": {
        "ttl": 21600
      },
      "value": "energy.phys.ncku.edu.tw",
      "last_seen": "2025-10-30T03:57:34.593000"
    },
    {
      "subdomain": "gsuite.geomatics",
      "type": "CNAME",
      "options": {
        "ttl": 3600
      },
      "value": "ghs.googlehosted.com",
      "last_seen": "2025-10-30T03:57:30.195000"
    },
    {
      "subdomain": "healthcenter.epsh",
      "type": "CNAME",
      "options": {
        "ttl": 21600
      },
      "value": "healthcenter.epsh.ncku.com.tw",
      "last_seen": "2025-10-30T03:57:30.818000"
    },
    {
      "subdomain": "healthcenter.osa",
      "type": "CNAME",
      "options": {
        "ttl": 21600
      },
      "value": "healthcenter.osa.ncku.com.tw",
      "last_seen": "2025-10-30T03:57:34.342000"
    },
    {
      "subdomain": "healthlectures.hosp",
      "type": "CNAME",
      "options": {
        "ttl": 3600
      },
      "value": "rpage.hosp.ncku.edu.tw",
      "last_seen": "2025-10-30T03:57:31.535000"
    },
    {
      "subdomain": "hepatology.web2",
      "type": "CNAME",
      "options": {
        "ttl": 21600
      },
      "value": "rpage.web2.ncku.edu.tw",
      "last_seen": "2025-10-30T03:57:30.887000"
    },
    {
      "subdomain": "hesp.osa",
      "type": "CNAME",
      "options": {
        "ttl": 21598
      },
      "value": "hesp.osa.ncku.com.tw",
      "last_seen": "2025-10-30T03:57:34.982000"
    },
    {
      "subdomain": "higemconference.web2",
      "type": "CNAME",
      "options": {
        "ttl": 21599
      },
      "value": "rpage.web2.ncku.edu.tw",
      "last_seen": "2025-10-30T03:57:30.411000"
    },
    {
      "subdomain": "highlights",
      "type": "CNAME",
      "options": {
        "ttl": 21600
      },
      "value": "pointing.wixdns.net",
      "last_seen": "2025-10-30T03:57:30.524000"
    },
    {
      "subdomain": "hospmatl.hosp",
      "type": "CNAME",
      "options": {
        "ttl": 3599
      },
      "value": "rpage.hosp.ncku.edu.tw",
      "last_seen": "2025-10-30T03:57:30.517000"
    },
    {
      "subdomain": "hrpc01.hosp",
      "type": "CNAME",
      "options": {
        "ttl": 3599
      },
      "value": "rpage.hosp.ncku.edu.tw",
      "last_seen": "2025-10-30T03:57:33.160000"
    },
    {
      "subdomain": "hsadv.web2",
      "type": "CNAME",
      "options": {
        "ttl": 299
      },
      "value": "epage.web2.ncku.edu.tw",
      "last_seen": "2025-10-30T03:57:33.875000"
    },
    {
      "subdomain": "hsdipo.web2",
      "type": "CNAME",
      "options": {
        "ttl": 21600
      },
      "value": "rpage.web2.ncku.edu.tw",
      "last_seen": "2025-10-30T03:57:30.525000"
    },
    {
      "subdomain": "idppoct.web2",
      "type": "CNAME",
      "options": {
        "ttl": 21599
      },
      "value": "rpage.web2.ncku.edu.tw",
      "last_seen": "2025-10-30T03:57:30.504000"
    },
    {
      "subdomain": "igem",
      "type": "CNAME",
      "options": {
        "ttl": 21600
      },
      "value": "igem-ncku-tainai.github.io",
      "last_seen": "2025-10-30T03:57:30.585000"
    },
    {
      "subdomain": "iit2016.web2",
      "type": "CNAME",
      "options": {
        "ttl": 299
      },
      "value": "epage.web2.ncku.edu.tw",
      "last_seen": "2025-10-30T03:57:31.529000"
    },
    {
      "subdomain": "image.csie",
      "type": "CNAME",
      "options": {
        "ttl": 3599
      },
      "value": "vision.csie.ncku.edu.tw",
      "last_seen": "2025-10-30T03:57:30.492000"
    },
    {
      "subdomain": "imdr.hosp",
      "type": "CNAME",
      "options": {
        "ttl": 3600
      },
      "value": "rpage.hosp.ncku.edu.tw",
      "last_seen": "2025-10-30T03:57:30.658000"
    },
    {
      "subdomain": "ime.ee",
      "type": "CNAME",
      "options": {
        "ttl": 60
      },
      "value": "www.ee.ncku.edu.tw",
      "last_seen": "2025-10-30T03:57:32.954000"
    },
    {
      "subdomain": "income.acco",
      "type": "CNAME",
      "options": {
        "ttl": 21600
      },
      "value": "income.acco.ncku.com.tw",
      "last_seen": "2025-10-30T03:57:30.710000"
    },
    {
      "subdomain": "inter.hosp",
      "type": "CNAME",
      "options": {
        "ttl": 3600
      },
      "value": "rpage.hosp.ncku.edu.tw",
      "last_seen": "2025-10-30T03:57:31.510000"
    },
    {
      "subdomain": "internship.cid-acad",
      "type": "CNAME",
      "options": {
        "ttl": 21599
      },
      "value": "internship.cid-acad.ncku.com.tw",
      "last_seen": "2025-10-30T03:57:33.876000"
    },
    {
      "subdomain": "interv-med.hosp",
      "type": "CNAME",
      "options": {
        "ttl": 3600
      },
      "value": "rpage.hosp.ncku.edu.tw",
      "last_seen": "2025-10-30T03:57:30.837000"
    },
    {
      "subdomain": "invisiblearmada",
      "type": "CNAME",
      "options": {
        "ttl": 21600
      },
      "value": "ghs.googlehosted.com",
      "last_seen": "2025-10-30T03:57:30.916000"
    },
    {
      "subdomain": "ipam.testbed",
      "type": "AAAA",
      "options": {
        "ttl": 60
      },
      "value": "2001:e10:4000:6e::19",
      "last_seen": "2025-10-30T03:58:45.134000"
    },
    {
      "subdomain": "ipsi.mse",
      "type": "CNAME",
      "options": {
        "ttl": 21600
      },
      "value": "pointing.wixdns.net",
      "last_seen": "2025-10-30T03:57:30.383000"
    },
    {
      "subdomain": "ir.cc",
      "type": "CNAME",
      "options": {
        "ttl": 21600
      },
      "value": "ir.cc.ncku.com.tw",
      "last_seen": "2025-10-30T03:57:30.709000"
    },
    {
      "subdomain": "irb.hosp",
      "type": "CNAME",
      "options": {
        "ttl": 3600
      },
      "value": "rpage.hosp.ncku.edu.tw",
      "last_seen": "2025-10-30T03:57:31.947000"
    },
    {
      "subdomain": "ircm.web2",
      "type": "CNAME",
      "options": {
        "ttl": 21600
      },
      "value": "rpage.web2.ncku.edu.tw",
      "last_seen": "2025-10-30T03:57:30.637000"
    },
    {
      "subdomain": "ismat.web2",
      "type": "CNAME",
      "options": {
        "ttl": 86400
      },
      "value": "rpage.web2.ncku.edu.tw",
      "last_seen": "2025-10-30T03:57:31.682000"
    },
    {
      "subdomain": "ispald.web2",
      "type": "CNAME",
      "options": {
        "ttl": 21600
      },
      "value": "rpage.web2.ncku.edu.tw",
      "last_seen": "2025-10-30T03:57:31.295000"
    },
    {
      "subdomain": "isr.ord",
      "type": "CNAME",
      "options": {
        "ttl": 21600
      },
      "value": "ghs.googlehosted.com",
      "last_seen": "2025-10-30T03:57:32.042000"
    },
    {
      "subdomain": "isrc.web2",
      "type": "CNAME",
      "options": {
        "ttl": 12244
      },
      "value": "rpage.web2.ncku.edu.tw",
      "last_seen": "2025-10-30T03:57:31.052000"
    },
    {
      "subdomain": "itcom2024fall.twisc",
      "type": "CNAME",
      "options": {
        "ttl": 1
      },
      "value": "ghs.googlehosted.com",
      "last_seen": "2025-10-30T03:57:30.517000"
    },
    {
      "subdomain": "ivf.hosp",
      "type": "CNAME",
      "options": {
        "ttl": 3600
      },
      "value": "rpage.hosp.ncku.edu.tw",
      "last_seen": "2025-10-30T03:57:30.522000"
    },
    {
      "subdomain": "ivote",
      "type": "CNAME",
      "options": {
        "ttl": 21600
      },
      "value": "ivote.ncku.com.tw",
      "last_seen": "2025-10-30T03:57:30.867000"
    },
    {
      "subdomain": "jenyi.iim",
      "type": "CNAME",
      "options": {
        "ttl": 3599
      },
      "value": "ghs.googlehosted.com",
      "last_seen": "2025-10-30T03:57:33.088000"
    },
    {
      "subdomain": "jobfair.osa",
      "type": "CNAME",
      "options": {
        "ttl": 21599
      },
      "value": "jobfair.osa.ncku.com.tw",
      "last_seen": "2025-10-30T03:57:38.390000"
    },
    {
      "subdomain": "jointcenter.hosp",
      "type": "CNAME",
      "options": {
        "ttl": 3599
      },
      "value": "rpage.hosp.ncku.edu.tw",
      "last_seen": "2025-10-30T03:57:30.567000"
    },
    {
      "subdomain": "kkcc.ed",
      "type": "CNAME",
      "options": {
        "ttl": 21600
      },
      "value": "ghs.googlehosted.com",
      "last_seen": "2025-10-30T03:57:32.278000"
    },
    {
      "subdomain": "kla2024",
      "type": "CNAME",
      "options": {
        "ttl": 21600
      },
      "value": "ghs.googlehosted.com",
      "last_seen": "2025-10-30T03:57:30.096000"
    },
    {
      "subdomain": "kla2025",
      "type": "CNAME",
      "options": {
        "ttl": 21600
      },
      "value": "ghs.googlehosted.com",
      "last_seen": "2025-10-30T03:57:30.680000"
    },
    {
      "subdomain": "km.emotors",
      "type": "CNAME",
      "options": {
        "ttl": 3600
      },
      "value": "emtrcdns.twerp.tw",
      "last_seen": "2025-10-30T03:57:34.617000"
    },
    {
      "subdomain": "kpi.top",
      "type": "CNAME",
      "options": {
        "ttl": 21600
      },
      "value": "kpi.top.ncku.com.tw",
      "last_seen": "2025-10-30T03:57:30.978000"
    },
    {
      "subdomain": "kuap",
      "type": "CNAME",
      "options": {
        "ttl": 86400
      },
      "value": "kuap.ncku.com.tw",
      "last_seen": "2025-10-30T03:57:33.602000"
    },
    {
      "subdomain": "labor.hosp",
      "type": "CNAME",
      "options": {
        "ttl": 3600
      },
      "value": "rpage.hosp.ncku.edu.tw",
      "last_seen": "2025-10-30T03:57:34.628000"
    },
    {
      "subdomain": "leavesys",
      "type": "CNAME",
      "options": {
        "ttl": 86400
      },
      "value": "leavesys.ncku.com.tw",
      "last_seen": "2025-10-30T03:57:30.771000"
    },
    {
      "subdomain": "lens1.csie",
      "type": "CNAME",
      "options": {
        "ttl": 3600
      },
      "value": "lens.csie.ncku.edu.tw",
      "last_seen": "2025-10-30T03:57:32.246000"
    },
    {
      "subdomain": "lidar.web2",
      "type": "CNAME",
      "options": {
        "ttl": 21600
      },
      "value": "rpage.web2.ncku.edu.tw",
      "last_seen": "2025-10-30T03:57:30.797000"
    },
    {
      "subdomain": "lightrcv.ee",
      "type": "CNAME",
      "options": {
        "ttl": 60
      },
      "value": "zoro.ee.ncku.edu.tw",
      "last_seen": "2025-10-30T03:57:30.905000"
    },
    {
      "subdomain": "linebot.cc",
      "type": "CNAME",
      "options": {
        "ttl": 86399
      },
      "value": "linebot.cc.ncku.com.tw",
      "last_seen": "2025-10-30T03:57:33.368000"
    },
    {
      "subdomain": "local-lang-quiz.web2",
      "type": "CNAME",
      "options": {
        "ttl": 21600
      },
      "value": "rpage.web2.ncku.edu.tw",
      "last_seen": "2025-10-30T03:57:30.652000"
    },
    {
      "subdomain": "lrc.hosp",
      "type": "CNAME",
      "options": {
        "ttl": 3600
      },
      "value": "rpage.hosp.ncku.edu.tw",
      "last_seen": "2025-10-30T03:57:32.939000"
    },
    {
      "subdomain": "lyncdiscover",
      "type": "CNAME",
      "options": {
        "ttl": 3600
      },
      "value": "webdir.online.lync.com",
      "last_seen": "2025-10-30T03:57:30.831000"
    },
    {
      "subdomain": "magazine.web2",
      "type": "CNAME",
      "options": {
        "ttl": 21600
      },
      "value": "rpage.web2.ncku.edu.tw",
      "last_seen": "2025-10-30T03:57:33.930000"
    },
    {
      "subdomain": "mail.crypto.ee",
      "type": "CNAME",
      "options": {
        "ttl": 3600
      },
      "value": "ghs.google.com",
      "last_seen": "2025-10-30T03:57:32.497000"
    },
    {
      "subdomain": "mail.gs",
      "type": "CNAME",
      "options": {
        "ttl": 21600
      },
      "value": "ghs.googlehosted.com",
      "last_seen": "2025-10-30T03:57:30.518000"
    },
    {
      "subdomain": "mail.nckuhevtts.bme",
      "type": "CNAME",
      "options": {
        "ttl": 299
      },
      "value": "nckuhevtts.bme.ncku.edu.tw",
      "last_seen": "2025-10-30T03:57:34.094000"
    },
    {
      "subdomain": "mbcrc.web2",
      "type": "CNAME",
      "options": {
        "ttl": 21600
      },
      "value": "rpage.web2.ncku.edu.tw",
      "last_seen": "2025-10-30T03:57:30.523000"
    },
    {
      "subdomain": "mbi.ee",
      "type": "CNAME",
      "options": {
        "ttl": 60
      },
      "value": "zoro.ee.ncku.edu.tw",
      "last_seen": "2025-10-30T03:57:30.975000"
    },
    {
      "subdomain": "mdnews.web2",
      "type": "CNAME",
      "options": {
        "ttl": 3492
      },
      "value": "rpage.web2.ncku.edu.tw",
      "last_seen": "2025-10-30T03:57:32.291000"
    },
    {
      "subdomain": "medicalaffairs.hosp",
      "type": "CNAME",
      "options": {
        "ttl": 3600
      },
      "value": "rpage.hosp.ncku.edu.tw",
      "last_seen": "2025-10-30T03:57:30.755000"
    },
    {
      "subdomain": "medock.ee",
      "type": "CNAME",
      "options": {
        "ttl": 60
      },
      "value": "zoro.ee.ncku.edu.tw",
      "last_seen": "2025-10-30T03:57:30.702000"
    },
    {
      "subdomain": "meeting",
      "type": "CNAME",
      "options": {
        "ttl": 21600
      },
      "value": "meeting.ncku.com.tw",
      "last_seen": "2025-10-30T03:57:31.222000"
    },
    {
      "subdomain": "mic.web2",
      "type": "CNAME",
      "options": {
        "ttl": 21600
      },
      "value": "rpage.web2.ncku.edu.tw",
      "last_seen": "2025-10-30T03:57:30.605000"
    },
    {
      "subdomain": "mil.hyd",
      "type": "CNAME",
      "options": {
        "ttl": 21600
      },
      "value": "mil2.hyd.ncku.edu.tw",
      "last_seen": "2025-10-30T03:57:31.852000"
    },
    {
      "subdomain": "minyang.iim",
      "type": "CNAME",
      "options": {
        "ttl": 3600
      },
      "value": "ghs.googlehosted.com",
      "last_seen": "2025-10-30T03:57:30.523000"
    },
    {
      "subdomain": "mirror.ccns",
      "type": "CNAME",
      "options": {
        "ttl": 60
      },
      "value": "ccns.github.io",
      "last_seen": "2025-10-30T03:57:33.861000"
    },
    {
      "subdomain": "mis.osa",
      "type": "CNAME",
      "options": {
        "ttl": 21600
      },
      "value": "mis.osa.ncku.com.tw",
      "last_seen": "2025-10-30T03:57:30.826000"
    },
    {
      "subdomain": "mmlab.imis",
      "type": "CNAME",
      "options": {
        "ttl": 21600
      },
      "value": "ghs.googlehosted.com",
      "last_seen": "2025-10-30T03:57:30.143000"
    },
    {
      "subdomain": "mmnetlab.csie",
      "type": "AAAA",
      "options": {
        "ttl": 3600
      },
      "value": "2001:288:7001:2706::1",
      "last_seen": "2025-10-30T03:58:49.089000"
    },
    {
      "subdomain": "modular-course.web2",
      "type": "CNAME",
      "options": {
        "ttl": 21600
      },
      "value": "rpage.web2.ncku.edu.tw",
      "last_seen": "2025-10-30T03:57:32.499000"
    },
    {
      "subdomain": "moeisoc.web2",
      "type": "CNAME",
      "options": {
        "ttl": 21600
      },
      "value": "rpage.web2.ncku.edu.tw",
      "last_seen": "2025-10-30T03:57:32.453000"
    },
    {
      "subdomain": "mood.osa",
      "type": "CNAME",
      "options": {
        "ttl": 21600
      },
      "value": "mood.osa.ncku.com.tw",
      "last_seen": "2025-10-30T03:57:30.307000"
    },
    {
      "subdomain": "movement.ee",
      "type": "CNAME",
      "options": {
        "ttl": 59
      },
      "value": "merry.ee.ncku.edu.tw",
      "last_seen": "2025-10-30T03:57:34.044000"
    },
    {
      "subdomain": "mstrpc.web2",
      "type": "CNAME",
      "options": {
        "ttl": 86400
      },
      "value": "rpage.web2.ncku.edu.tw",
      "last_seen": "2025-10-30T03:57:31.056000"
    },
    {
      "subdomain": "mtcenter.web2",
      "type": "CNAME",
      "options": {
        "ttl": 15692
      },
      "value": "rpage.web2.ncku.edu.tw",
      "last_seen": "2025-10-30T03:57:30.874000"
    },
    {
      "subdomain": "mtrdc.web2",
      "type": "CNAME",
      "options": {
        "ttl": 21600
      },
      "value": "rpage.web2.ncku.edu.tw",
      "last_seen": "2025-10-30T03:57:31.850000"
    },
    {
      "subdomain": "nbk.acad",
      "type": "CNAME",
      "options": {
        "ttl": 21600
      },
      "value": "nbk.acad.ncku.com.tw",
      "last_seen": "2025-10-30T03:57:30.757000"
    },
    {
      "subdomain": "ncku3r.web2",
      "type": "CNAME",
      "options": {
        "ttl": 21600
      },
      "value": "rpage.web2.ncku.edu.tw",
      "last_seen": "2025-10-30T03:57:32.346000"
    },
    {
      "subdomain": "nckuapp.cc",
      "type": "CNAME",
      "options": {
        "ttl": 86400
      },
      "value": "nckuapp.cc.ncku.com.tw",
      "last_seen": "2025-10-30T03:57:33.451000"
    },
    {
      "subdomain": "nckucc32.cc",
      "type": "CNAME",
      "options": {
        "ttl": 21600
      },
      "value": "nckucc32.cc.ncku.com.tw",
      "last_seen": "2025-10-30T03:57:32.244000"
    },
    {
      "subdomain": "nckucss-ufo.web2",
      "type": "CNAME",
      "options": {
        "ttl": 86400
      },
      "value": "rpage.web2.ncku.edu.tw",
      "last_seen": "2025-10-30T03:57:30.744000"
    },
    {
      "subdomain": "nckudou6.hosp",
      "type": "CNAME",
      "options": {
        "ttl": 3600
      },
      "value": "rpage.hosp.ncku.edu.tw",
      "last_seen": "2025-10-30T03:57:33.018000"
    },
    {
      "subdomain": "nckuh-genetics.web2",
      "type": "CNAME",
      "options": {
        "ttl": 21600
      },
      "value": "rpage.web2.ncku.edu.tw",
      "last_seen": "2025-10-30T03:57:32.509000"
    },
    {
      "subdomain": "nckuh.hosp",
      "type": "CNAME",
      "options": {
        "ttl": 3600
      },
      "value": "rpage.hosp.ncku.edu.tw",
      "last_seen": "2025-10-30T03:57:32.266000"
    },
    {
      "subdomain": "nckuhccw.hosp",
      "type": "CNAME",
      "options": {
        "ttl": 3600
      },
      "value": "nckuhcancercenter.hosp.ncku.edu.tw",
      "last_seen": "2025-10-30T03:57:33.764000"
    },
    {
      "subdomain": "nckuhdc.hosp",
      "type": "CNAME",
      "options": {
        "ttl": 3600
      },
      "value": "rpage.hosp.ncku.edu.tw",
      "last_seen": "2025-10-30T03:57:33.204000"
    },
    {
      "subdomain": "nckuhdopa.hosp",
      "type": "CNAME",
      "options": {
        "ttl": 3600
      },
      "value": "rpage.hosp.ncku.edu.tw",
      "last_seen": "2025-10-30T03:57:30.844000"
    },
    {
      "subdomain": "nckuhoem.hosp",
      "type": "CNAME",
      "options": {
        "ttl": 3600
      },
      "value": "rpage.hosp.ncku.edu.tw",
      "last_seen": "2025-10-30T03:57:32.229000"
    },
    {
      "subdomain": "nckuhpharmacy.hosp",
      "type": "CNAME",
      "options": {
        "ttl": 3600
      },
      "value": "rpage.hosp.ncku.edu.tw",
      "last_seen": "2025-10-30T03:57:30.957000"
    },
    {
      "subdomain": "nckuhscc.hosp",
      "type": "CNAME",
      "options": {
        "ttl": 3600
      },
      "value": "rpage.hosp.ncku.edu.tw",
      "last_seen": "2025-10-30T03:57:34.721000"
    },
    {
      "subdomain": "nckujob.osa",
      "type": "CNAME",
      "options": {
        "ttl": 21600
      },
      "value": "nckujob.osa.ncku.com.tw",
      "last_seen": "2025-10-30T03:57:30.885000"
    },
    {
      "subdomain": "nckumap",
      "type": "CNAME",
      "options": {
        "ttl": 21600
      },
      "value": "nckumap.ncku.com.tw",
      "last_seen": "2025-10-30T03:57:30.371000"
    },
    {
      "subdomain": "nckusec.web2",
      "type": "CNAME",
      "options": {
        "ttl": 86400
      },
      "value": "rpage.web2.ncku.edu.tw",
      "last_seen": "2025-10-30T03:57:33.623000"
    },
    {
      "subdomain": "nckustory",
      "type": "CNAME",
      "options": {
        "ttl": 21599
      },
      "value": "nckustory.ncku.com.tw",
      "last_seen": "2025-10-30T03:57:32.647000"
    },
    {
      "subdomain": "nckuteacher.web2",
      "type": "CNAME",
      "options": {
        "ttl": 21600
      },
      "value": "rpage.web2.ncku.edu.tw",
      "last_seen": "2025-10-30T03:57:30.746000"
    },
    {
      "subdomain": "neuro.hosp",
      "type": "CNAME",
      "options": {
        "ttl": 3600
      },
      "value": "rpage.hosp.ncku.edu.tw",
      "last_seen": "2025-10-30T03:57:30.770000"
    },
    {
      "subdomain": "neuron.web2",
      "type": "CNAME",
      "options": {
        "ttl": 21600
      },
      "value": "rpage.web2.ncku.edu.tw",
      "last_seen": "2025-10-30T03:57:31.298000"
    },
    {
      "subdomain": "newsletter.hosp",
      "type": "CNAME",
      "options": {
        "ttl": 59
      },
      "value": "rpage.hosp.ncku.edu.tw",
      "last_seen": "2025-10-30T03:57:31.851000"
    },
    {
      "subdomain": "nf.mis",
      "type": "CNAME",
      "options": {
        "ttl": 21600
      },
      "value": "nf.mis.ncku.com.tw",
      "last_seen": "2025-10-30T03:57:30.851000"
    },
    {
      "subdomain": "nids.ee",
      "type": "AAAA",
      "options": {
        "ttl": 60
      },
      "value": "2001:288:7001:1040::10",
      "last_seen": "2025-10-30T03:58:50.547000"
    },
    {
      "subdomain": "nm.hosp",
      "type": "CNAME",
      "options": {
        "ttl": 3600
      },
      "value": "rpage.hosp.ncku.edu.tw",
      "last_seen": "2025-10-30T03:57:33.076000"
    },
    {
      "subdomain": "noc.cc",
      "type": "CNAME",
      "options": {
        "ttl": 21600
      },
      "value": "ghs.googlehosted.com",
      "last_seen": "2025-10-30T03:57:30.476000"
    },
    {
      "subdomain": "noc.ee",
      "type": "AAAA",
      "options": {
        "ttl": 60
      },
      "value": "2001:288:7001:1040::5",
      "last_seen": "2025-10-30T03:58:47.492000"
    },
    {
      "subdomain": "novascholarship.web2",
      "type": "CNAME",
      "options": {
        "ttl": 21600
      },
      "value": "rpage.web2.ncku.edu.tw",
      "last_seen": "2025-10-30T03:57:33.546000"
    },
    {
      "subdomain": "ns.caslab.ee",
      "type": "AAAA",
      "options": {
        "ttl": 21600
      },
      "value": "2001:288:7001:1062::4",
      "last_seen": "2025-10-30T03:58:48.973000"
    },
    {
      "subdomain": "ns1.ccns",
      "type": "AAAA",
      "options": {
        "ttl": 60
      },
      "value": "2001:288:7001:249::138",
      "last_seen": "2025-10-30T03:58:49.921000"
    },
    {
      "subdomain": "ns1.lens.csie",
      "type": "AAAA",
      "options": {
        "ttl": 21600
      },
      "value": "2001:288:7001:2717::1",
      "last_seen": "2025-10-30T03:58:46.047000"
    },
    {
      "subdomain": "ns2.ccns",
      "type": "AAAA",
      "options": {
        "ttl": 60
      },
      "value": "2001:288:7001:10e7::145",
      "last_seen": "2025-10-30T03:58:50.352000"
    },
    {
      "subdomain": "nutr.hosp",
      "type": "CNAME",
      "options": {
        "ttl": 3600
      },
      "value": "rpage.hosp.ncku.edu.tw",
      "last_seen": "2025-10-30T03:57:32.227000"
    },
    {
      "subdomain": "nymcec.web2",
      "type": "CNAME",
      "options": {
        "ttl": 21600
      },
      "value": "rpage.web2.ncku.edu.tw",
      "last_seen": "2025-10-30T03:57:30.848000"
    },
    {
      "subdomain": "nzl.ais2m",
      "type": "CNAME",
      "options": {
        "ttl": 21600
      },
      "value": "cdn.webflow.com",
      "last_seen": "2025-10-30T03:57:30.293000"
    },
    {
      "subdomain": "oai.web2",
      "type": "CNAME",
      "options": {
        "ttl": 17928
      },
      "value": "rpage.web2.ncku.edu.tw",
      "last_seen": "2025-10-30T03:57:31.463000"
    },
    {
      "subdomain": "odf",
      "type": "CNAME",
      "options": {
        "ttl": 21600
      },
      "value": "odf.ncku.com.tw",
      "last_seen": "2025-10-30T03:57:30.771000"
    },
    {
      "subdomain": "old.phys",
      "type": "CNAME",
      "options": {
        "ttl": 21599
      },
      "value": "energy.phys.ncku.edu.tw",
      "last_seen": "2025-10-30T03:57:35.312000"
    },
    {
      "subdomain": "oncology.hosp",
      "type": "CNAME",
      "options": {
        "ttl": 3600
      },
      "value": "rpage.hosp.ncku.edu.tw",
      "last_seen": "2025-10-30T03:57:33.947000"
    },
    {
      "subdomain": "opd.hosp",
      "type": "CNAME",
      "options": {
        "ttl": 3600
      },
      "value": "rpage.hosp.ncku.edu.tw",
      "last_seen": "2025-10-30T03:57:31.521000"
    },
    {
      "subdomain": "ophth.hosp",
      "type": "CNAME",
      "options": {
        "ttl": 3600
      },
      "value": "rpage.hosp.ncku.edu.tw",
      "last_seen": "2025-10-30T03:57:30.778000"
    },
    {
      "subdomain": "oralhealth.nursing",
      "type": "CNAME",
      "options": {
        "ttl": 21600
      },
      "value": "www135.wixdns.net",
      "last_seen": "2025-10-30T03:57:32.582000"
    },
    {
      "subdomain": "ordb",
      "type": "CNAME",
      "options": {
        "ttl": 86400
      },
      "value": "ordb.ncku.com.tw",
      "last_seen": "2025-10-30T03:57:34.221000"
    },
    {
      "subdomain": "ortho.hosp",
      "type": "CNAME",
      "options": {
        "ttl": 3600
      },
      "value": "rpage.hosp.ncku.edu.tw",
      "last_seen": "2025-10-30T03:57:30.781000"
    },
    {
      "subdomain": "oshmr.web2",
      "type": "CNAME",
      "options": {
        "ttl": 21600
      },
      "value": "rpage.web2.ncku.edu.tw",
      "last_seen": "2025-10-30T03:57:30.966000"
    },
    {
      "subdomain": "oskp.web2",
      "type": "CNAME",
      "options": {
        "ttl": 86400
      },
      "value": "rpage.web2.ncku.edu.tw",
      "last_seen": "2025-10-30T03:57:32.144000"
    },
    {
      "subdomain": "outdoor-edu.web2",
      "type": "CNAME",
      "options": {
        "ttl": 21600
      },
      "value": "rpage.web2.ncku.edu.tw",
      "last_seen": "2025-10-30T03:57:30.514000"
    },
    {
      "subdomain": "outline.aislab.ee",
      "type": "A",
      "options": {
        "ttl": 21600
      },
      "value": "140.116.178.170",
      "last_seen": "2025-10-30T03:57:32.284000"
    },
    {
      "subdomain": "outlinebackuptest.aislab.ee",
      "type": "A",
      "options": {
        "ttl": 86400
      },
      "value": "140.116.178.170",
      "last_seen": "2025-10-30T03:57:30.659000"
    },
    {
      "subdomain": "overleaf.aislab.ee",
      "type": "A",
      "options": {
        "ttl": 21600
      },
      "value": "140.116.178.170",
      "last_seen": "2025-10-30T03:57:30.772000"
    },
    {
      "subdomain": "overleaf.screamcello.csie",
      "type": "A",
      "options": {
        "ttl": 3600
      },
      "value": "140.116.82.229",
      "last_seen": "2025-10-30T03:57:30.770000"
    },
    {
      "subdomain": "overseas-oia",
      "type": "A",
      "options": {
        "ttl": 21600
      },
      "value": "140.116.248.21",
      "last_seen": "2025-10-30T03:57:32.187000"
    },
    {
      "subdomain": "overseas.oia",
      "type": "A",
      "options": {
        "ttl": 21600
      },
      "value": "140.116.248.21",
      "last_seen": "2025-10-30T03:57:32.141000"
    },
    {
      "subdomain": "overseashubs",
      "type": "CNAME",
      "options": {
        "ttl": 21600
      },
      "value": "overseashubs.ncku.com.tw",
      "last_seen": "2025-10-30T03:57:30.254000"
    },
    {
      "subdomain": "paganini.ee",
      "type": "A",
      "options": {
        "ttl": 60
      },
      "value": "140.116.72.154",
      "last_seen": "2025-10-30T03:57:30.521000"
    },
    {
      "subdomain": "pages.aislab.ee",
      "type": "A",
      "options": {
        "ttl": 21600
      },
      "value": "140.116.178.170",
      "last_seen": "2025-10-30T03:57:33.696000"
    },
    {
      "subdomain": "pages.course.aislab.ee",
      "type": "A",
      "options": {
        "ttl": 21600
      },
      "value": "140.116.178.171",
      "last_seen": "2025-10-30T03:57:32.752000"
    },
    {
      "subdomain": "pages.test.course.aislab.ee",
      "type": "A",
      "options": {
        "ttl": 21600
      },
      "value": "140.116.178.171",
      "last_seen": "2025-10-30T03:57:30.388000"
    },
    {
      "subdomain": "pamir.phys",
      "type": "A",
      "options": {
        "ttl": 21600
      },
      "value": "140.116.91.84",
      "last_seen": "2025-10-30T03:57:33.958000"
    },
    {
      "subdomain": "parade.arch",
      "type": "A",
      "options": {
        "ttl": 21600
      },
      "value": "140.116.37.57",
      "last_seen": "2025-10-30T03:57:30.311000"
    },
    {
      "subdomain": "parasite-med",
      "type": "A",
      "options": {
        "ttl": 21600
      },
      "value": "140.116.248.21",
      "last_seen": "2025-10-30T03:57:30.428000"
    },
    {
      "subdomain": "parserval.ee",
      "type": "A",
      "options": {
        "ttl": 60
      },
      "value": "140.116.216.122",
      "last_seen": "2025-10-30T03:57:33.834000"
    },
    {
      "subdomain": "path-med",
      "type": "A",
      "options": {
        "ttl": 15691
      },
      "value": "140.116.248.21",
      "last_seen": "2025-10-30T03:57:33.243000"
    },
    {
      "subdomain": "pay.ufo",
      "type": "CNAME",
      "options": {
        "ttl": 86400
      },
      "value": "pay.ufo.ncku.com.tw",
      "last_seen": "2025-10-30T03:57:30.448000"
    },
    {
      "subdomain": "pbrc.web2",
      "type": "CNAME",
      "options": {
        "ttl": 21600
      },
      "value": "rpage.web2.ncku.edu.tw",
      "last_seen": "2025-10-30T03:57:30.783000"
    },
    {
      "subdomain": "pc00.test",
      "type": "A",
      "options": {
        "ttl": 21600
      },
      "value": "140.116.7.129",
      "last_seen": "2025-10-30T03:57:34.267000"
    },
    {
      "subdomain": "pc01.test",
      "type": "A",
      "options": {
        "ttl": 21600
      },
      "value": "140.116.7.130",
      "last_seen": "2025-10-30T03:57:32.514000"
    },
    {
      "subdomain": "pc02.test",
      "type": "A",
      "options": {
        "ttl": 21600
      },
      "value": "140.116.7.131",
      "last_seen": "2025-10-30T03:57:30.611000"
    },
    {
      "subdomain": "pc04.test",
      "type": "A",
      "options": {
        "ttl": 21600
      },
      "value": "140.116.7.133",
      "last_seen": "2025-10-30T03:57:30.122000"
    },
    {
      "subdomain": "pc05.test",
      "type": "A",
      "options": {
        "ttl": 86400
      },
      "value": "140.116.7.134",
      "last_seen": "2025-10-30T03:57:32.023000"
    },
    {
      "subdomain": "pc06.test",
      "type": "A",
      "options": {
        "ttl": 21600
      },
      "value": "140.116.7.135",
      "last_seen": "2025-10-30T03:57:30.236000"
    },
    {
      "subdomain": "pc07.test",
      "type": "A",
      "options": {
        "ttl": 21600
      },
      "value": "140.116.7.136",
      "last_seen": "2025-10-30T03:57:30.111000"
    },
    {
      "subdomain": "pc08.test",
      "type": "A",
      "options": {
        "ttl": 21600
      },
      "value": "140.116.7.137",
      "last_seen": "2025-10-30T03:57:32.260000"
    },
    {
      "subdomain": "pc09.test",
      "type": "A",
      "options": {
        "ttl": 21600
      },
      "value": "140.116.7.138",
      "last_seen": "2025-10-30T03:57:30.774000"
    },
    {
      "subdomain": "pc10.test",
      "type": "A",
      "options": {
        "ttl": 21600
      },
      "value": "140.116.7.139",
      "last_seen": "2025-10-30T03:57:30.720000"
    },
    {
      "subdomain": "pc11.test",
      "type": "A",
      "options": {
        "ttl": 21600
      },
      "value": "140.116.7.140",
      "last_seen": "2025-10-30T03:57:30.622000"
    },
    {
      "subdomain": "pc12.test",
      "type": "A",
      "options": {
        "ttl": 21600
      },
      "value": "140.116.7.141",
      "last_seen": "2025-10-30T03:57:31.036000"
    },
    {
      "subdomain": "pc13.test",
      "type": "A",
      "options": {
        "ttl": 21600
      },
      "value": "140.116.7.142",
      "last_seen": "2025-10-30T03:57:30.159000"
    },
    {
      "subdomain": "pc14.test",
      "type": "A",
      "options": {
        "ttl": 86400
      },
      "value": "140.116.7.143",
      "last_seen": "2025-10-30T03:57:30.706000"
    },
    {
      "subdomain": "pc15.test",
      "type": "A",
      "options": {
        "ttl": 21600
      },
      "value": "140.116.7.144",
      "last_seen": "2025-10-30T03:57:30.589000"
    },
    {
      "subdomain": "pc16.test",
      "type": "A",
      "options": {
        "ttl": 21600
      },
      "value": "140.116.7.145",
      "last_seen": "2025-10-30T03:57:30.778000"
    },
    {
      "subdomain": "pc17.test",
      "type": "A",
      "options": {
        "ttl": 21600
      },
      "value": "140.116.7.146",
      "last_seen": "2025-10-30T03:57:34.664000"
    },
    {
      "subdomain": "pc18.test",
      "type": "A",
      "options": {
        "ttl": 21600
      },
      "value": "140.116.7.147",
      "last_seen": "2025-10-30T03:57:30.188000"
    },
    {
      "subdomain": "pc20.test",
      "type": "A",
      "options": {
        "ttl": 21599
      },
      "value": "140.116.7.149",
      "last_seen": "2025-10-30T03:57:33.279000"
    },
    {
      "subdomain": "pc21.test",
      "type": "A",
      "options": {
        "ttl": 21600
      },
      "value": "140.116.7.150",
      "last_seen": "2025-10-30T03:57:30.187000"
    },
    {
      "subdomain": "pc22.test",
      "type": "A",
      "options": {
        "ttl": 21600
      },
      "value": "140.116.7.151",
      "last_seen": "2025-10-30T03:57:30.776000"
    },
    {
      "subdomain": "pc23.test",
      "type": "A",
      "options": {
        "ttl": 21600
      },
      "value": "140.116.7.152",
      "last_seen": "2025-10-30T03:57:30.158000"
    },
    {
      "subdomain": "pc24.test",
      "type": "A",
      "options": {
        "ttl": 21600
      },
      "value": "140.116.7.153",
      "last_seen": "2025-10-30T03:57:30.805000"
    },
    {
      "subdomain": "pc26.test",
      "type": "A",
      "options": {
        "ttl": 21600
      },
      "value": "140.116.7.155",
      "last_seen": "2025-10-30T03:57:30.779000"
    },
    {
      "subdomain": "pc27.test",
      "type": "A",
      "options": {
        "ttl": 21600
      },
      "value": "140.116.7.156",
      "last_seen": "2025-10-30T03:57:33.999000"
    },
    {
      "subdomain": "pc30.test",
      "type": "A",
      "options": {
        "ttl": 21600
      },
      "value": "140.116.7.159",
      "last_seen": "2025-10-30T03:57:34.232000"
    },
    {
      "subdomain": "pc31.test",
      "type": "A",
      "options": {
        "ttl": 21600
      },
      "value": "140.116.7.160",
      "last_seen": "2025-10-30T03:57:30.779000"
    },
    {
      "subdomain": "pc32.test",
      "type": "A",
      "options": {
        "ttl": 21600
      },
      "value": "140.116.7.161",
      "last_seen": "2025-10-30T03:57:31.519000"
    },
    {
      "subdomain": "pc33.test",
      "type": "A",
      "options": {
        "ttl": 21600
      },
      "value": "140.116.7.162",
      "last_seen": "2025-10-30T03:57:30.642000"
    },
    {
      "subdomain": "pc34.test",
      "type": "A",
      "options": {
        "ttl": 21600
      },
      "value": "140.116.7.163",
      "last_seen": "2025-10-30T03:57:32.353000"
    },
    {
      "subdomain": "pc35.test",
      "type": "A",
      "options": {
        "ttl": 21600
      },
      "value": "140.116.7.164",
      "last_seen": "2025-10-30T03:57:30.144000"
    },
    {
      "subdomain": "pc36.test",
      "type": "A",
      "options": {
        "ttl": 21600
      },
      "value": "140.116.7.165",
      "last_seen": "2025-10-30T03:57:30.613000"
    },
    {
      "subdomain": "pc37.test",
      "type": "A",
      "options": {
        "ttl": 21600
      },
      "value": "140.116.7.166",
      "last_seen": "2025-10-30T03:57:30.376000"
    },
    {
      "subdomain": "pc38.test",
      "type": "A",
      "options": {
        "ttl": 21600
      },
      "value": "140.116.7.167",
      "last_seen": "2025-10-30T03:57:31.843000"
    },
    {
      "subdomain": "pc39.test",
      "type": "A",
      "options": {
        "ttl": 21600
      },
      "value": "140.116.7.168",
      "last_seen": "2025-10-30T03:57:31.307000"
    },
    {
      "subdomain": "pc40.test",
      "type": "A",
      "options": {
        "ttl": 21600
      },
      "value": "140.116.7.169",
      "last_seen": "2025-10-30T03:57:30.261000"
    },
    {
      "subdomain": "pc510.ev",
      "type": "A",
      "options": {
        "ttl": 21600
      },
      "value": "140.116.44.179",
      "last_seen": "2025-10-30T03:57:31.895000"
    },
    {
      "subdomain": "pcbase.itps",
      "type": "A",
      "options": {
        "ttl": 21029
      },
      "value": "140.116.56.84",
      "last_seen": "2025-10-30T03:57:30.632000"
    },
    {
      "subdomain": "pcn21.ee",
      "type": "A",
      "options": {
        "ttl": 60
      },
      "value": "140.116.163.251",
      "last_seen": "2025-10-30T03:57:30.873000"
    },
    {
      "subdomain": "pcn7.ee",
      "type": "A",
      "options": {
        "ttl": 60
      },
      "value": "140.116.163.237",
      "last_seen": "2025-10-30T03:57:36.959000"
    },
    {
      "subdomain": "pcn9.ee",
      "type": "A",
      "options": {
        "ttl": 60
      },
      "value": "140.116.163.239",
      "last_seen": "2025-10-30T03:57:30.651000"
    },
    {
      "subdomain": "pcrc.web2",
      "type": "CNAME",
      "options": {
        "ttl": 21600
      },
      "value": "rpage.web2.ncku.edu.tw",
      "last_seen": "2025-10-30T03:57:31.169000"
    },
    {
      "subdomain": "pcroom.ee",
      "type": "A",
      "options": {
        "ttl": 60
      },
      "value": "140.116.49.120",
      "last_seen": "2025-10-30T03:57:30.806000"
    },
    {
      "subdomain": "pctc.csie",
      "type": "A",
      "options": {
        "ttl": 3600
      },
      "value": "140.116.82.132",
      "last_seen": "2025-10-30T03:57:30.521000"
    },
    {
      "subdomain": "pd2-hw3.netdb.csie",
      "type": "A",
      "options": {
        "ttl": 3600
      },
      "value": "140.116.247.125",
      "last_seen": "2025-10-30T03:57:33.693000"
    },
    {
      "subdomain": "pd2.netdb.csie",
      "type": "A",
      "options": {
        "ttl": 3600
      },
      "value": "140.116.247.117",
      "last_seen": "2025-10-30T03:57:33.109000"
    },
    {
      "subdomain": "pd2hw3.netdb.csie",
      "type": "A",
      "options": {
        "ttl": 3599
      },
      "value": "140.116.247.125",
      "last_seen": "2025-10-30T03:57:30.609000"
    },
    {
      "subdomain": "pe-acad",
      "type": "A",
      "options": {
        "ttl": 86400
      },
      "value": "140.116.248.21",
      "last_seen": "2025-10-30T03:57:32.285000"
    },
    {
      "subdomain": "pe.acad",
      "type": "A",
      "options": {
        "ttl": 21600
      },
      "value": "140.116.248.21",
      "last_seen": "2025-10-30T03:57:30.437000"
    },
    {
      "subdomain": "ped",
      "type": "A",
      "options": {
        "ttl": 21600
      },
      "value": "140.116.248.21",
      "last_seen": "2025-10-30T03:57:32.357000"
    },
    {
      "subdomain": "peddr.hosp",
      "type": "CNAME",
      "options": {
        "ttl": 3600
      },
      "value": "rpage.hosp.ncku.edu.tw",
      "last_seen": "2025-10-30T03:57:31.087000"
    },
    {
      "subdomain": "peexposure.researchvismap",
      "type": "A",
      "options": {
        "ttl": 86400
      },
      "value": "140.116.249.46",
      "last_seen": "2025-10-30T03:57:31.205000"
    },
    {
      "subdomain": "pehl",
      "type": "A",
      "options": {
        "ttl": 21600
      },
      "value": "140.116.248.21",
      "last_seen": "2025-10-30T03:57:30.619000"
    },
    {
      "subdomain": "peilab.publichealth",
      "type": "CNAME",
      "options": {
        "ttl": 21600
      },
      "value": "ghs.googlehosted.com",
      "last_seen": "2025-10-30T03:57:30.300000"
    },
    {
      "subdomain": "penguin.phys",
      "type": "A",
      "options": {
        "ttl": 21600
      },
      "value": "140.116.91.3",
      "last_seen": "2025-10-30T03:57:30.646000"
    },
    {
      "subdomain": "pep.web2",
      "type": "CNAME",
      "options": {
        "ttl": 21600
      },
      "value": "rpage.web2.ncku.edu.tw",
      "last_seen": "2025-10-30T03:57:31.831000"
    },
    {
      "subdomain": "pers",
      "type": "A",
      "options": {
        "ttl": 86400
      },
      "value": "140.116.248.21",
      "last_seen": "2025-10-30T03:57:32.185000"
    },
    {
      "subdomain": "personnel.hosp",
      "type": "CNAME",
      "options": {
        "ttl": 3600
      },
      "value": "rpage.hosp.ncku.edu.tw",
      "last_seen": "2025-10-30T03:57:30.654000"
    },
    {
      "subdomain": "pgr.itps",
      "type": "A",
      "options": {
        "ttl": 21600
      },
      "value": "140.116.56.84",
      "last_seen": "2025-10-30T03:57:31.532000"
    },
    {
      "subdomain": "ph-med",
      "type": "A",
      "options": {
        "ttl": 21600
      },
      "value": "140.116.248.21",
      "last_seen": "2025-10-30T03:57:30.516000"
    },
    {
      "subdomain": "pharma",
      "type": "A",
      "options": {
        "ttl": 21600
      },
      "value": "140.116.60.145",
      "last_seen": "2025-10-30T03:57:33.694000"
    },
    {
      "subdomain": "pharmacy",
      "type": "A",
      "options": {
        "ttl": 21600
      },
      "value": "140.116.248.21",
      "last_seen": "2025-10-30T03:57:31.535000"
    },
    {
      "subdomain": "phdojt-ncku.web2",
      "type": "CNAME",
      "options": {
        "ttl": 21600
      },
      "value": "rpage.web2.ncku.edu.tw",
      "last_seen": "2025-10-30T03:57:33.316000"
    },
    {
      "subdomain": "phpldapadmin.aislab.ee",
      "type": "A",
      "options": {
        "ttl": 21600
      },
      "value": "140.116.178.170",
      "last_seen": "2025-10-30T03:57:30.785000"
    },
    {
      "subdomain": "phpldapadmin.course.aislab.ee",
      "type": "A",
      "options": {
        "ttl": 21600
      },
      "value": "140.116.178.171",
      "last_seen": "2025-10-30T03:57:32.183000"
    },
    {
      "subdomain": "phpldapadmin.test.course.aislab.ee",
      "type": "A",
      "options": {
        "ttl": 21600
      },
      "value": "140.116.178.171",
      "last_seen": "2025-10-30T03:57:36.013000"
    },
    {
      "subdomain": "phpsolarcell.researchvismap",
      "type": "A",
      "options": {
        "ttl": 21600
      },
      "value": "140.116.249.46",
      "last_seen": "2025-10-30T03:57:30.941000"
    },
    {
      "subdomain": "phys",
      "type": "A",
      "options": {
        "ttl": 15692
      },
      "value": "103.136.60.101",
      "last_seen": "2025-10-30T03:57:30.512000"
    },
    {
      "subdomain": "phys-med",
      "type": "A",
      "options": {
        "ttl": 21600
      },
      "value": "140.116.248.21",
      "last_seen": "2025-10-30T03:57:30.785000"
    },
    {
      "subdomain": "pims",
      "type": "A",
      "options": {
        "ttl": 21600
      },
      "value": "140.116.241.30",
      "last_seen": "2025-10-30T03:57:30.847000"
    },
    {
      "subdomain": "pink.ee",
      "type": "A",
      "options": {
        "ttl": 60
      },
      "value": "140.116.72.190",
      "last_seen": "2025-10-30T03:57:30.863000"
    },
    {
      "subdomain": "plantpan.itps",
      "type": "A",
      "options": {
        "ttl": 21600
      },
      "value": "140.116.56.84",
      "last_seen": "2025-10-30T03:57:31.758000"
    },
    {
      "subdomain": "plantpan2.itps",
      "type": "A",
      "options": {
        "ttl": 21600
      },
      "value": "140.116.56.178",
      "last_seen": "2025-10-30T03:57:31.524000"
    },
    {
      "subdomain": "plasma.pssc",
      "type": "A",
      "options": {
        "ttl": 21600
      },
      "value": "140.116.16.14",
      "last_seen": "2025-10-30T03:57:30.503000"
    },
    {
      "subdomain": "platform.icsdsa",
      "type": "A",
      "options": {
        "ttl": 21599
      },
      "value": "140.116.236.84",
      "last_seen": "2025-10-30T03:57:34.994000"
    },
    {
      "subdomain": "plato.csie",
      "type": "A",
      "options": {
        "ttl": 3600
      },
      "value": "140.116.82.42",
      "last_seen": "2025-10-30T03:57:30.892000"
    },
    {
      "subdomain": "playlab.computing",
      "type": "A",
      "options": {
        "ttl": 21600
      },
      "value": "140.116.223.21",
      "last_seen": "2025-10-30T03:57:32.460000"
    },
    {
      "subdomain": "plkuo.che",
      "type": "A",
      "options": {
        "ttl": 21600
      },
      "value": "140.116.33.111",
      "last_seen": "2025-10-30T03:57:30.813000"
    },
    {
      "subdomain": "pm.cc",
      "type": "CNAME",
      "options": {
        "ttl": 21600
      },
      "value": "pm.cc.ncku.com.tw",
      "last_seen": "2025-10-30T03:57:34.673000"
    },
    {
      "subdomain": "pm.screamtrumpet.csie",
      "type": "A",
      "options": {
        "ttl": 3600
      },
      "value": "140.116.82.234",
      "last_seen": "2025-10-30T03:57:30.516000"
    },
    {
      "subdomain": "pmg.bme",
      "type": "A",
      "options": {
        "ttl": 21600
      },
      "value": "140.116.150.124",
      "last_seen": "2025-10-30T03:57:34.649000"
    },
    {
      "subdomain": "podcast",
      "type": "A",
      "options": {
        "ttl": 43200
      },
      "value": "140.116.249.68",
      "last_seen": "2025-10-30T03:57:30.529000"
    },
    {
      "subdomain": "polab.imis",
      "type": "A",
      "options": {
        "ttl": 86400
      },
      "value": "140.116.86.229",
      "last_seen": "2025-10-30T03:57:31.007000"
    },
    {
      "subdomain": "policylab.polsci",
      "type": "A",
      "options": {
        "ttl": 21600
      },
      "value": "140.116.182.44",
      "last_seen": "2025-10-30T03:57:30.528000"
    },
    {
      "subdomain": "polsci",
      "type": "A",
      "options": {
        "ttl": 86400
      },
      "value": "140.116.182.4",
      "last_seen": "2025-10-30T03:57:31.752000"
    },
    {
      "subdomain": "popularscience.web2",
      "type": "CNAME",
      "options": {
        "ttl": 21600
      },
      "value": "rpage.web2.ncku.edu.tw",
      "last_seen": "2025-10-30T03:57:30.630000"
    },
    {
      "subdomain": "portal.up",
      "type": "A",
      "options": {
        "ttl": 21600
      },
      "value": "140.116.83.8",
      "last_seen": "2025-10-30T03:57:32.433000"
    },
    {
      "subdomain": "portfolio.cte-acad",
      "type": "A",
      "options": {
        "ttl": 21600
      },
      "value": "140.116.223.140",
      "last_seen": "2025-10-30T03:57:31.434000"
    },
    {
      "subdomain": "portus.lens.csie",
      "type": "CNAME",
      "options": {
        "ttl": 300
      },
      "value": "lens.csie.ncku.edu.tw",
      "last_seen": "2025-10-30T03:57:30.984000"
    },
    {
      "subdomain": "poweree25.ee",
      "type": "A",
      "options": {
        "ttl": 60
      },
      "value": "140.116.157.234",
      "last_seen": "2025-10-30T03:57:33.898000"
    },
    {
      "subdomain": "poweree29.ee",
      "type": "A",
      "options": {
        "ttl": 60
      },
      "value": "140.116.157.238",
      "last_seen": "2025-10-30T03:57:30.824000"
    },
    {
      "subdomain": "powerlab.ee",
      "type": "A",
      "options": {
        "ttl": 60
      },
      "value": "50.6.154.203",
      "last_seen": "2025-10-30T03:57:30.144000"
    },
    {
      "subdomain": "practice",
      "type": "CNAME",
      "options": {
        "ttl": 21599
      },
      "value": "practice.ncku.com.tw",
      "last_seen": "2025-10-30T03:57:30.379000"
    },
    {
      "subdomain": "preofact",
      "type": "CNAME",
      "options": {
        "ttl": 21599
      },
      "value": "preofact.ncku.com.tw",
      "last_seen": "2025-10-30T03:57:30.586000"
    },
    {
      "subdomain": "prescriptionte.ee",
      "type": "A",
      "options": {
        "ttl": 60
      },
      "value": "140.116.156.254",
      "last_seen": "2025-10-30T03:57:32.066000"
    },
    {
      "subdomain": "preselection",
      "type": "CNAME",
      "options": {
        "ttl": 86400
      },
      "value": "preselection.ncku.com.tw",
      "last_seen": "2025-10-30T03:57:36.557000"
    },
    {
      "subdomain": "president",
      "type": "A",
      "options": {
        "ttl": 86400
      },
      "value": "140.116.248.21",
      "last_seen": "2025-10-30T03:57:31.756000"
    },
    {
      "subdomain": "presidentfarewell2023",
      "type": "CNAME",
      "options": {
        "ttl": 21600
      },
      "value": "ext-cust.squarespace.com",
      "last_seen": "2025-10-30T03:57:31.690000"
    },
    {
      "subdomain": "primehub.aic",
      "type": "A",
      "options": {
        "ttl": 86400
      },
      "value": "140.116.240.164",
      "last_seen": "2025-10-30T03:57:32.655000"
    },
    {
      "subdomain": "primehub.computing",
      "type": "A",
      "options": {
        "ttl": 21600
      },
      "value": "140.116.223.59",
      "last_seen": "2025-10-30T03:57:30.885000"
    },
    {
      "subdomain": "project.research",
      "type": "A",
      "options": {
        "ttl": 21600
      },
      "value": "140.116.239.169",
      "last_seen": "2025-10-30T03:57:32.215000"
    },
    {
      "subdomain": "promptfoo.netdb.csie",
      "type": "A",
      "options": {
        "ttl": 3600
      },
      "value": "140.116.247.125",
      "last_seen": "2025-10-30T03:57:30.839000"
    },
    {
      "subdomain": "proofread.flc",
      "type": "A",
      "options": {
        "ttl": 21600
      },
      "value": "140.116.165.85",
      "last_seen": "2025-10-30T03:57:30.803000"
    },
    {
      "subdomain": "prop-oga",
      "type": "A",
      "options": {
        "ttl": 86400
      },
      "value": "140.116.248.21",
      "last_seen": "2025-10-30T03:57:33.425000"
    },
    {
      "subdomain": "prop.oga",
      "type": "A",
      "options": {
        "ttl": 21600
      },
      "value": "140.116.248.21",
      "last_seen": "2025-10-30T03:57:32.840000"
    },
    {
      "subdomain": "propsys.oga",
      "type": "CNAME",
      "options": {
        "ttl": 21600
      },
      "value": "propsys.oga.ncku.com.tw",
      "last_seen": "2025-10-30T03:57:35.791000"
    },
    {
      "subdomain": "proteinmicroarray.researchvismap",
      "type": "A",
      "options": {
        "ttl": 21600
      },
      "value": "140.116.249.46",
      "last_seen": "2025-10-30T03:57:30.791000"
    },
    {
      "subdomain": "protemot.ee",
      "type": "CNAME",
      "options": {
        "ttl": 60
      },
      "value": "zoro.ee.ncku.edu.tw",
      "last_seen": "2025-10-30T03:57:31.570000"
    },
    {
      "subdomain": "proton.phys",
      "type": "A",
      "options": {
        "ttl": 21600
      },
      "value": "140.116.91.22",
      "last_seen": "2025-10-30T03:57:31.616000"
    },
    {
      "subdomain": "proxmox.ccns",
      "type": "CNAME",
      "options": {
        "ttl": 60
      },
      "value": "proxy.ccns.io",
      "last_seen": "2025-10-22T06:28:26.328000"
    },
    {
      "subdomain": "proxmox.ccns",
      "type": "CNAME",
      "options": {
        "ttl": 60
      },
      "value": "proxy.ccns.ncku.edu.tw",
      "last_seen": "2025-10-30T03:57:32.294000"
    },
    {
      "subdomain": "proxy.ccns",
      "type": "A",
      "options": {
        "ttl": 57
      },
      "value": "140.116.154.146",
      "last_seen": "2025-10-30T03:57:30.499000"
    },
    {
      "subdomain": "prs.geomatics",
      "type": "A",
      "options": {
        "ttl": 3600
      },
      "value": "140.116.47.23",
      "last_seen": "2025-10-30T03:57:32.691000"
    },
    {
      "subdomain": "psa.pers",
      "type": "CNAME",
      "options": {
        "ttl": 21600
      },
      "value": "psa.pers.ncku.com.tw",
      "last_seen": "2025-10-30T03:57:34.169000"
    },
    {
      "subdomain": "pse2.che",
      "type": "A",
      "options": {
        "ttl": 21600
      },
      "value": "140.116.33.42",
      "last_seen": "2025-10-30T03:57:30.794000"
    },
    {
      "subdomain": "pse5.che",
      "type": "A",
      "options": {
        "ttl": 86400
      },
      "value": "140.116.33.45",
      "last_seen": "2025-10-30T03:57:30.663000"
    },
    {
      "subdomain": "psnarea.cc",
      "type": "CNAME",
      "options": {
        "ttl": 21600
      },
      "value": "psnarea.cc.ncku.com.tw",
      "last_seen": "2025-10-30T03:57:35.287000"
    },
    {
      "subdomain": "psroc2010",
      "type": "A",
      "options": {
        "ttl": 21600
      },
      "value": "140.116.91.87",
      "last_seen": "2025-10-30T03:57:30.799000"
    },
    {
      "subdomain": "pssc",
      "type": "A",
      "options": {
        "ttl": 86400
      },
      "value": "140.116.16.14",
      "last_seen": "2025-10-30T03:57:31.157000"
    },
    {
      "subdomain": "psy-med",
      "type": "A",
      "options": {
        "ttl": 21600
      },
      "value": "140.116.248.21",
      "last_seen": "2025-10-30T03:57:30.534000"
    },
    {
      "subdomain": "psy.hosp",
      "type": "CNAME",
      "options": {
        "ttl": 3600
      },
      "value": "rpage.hosp.ncku.edu.tw",
      "last_seen": "2025-10-30T03:57:33.742000"
    },
    {
      "subdomain": "psychology",
      "type": "A",
      "options": {
        "ttl": 21600
      },
      "value": "140.116.183.225",
      "last_seen": "2025-10-30T03:57:30.198000"
    },
    {
      "subdomain": "pt",
      "type": "A",
      "options": {
        "ttl": 86400
      },
      "value": "140.116.248.21",
      "last_seen": "2025-10-30T03:57:32.026000"
    },
    {
      "subdomain": "ptc.ais2m",
      "type": "A",
      "options": {
        "ttl": 21600
      },
      "value": "140.116.249.174",
      "last_seen": "2025-10-30T03:57:30.331000"
    },
    {
      "subdomain": "ptc.hosp",
      "type": "CNAME",
      "options": {
        "ttl": 3600
      },
      "value": "rpage.hosp.ncku.edu.tw",
      "last_seen": "2025-10-30T03:57:32.176000"
    },
    {
      "subdomain": "ptcbackend.ais2m",
      "type": "A",
      "options": {
        "ttl": 21600
      },
      "value": "140.116.249.174",
      "last_seen": "2025-10-30T03:57:30.145000"
    },
    {
      "subdomain": "ptcreservex.ais2m",
      "type": "A",
      "options": {
        "ttl": 86400
      },
      "value": "140.116.249.174",
      "last_seen": "2025-10-30T03:57:31.890000"
    },
    {
      "subdomain": "public.hosp",
      "type": "CNAME",
      "options": {
        "ttl": 3600
      },
      "value": "rpage.hosp.ncku.edu.tw",
      "last_seen": "2025-10-30T03:57:32.578000"
    },
    {
      "subdomain": "publichealth",
      "type": "CNAME",
      "options": {
        "ttl": 21600
      },
      "value": "cname.vercel-dns.com",
      "last_seen": "2025-10-30T03:57:31.048000"
    },
    {
      "subdomain": "purch-oga",
      "type": "A",
      "options": {
        "ttl": 21600
      },
      "value": "140.116.248.21",
      "last_seen": "2025-10-30T03:57:30.601000"
    },
    {
      "subdomain": "purch.oga",
      "type": "A",
      "options": {
        "ttl": 21600
      },
      "value": "140.116.248.21",
      "last_seen": "2025-10-30T03:57:30.331000"
    },
    {
      "subdomain": "purduedual.web2",
      "type": "CNAME",
      "options": {
        "ttl": 21600
      },
      "value": "rpage.web2.ncku.edu.tw",
      "last_seen": "2025-10-30T03:57:30.521000"
    },
    {
      "subdomain": "purple.ee",
      "type": "A",
      "options": {
        "ttl": 60
      },
      "value": "140.116.72.172",
      "last_seen": "2025-10-30T03:57:30.880000"
    },
    {
      "subdomain": "putty.ccns",
      "type": "CNAME",
      "options": {
        "ttl": 59
      },
      "value": "ee-vm.ccns.ncku.edu.tw",
      "last_seen": "2025-10-30T03:57:30.350000"
    },
    {
      "subdomain": "qa.hosp",
      "type": "A",
      "options": {
        "ttl": 3600
      },
      "value": "140.116.59.77",
      "last_seen": "2025-10-30T03:57:31.376000"
    },
    {
      "subdomain": "qcloud.phys",
      "type": "A",
      "options": {
        "ttl": 21600
      },
      "value": "140.116.161.189",
      "last_seen": "2025-10-30T03:57:32.218000"
    },
    {
      "subdomain": "qdisl01.es",
      "type": "A",
      "options": {
        "ttl": 21600
      },
      "value": "140.116.78.198",
      "last_seen": "2025-10-30T03:57:32.444000"
    },
    {
      "subdomain": "qfort",
      "type": "A",
      "options": {
        "ttl": 21600
      },
      "value": "140.116.249.184",
      "last_seen": "2025-10-30T03:57:30.712000"
    },
    {
      "subdomain": "qif.phys",
      "type": "A",
      "options": {
        "ttl": 86400
      },
      "value": "140.116.161.245",
      "last_seen": "2025-10-30T03:57:32.283000"
    },
    {
      "subdomain": "qqaq.ee",
      "type": "A",
      "options": {
        "ttl": 60
      },
      "value": "140.116.164.186",
      "last_seen": "2025-10-30T03:57:32.681000"
    },
    {
      "subdomain": "qrcode.cc",
      "type": "A",
      "options": {
        "ttl": 21600
      },
      "value": "140.116.249.115",
      "last_seen": "2025-10-30T03:57:30.604000"
    },
    {
      "subdomain": "qrys",
      "type": "CNAME",
      "options": {
        "ttl": 21599
      },
      "value": "qrys.ncku.com.tw",
      "last_seen": "2025-10-30T03:57:31.102000"
    },
    {
      "subdomain": "quantaai.web2",
      "type": "CNAME",
      "options": {
        "ttl": 43200
      },
      "value": "rpage.web2.ncku.edu.tw",
      "last_seen": "2025-10-30T03:57:34.318000"
    },
    {
      "subdomain": "quantum-realm.phys",
      "type": "A",
      "options": {
        "ttl": 21600
      },
      "value": "140.116.91.202",
      "last_seen": "2025-10-30T03:57:33.727000"
    },
    {
      "subdomain": "quantum.phys",
      "type": "A",
      "options": {
        "ttl": 21600
      },
      "value": "140.116.91.133",
      "last_seen": "2025-10-30T03:57:30.824000"
    },
    {
      "subdomain": "ques2.osa",
      "type": "CNAME",
      "options": {
        "ttl": 21599
      },
      "value": "ques2.osa.ncku.com.tw",
      "last_seen": "2025-10-30T03:57:30.442000"
    },
    {
      "subdomain": "qure.gs",
      "type": "CNAME",
      "options": {
        "ttl": 21600
      },
      "value": "ghs.googlehosted.com",
      "last_seen": "2025-10-30T03:57:30.817000"
    },
    {
      "subdomain": "r76121243.iim",
      "type": "A",
      "options": {
        "ttl": 3600
      },
      "value": "185.199.108.153",
      "last_seen": "2025-10-30T03:57:33.556000"
    },
    {
      "subdomain": "radb",
      "type": "CNAME",
      "options": {
        "ttl": 86400
      },
      "value": "radb.ncku.com.tw",
      "last_seen": "2025-10-30T03:57:31.023000"
    },
    {
      "subdomain": "radiology.hosp",
      "type": "CNAME",
      "options": {
        "ttl": 3600
      },
      "value": "rpage.hosp.ncku.edu.tw",
      "last_seen": "2025-10-30T03:57:33.317000"
    },
    {
      "subdomain": "rail",
      "type": "A",
      "options": {
        "ttl": 21600
      },
      "value": "140.116.36.23",
      "last_seen": "2025-10-30T03:57:32.570000"
    },
    {
      "subdomain": "rais",
      "type": "CNAME",
      "options": {
        "ttl": 21599
      },
      "value": "rais.ncku.com.tw",
      "last_seen": "2025-10-30T03:57:31.100000"
    },
    {
      "subdomain": "ramucirumabhcc.researchvismap",
      "type": "A",
      "options": {
        "ttl": 21600
      },
      "value": "140.116.249.46",
      "last_seen": "2025-10-30T03:57:33.740000"
    },
    {
      "subdomain": "rapidill.lib",
      "type": "A",
      "options": {
        "ttl": 60
      },
      "value": "140.116.207.81",
      "last_seen": "2025-10-30T03:57:33.698000"
    },
    {
      "subdomain": "rc.adm",
      "type": "A",
      "options": {
        "ttl": 21600
      },
      "value": "140.116.238.207",
      "last_seen": "2025-10-30T03:57:31.881000"
    },
    {
      "subdomain": "rcetts",
      "type": "A",
      "options": {
        "ttl": 21600
      },
      "value": "140.116.248.21",
      "last_seen": "2025-10-30T03:57:30.605000"
    },
    {
      "subdomain": "rdtsp.innovation",
      "type": "A",
      "options": {
        "ttl": 21600
      },
      "value": "140.116.88.208",
      "last_seen": "2025-10-30T03:57:30.961000"
    },
    {
      "subdomain": "reader.lib",
      "type": "A",
      "options": {
        "ttl": 60
      },
      "value": "140.116.207.6",
      "last_seen": "2025-10-30T03:57:34.560000"
    },
    {
      "subdomain": "rec.chass",
      "type": "A",
      "options": {
        "ttl": 21600
      },
      "value": "140.116.203.123",
      "last_seen": "2025-10-30T03:57:30.657000"
    },
    {
      "subdomain": "redcap.pharmacy",
      "type": "A",
      "options": {
        "ttl": 21600
      },
      "value": "140.116.93.150",
      "last_seen": "2025-10-30T03:57:30.615000"
    },
    {
      "subdomain": "reg-acad",
      "type": "A",
      "options": {
        "ttl": 21600
      },
      "value": "140.116.248.21",
      "last_seen": "2025-10-30T03:57:31.145000"
    },
    {
      "subdomain": "reg.acad",
      "type": "A",
      "options": {
        "ttl": 21600
      },
      "value": "140.116.248.21",
      "last_seen": "2025-10-30T03:57:31.490000"
    },
    {
      "subdomain": "regaps.acad",
      "type": "CNAME",
      "options": {
        "ttl": 21600
      },
      "value": "regaps.acad.ncku.com.tw",
      "last_seen": "2025-10-30T03:57:33.785000"
    },
    {
      "subdomain": "regi.diploma",
      "type": "A",
      "options": {
        "ttl": 21600
      },
      "value": "140.116.249.172",
      "last_seen": "2025-10-30T03:57:32.235000"
    },
    {
      "subdomain": "registry.aislab.ee",
      "type": "A",
      "options": {
        "ttl": 21600
      },
      "value": "140.116.178.170",
      "last_seen": "2025-10-30T03:57:30.231000"
    },
    {
      "subdomain": "registry.course.aislab.ee",
      "type": "A",
      "options": {
        "ttl": 21600
      },
      "value": "140.116.178.171",
      "last_seen": "2025-10-30T03:57:30.349000"
    },
    {
      "subdomain": "registry.lens.csie",
      "type": "CNAME",
      "options": {
        "ttl": 300
      },
      "value": "lens.csie.ncku.edu.tw",
      "last_seen": "2025-10-30T03:57:30.717000"
    },
    {
      "subdomain": "registry.screamtrumpet.csie",
      "type": "A",
      "options": {
        "ttl": 3600
      },
      "value": "140.116.82.234",
      "last_seen": "2025-10-30T03:57:31.313000"
    },
    {
      "subdomain": "rehab-med",
      "type": "A",
      "options": {
        "ttl": 21600
      },
      "value": "140.116.248.21",
      "last_seen": "2025-10-30T03:57:31.791000"
    },
    {
      "subdomain": "report.hosp",
      "type": "A",
      "options": {
        "ttl": 3600
      },
      "value": "140.116.253.107",
      "last_seen": "2025-10-30T03:57:30.881000"
    },
    {
      "subdomain": "resag.ev",
      "type": "A",
      "options": {
        "ttl": 21600
      },
      "value": "140.116.249.41",
      "last_seen": "2025-10-30T03:57:30.292000"
    },
    {
      "subdomain": "research.csie",
      "type": "A",
      "options": {
        "ttl": 3600
      },
      "value": "140.116.246.210",
      "last_seen": "2025-10-30T03:57:31.523000"
    },
    {
      "subdomain": "research.lib",
      "type": "A",
      "options": {
        "ttl": 60
      },
      "value": "140.116.207.59",
      "last_seen": "2025-10-30T03:57:30.861000"
    },
    {
      "subdomain": "researchexpress.web2",
      "type": "CNAME",
      "options": {
        "ttl": 16058
      },
      "value": "rpage.web2.ncku.edu.tw",
      "last_seen": "2025-10-30T03:57:31.482000"
    },
    {
      "subdomain": "researchoutput",
      "type": "CNAME",
      "options": {
        "ttl": 21599
      },
      "value": "ncku.elsevierpure.com",
      "last_seen": "2025-10-30T03:57:33.101000"
    },
    {
      "subdomain": "resilience.psychology",
      "type": "A",
      "options": {
        "ttl": 21600
      },
      "value": "140.116.183.157",
      "last_seen": "2025-10-30T03:57:30.803000"
    },
    {
      "subdomain": "respighi.ee",
      "type": "A",
      "options": {
        "ttl": 60
      },
      "value": "140.116.72.155",
      "last_seen": "2025-10-30T03:57:30.142000"
    },
    {
      "subdomain": "restful.ckforum",
      "type": "A",
      "options": {
        "ttl": 21600
      },
      "value": "140.116.83.124",
      "last_seen": "2025-10-30T03:57:31.436000"
    },
    {
      "subdomain": "restful.ckforum2",
      "type": "A",
      "options": {
        "ttl": 21600
      },
      "value": "140.116.83.125",
      "last_seen": "2025-10-30T03:57:31.720000"
    },
    {
      "subdomain": "review.acad",
      "type": "CNAME",
      "options": {
        "ttl": 21600
      },
      "value": "review.acad.ncku.com.tw",
      "last_seen": "2025-10-30T03:57:31.101000"
    },
    {
      "subdomain": "rfcad.ee",
      "type": "A",
      "options": {
        "ttl": 60
      },
      "value": "140.116.187.13",
      "last_seen": "2025-10-30T03:57:30.639000"
    },
    {
      "subdomain": "ris.med",
      "type": "A",
      "options": {
        "ttl": 21600
      },
      "value": "140.116.60.112",
      "last_seen": "2025-10-30T03:57:34.794000"
    },
    {
      "subdomain": "rlsrl.pehl",
      "type": "A",
      "options": {
        "ttl": 21600
      },
      "value": "140.116.240.86",
      "last_seen": "2025-10-30T03:57:30.142000"
    },
    {
      "subdomain": "rmdltr.csie",
      "type": "A",
      "options": {
        "ttl": 3600
      },
      "value": "54.226.93.6",
      "last_seen": "2025-10-30T03:57:30.555000"
    },
    {
      "subdomain": "robotics.csie",
      "type": "A",
      "options": {
        "ttl": 3600
      },
      "value": "140.116.154.2",
      "last_seen": "2025-10-30T03:57:30.147000"
    },
    {
      "subdomain": "rocketchat.course.aislab.ee",
      "type": "A",
      "options": {
        "ttl": 21600
      },
      "value": "140.116.178.171",
      "last_seen": "2025-10-30T03:57:34.636000"
    },
    {
      "subdomain": "rockylinux.ccns",
      "type": "CNAME",
      "options": {
        "ttl": 60
      },
      "value": "ee-vm.ccns.ncku.edu.tw",
      "last_seen": "2025-10-30T03:57:30.330000"
    },
    {
      "subdomain": "romoems.me",
      "type": "A",
      "options": {
        "ttl": 21600
      },
      "value": "140.116.31.35",
      "last_seen": "2025-10-30T03:57:30.328000"
    },
    {
      "subdomain": "rose.csie",
      "type": "A",
      "options": {
        "ttl": 3600
      },
      "value": "140.116.247.183",
      "last_seen": "2025-10-30T03:57:34.674000"
    },
    {
      "subdomain": "router.hosp",
      "type": "A",
      "options": {
        "ttl": 3600
      },
      "value": "140.116.253.1",
      "last_seen": "2025-10-30T03:57:32.384000"
    },
    {
      "subdomain": "rpage.hosp",
      "type": "A",
      "options": {
        "ttl": 795
      },
      "value": "140.116.253.90",
      "last_seen": "2025-10-30T03:57:34.628000"
    },
    {
      "subdomain": "rpage.web2",
      "type": "A",
      "options": {
        "ttl": 297
      },
      "value": "140.116.248.17",
      "last_seen": "2025-10-30T03:57:34.894000"
    },
    {
      "subdomain": "rpage.web3",
      "type": "A",
      "options": {
        "ttl": 299
      },
      "value": "140.116.248.21",
      "last_seen": "2025-10-30T03:57:34.477000"
    },
    {
      "subdomain": "rpcls.bb",
      "type": "A",
      "options": {
        "ttl": 21600
      },
      "value": "61.221.217.85",
      "last_seen": "2025-10-30T03:57:31.876000"
    },
    {
      "subdomain": "rsp.lens.csie",
      "type": "CNAME",
      "options": {
        "ttl": 300
      },
      "value": "lens.csie.ncku.edu.tw",
      "last_seen": "2025-10-30T03:57:31.236000"
    },
    {
      "subdomain": "rtdrc.web2",
      "type": "CNAME",
      "options": {
        "ttl": 21600
      },
      "value": "rpage.web2.ncku.edu.tw",
      "last_seen": "2025-10-30T03:57:30.695000"
    },
    {
      "subdomain": "rtesnas.ee",
      "type": "A",
      "options": {
        "ttl": 60
      },
      "value": "140.116.72.243",
      "last_seen": "2025-10-30T03:57:32.254000"
    },
    {
      "subdomain": "s-lmap.ctld",
      "type": "A",
      "options": {
        "ttl": 21600
      },
      "value": "140.116.203.46",
      "last_seen": "2025-10-30T03:57:30.348000"
    },
    {
      "subdomain": "s.mytube",
      "type": "A",
      "options": {
        "ttl": 21600
      },
      "value": "140.116.249.70",
      "last_seen": "2025-10-30T03:57:30.287000"
    },
    {
      "subdomain": "s4000.hosp",
      "type": "A",
      "options": {
        "ttl": 3600
      },
      "value": "140.116.253.251",
      "last_seen": "2025-10-30T03:57:30.925000"
    },
    {
      "subdomain": "saiotc.ee",
      "type": "A",
      "options": {
        "ttl": 60
      },
      "value": "140.116.164.237",
      "last_seen": "2025-10-30T03:57:30.625000"
    },
    {
      "subdomain": "sas.lsprc",
      "type": "A",
      "options": {
        "ttl": 3600
      },
      "value": "140.116.185.168",
      "last_seen": "2025-10-30T03:57:31.055000"
    },
    {
      "subdomain": "satellite",
      "type": "A",
      "options": {
        "ttl": 21600
      },
      "value": "140.116.215.243",
      "last_seen": "2025-10-30T03:57:30.825000"
    },
    {
      "subdomain": "satu",
      "type": "A",
      "options": {
        "ttl": 20247
      },
      "value": "140.116.248.17",
      "last_seen": "2025-10-30T03:57:30.103000"
    },
    {
      "subdomain": "satu.web2",
      "type": "CNAME",
      "options": {
        "ttl": 21600
      },
      "value": "rpage.web2.ncku.edu.tw",
      "last_seen": "2025-10-30T03:57:30.899000"
    },
    {
      "subdomain": "sblab.imis",
      "type": "CNAME",
      "options": {
        "ttl": 21599
      },
      "value": "ghs.googlehosted.com",
      "last_seen": "2025-10-30T03:57:32.619000"
    },
    {
      "subdomain": "sc2016.hsnet.ee",
      "type": "CNAME",
      "options": {
        "ttl": 3600
      },
      "value": "ghs.googlehosted.com",
      "last_seen": "2025-10-30T03:57:34.607000"
    },
    {
      "subdomain": "sc2017.hsnet.ee",
      "type": "CNAME",
      "options": {
        "ttl": 1
      },
      "value": "ghs.googlehosted.com",
      "last_seen": "2025-10-30T03:57:30.815000"
    },
    {
      "subdomain": "scholar.lib",
      "type": "A",
      "options": {
        "ttl": 60
      },
      "value": "140.116.207.96",
      "last_seen": "2025-10-30T03:57:30.215000"
    },
    {
      "subdomain": "scholarship",
      "type": "CNAME",
      "options": {
        "ttl": 21600
      },
      "value": "scholarship.ncku.com.tw",
      "last_seen": "2025-10-30T03:57:32.901000"
    },
    {
      "subdomain": "school.ives",
      "type": "A",
      "options": {
        "ttl": 86400
      },
      "value": "140.116.180.248",
      "last_seen": "2025-10-30T03:57:32.487000"
    },
    {
      "subdomain": "schoollunch.web2",
      "type": "CNAME",
      "options": {
        "ttl": 21600
      },
      "value": "rpage.web2.ncku.edu.tw",
      "last_seen": "2025-10-30T03:57:30.813000"
    },
    {
      "subdomain": "science",
      "type": "A",
      "options": {
        "ttl": 19635
      },
      "value": "140.116.248.21",
      "last_seen": "2025-10-30T03:57:30.394000"
    },
    {
      "subdomain": "sclab.computing",
      "type": "A",
      "options": {
        "ttl": 21600
      },
      "value": "140.116.158.98",
      "last_seen": "2025-10-30T03:57:30.477000"
    },
    {
      "subdomain": "score",
      "type": "CNAME",
      "options": {
        "ttl": 86400
      },
      "value": "score.ncku.com.tw",
      "last_seen": "2025-10-30T03:57:30.996000"
    },
    {
      "subdomain": "scoretest.cc",
      "type": "A",
      "options": {
        "ttl": 86400
      },
      "value": "140.116.165.47",
      "last_seen": "2025-10-30T03:57:31.183000"
    },
    {
      "subdomain": "screamapple.csie",
      "type": "A",
      "options": {
        "ttl": 3600
      },
      "value": "140.116.82.232",
      "last_seen": "2025-10-30T03:57:31.223000"
    },
    {
      "subdomain": "screambanana.csie",
      "type": "A",
      "options": {
        "ttl": 3600
      },
      "value": "140.116.82.237",
      "last_seen": "2025-10-30T03:57:31.978000"
    },
    {
      "subdomain": "screamlab.csie",
      "type": "A",
      "options": {
        "ttl": 3600
      },
      "value": "140.116.82.225",
      "last_seen": "2025-10-30T03:57:34.660000"
    },
    {
      "subdomain": "screamtrumpet.csie",
      "type": "A",
      "options": {
        "ttl": 3600
      },
      "value": "140.116.82.234",
      "last_seen": "2025-10-30T03:57:30.346000"
    },
    {
      "subdomain": "scsip.ee",
      "type": "A",
      "options": {
        "ttl": 60
      },
      "value": "140.116.215.126",
      "last_seen": "2025-10-30T03:57:33.774000"
    },
    {
      "subdomain": "sdg",
      "type": "A",
      "options": {
        "ttl": 21600
      },
      "value": "59.125.33.8",
      "last_seen": "2025-10-30T03:57:30.696000"
    },
    {
      "subdomain": "sdgs.oga",
      "type": "CNAME",
      "options": {
        "ttl": 21600
      },
      "value": "sdgs.oga.ncku.com.tw",
      "last_seen": "2025-10-30T03:57:31.355000"
    },
    {
      "subdomain": "sdgsai.ord",
      "type": "A",
      "options": {
        "ttl": 86400
      },
      "value": "140.116.249.42",
      "last_seen": "2025-10-30T03:57:32.492000"
    },
    {
      "subdomain": "sdgskeyword.ord",
      "type": "A",
      "options": {
        "ttl": 21600
      },
      "value": "140.116.249.42",
      "last_seen": "2025-10-30T03:57:30.693000"
    },
    {
      "subdomain": "sds.web2",
      "type": "CNAME",
      "options": {
        "ttl": 21600
      },
      "value": "rpage.web2.ncku.edu.tw",
      "last_seen": "2025-10-30T03:57:31.074000"
    },
    {
      "subdomain": "secr",
      "type": "A",
      "options": {
        "ttl": 86400
      },
      "value": "140.116.248.21",
      "last_seen": "2025-10-30T03:57:33.760000"
    },
    {
      "subdomain": "security.view",
      "type": "A",
      "options": {
        "ttl": 3600
      },
      "value": "140.116.68.245",
      "last_seen": "2025-10-30T03:57:35.241000"
    },
    {
      "subdomain": "security.view",
      "type": "A",
      "options": {
        "ttl": 3600
      },
      "value": "140.116.68.246",
      "last_seen": "2025-10-30T03:57:35.241000"
    },
    {
      "subdomain": "seda.ee",
      "type": "A",
      "options": {
        "ttl": 60
      },
      "value": "140.116.187.244",
      "last_seen": "2025-10-30T03:57:31.173000"
    },
    {
      "subdomain": "seemotif.ee",
      "type": "CNAME",
      "options": {
        "ttl": 60
      },
      "value": "zoro.ee.ncku.edu.tw",
      "last_seen": "2025-10-30T03:57:30.857000"
    },
    {
      "subdomain": "sem.dps",
      "type": "A",
      "options": {
        "ttl": 300
      },
      "value": "127.0.0.1",
      "last_seen": "2025-10-30T03:57:30.952000"
    },
    {
      "subdomain": "sendmail.lib",
      "type": "A",
      "options": {
        "ttl": 60
      },
      "value": "140.116.207.97",
      "last_seen": "2025-10-30T03:57:33.418000"
    },
    {
      "subdomain": "seoc.hosp",
      "type": "A",
      "options": {
        "ttl": 3600
      },
      "value": "120.114.241.126",
      "last_seen": "2025-10-30T03:57:30.623000"
    },
    {
      "subdomain": "serc",
      "type": "A",
      "options": {
        "ttl": 21600
      },
      "value": "140.116.244.99",
      "last_seen": "2025-10-30T03:57:31.047000"
    },
    {
      "subdomain": "serl",
      "type": "A",
      "options": {
        "ttl": 21600
      },
      "value": "140.116.244.93",
      "last_seen": "2025-10-30T03:57:32.504000"
    },
    {
      "subdomain": "serv-oga",
      "type": "A",
      "options": {
        "ttl": 21600
      },
      "value": "140.116.248.21",
      "last_seen": "2025-10-30T03:57:30.816000"
    },
    {
      "subdomain": "serv.oga",
      "type": "A",
      "options": {
        "ttl": 21600
      },
      "value": "140.116.248.21",
      "last_seen": "2025-10-30T03:57:30.646000"
    },
    {
      "subdomain": "server.ime",
      "type": "A",
      "options": {
        "ttl": 21600
      },
      "value": "140.116.86.7",
      "last_seen": "2025-10-30T03:57:31.931000"
    },
    {
      "subdomain": "server.imis",
      "type": "A",
      "options": {
        "ttl": 21600
      },
      "value": "140.116.86.7",
      "last_seen": "2025-10-30T03:57:30.292000"
    },
    {
      "subdomain": "server.lab.dps",
      "type": "A",
      "options": {
        "ttl": 300
      },
      "value": "140.116.205.191",
      "last_seen": "2025-10-30T03:57:30.949000"
    },
    {
      "subdomain": "server0.csie",
      "type": "A",
      "options": {
        "ttl": 3600
      },
      "value": "140.116.245.84",
      "last_seen": "2025-10-30T03:57:30.290000"
    },
    {
      "subdomain": "server1.csie",
      "type": "A",
      "options": {
        "ttl": 3600
      },
      "value": "140.116.245.85",
      "last_seen": "2025-10-30T03:57:32.281000"
    },
    {
      "subdomain": "server2.csie",
      "type": "A",
      "options": {
        "ttl": 3600
      },
      "value": "140.116.245.86",
      "last_seen": "2025-10-30T03:57:30.226000"
    },
    {
      "subdomain": "server2.csie",
      "type": "A",
      "options": {
        "ttl": 3600
      },
      "value": "140.116.246.2",
      "last_seen": "2025-10-30T03:57:30.226000"
    },
    {
      "subdomain": "server8.csie",
      "type": "A",
      "options": {
        "ttl": 3600
      },
      "value": "140.116.245.92",
      "last_seen": "2025-10-30T03:57:32.270000"
    },
    {
      "subdomain": "server9.csie",
      "type": "A",
      "options": {
        "ttl": 3600
      },
      "value": "140.116.245.93",
      "last_seen": "2025-10-30T03:57:30.712000"
    },
    {
      "subdomain": "service-learning",
      "type": "A",
      "options": {
        "ttl": 21600
      },
      "value": "140.116.248.21",
      "last_seen": "2025-10-30T03:57:30.516000"
    },
    {
      "subdomain": "service-learning.osa",
      "type": "A",
      "options": {
        "ttl": 21600
      },
      "value": "140.116.248.21",
      "last_seen": "2025-10-30T03:57:33.782000"
    },
    {
      "subdomain": "service.hosp",
      "type": "CNAME",
      "options": {
        "ttl": 3600
      },
      "value": "www.hosp.ncku.edu.tw",
      "last_seen": "2025-10-30T03:57:34.223000"
    },
    {
      "subdomain": "sgd.adm",
      "type": "CNAME",
      "options": {
        "ttl": 18992
      },
      "value": "sgd.adm.ncku.com.tw",
      "last_seen": "2025-10-30T03:57:30.665000"
    },
    {
      "subdomain": "sge",
      "type": "A",
      "options": {
        "ttl": 86400
      },
      "value": "140.116.206.33",
      "last_seen": "2025-10-30T03:57:31.688000"
    },
    {
      "subdomain": "sglt2isvsdpp4is.researchvismap",
      "type": "A",
      "options": {
        "ttl": 21600
      },
      "value": "140.116.249.46",
      "last_seen": "2025-10-30T03:57:30.647000"
    },
    {
      "subdomain": "sgrc.web2",
      "type": "CNAME",
      "options": {
        "ttl": 86400
      },
      "value": "rpage.web2.ncku.edu.tw",
      "last_seen": "2025-10-30T03:57:32.782000"
    },
    {
      "subdomain": "sh.hosp",
      "type": "CNAME",
      "options": {
        "ttl": 3600
      },
      "value": "rpage.hosp.ncku.edu.tw",
      "last_seen": "2025-10-30T03:57:30.236000"
    },
    {
      "subdomain": "shalun-bot.netdb.csie",
      "type": "A",
      "options": {
        "ttl": 3600
      },
      "value": "140.116.247.125",
      "last_seen": "2025-10-30T03:57:31.702000"
    },
    {
      "subdomain": "shalun-bot1.netdb.csie",
      "type": "A",
      "options": {
        "ttl": 3600
      },
      "value": "140.116.247.125",
      "last_seen": "2025-10-30T03:57:30.517000"
    },
    {
      "subdomain": "shalun-energy.netdb.csie",
      "type": "A",
      "options": {
        "ttl": 3600
      },
      "value": "140.116.247.125",
      "last_seen": "2025-10-30T03:57:30.591000"
    },
    {
      "subdomain": "shalun-traffic.netdb.csie",
      "type": "A",
      "options": {
        "ttl": 3600
      },
      "value": "140.116.247.125",
      "last_seen": "2025-10-30T03:57:30.217000"
    },
    {
      "subdomain": "shalunecocity",
      "type": "CNAME",
      "options": {
        "ttl": 21600
      },
      "value": "www91.wixdns.net",
      "last_seen": "2025-10-30T03:57:31.422000"
    },
    {
      "subdomain": "shs2.che",
      "type": "A",
      "options": {
        "ttl": 21600
      },
      "value": "140.116.33.47",
      "last_seen": "2025-10-30T03:57:31.834000"
    },
    {
      "subdomain": "shwc.web2",
      "type": "CNAME",
      "options": {
        "ttl": 86400
      },
      "value": "rpage.web2.ncku.edu.tw",
      "last_seen": "2025-10-30T03:57:30.828000"
    },
    {
      "subdomain": "shyhnan.icid",
      "type": "A",
      "options": {
        "ttl": 21600
      },
      "value": "185.199.108.153",
      "last_seen": "2025-10-30T03:57:32.288000"
    },
    {
      "subdomain": "shyhnan.icid",
      "type": "A",
      "options": {
        "ttl": 21600
      },
      "value": "185.199.109.153",
      "last_seen": "2025-10-30T03:57:32.288000"
    },
    {
      "subdomain": "shyhnan.icid",
      "type": "A",
      "options": {
        "ttl": 21600
      },
      "value": "185.199.110.153",
      "last_seen": "2025-10-30T03:57:32.288000"
    },
    {
      "subdomain": "shyhnan.icid",
      "type": "A",
      "options": {
        "ttl": 21600
      },
      "value": "185.199.111.153",
      "last_seen": "2025-10-30T03:57:32.288000"
    },
    {
      "subdomain": "sia",
      "type": "CNAME",
      "options": {
        "ttl": 21600
      },
      "value": "www91.wixdns.net",
      "last_seen": "2025-10-30T03:57:32.274000"
    },
    {
      "subdomain": "siaim.geomatics",
      "type": "A",
      "options": {
        "ttl": 3600
      },
      "value": "140.116.80.1",
      "last_seen": "2025-10-30T03:57:30.527000"
    },
    {
      "subdomain": "silicone1.che",
      "type": "A",
      "options": {
        "ttl": 21600
      },
      "value": "140.116.33.112",
      "last_seen": "2025-10-30T03:57:30.528000"
    },
    {
      "subdomain": "silicone3.che",
      "type": "A",
      "options": {
        "ttl": 21600
      },
      "value": "140.116.33.114",
      "last_seen": "2025-10-30T03:57:30.155000"
    },
    {
      "subdomain": "silver.ee",
      "type": "A",
      "options": {
        "ttl": 60
      },
      "value": "140.116.72.175",
      "last_seen": "2025-10-30T03:57:33.838000"
    },
    {
      "subdomain": "sip",
      "type": "CNAME",
      "options": {
        "ttl": 3600
      },
      "value": "sipdir.online.lync.com",
      "last_seen": "2025-10-30T03:57:30.333000"
    },
    {
      "subdomain": "sites.gs",
      "type": "CNAME",
      "options": {
        "ttl": 21600
      },
      "value": "ghs.googlehosted.com",
      "last_seen": "2025-10-30T03:57:30.249000"
    },
    {
      "subdomain": "sivslab.csie",
      "type": "A",
      "options": {
        "ttl": 3600
      },
      "value": "140.116.154.65",
      "last_seen": "2025-10-30T03:57:30.830000"
    },
    {
      "subdomain": "sleepcenter.hosp",
      "type": "CNAME",
      "options": {
        "ttl": 3600
      },
      "value": "rpage.hosp.ncku.edu.tw",
      "last_seen": "2025-10-30T03:57:30.684000"
    },
    {
      "subdomain": "sm1.hpc",
      "type": "A",
      "options": {
        "ttl": 21600
      },
      "value": "140.116.206.34",
      "last_seen": "2025-10-30T03:57:30.304000"
    },
    {
      "subdomain": "smart.innovation",
      "type": "A",
      "options": {
        "ttl": 21600
      },
      "value": "140.116.88.224",
      "last_seen": "2025-10-30T03:57:30.376000"
    },
    {
      "subdomain": "smartcampus.cpd",
      "type": "A",
      "options": {
        "ttl": 21600
      },
      "value": "140.116.205.25",
      "last_seen": "2025-10-30T03:57:30.622000"
    },
    {
      "subdomain": "smartcampus.csie",
      "type": "A",
      "options": {
        "ttl": 3600
      },
      "value": "140.116.249.228",
      "last_seen": "2025-10-30T03:57:31.712000"
    },
    {
      "subdomain": "smarthospital.hosp",
      "type": "CNAME",
      "options": {
        "ttl": 3600
      },
      "value": "rpage.hosp.ncku.edu.tw",
      "last_seen": "2025-10-30T03:57:30.838000"
    },
    {
      "subdomain": "smile.ee",
      "type": "A",
      "options": {
        "ttl": 60
      },
      "value": "140.116.177.38",
      "last_seen": "2025-10-30T03:57:32.158000"
    },
    {
      "subdomain": "smin.hosp",
      "type": "A",
      "options": {
        "ttl": 3600
      },
      "value": "140.116.253.114",
      "last_seen": "2025-10-30T03:57:30.439000"
    },
    {
      "subdomain": "sml-lab.dbbs",
      "type": "CNAME",
      "options": {
        "ttl": 21600
      },
      "value": "ghs.googlehosted.com",
      "last_seen": "2025-10-30T03:57:30.332000"
    },
    {
      "subdomain": "sname",
      "type": "A",
      "options": {
        "ttl": 86400
      },
      "value": "140.116.248.21",
      "last_seen": "2025-10-30T03:57:31.969000"
    },
    {
      "subdomain": "sname7.sname",
      "type": "A",
      "options": {
        "ttl": 21600
      },
      "value": "140.116.40.7",
      "last_seen": "2025-10-30T03:57:31.175000"
    },
    {
      "subdomain": "soc.computing",
      "type": "A",
      "options": {
        "ttl": 21599
      },
      "value": "140.116.158.124",
      "last_seen": "2025-10-30T03:57:32.726000"
    },
    {
      "subdomain": "soilgw.researchvismap",
      "type": "A",
      "options": {
        "ttl": 21600
      },
      "value": "140.116.249.46",
      "last_seen": "2025-10-30T03:57:33.777000"
    },
    {
      "subdomain": "solar-power-backend.netdb.csie",
      "type": "A",
      "options": {
        "ttl": 3600
      },
      "value": "140.116.247.125",
      "last_seen": "2025-10-30T03:57:30.583000"
    },
    {
      "subdomain": "solar-power-platform.netdb.csie",
      "type": "A",
      "options": {
        "ttl": 3600
      },
      "value": "140.116.247.125",
      "last_seen": "2025-10-30T03:57:30.562000"
    },
    {
      "subdomain": "sop.ctld",
      "type": "A",
      "options": {
        "ttl": 21600
      },
      "value": "140.116.203.58",
      "last_seen": "2025-10-30T03:57:33.233000"
    },
    {
      "subdomain": "space.lib",
      "type": "A",
      "options": {
        "ttl": 60
      },
      "value": "140.116.207.51",
      "last_seen": "2025-10-30T03:57:32.504000"
    },
    {
      "subdomain": "space.ot",
      "type": "A",
      "options": {
        "ttl": 21600
      },
      "value": "103.17.9.244",
      "last_seen": "2025-10-30T03:57:30.162000"
    },
    {
      "subdomain": "space.science",
      "type": "A",
      "options": {
        "ttl": 21600
      },
      "value": "140.116.228.43",
      "last_seen": "2025-10-30T03:57:30.605000"
    },
    {
      "subdomain": "spacelab.ee",
      "type": "A",
      "options": {
        "ttl": 60
      },
      "value": "140.116.215.248",
      "last_seen": "2025-10-30T03:57:32.326000"
    },
    {
      "subdomain": "spark",
      "type": "A",
      "options": {
        "ttl": 21600
      },
      "value": "103.118.26.155",
      "last_seen": "2025-10-30T03:57:30.163000"
    },
    {
      "subdomain": "spd-ord",
      "type": "A",
      "options": {
        "ttl": 86400
      },
      "value": "140.116.248.21",
      "last_seen": "2025-10-30T03:57:31.184000"
    },
    {
      "subdomain": "spd.ord",
      "type": "A",
      "options": {
        "ttl": 21600
      },
      "value": "140.116.248.21",
      "last_seen": "2025-10-30T03:57:30.570000"
    },
    {
      "subdomain": "speech2.ee",
      "type": "A",
      "options": {
        "ttl": 60
      },
      "value": "140.116.156.246",
      "last_seen": "2025-10-30T03:57:30.639000"
    },
    {
      "subdomain": "spic2.ee",
      "type": "A",
      "options": {
        "ttl": 60
      },
      "value": "140.116.156.220",
      "last_seen": "2025-10-30T03:57:30.314000"
    },
    {
      "subdomain": "splab.imis",
      "type": "A",
      "options": {
        "ttl": 21600
      },
      "value": "140.116.86.98",
      "last_seen": "2025-10-30T03:57:32.514000"
    },
    {
      "subdomain": "sportslab",
      "type": "A",
      "options": {
        "ttl": 21600
      },
      "value": "140.116.248.17",
      "last_seen": "2025-10-30T03:57:30.712000"
    },
    {
      "subdomain": "sposad.cpd",
      "type": "A",
      "options": {
        "ttl": 21600
      },
      "value": "43.254.18.15",
      "last_seen": "2025-10-30T03:57:30.986000"
    },
    {
      "subdomain": "sprite.phys",
      "type": "A",
      "options": {
        "ttl": 20758
      },
      "value": "140.116.91.21",
      "last_seen": "2025-10-30T03:57:30.555000"
    },
    {
      "subdomain": "srf.ee",
      "type": "A",
      "options": {
        "ttl": 60
      },
      "value": "140.116.187.1",
      "last_seen": "2025-10-30T03:57:32.181000"
    },
    {
      "subdomain": "sris.itps",
      "type": "A",
      "options": {
        "ttl": 21600
      },
      "value": "140.116.56.81",
      "last_seen": "2025-10-30T03:57:30.523000"
    },
    {
      "subdomain": "sscas.ee",
      "type": "A",
      "options": {
        "ttl": 60
      },
      "value": "140.116.187.22",
      "last_seen": "2025-10-30T03:57:32.952000"
    },
    {
      "subdomain": "sscas3.ee",
      "type": "A",
      "options": {
        "ttl": 60
      },
      "value": "140.116.187.23",
      "last_seen": "2025-10-30T03:57:30.328000"
    },
    {
      "subdomain": "ssl.cc",
      "type": "A",
      "options": {
        "ttl": 21600
      },
      "value": "140.116.165.82",
      "last_seen": "2025-10-30T03:57:30.165000"
    },
    {
      "subdomain": "ssp.aislab.ee",
      "type": "A",
      "options": {
        "ttl": 21600
      },
      "value": "140.116.178.170",
      "last_seen": "2025-10-30T03:57:32.469000"
    },
    {
      "subdomain": "ssp.course.aislab.ee",
      "type": "A",
      "options": {
        "ttl": 21600
      },
      "value": "140.116.178.171",
      "last_seen": "2025-10-30T03:57:30.355000"
    },
    {
      "subdomain": "ssp.test.course.aislab.ee",
      "type": "A",
      "options": {
        "ttl": 21600
      },
      "value": "140.116.178.171",
      "last_seen": "2025-10-30T03:57:30.353000"
    },
    {
      "subdomain": "ssu.cpd",
      "type": "A",
      "options": {
        "ttl": 21600
      },
      "value": "43.254.18.15",
      "last_seen": "2025-10-30T03:57:32.067000"
    },
    {
      "subdomain": "ssu.ide",
      "type": "A",
      "options": {
        "ttl": 3600
      },
      "value": "103.17.8.23",
      "last_seen": "2025-10-30T03:57:30.362000"
    },
    {
      "subdomain": "ssujm.cpd",
      "type": "A",
      "options": {
        "ttl": 21600
      },
      "value": "43.254.17.104",
      "last_seen": "2025-10-30T03:57:30.604000"
    },
    {
      "subdomain": "startup",
      "type": "A",
      "options": {
        "ttl": 21600
      },
      "value": "140.116.88.228",
      "last_seen": "2025-10-30T03:57:31.183000"
    },
    {
      "subdomain": "stat",
      "type": "A",
      "options": {
        "ttl": 21600
      },
      "value": "140.116.52.31",
      "last_seen": "2025-10-30T03:57:30.970000"
    },
    {
      "subdomain": "stat.phys",
      "type": "A",
      "options": {
        "ttl": 21600
      },
      "value": "140.116.91.78",
      "last_seen": "2025-10-30T03:57:30.169000"
    },
    {
      "subdomain": "stim.civil",
      "type": "A",
      "options": {
        "ttl": 3600
      },
      "value": "140.116.75.203",
      "last_seen": "2025-10-30T03:57:30.356000"
    },
    {
      "subdomain": "stli.iim",
      "type": "A",
      "options": {
        "ttl": 3600
      },
      "value": "61.221.217.89",
      "last_seen": "2025-10-30T03:57:30.321000"
    },
    {
      "subdomain": "strauss.ee",
      "type": "A",
      "options": {
        "ttl": 60
      },
      "value": "140.116.72.143",
      "last_seen": "2025-10-30T03:57:32.755000"
    },
    {
      "subdomain": "stressrelieve.nursing",
      "type": "A",
      "options": {
        "ttl": 86400
      },
      "value": "140.116.249.131",
      "last_seen": "2025-10-30T03:57:33.792000"
    },
    {
      "subdomain": "stu.med",
      "type": "A",
      "options": {
        "ttl": 21600
      },
      "value": "140.116.60.225",
      "last_seen": "2025-10-30T03:57:32.310000"
    },
    {
      "subdomain": "stud.adm",
      "type": "A",
      "options": {
        "ttl": 21600
      },
      "value": "140.116.238.217",
      "last_seen": "2025-10-30T03:57:30.361000"
    },
    {
      "subdomain": "stw.innovation",
      "type": "A",
      "options": {
        "ttl": 21600
      },
      "value": "103.17.11.68",
      "last_seen": "2025-10-30T03:57:31.149000"
    },
    {
      "subdomain": "su.vp",
      "type": "A",
      "options": {
        "ttl": 21600
      },
      "value": "140.116.248.21",
      "last_seen": "2025-10-30T03:57:30.547000"
    },
    {
      "subdomain": "sun.isaps",
      "type": "A",
      "options": {
        "ttl": 21600
      },
      "value": "140.116.16.15",
      "last_seen": "2025-10-30T03:57:32.290000"
    },
    {
      "subdomain": "sun18.csie",
      "type": "A",
      "options": {
        "ttl": 3600
      },
      "value": "140.116.246.168",
      "last_seen": "2025-10-30T03:57:30.834000"
    },
    {
      "subdomain": "sun29.csie",
      "type": "A",
      "options": {
        "ttl": 3600
      },
      "value": "140.116.246.96",
      "last_seen": "2025-10-30T03:57:35.190000"
    },
    {
      "subdomain": "sup",
      "type": "A",
      "options": {
        "ttl": 21600
      },
      "value": "140.116.249.144",
      "last_seen": "2025-10-30T03:57:31.722000"
    },
    {
      "subdomain": "super.ime",
      "type": "A",
      "options": {
        "ttl": 21600
      },
      "value": "140.116.86.46",
      "last_seen": "2025-10-30T03:57:30.871000"
    },
    {
      "subdomain": "super.imis",
      "type": "A",
      "options": {
        "ttl": 21600
      },
      "value": "140.116.86.46",
      "last_seen": "2025-10-30T03:57:32.577000"
    },
    {
      "subdomain": "supercomputer.es",
      "type": "A",
      "options": {
        "ttl": 21600
      },
      "value": "140.116.78.168",
      "last_seen": "2025-10-30T03:57:30.837000"
    },
    {
      "subdomain": "surgery",
      "type": "A",
      "options": {
        "ttl": 86400
      },
      "value": "140.116.248.21",
      "last_seen": "2025-10-30T03:57:30.849000"
    },
    {
      "subdomain": "sustainability",
      "type": "A",
      "options": {
        "ttl": 21600
      },
      "value": "140.116.249.159",
      "last_seen": "2025-10-30T03:57:30.234000"
    },
    {
      "subdomain": "suxuelin.liberal",
      "type": "A",
      "options": {
        "ttl": 21600
      },
      "value": "140.116.10.20",
      "last_seen": "2025-10-30T03:57:30.304000"
    },
    {
      "subdomain": "svp-wu",
      "type": "A",
      "options": {
        "ttl": 21600
      },
      "value": "140.116.248.21",
      "last_seen": "2025-10-30T03:57:33.445000"
    },
    {
      "subdomain": "swinewwt.researchvismap",
      "type": "A",
      "options": {
        "ttl": 86400
      },
      "value": "140.116.249.46",
      "last_seen": "2025-10-30T03:57:31.353000"
    },
    {
      "subdomain": "swwtmicroalgaebp.researchvismap",
      "type": "A",
      "options": {
        "ttl": 21600
      },
      "value": "140.116.249.46",
      "last_seen": "2025-10-30T03:57:32.285000"
    },
    {
      "subdomain": "sys.purch-oga",
      "type": "A",
      "options": {
        "ttl": 21600
      },
      "value": "140.116.248.27",
      "last_seen": "2025-10-30T03:57:30.841000"
    },
    {
      "subdomain": "system.research",
      "type": "A",
      "options": {
        "ttl": 86400
      },
      "value": "140.116.239.181",
      "last_seen": "2025-10-30T03:57:31.107000"
    },
    {
      "subdomain": "tai2.ee",
      "type": "A",
      "options": {
        "ttl": 60
      },
      "value": "140.116.177.234",
      "last_seen": "2025-10-30T03:57:32.332000"
    },
    {
      "subdomain": "taigi.twl",
      "type": "A",
      "options": {
        "ttl": 21600
      },
      "value": "140.116.10.229",
      "last_seen": "2025-10-30T03:57:30.330000"
    },
    {
      "subdomain": "talks.netdb.csie",
      "type": "A",
      "options": {
        "ttl": 3600
      },
      "value": "140.116.247.125",
      "last_seen": "2025-10-30T03:57:30.759000"
    },
    {
      "subdomain": "tandem.hosp",
      "type": "A",
      "options": {
        "ttl": 3600
      },
      "value": "120.114.241.119",
      "last_seen": "2025-10-30T03:57:30.651000"
    },
    {
      "subdomain": "tas",
      "type": "A",
      "options": {
        "ttl": 15692
      },
      "value": "140.116.248.21",
      "last_seen": "2025-10-30T03:57:30.298000"
    },
    {
      "subdomain": "tauli.ee",
      "type": "A",
      "options": {
        "ttl": 60
      },
      "value": "140.116.216.121",
      "last_seen": "2025-10-30T03:57:30.841000"
    },
    {
      "subdomain": "tcc.twl",
      "type": "A",
      "options": {
        "ttl": 21599
      },
      "value": "140.116.10.228",
      "last_seen": "2025-10-30T03:57:34.545000"
    },
    {
      "subdomain": "tchaikovsk.ee",
      "type": "A",
      "options": {
        "ttl": 60
      },
      "value": "140.116.72.156",
      "last_seen": "2025-10-30T03:57:31.735000"
    },
    {
      "subdomain": "tcm",
      "type": "A",
      "options": {
        "ttl": 21600
      },
      "value": "140.116.248.21",
      "last_seen": "2025-10-30T03:57:34.705000"
    },
    {
      "subdomain": "tcsmh",
      "type": "A",
      "options": {
        "ttl": 21600
      },
      "value": "124.150.132.72",
      "last_seen": "2025-10-30T03:57:30.905000"
    },
    {
      "subdomain": "tdwdm.thl",
      "type": "A",
      "options": {
        "ttl": 3600
      },
      "value": "140.116.217.90",
      "last_seen": "2025-10-30T03:57:30.527000"
    },
    {
      "subdomain": "teach.law",
      "type": "A",
      "options": {
        "ttl": 21600
      },
      "value": "140.116.182.164",
      "last_seen": "2025-10-30T03:57:31.299000"
    },
    {
      "subdomain": "teachlab.phys",
      "type": "A",
      "options": {
        "ttl": 21600
      },
      "value": "140.116.91.87",
      "last_seen": "2025-10-30T03:57:30.299000"
    },
    {
      "subdomain": "technoart",
      "type": "A",
      "options": {
        "ttl": 21600
      },
      "value": "140.116.248.21",
      "last_seen": "2025-10-30T03:57:30.844000"
    },
    {
      "subdomain": "tej.lib",
      "type": "A",
      "options": {
        "ttl": 60
      },
      "value": "140.116.207.28",
      "last_seen": "2025-10-30T03:57:31.324000"
    },
    {
      "subdomain": "tesla.ee",
      "type": "A",
      "options": {
        "ttl": 60
      },
      "value": "140.116.216.110",
      "last_seen": "2025-10-30T03:57:30.248000"
    },
    {
      "subdomain": "test",
      "type": "A",
      "options": {
        "ttl": 21600
      },
      "value": "140.116.241.101",
      "last_seen": "2025-10-30T03:57:30.246000"
    },
    {
      "subdomain": "test.che",
      "type": "A",
      "options": {
        "ttl": 86400
      },
      "value": "140.116.73.1",
      "last_seen": "2025-10-30T03:57:31.585000"
    },
    {
      "subdomain": "test.lab.dps",
      "type": "A",
      "options": {
        "ttl": 300
      },
      "value": "127.0.0.1",
      "last_seen": "2025-10-30T03:57:31.405000"
    },
    {
      "subdomain": "test1106.pehl",
      "type": "A",
      "options": {
        "ttl": 21600
      },
      "value": "140.116.251.139",
      "last_seen": "2025-10-30T03:57:30.845000"
    },
    {
      "subdomain": "testbed",
      "type": "A",
      "options": {
        "ttl": 60
      },
      "value": "140.116.163.129",
      "last_seen": "2025-10-30T03:57:33.162000"
    },
    {
      "subdomain": "tfcfd.acad",
      "type": "A",
      "options": {
        "ttl": 21600
      },
      "value": "140.116.249.168",
      "last_seen": "2025-10-30T03:57:30.516000"
    },
    {
      "subdomain": "tgis2020.geomatics",
      "type": "A",
      "options": {
        "ttl": 3600
      },
      "value": "140.116.80.1",
      "last_seen": "2025-10-30T03:57:30.816000"
    },
    {
      "subdomain": "tgis2023.geomatics",
      "type": "A",
      "options": {
        "ttl": 3600
      },
      "value": "140.116.47.91",
      "last_seen": "2025-10-30T03:57:30.438000"
    },
    {
      "subdomain": "thebest.binfo",
      "type": "A",
      "options": {
        "ttl": 86400
      },
      "value": "140.116.56.150",
      "last_seen": "2025-10-30T03:57:30.643000"
    },
    {
      "subdomain": "thesis.arch",
      "type": "A",
      "options": {
        "ttl": 21600
      },
      "value": "140.116.37.41",
      "last_seen": "2025-10-30T03:57:30.895000"
    },
    {
      "subdomain": "thesis.lib",
      "type": "A",
      "options": {
        "ttl": 60
      },
      "value": "140.116.207.196",
      "last_seen": "2025-10-30T03:57:30.495000"
    },
    {
      "subdomain": "thl",
      "type": "A",
      "options": {
        "ttl": 3600
      },
      "value": "140.116.217.104",
      "last_seen": "2025-10-30T03:57:31.832000"
    },
    {
      "subdomain": "thoracic.surgery",
      "type": "A",
      "options": {
        "ttl": 86400
      },
      "value": "140.116.61.98",
      "last_seen": "2025-10-30T03:57:31.328000"
    },
    {
      "subdomain": "tipr.mdic",
      "type": "A",
      "options": {
        "ttl": 21600
      },
      "value": "3.17.237.189",
      "last_seen": "2025-10-30T03:57:30.936000"
    },
    {
      "subdomain": "titan",
      "type": "A",
      "options": {
        "ttl": 86400
      },
      "value": "140.116.249.224",
      "last_seen": "2025-10-30T03:57:31.192000"
    },
    {
      "subdomain": "tl",
      "type": "A",
      "options": {
        "ttl": 21600
      },
      "value": "140.116.248.17",
      "last_seen": "2025-10-30T03:57:33.870000"
    },
    {
      "subdomain": "tlm50.twl",
      "type": "A",
      "options": {
        "ttl": 21600
      },
      "value": "140.116.10.228",
      "last_seen": "2025-10-30T03:57:30.184000"
    },
    {
      "subdomain": "tm",
      "type": "A",
      "options": {
        "ttl": 21600
      },
      "value": "140.116.248.21",
      "last_seen": "2025-10-30T03:57:31.924000"
    },
    {
      "subdomain": "tme-rab-secretion.researchvismap",
      "type": "A",
      "options": {
        "ttl": 86400
      },
      "value": "140.116.249.46",
      "last_seen": "2025-10-30T03:57:34.740000"
    },
    {
      "subdomain": "toc.netdb.csie",
      "type": "A",
      "options": {
        "ttl": 3600
      },
      "value": "140.116.247.125",
      "last_seen": "2025-10-30T03:57:30.523000"
    },
    {
      "subdomain": "top",
      "type": "A",
      "options": {
        "ttl": 43200
      },
      "value": "140.116.248.21",
      "last_seen": "2025-10-30T03:57:30.527000"
    },
    {
      "subdomain": "torrecfaction.researchvismap",
      "type": "A",
      "options": {
        "ttl": 21600
      },
      "value": "140.116.249.46",
      "last_seen": "2025-10-30T03:57:30.186000"
    },
    {
      "subdomain": "tptdlens.csie",
      "type": "A",
      "options": {
        "ttl": 3600
      },
      "value": "140.116.245.197",
      "last_seen": "2025-10-30T03:57:32.329000"
    },
    {
      "subdomain": "tqip.hosp",
      "type": "A",
      "options": {
        "ttl": 3600
      },
      "value": "140.116.59.230",
      "last_seen": "2025-10-30T03:57:30.864000"
    },
    {
      "subdomain": "tracker.ee",
      "type": "A",
      "options": {
        "ttl": 60
      },
      "value": "140.116.49.1",
      "last_seen": "2025-10-30T03:57:30.317000"
    },
    {
      "subdomain": "tracker.testbed",
      "type": "A",
      "options": {
        "ttl": 60
      },
      "value": "140.110.111.17",
      "last_seen": "2025-10-30T03:57:30.379000"
    },
    {
      "subdomain": "tracker.testbed",
      "type": "AAAA",
      "options": {
        "ttl": 60
      },
      "value": "2001:e10:4000:6e::17",
      "last_seen": "2025-10-30T03:58:44.739000"
    },
    {
      "subdomain": "traefik.aislab.ee",
      "type": "A",
      "options": {
        "ttl": 21600
      },
      "value": "140.116.178.170",
      "last_seen": "2025-10-30T03:57:34.171000"
    },
    {
      "subdomain": "traefik.course.aislab.ee",
      "type": "A",
      "options": {
        "ttl": 21600
      },
      "value": "140.116.178.171",
      "last_seen": "2025-10-30T03:57:30.848000"
    },
    {
      "subdomain": "traefik.test.course.aislab.ee",
      "type": "A",
      "options": {
        "ttl": 21600
      },
      "value": "140.116.178.171",
      "last_seen": "2025-10-30T03:57:30.358000"
    },
    {
      "subdomain": "transcript.dev.netdb.csie",
      "type": "A",
      "options": {
        "ttl": 3600
      },
      "value": "140.116.247.125",
      "last_seen": "2025-10-30T03:57:30.502000"
    },
    {
      "subdomain": "trevi.ctld",
      "type": "A",
      "options": {
        "ttl": 21600
      },
      "value": "140.116.203.56",
      "last_seen": "2025-10-30T03:57:30.926000"
    },
    {
      "subdomain": "triathlon.pehl",
      "type": "A",
      "options": {
        "ttl": 21600
      },
      "value": "140.116.206.148",
      "last_seen": "2025-10-30T03:57:30.504000"
    },
    {
      "subdomain": "trs.hosp",
      "type": "A",
      "options": {
        "ttl": 3600
      },
      "value": "120.114.241.80",
      "last_seen": "2025-10-30T03:57:31.532000"
    },
    {
      "subdomain": "tsbme2024",
      "type": "A",
      "options": {
        "ttl": 21600
      },
      "value": "103.118.26.155",
      "last_seen": "2025-10-30T03:57:32.545000"
    },
    {
      "subdomain": "tslin.csie",
      "type": "A",
      "options": {
        "ttl": 3600
      },
      "value": "140.116.82.209",
      "last_seen": "2025-10-30T03:57:31.519000"
    },
    {
      "subdomain": "tsmccenter",
      "type": "A",
      "options": {
        "ttl": 21600
      },
      "value": "140.116.249.223",
      "last_seen": "2025-10-30T03:57:30.990000"
    },
    {
      "subdomain": "ttbic",
      "type": "A",
      "options": {
        "ttl": 21600
      },
      "value": "140.116.248.21",
      "last_seen": "2025-10-30T03:57:32.363000"
    },
    {
      "subdomain": "ttbic.rsh",
      "type": "A",
      "options": {
        "ttl": 21600
      },
      "value": "140.116.88.205",
      "last_seen": "2025-10-30T03:57:32.077000"
    },
    {
      "subdomain": "ttssearch.lib",
      "type": "A",
      "options": {
        "ttl": 60
      },
      "value": "140.116.207.22",
      "last_seen": "2025-10-30T03:57:32.331000"
    },
    {
      "subdomain": "ttstc",
      "type": "A",
      "options": {
        "ttl": 21600
      },
      "value": "61.218.135.175",
      "last_seen": "2025-10-30T03:57:33.664000"
    },
    {
      "subdomain": "turquoise.ee",
      "type": "A",
      "options": {
        "ttl": 60
      },
      "value": "140.116.72.179",
      "last_seen": "2025-10-30T03:57:30.316000"
    },
    {
      "subdomain": "twisc",
      "type": "A",
      "options": {
        "ttl": 1
      },
      "value": "140.116.163.129",
      "last_seen": "2025-10-30T03:57:30.985000"
    },
    {
      "subdomain": "twl",
      "type": "A",
      "options": {
        "ttl": 21600
      },
      "value": "140.116.248.21",
      "last_seen": "2025-10-30T03:57:32.351000"
    },
    {
      "subdomain": "twplant.researchvismap",
      "type": "A",
      "options": {
        "ttl": 21600
      },
      "value": "140.116.249.46",
      "last_seen": "2025-10-30T03:57:33.852000"
    },
    {
      "subdomain": "twriver.researchvismap",
      "type": "A",
      "options": {
        "ttl": 21600
      },
      "value": "140.116.249.46",
      "last_seen": "2025-10-30T03:57:30.331000"
    },
    {
      "subdomain": "uactest",
      "type": "A",
      "options": {
        "ttl": 21600
      },
      "value": "140.116.165.183",
      "last_seen": "2025-10-30T03:57:30.922000"
    },
    {
      "subdomain": "uav",
      "type": "A",
      "options": {
        "ttl": 21600
      },
      "value": "140.116.240.100",
      "last_seen": "2025-10-30T03:57:30.337000"
    },
    {
      "subdomain": "ucan",
      "type": "A",
      "options": {
        "ttl": 86400
      },
      "value": "140.116.249.219",
      "last_seen": "2025-10-30T03:57:30.936000"
    },
    {
      "subdomain": "ucs-edu-vc.cc",
      "type": "A",
      "options": {
        "ttl": 21600
      },
      "value": "140.116.68.100",
      "last_seen": "2025-10-30T03:57:31.497000"
    },
    {
      "subdomain": "ucs-mail-vc.cc",
      "type": "A",
      "options": {
        "ttl": 21600
      },
      "value": "140.116.8.5",
      "last_seen": "2025-10-30T03:57:30.878000"
    },
    {
      "subdomain": "ucs-vc.cc",
      "type": "A",
      "options": {
        "ttl": 21600
      },
      "value": "140.116.8.6",
      "last_seen": "2025-10-30T03:57:31.096000"
    },
    {
      "subdomain": "ucs-vc2.cc",
      "type": "A",
      "options": {
        "ttl": 21600
      },
      "value": "140.116.8.111",
      "last_seen": "2025-10-30T03:57:30.622000"
    },
    {
      "subdomain": "ucsesx17.cc",
      "type": "A",
      "options": {
        "ttl": 21600
      },
      "value": "140.116.8.77",
      "last_seen": "2025-10-30T03:57:32.340000"
    },
    {
      "subdomain": "ucsesx18.cc",
      "type": "A",
      "options": {
        "ttl": 21599
      },
      "value": "140.116.8.78",
      "last_seen": "2025-10-30T03:57:31.741000"
    },
    {
      "subdomain": "ucsesx19.cc",
      "type": "A",
      "options": {
        "ttl": 21600
      },
      "value": "140.116.8.79",
      "last_seen": "2025-10-30T03:57:30.569000"
    },
    {
      "subdomain": "ucsesx20.cc",
      "type": "A",
      "options": {
        "ttl": 21600
      },
      "value": "140.116.8.80",
      "last_seen": "2025-10-30T03:57:30.799000"
    },
    {
      "subdomain": "ucsesx21.cc",
      "type": "A",
      "options": {
        "ttl": 21600
      },
      "value": "140.116.8.81",
      "last_seen": "2025-10-30T03:57:30.537000"
    },
    {
      "subdomain": "ucsesx22.cc",
      "type": "A",
      "options": {
        "ttl": 21599
      },
      "value": "140.116.8.82",
      "last_seen": "2025-10-30T03:57:30.676000"
    },
    {
      "subdomain": "ucsesx23.cc",
      "type": "A",
      "options": {
        "ttl": 21599
      },
      "value": "140.116.8.83",
      "last_seen": "2025-10-30T03:57:30.687000"
    },
    {
      "subdomain": "ucsesx24.cc",
      "type": "A",
      "options": {
        "ttl": 21600
      },
      "value": "140.116.8.84",
      "last_seen": "2025-10-30T03:57:30.660000"
    },
    {
      "subdomain": "ucsesx25.cc",
      "type": "A",
      "options": {
        "ttl": 21600
      },
      "value": "140.116.8.85",
      "last_seen": "2025-10-30T03:57:30.991000"
    },
    {
      "subdomain": "ucsesx26.cc",
      "type": "A",
      "options": {
        "ttl": 86400
      },
      "value": "140.116.8.86",
      "last_seen": "2025-10-30T03:57:31.320000"
    },
    {
      "subdomain": "ucsesx27.cc",
      "type": "A",
      "options": {
        "ttl": 86400
      },
      "value": "140.116.8.87",
      "last_seen": "2025-10-30T03:57:30.656000"
    },
    {
      "subdomain": "ucsesx28.cc",
      "type": "A",
      "options": {
        "ttl": 86400
      },
      "value": "140.116.8.88",
      "last_seen": "2025-10-30T03:57:31.332000"
    },
    {
      "subdomain": "ucsesx29.cc",
      "type": "A",
      "options": {
        "ttl": 21600
      },
      "value": "140.116.8.89",
      "last_seen": "2025-10-30T03:57:31.624000"
    },
    {
      "subdomain": "ucsesx30.cc",
      "type": "A",
      "options": {
        "ttl": 21600
      },
      "value": "140.116.8.90",
      "last_seen": "2025-10-30T03:57:30.952000"
    },
    {
      "subdomain": "ucsesx31.cc",
      "type": "A",
      "options": {
        "ttl": 86400
      },
      "value": "140.116.8.91",
      "last_seen": "2025-10-30T03:57:31.631000"
    },
    {
      "subdomain": "ucsesx32.cc",
      "type": "A",
      "options": {
        "ttl": 21598
      },
      "value": "140.116.8.92",
      "last_seen": "2025-10-30T03:57:33.552000"
    },
    {
      "subdomain": "ufo",
      "type": "A",
      "options": {
        "ttl": 21600
      },
      "value": "140.116.248.21",
      "last_seen": "2025-10-30T03:57:30.623000"
    },
    {
      "subdomain": "uibun.twl",
      "type": "A",
      "options": {
        "ttl": 86400
      },
      "value": "140.116.10.228",
      "last_seen": "2025-10-30T03:57:31.886000"
    },
    {
      "subdomain": "unisectaiwan.ee",
      "type": "A",
      "options": {
        "ttl": 58
      },
      "value": "140.116.215.245",
      "last_seen": "2025-10-30T03:57:33.158000"
    },
    {
      "subdomain": "up",
      "type": "A",
      "options": {
        "ttl": 21600
      },
      "value": "103.17.8.59",
      "last_seen": "2025-10-30T03:57:33.090000"
    },
    {
      "subdomain": "uptime.lab.dps",
      "type": "A",
      "options": {
        "ttl": 300
      },
      "value": "140.116.205.191",
      "last_seen": "2025-10-30T03:57:30.504000"
    },
    {
      "subdomain": "ur",
      "type": "A",
      "options": {
        "ttl": 21600
      },
      "value": "59.125.33.10",
      "last_seen": "2025-10-30T03:57:31.658000"
    },
    {
      "subdomain": "urology-med",
      "type": "A",
      "options": {
        "ttl": 21600
      },
      "value": "140.116.248.21",
      "last_seen": "2025-10-30T03:57:31.889000"
    },
    {
      "subdomain": "usr50plus",
      "type": "A",
      "options": {
        "ttl": 21600
      },
      "value": "140.116.249.149",
      "last_seen": "2025-10-30T03:57:30.803000"
    },
    {
      "subdomain": "v1.moodle",
      "type": "A",
      "options": {
        "ttl": 21600
      },
      "value": "140.116.249.155",
      "last_seen": "2025-10-30T03:57:34.375000"
    },
    {
      "subdomain": "v2.moodle",
      "type": "A",
      "options": {
        "ttl": 21600
      },
      "value": "140.116.249.211",
      "last_seen": "2025-10-30T03:57:30.857000"
    },
    {
      "subdomain": "vab.arch",
      "type": "A",
      "options": {
        "ttl": 21600
      },
      "value": "140.116.37.41",
      "last_seen": "2025-10-30T03:57:30.430000"
    },
    {
      "subdomain": "vc.ciismgr.cc",
      "type": "A",
      "options": {
        "ttl": 3600
      },
      "value": "140.116.169.25",
      "last_seen": "2025-10-30T03:57:32.829000"
    },
    {
      "subdomain": "vc100.view",
      "type": "A",
      "options": {
        "ttl": 3600
      },
      "value": "140.116.68.130",
      "last_seen": "2025-10-30T03:57:30.893000"
    },
    {
      "subdomain": "vcmlab.psychology",
      "type": "A",
      "options": {
        "ttl": 21600
      },
      "value": "34.81.21.105",
      "last_seen": "2025-10-30T03:57:32.362000"
    },
    {
      "subdomain": "vcsdl1.ee",
      "type": "A",
      "options": {
        "ttl": 60
      },
      "value": "140.116.187.129",
      "last_seen": "2025-10-30T03:57:30.576000"
    },
    {
      "subdomain": "vcsdl17.ee",
      "type": "A",
      "options": {
        "ttl": 60
      },
      "value": "140.116.187.145",
      "last_seen": "2025-10-30T03:57:30.928000"
    },
    {
      "subdomain": "vcsdl18.ee",
      "type": "A",
      "options": {
        "ttl": 60
      },
      "value": "140.116.187.146",
      "last_seen": "2025-10-30T03:57:30.859000"
    },
    {
      "subdomain": "vcsdl19.ee",
      "type": "A",
      "options": {
        "ttl": 60
      },
      "value": "140.116.187.147",
      "last_seen": "2025-10-30T03:57:30.504000"
    },
    {
      "subdomain": "vcsdl21.ee",
      "type": "A",
      "options": {
        "ttl": 60
      },
      "value": "140.116.187.149",
      "last_seen": "2025-10-30T03:57:30.542000"
    },
    {
      "subdomain": "vcsdl24.ee",
      "type": "A",
      "options": {
        "ttl": 60
      },
      "value": "140.116.187.152",
      "last_seen": "2025-10-30T03:57:32.082000"
    },
    {
      "subdomain": "vcsdl27.ee",
      "type": "A",
      "options": {
        "ttl": 60
      },
      "value": "140.116.187.155",
      "last_seen": "2025-10-30T03:57:34.737000"
    },
    {
      "subdomain": "vcsdl28.ee",
      "type": "A",
      "options": {
        "ttl": 60
      },
      "value": "140.116.187.156",
      "last_seen": "2025-10-30T03:57:33.854000"
    },
    {
      "subdomain": "vcsdl3.ee",
      "type": "A",
      "options": {
        "ttl": 60
      },
      "value": "140.116.187.131",
      "last_seen": "2025-10-30T03:57:30.523000"
    },
    {
      "subdomain": "veda.ee",
      "type": "A",
      "options": {
        "ttl": 60
      },
      "value": "140.116.164.144",
      "last_seen": "2025-10-30T03:57:32.350000"
    },
    {
      "subdomain": "venus.ee",
      "type": "A",
      "options": {
        "ttl": 60
      },
      "value": "140.116.72.23",
      "last_seen": "2025-10-30T03:57:32.831000"
    },
    {
      "subdomain": "view",
      "type": "A",
      "options": {
        "ttl": 600
      },
      "value": "140.116.68.151",
      "last_seen": "2025-10-30T03:57:30.387000"
    },
    {
      "subdomain": "view",
      "type": "A",
      "options": {
        "ttl": 600
      },
      "value": "140.116.68.152",
      "last_seen": "2025-10-30T03:57:30.386000"
    },
    {
      "subdomain": "violet.ee",
      "type": "A",
      "options": {
        "ttl": 60
      },
      "value": "140.116.72.56",
      "last_seen": "2025-10-30T03:57:32.495000"
    },
    {
      "subdomain": "virgo.csie",
      "type": "A",
      "options": {
        "ttl": 3600
      },
      "value": "140.116.247.185",
      "last_seen": "2025-10-30T03:57:30.859000"
    },
    {
      "subdomain": "virtualcampustour.osp",
      "type": "A",
      "options": {
        "ttl": 21600
      },
      "value": "103.118.26.155",
      "last_seen": "2025-10-30T03:57:32.134000"
    },
    {
      "subdomain": "virtualcampustour.ossd",
      "type": "A",
      "options": {
        "ttl": 21600
      },
      "value": "103.118.26.155",
      "last_seen": "2025-10-30T03:57:30.659000"
    },
    {
      "subdomain": "vision.csie",
      "type": "A",
      "options": {
        "ttl": 3600
      },
      "value": "140.116.247.100",
      "last_seen": "2025-10-30T03:57:30.752000"
    },
    {
      "subdomain": "vlsi26.ee",
      "type": "A",
      "options": {
        "ttl": 60
      },
      "value": "140.116.187.116",
      "last_seen": "2025-10-30T03:57:35.547000"
    },
    {
      "subdomain": "vlsi29.ee",
      "type": "A",
      "options": {
        "ttl": 58
      },
      "value": "140.116.187.119",
      "last_seen": "2025-10-30T03:57:32.857000"
    },
    {
      "subdomain": "vlsilab.ee",
      "type": "A",
      "options": {
        "ttl": 60
      },
      "value": "140.116.187.104",
      "last_seen": "2025-10-30T03:57:30.941000"
    },
    {
      "subdomain": "vlsiws.ee",
      "type": "A",
      "options": {
        "ttl": 60
      },
      "value": "140.116.187.101",
      "last_seen": "2025-10-30T03:57:33.910000"
    },
    {
      "subdomain": "vm04.cc",
      "type": "A",
      "options": {
        "ttl": 86400
      },
      "value": "140.116.8.107",
      "last_seen": "2025-10-30T03:57:32.352000"
    },
    {
      "subdomain": "vm05.cc",
      "type": "A",
      "options": {
        "ttl": 21600
      },
      "value": "140.116.8.108",
      "last_seen": "2025-10-30T03:57:31.512000"
    },
    {
      "subdomain": "vm06.cc",
      "type": "A",
      "options": {
        "ttl": 21600
      },
      "value": "140.116.8.109",
      "last_seen": "2025-10-30T03:57:30.866000"
    },
    {
      "subdomain": "vm07.cc",
      "type": "A",
      "options": {
        "ttl": 21600
      },
      "value": "140.116.8.106",
      "last_seen": "2025-10-30T03:57:30.963000"
    },
    {
      "subdomain": "vm08.cc",
      "type": "A",
      "options": {
        "ttl": 21600
      },
      "value": "140.116.8.110",
      "last_seen": "2025-10-30T03:57:31.192000"
    },
    {
      "subdomain": "volunteer.museum",
      "type": "A",
      "options": {
        "ttl": 21599
      },
      "value": "140.116.249.48",
      "last_seen": "2025-10-30T03:57:33.431000"
    },
    {
      "subdomain": "vp-chang",
      "type": "A",
      "options": {
        "ttl": 86400
      },
      "value": "140.116.248.21",
      "last_seen": "2025-10-30T03:57:32.528000"
    },
    {
      "subdomain": "vp-chen",
      "type": "A",
      "options": {
        "ttl": 15691
      },
      "value": "140.116.248.21",
      "last_seen": "2025-10-30T03:57:32.252000"
    },
    {
      "subdomain": "vp-chuang",
      "type": "A",
      "options": {
        "ttl": 21600
      },
      "value": "140.116.248.21",
      "last_seen": "2025-10-30T03:57:31.280000"
    },
    {
      "subdomain": "vp-hong",
      "type": "A",
      "options": {
        "ttl": 21600
      },
      "value": "140.116.248.21",
      "last_seen": "2025-10-30T03:57:30.277000"
    },
    {
      "subdomain": "vp-kuo",
      "type": "A",
      "options": {
        "ttl": 21600
      },
      "value": "140.116.248.21",
      "last_seen": "2025-10-30T03:57:31.823000"
    },
    {
      "subdomain": "vp-lee",
      "type": "A",
      "options": {
        "ttl": 21600
      },
      "value": "140.116.248.21",
      "last_seen": "2025-10-30T03:57:31.917000"
    },
    {
      "subdomain": "vp-su",
      "type": "A",
      "options": {
        "ttl": 15691
      },
      "value": "140.116.248.21",
      "last_seen": "2025-10-30T03:57:30.757000"
    },
    {
      "subdomain": "vp-yunglee",
      "type": "A",
      "options": {
        "ttl": 21600
      },
      "value": "140.116.248.21",
      "last_seen": "2025-10-30T03:57:31.835000"
    },
    {
      "subdomain": "vpn.ctld",
      "type": "A",
      "options": {
        "ttl": 21600
      },
      "value": "140.116.17.145",
      "last_seen": "2025-10-30T03:57:31.849000"
    },
    {
      "subdomain": "vpn.hosp",
      "type": "A",
      "options": {
        "ttl": 3600
      },
      "value": "140.116.253.31",
      "last_seen": "2025-10-30T03:57:34.726000"
    },
    {
      "subdomain": "vr.me",
      "type": "A",
      "options": {
        "ttl": 21600
      },
      "value": "140.116.71.76",
      "last_seen": "2025-10-30T03:57:30.883000"
    },
    {
      "subdomain": "vrmip.me",
      "type": "A",
      "options": {
        "ttl": 21600
      },
      "value": "140.116.71.76",
      "last_seen": "2025-10-30T03:57:30.273000"
    },
    {
      "subdomain": "vrttsm.pehl",
      "type": "A",
      "options": {
        "ttl": 86400
      },
      "value": "140.116.251.139",
      "last_seen": "2025-10-30T03:57:30.900000"
    },
    {
      "subdomain": "vrttsm1.pehl",
      "type": "A",
      "options": {
        "ttl": 21600
      },
      "value": "140.116.251.139",
      "last_seen": "2025-10-30T03:57:35.263000"
    },
    {
      "subdomain": "vsa.twl",
      "type": "A",
      "options": {
        "ttl": 21600
      },
      "value": "140.116.10.228",
      "last_seen": "2025-10-30T03:57:30.931000"
    },
    {
      "subdomain": "vtpc14.ee",
      "type": "A",
      "options": {
        "ttl": 59
      },
      "value": "140.116.156.213",
      "last_seen": "2025-10-30T03:57:31.524000"
    },
    {
      "subdomain": "wagner.ee",
      "type": "A",
      "options": {
        "ttl": 60
      },
      "value": "140.116.72.141",
      "last_seen": "2025-10-30T03:57:31.193000"
    },
    {
      "subdomain": "watergasshift.researchvismap",
      "type": "A",
      "options": {
        "ttl": 21600
      },
      "value": "140.116.249.46",
      "last_seen": "2025-10-30T03:57:30.955000"
    },
    {
      "subdomain": "waterworkshop.hyd",
      "type": "A",
      "options": {
        "ttl": 21600
      },
      "value": "140.116.77.4",
      "last_seen": "2025-10-30T03:57:31.259000"
    },
    {
      "subdomain": "wcnpc02.ee",
      "type": "A",
      "options": {
        "ttl": 60
      },
      "value": "140.116.216.188",
      "last_seen": "2025-10-30T03:57:31.282000"
    },
    {
      "subdomain": "wdb106.thl",
      "type": "A",
      "options": {
        "ttl": 3600
      },
      "value": "140.116.217.240",
      "last_seen": "2025-10-30T03:57:30.868000"
    },
    {
      "subdomain": "web",
      "type": "A",
      "options": {
        "ttl": 21600
      },
      "value": "140.116.248.21",
      "last_seen": "2025-10-30T03:57:30.622000"
    },
    {
      "subdomain": "web.bme",
      "type": "A",
      "options": {
        "ttl": 15691
      },
      "value": "140.116.248.21",
      "last_seen": "2025-10-30T03:57:30.525000"
    },
    {
      "subdomain": "web.cc",
      "type": "A",
      "options": {
        "ttl": 21600
      },
      "value": "140.116.248.21",
      "last_seen": "2025-10-30T03:57:30.402000"
    },
    {
      "subdomain": "web.che",
      "type": "A",
      "options": {
        "ttl": 86400
      },
      "value": "140.116.73.4",
      "last_seen": "2025-10-30T03:57:30.568000"
    },
    {
      "subdomain": "web.civil",
      "type": "A",
      "options": {
        "ttl": 3598
      },
      "value": "140.116.36.214",
      "last_seen": "2025-10-30T03:57:34.908000"
    },
    {
      "subdomain": "web.csie",
      "type": "A",
      "options": {
        "ttl": 3600
      },
      "value": "140.116.246.203",
      "last_seen": "2025-10-30T03:57:30.321000"
    },
    {
      "subdomain": "web.dpec",
      "type": "A",
      "options": {
        "ttl": 3600
      },
      "value": "140.116.77.39",
      "last_seen": "2025-10-30T03:57:30.996000"
    },
    {
      "subdomain": "web.ee",
      "type": "A",
      "options": {
        "ttl": 60
      },
      "value": "140.116.49.103",
      "last_seen": "2025-10-30T03:57:30.198000"
    },
    {
      "subdomain": "web.hosp",
      "type": "A",
      "options": {
        "ttl": 3600
      },
      "value": "120.114.241.119",
      "last_seen": "2025-10-30T03:57:31.294000"
    },
    {
      "subdomain": "web.hyd",
      "type": "A",
      "options": {
        "ttl": 21600
      },
      "value": "140.116.77.6",
      "last_seen": "2025-10-30T03:57:31.243000"
    },
    {
      "subdomain": "web.iaa",
      "type": "A",
      "options": {
        "ttl": 21600
      },
      "value": "140.116.200.22",
      "last_seen": "2025-10-30T03:57:34.785000"
    },
    {
      "subdomain": "web.inhmm",
      "type": "A",
      "options": {
        "ttl": 86400
      },
      "value": "140.116.77.54",
      "last_seen": "2025-10-30T03:57:32.289000"
    },
    {
      "subdomain": "web.iotma",
      "type": "A",
      "options": {
        "ttl": 15692
      },
      "value": "140.116.77.2",
      "last_seen": "2025-10-30T03:57:31.519000"
    },
    {
      "subdomain": "web.mse",
      "type": "A",
      "options": {
        "ttl": 21600
      },
      "value": "140.116.35.3",
      "last_seen": "2025-10-30T03:57:30.392000"
    },
    {
      "subdomain": "web.netdb.csie",
      "type": "A",
      "options": {
        "ttl": 3600
      },
      "value": "140.116.247.125",
      "last_seen": "2025-10-30T03:57:30.638000"
    },
    {
      "subdomain": "web1.iotma",
      "type": "A",
      "options": {
        "ttl": 21600
      },
      "value": "140.116.77.55",
      "last_seen": "2025-10-30T03:57:36.011000"
    },
    {
      "subdomain": "web2",
      "type": "A",
      "options": {
        "ttl": 300
      },
      "value": "140.116.248.17",
      "last_seen": "2025-10-30T03:57:31.401000"
    },
    {
      "subdomain": "web3",
      "type": "A",
      "options": {
        "ttl": 300
      },
      "value": "140.116.248.21",
      "last_seen": "2025-10-30T03:57:30.200000"
    },
    {
      "subdomain": "web5",
      "type": "A",
      "options": {
        "ttl": 86400
      },
      "value": "140.116.241.53",
      "last_seen": "2025-10-30T03:57:30.737000"
    },
    {
      "subdomain": "webap1.innovation",
      "type": "A",
      "options": {
        "ttl": 21600
      },
      "value": "140.116.88.231",
      "last_seen": "2025-10-30T03:57:31.933000"
    },
    {
      "subdomain": "webdisk.nckuhevtts.bme",
      "type": "A",
      "options": {
        "ttl": 300
      },
      "value": "103.123.243.33",
      "last_seen": "2025-10-30T03:57:33.545000"
    },
    {
      "subdomain": "weblis.lib",
      "type": "A",
      "options": {
        "ttl": 60
      },
      "value": "140.116.207.9",
      "last_seen": "2025-10-30T03:57:32.385000"
    },
    {
      "subdomain": "webmail",
      "type": "A",
      "options": {
        "ttl": 86400
      },
      "value": "140.116.165.190",
      "last_seen": "2025-10-30T03:57:33.897000"
    },
    {
      "subdomain": "webmail.csie",
      "type": "A",
      "options": {
        "ttl": 3600
      },
      "value": "140.116.246.203",
      "last_seen": "2025-10-30T03:57:30.362000"
    },
    {
      "subdomain": "webmail.nckuhevtts.bme",
      "type": "A",
      "options": {
        "ttl": 300
      },
      "value": "103.123.243.33",
      "last_seen": "2025-10-30T03:57:30.664000"
    },
    {
      "subdomain": "webpac.lib",
      "type": "A",
      "options": {
        "ttl": 60
      },
      "value": "140.116.207.9",
      "last_seen": "2025-10-30T03:57:31.323000"
    },
    {
      "subdomain": "website",
      "type": "A",
      "options": {
        "ttl": 21600
      },
      "value": "140.116.248.21",
      "last_seen": "2025-10-30T03:57:35.511000"
    },
    {
      "subdomain": "white.ee",
      "type": "A",
      "options": {
        "ttl": 60
      },
      "value": "140.116.72.183",
      "last_seen": "2025-10-30T03:57:31.023000"
    },
    {
      "subdomain": "whsap.csie",
      "type": "A",
      "options": {
        "ttl": 3600
      },
      "value": "140.116.245.227",
      "last_seen": "2025-10-30T03:57:30.289000"
    },
    {
      "subdomain": "wicslab.ee",
      "type": "A",
      "options": {
        "ttl": 60
      },
      "value": "140.116.92.249",
      "last_seen": "2025-10-30T03:57:34.437000"
    },
    {
      "subdomain": "wifi.alumni",
      "type": "A",
      "options": {
        "ttl": 21600
      },
      "value": "140.116.165.90",
      "last_seen": "2025-10-30T03:57:30.980000"
    },
    {
      "subdomain": "wisbal.ee",
      "type": "A",
      "options": {
        "ttl": 60
      },
      "value": "140.116.157.39",
      "last_seen": "2025-10-30T03:57:30.275000"
    },
    {
      "subdomain": "wkdls.iim",
      "type": "A",
      "options": {
        "ttl": 3600
      },
      "value": "140.116.53.154",
      "last_seen": "2025-10-30T03:57:32.385000"
    },
    {
      "subdomain": "wmmks.csie",
      "type": "A",
      "options": {
        "ttl": 3600
      },
      "value": "140.116.245.151",
      "last_seen": "2025-10-30T03:57:32.437000"
    },
    {
      "subdomain": "wra.twisc",
      "type": "A",
      "options": {
        "ttl": 1
      },
      "value": "140.116.163.129",
      "last_seen": "2025-10-30T03:57:30.328000"
    },
    {
      "subdomain": "wraicslog.twisc",
      "type": "A",
      "options": {
        "ttl": 1
      },
      "value": "140.116.163.129",
      "last_seen": "2025-10-30T03:57:32.363000"
    },
    {
      "subdomain": "ws.ccns",
      "type": "A",
      "options": {
        "ttl": 60
      },
      "value": "140.116.249.140",
      "last_seen": "2025-10-30T03:57:30.882000"
    },
    {
      "subdomain": "ws.ccns",
      "type": "AAAA",
      "options": {
        "ttl": 60
      },
      "value": "2001:288:7001:249::140",
      "last_seen": "2025-10-30T03:58:47.226000"
    },
    {
      "subdomain": "ws.twl",
      "type": "A",
      "options": {
        "ttl": 21600
      },
      "value": "140.116.10.228",
      "last_seen": "2025-10-30T03:57:30.258000"
    },
    {
      "subdomain": "wsl.hyd",
      "type": "A",
      "options": {
        "ttl": 21600
      },
      "value": "140.116.77.5",
      "last_seen": "2025-10-30T03:57:35.839000"
    },
    {
      "subdomain": "wtmh.bme",
      "type": "A",
      "options": {
        "ttl": 21600
      },
      "value": "124.150.132.72",
      "last_seen": "2025-10-30T03:57:30.877000"
    },
    {
      "subdomain": "wun-drg",
      "type": "A",
      "options": {
        "ttl": 21600
      },
      "value": "140.116.249.159",
      "last_seen": "2025-10-30T03:57:30.527000"
    },
    {
      "subdomain": "ww2.phys",
      "type": "A",
      "options": {
        "ttl": 21600
      },
      "value": "140.116.91.1",
      "last_seen": "2025-10-30T03:57:30.657000"
    },
    {
      "subdomain": "www",
      "type": "A",
      "options": {
        "ttl": 86400
      },
      "value": "140.116.248.21",
      "last_seen": "2025-10-30T03:57:31.370000"
    },
    {
      "subdomain": "www.acc",
      "type": "A",
      "options": {
        "ttl": 3600
      },
      "value": "103.17.11.108",
      "last_seen": "2025-10-30T03:57:30.439000"
    },
    {
      "subdomain": "www.amba",
      "type": "A",
      "options": {
        "ttl": 21600
      },
      "value": "140.116.248.21",
      "last_seen": "2025-10-30T03:57:30.598000"
    },
    {
      "subdomain": "www.arch",
      "type": "A",
      "options": {
        "ttl": 21600
      },
      "value": "103.17.11.108",
      "last_seen": "2025-10-30T03:57:30.885000"
    },
    {
      "subdomain": "www.art",
      "type": "A",
      "options": {
        "ttl": 86400
      },
      "value": "140.116.248.21",
      "last_seen": "2025-10-30T03:57:30.590000"
    },
    {
      "subdomain": "www.ba",
      "type": "A",
      "options": {
        "ttl": 21600
      },
      "value": "140.116.248.21",
      "last_seen": "2025-10-30T03:57:31.254000"
    },
    {
      "subdomain": "www.behmed",
      "type": "A",
      "options": {
        "ttl": 21600
      },
      "value": "140.116.248.21",
      "last_seen": "2025-10-30T03:57:31.963000"
    },
    {
      "subdomain": "www.binfo",
      "type": "A",
      "options": {
        "ttl": 21600
      },
      "value": "140.116.56.161",
      "last_seen": "2025-10-30T03:57:30.492000"
    },
    {
      "subdomain": "www.bio",
      "type": "A",
      "options": {
        "ttl": 21600
      },
      "value": "18.178.63.88",
      "last_seen": "2025-10-30T03:57:30.504000"
    },
    {
      "subdomain": "www.cc",
      "type": "A",
      "options": {
        "ttl": 21600
      },
      "value": "140.116.241.56",
      "last_seen": "2025-10-30T03:57:30.497000"
    },
    {
      "subdomain": "www.ccns",
      "type": "A",
      "options": {
        "ttl": 60
      },
      "value": "140.116.249.138",
      "last_seen": "2025-10-30T03:57:30.883000"
    },
    {
      "subdomain": "www.ccns",
      "type": "AAAA",
      "options": {
        "ttl": 60
      },
      "value": "2001:288:7001:249::138",
      "last_seen": "2025-10-30T03:58:50.602000"
    },
    {
      "subdomain": "www.chass",
      "type": "A",
      "options": {
        "ttl": 86400
      },
      "value": "140.116.223.100",
      "last_seen": "2025-10-30T03:57:30.561000"
    },
    {
      "subdomain": "www.che",
      "type": "A",
      "options": {
        "ttl": 21600
      },
      "value": "140.116.73.4",
      "last_seen": "2025-10-30T03:57:30.487000"
    },
    {
      "subdomain": "www.chinese",
      "type": "A",
      "options": {
        "ttl": 21600
      },
      "value": "140.116.248.21",
      "last_seen": "2025-10-30T03:57:30.908000"
    },
    {
      "subdomain": "www.civil",
      "type": "A",
      "options": {
        "ttl": 760
      },
      "value": "103.17.11.108",
      "last_seen": "2025-10-30T03:57:30.833000"
    },
    {
      "subdomain": "www.cmcs",
      "type": "A",
      "options": {
        "ttl": 21600
      },
      "value": "140.116.10.20",
      "last_seen": "2025-10-30T03:57:30.603000"
    },
    {
      "subdomain": "www.comc",
      "type": "A",
      "options": {
        "ttl": 21599
      },
      "value": "140.116.133.173",
      "last_seen": "2025-10-30T03:57:36.160000"
    },
    {
      "subdomain": "www.cpd",
      "type": "A",
      "options": {
        "ttl": 21600
      },
      "value": "140.116.205.7",
      "last_seen": "2025-10-30T03:57:30.910000"
    },
    {
      "subdomain": "www.csie",
      "type": "A",
      "options": {
        "ttl": 3600
      },
      "value": "140.116.246.30",
      "last_seen": "2025-10-30T03:57:31.401000"
    },
    {
      "subdomain": "www.css",
      "type": "A",
      "options": {
        "ttl": 15691
      },
      "value": "140.116.183.31",
      "last_seen": "2025-10-30T03:57:30.697000"
    },
    {
      "subdomain": "www.deoh",
      "type": "A",
      "options": {
        "ttl": 21600
      },
      "value": "140.116.248.21",
      "last_seen": "2025-10-30T03:57:30.266000"
    },
    {
      "subdomain": "www.dfsr",
      "type": "A",
      "options": {
        "ttl": 86400
      },
      "value": "192.250.235.26",
      "last_seen": "2025-10-30T03:57:31.527000"
    },
    {
      "subdomain": "www.dprc",
      "type": "A",
      "options": {
        "ttl": 21600
      },
      "value": "52.68.151.126",
      "last_seen": "2025-10-30T03:57:30.886000"
    },
    {
      "subdomain": "www.dps",
      "type": "A",
      "options": {
        "ttl": 86400
      },
      "value": "140.116.248.21",
      "last_seen": "2025-10-30T03:57:31.227000"
    },
    {
      "subdomain": "www.econ",
      "type": "A",
      "options": {
        "ttl": 21600
      },
      "value": "140.116.182.197",
      "last_seen": "2025-10-30T03:57:30.332000"
    },
    {
      "subdomain": "www.ed",
      "type": "A",
      "options": {
        "ttl": 21600
      },
      "value": "140.116.183.80",
      "last_seen": "2025-10-30T03:57:31.874000"
    },
    {
      "subdomain": "www.edsrc",
      "type": "A",
      "options": {
        "ttl": 21600
      },
      "value": "172.235.205.145",
      "last_seen": "2025-10-30T03:57:30.464000"
    },
    {
      "subdomain": "www.ee",
      "type": "A",
      "options": {
        "ttl": 60
      },
      "value": "140.116.49.101",
      "last_seen": "2025-10-30T03:57:30.885000"
    },
    {
      "subdomain": "www.emba",
      "type": "A",
      "options": {
        "ttl": 21600
      },
      "value": "140.116.248.21",
      "last_seen": "2025-10-30T03:57:30.623000"
    },
    {
      "subdomain": "www.en.mse",
      "type": "A",
      "options": {
        "ttl": 21600
      },
      "value": "59.125.33.11",
      "last_seen": "2025-10-30T03:57:30.215000"
    },
    {
      "subdomain": "www.eng",
      "type": "A",
      "options": {
        "ttl": 21600
      },
      "value": "140.116.248.21",
      "last_seen": "2025-10-30T03:57:31.305000"
    },
    {
      "subdomain": "www.es",
      "type": "A",
      "options": {
        "ttl": 21600
      },
      "value": "140.116.78.118",
      "last_seen": "2025-10-30T03:57:30.289000"
    },
    {
      "subdomain": "www.ev",
      "type": "A",
      "options": {
        "ttl": 21600
      },
      "value": "140.116.248.21",
      "last_seen": "2025-10-30T03:57:30.931000"
    },
    {
      "subdomain": "www.fintech",
      "type": "A",
      "options": {
        "ttl": 21600
      },
      "value": "54.199.105.73",
      "last_seen": "2025-10-30T03:57:30.406000"
    },
    {
      "subdomain": "www.flld",
      "type": "A",
      "options": {
        "ttl": 86400
      },
      "value": "140.116.248.21",
      "last_seen": "2025-10-30T03:57:31.665000"
    },
    {
      "subdomain": "www.fpsrc",
      "type": "A",
      "options": {
        "ttl": 21600
      },
      "value": "140.116.204.200",
      "last_seen": "2025-10-30T03:57:30.625000"
    },
    {
      "subdomain": "www.geomatics",
      "type": "A",
      "options": {
        "ttl": 3600
      },
      "value": "43.254.17.15",
      "last_seen": "2025-10-30T03:57:32.793000"
    },
    {
      "subdomain": "www.gipe",
      "type": "A",
      "options": {
        "ttl": 86400
      },
      "value": "140.116.182.4",
      "last_seen": "2025-10-30T03:57:31.240000"
    },
    {
      "subdomain": "www.healthycities",
      "type": "A",
      "options": {
        "ttl": 21600
      },
      "value": "140.116.80.1",
      "last_seen": "2025-10-30T03:57:34.385000"
    },
    {
      "subdomain": "www.his",
      "type": "A",
      "options": {
        "ttl": 21600
      },
      "value": "140.116.13.2",
      "last_seen": "2025-10-30T03:57:30.886000"
    },
    {
      "subdomain": "www.hosp",
      "type": "A",
      "options": {
        "ttl": 3599
      },
      "value": "140.116.253.119",
      "last_seen": "2025-10-30T03:57:34.223000"
    },
    {
      "subdomain": "www.hsnet.ee",
      "type": "A",
      "options": {
        "ttl": 3600
      },
      "value": "140.116.163.129",
      "last_seen": "2025-10-30T03:57:33.504000"
    },
    {
      "subdomain": "www.ib",
      "type": "A",
      "options": {
        "ttl": 21600
      },
      "value": "140.116.248.21",
      "last_seen": "2025-10-30T03:57:30.844000"
    },
    {
      "subdomain": "www.icid",
      "type": "A",
      "options": {
        "ttl": 21600
      },
      "value": "140.116.220.139",
      "last_seen": "2025-10-30T03:57:30.417000"
    },
    {
      "subdomain": "www.ide",
      "type": "A",
      "options": {
        "ttl": 3600
      },
      "value": "140.116.241.66",
      "last_seen": "2025-10-30T03:57:32.407000"
    },
    {
      "subdomain": "www.ime",
      "type": "A",
      "options": {
        "ttl": 21600
      },
      "value": "140.116.86.7",
      "last_seen": "2025-10-30T03:57:31.692000"
    },
    {
      "subdomain": "www.imi",
      "type": "A",
      "options": {
        "ttl": 86400
      },
      "value": "140.116.246.249",
      "last_seen": "2025-10-30T03:57:30.463000"
    },
    {
      "subdomain": "www.imis",
      "type": "A",
      "options": {
        "ttl": 21600
      },
      "value": "140.116.248.21",
      "last_seen": "2025-10-30T03:57:30.523000"
    },
    {
      "subdomain": "www.iog",
      "type": "A",
      "options": {
        "ttl": 21600
      },
      "value": "140.116.248.21",
      "last_seen": "2025-10-30T03:57:30.532000"
    },
    {
      "subdomain": "www.iom",
      "type": "A",
      "options": {
        "ttl": 21600
      },
      "value": "140.116.248.21",
      "last_seen": "2025-10-30T03:57:30.519000"
    },
    {
      "subdomain": "www.itlab.ee",
      "type": "A",
      "options": {
        "ttl": 60
      },
      "value": "103.167.250.29",
      "last_seen": "2025-10-30T03:57:31.483000"
    },
    {
      "subdomain": "www.itps",
      "type": "A",
      "options": {
        "ttl": 21600
      },
      "value": "140.116.248.21",
      "last_seen": "2025-10-30T03:57:31.042000"
    },
    {
      "subdomain": "www.ives",
      "type": "A",
      "options": {
        "ttl": 21600
      },
      "value": "140.116.180.247",
      "last_seen": "2025-10-30T03:57:31.191000"
    },
    {
      "subdomain": "www.ksc.im",
      "type": "A",
      "options": {
        "ttl": 3600
      },
      "value": "140.116.99.141",
      "last_seen": "2025-10-30T03:57:30.730000"
    },
    {
      "subdomain": "www.law",
      "type": "A",
      "options": {
        "ttl": 17606
      },
      "value": "140.116.182.159",
      "last_seen": "2025-10-30T03:57:30.915000"
    },
    {
      "subdomain": "www.lib",
      "type": "A",
      "options": {
        "ttl": 60
      },
      "value": "140.116.207.30",
      "last_seen": "2025-10-30T03:57:30.291000"
    },
    {
      "subdomain": "www.liberal",
      "type": "A",
      "options": {
        "ttl": 21600
      },
      "value": "140.116.10.20",
      "last_seen": "2025-10-30T03:57:30.890000"
    },
    {
      "subdomain": "www.loge.hyd",
      "type": "A",
      "options": {
        "ttl": 21600
      },
      "value": "140.116.77.97",
      "last_seen": "2025-10-30T03:57:30.892000"
    },
    {
      "subdomain": "www.lsprc",
      "type": "A",
      "options": {
        "ttl": 1955
      },
      "value": "140.116.185.148",
      "last_seen": "2025-10-30T03:57:30.832000"
    },
    {
      "subdomain": "www.management",
      "type": "A",
      "options": {
        "ttl": 21600
      },
      "value": "140.116.248.21",
      "last_seen": "2025-10-30T03:57:34.443000"
    },
    {
      "subdomain": "www.mdid.me",
      "type": "A",
      "options": {
        "ttl": 21600
      },
      "value": "140.116.71.18",
      "last_seen": "2025-10-30T03:57:30.458000"
    },
    {
      "subdomain": "www.me",
      "type": "A",
      "options": {
        "ttl": 15692
      },
      "value": "140.116.31.39",
      "last_seen": "2025-10-30T03:57:30.713000"
    },
    {
      "subdomain": "www.medlib",
      "type": "A",
      "options": {
        "ttl": 21600
      },
      "value": "140.116.207.41",
      "last_seen": "2025-10-30T03:57:31.658000"
    },
    {
      "subdomain": "www.mmnetlab.csie",
      "type": "A",
      "options": {
        "ttl": 3600
      },
      "value": "140.116.82.131",
      "last_seen": "2025-10-30T03:57:30.561000"
    },
    {
      "subdomain": "www.mmnetlab.csie",
      "type": "AAAA",
      "options": {
        "ttl": 3600
      },
      "value": "2001:288:7001:2706::1",
      "last_seen": "2025-10-30T03:58:45.762000"
    },
    {
      "subdomain": "www.mp",
      "type": "A",
      "options": {
        "ttl": 21600
      },
      "value": "140.116.248.21",
      "last_seen": "2025-10-30T03:57:33.819000"
    },
    {
      "subdomain": "www.mse",
      "type": "A",
      "options": {
        "ttl": 21600
      },
      "value": "59.125.33.11",
      "last_seen": "2025-10-30T03:57:30.222000"
    },
    {
      "subdomain": "www.nc.es",
      "type": "A",
      "options": {
        "ttl": 21600
      },
      "value": "140.116.39.225",
      "last_seen": "2025-10-30T03:57:31.523000"
    },
    {
      "subdomain": "www.ncts",
      "type": "A",
      "options": {
        "ttl": 21600
      },
      "value": "140.116.46.87",
      "last_seen": "2025-10-30T03:57:31.065000"
    },
    {
      "subdomain": "www.nlearning",
      "type": "A",
      "options": {
        "ttl": 21599
      },
      "value": "140.116.167.67",
      "last_seen": "2025-10-30T03:57:32.672000"
    },
    {
      "subdomain": "www.nsl.phys",
      "type": "A",
      "options": {
        "ttl": 21600
      },
      "value": "140.116.161.4",
      "last_seen": "2025-10-30T03:57:32.531000"
    },
    {
      "subdomain": "www.nursing",
      "type": "A",
      "options": {
        "ttl": 21600
      },
      "value": "140.116.248.21",
      "last_seen": "2025-10-30T03:57:33.152000"
    },
    {
      "subdomain": "www.pehl",
      "type": "A",
      "options": {
        "ttl": 21600
      },
      "value": "140.116.248.21",
      "last_seen": "2025-10-30T03:57:30.298000"
    },
    {
      "subdomain": "www.phys",
      "type": "A",
      "options": {
        "ttl": 20240
      },
      "value": "103.136.60.101",
      "last_seen": "2025-10-30T03:57:30.389000"
    },
    {
      "subdomain": "www.polsci",
      "type": "A",
      "options": {
        "ttl": 21600
      },
      "value": "140.116.182.4",
      "last_seen": "2025-10-30T03:57:30.711000"
    },
    {
      "subdomain": "www.pt",
      "type": "A",
      "options": {
        "ttl": 21599
      },
      "value": "140.116.248.21",
      "last_seen": "2025-10-30T03:57:32.625000"
    },
    {
      "subdomain": "www.rebamp2019.csie",
      "type": "A",
      "options": {
        "ttl": 3600
      },
      "value": "140.116.82.20",
      "last_seen": "2025-10-30T03:57:32.421000"
    },
    {
      "subdomain": "www.science",
      "type": "A",
      "options": {
        "ttl": 15691
      },
      "value": "140.116.248.21",
      "last_seen": "2025-10-30T03:57:30.213000"
    },
    {
      "subdomain": "www.sname",
      "type": "A",
      "options": {
        "ttl": 21600
      },
      "value": "140.116.248.21",
      "last_seen": "2025-10-30T03:57:30.322000"
    },
    {
      "subdomain": "www.stat",
      "type": "A",
      "options": {
        "ttl": 12576
      },
      "value": "103.17.11.108",
      "last_seen": "2025-10-30T03:57:30.708000"
    },
    {
      "subdomain": "www.tas",
      "type": "A",
      "options": {
        "ttl": 21600
      },
      "value": "140.116.248.21",
      "last_seen": "2025-10-30T03:57:30.902000"
    },
    {
      "subdomain": "www.ttbic",
      "type": "A",
      "options": {
        "ttl": 21600
      },
      "value": "140.116.88.248",
      "last_seen": "2025-10-30T03:57:31.687000"
    },
    {
      "subdomain": "www.twl",
      "type": "A",
      "options": {
        "ttl": 21600
      },
      "value": "140.116.248.21",
      "last_seen": "2025-10-30T03:57:30.881000"
    },
    {
      "subdomain": "www.up",
      "type": "A",
      "options": {
        "ttl": 21600
      },
      "value": "103.17.8.59",
      "last_seen": "2025-10-30T03:57:30.905000"
    },
    {
      "subdomain": "www.wpeiic",
      "type": "A",
      "options": {
        "ttl": 3600
      },
      "value": "140.116.185.199",
      "last_seen": "2025-10-30T03:57:30.592000"
    },
    {
      "subdomain": "www1.ime",
      "type": "A",
      "options": {
        "ttl": 21600
      },
      "value": "140.116.86.7",
      "last_seen": "2025-10-30T03:57:30.228000"
    },
    {
      "subdomain": "www1.imis",
      "type": "A",
      "options": {
        "ttl": 21600
      },
      "value": "140.116.86.7",
      "last_seen": "2025-10-30T03:57:31.521000"
    },
    {
      "subdomain": "www2.hyd",
      "type": "A",
      "options": {
        "ttl": 21600
      },
      "value": "140.116.77.14",
      "last_seen": "2025-10-30T03:57:34.094000"
    },
    {
      "subdomain": "www2.twl",
      "type": "A",
      "options": {
        "ttl": 21600
      },
      "value": "140.116.10.228",
      "last_seen": "2025-10-30T03:57:34.354000"
    },
    {
      "subdomain": "xms.hosp",
      "type": "A",
      "options": {
        "ttl": 3600
      },
      "value": "140.116.59.180",
      "last_seen": "2025-10-30T03:57:32.085000"
    },
    {
      "subdomain": "yblin.neat.csie",
      "type": "A",
      "options": {
        "ttl": 3600
      },
      "value": "140.116.245.211",
      "last_seen": "2025-10-30T03:57:30.814000"
    },
    {
      "subdomain": "yellow.ee",
      "type": "A",
      "options": {
        "ttl": 60
      },
      "value": "140.116.72.181",
      "last_seen": "2025-10-30T03:57:30.596000"
    },
    {
      "subdomain": "yichen.ee",
      "type": "A",
      "options": {
        "ttl": 60
      },
      "value": "140.116.72.90",
      "last_seen": "2025-10-30T03:57:30.639000"
    },
    {
      "subdomain": "yun.che",
      "type": "A",
      "options": {
        "ttl": 21600
      },
      "value": "140.116.33.81",
      "last_seen": "2025-10-30T03:57:30.522000"
    },
    {
      "subdomain": "zeelandia.museum",
      "type": "A",
      "options": {
        "ttl": 21600
      },
      "value": "140.116.249.47",
      "last_seen": "2025-10-30T03:57:33.671000"
    },
    {
      "subdomain": "zoro.ee",
      "type": "A",
      "options": {
        "ttl": 60
      },
      "value": "140.116.72.97",
      "last_seen": "2025-10-30T03:57:30.857000"
    },
    {
      "subdomain": "zvibasednps.researchvismap",
      "type": "A",
      "options": {
        "ttl": 21600
      },
      "value": "140.116.249.46",
      "last_seen": "2025-10-30T03:57:32.367000"
    },
    {
      "subdomain": "",
      "type": "MX",
      "value": "mail.ncku.edu.tw",
      "last_seen": "2025-10-29T14:51:21.306000"
    },
    {
      "subdomain": "",
      "type": "NS",
      "value": "apple.ncku.edu.tw",
      "last_seen": "2025-10-29T14:51:02.952000"
    },
    {
      "subdomain": "",
      "type": "NS",
      "value": "name.ncku.edu.tw",
      "last_seen": "2025-10-29T14:51:02.952000"
    },
    {
      "subdomain": "",
      "type": "SOA",
      "value": "apple.ncku.edu.tw",
      "last_seen": "2025-10-29T14:53:14.253000"
    },
    {
      "subdomain": "",
      "type": "TXT",
      "value": "3c6c0b900958194b0ca91f997a5c365be178a86ba814eea4ea9da50ba7abc379",
      "last_seen": "2025-10-29T14:48:05.924000"
    },
    {
      "subdomain": "",
      "type": "TXT",
      "value": "Foxit-domain-verification=28ba3e4b92a8fb95ceb3f8a2cafbd9eb",
      "last_seen": "2025-10-29T14:48:05.924000"
    },
    {
      "subdomain": "",
      "type": "TXT",
      "value": "MS=ms55258625",
      "last_seen": "2025-10-29T14:48:05.924000"
    },
    {
      "subdomain": "",
      "type": "TXT",
      "value": "ZA=jorjLqipshdTg4R1+EJM+w==",
      "last_seen": "2025-10-29T14:48:05.924000"
    },
    {
      "subdomain": "",
      "type": "TXT",
      "value": "chtsec_phishing_test=eGnSbJFIr6Vx0rIVn-XXFXkmYCq9PkTe",
      "last_seen": "2025-10-29T14:48:05.924000"
    },
    {
      "subdomain": "",
      "type": "TXT",
      "value": "cisco-ci-domain-verification=3680971a5fbc6160d04fb5065238688d7e6fcdda36f5b462ffd85459edcda66d",
      "last_seen": "2025-10-29T14:48:05.924000"
    },
    {
      "subdomain": "",
      "type": "TXT",
      "value": "google-site-verification=YahMfXIGI-sAy8n3ApC6MwzoSXM_tcIDjcC7tSp9Tzc",
      "last_seen": "2025-10-29T14:48:05.924000"
    },
    {
      "subdomain": "",
      "type": "TXT",
      "value": "google-site-verification=gIdZcybU5pwTOT7-DaOzGjeItpqkgyN9rDsxaNg1TEo",
      "last_seen": "2025-10-29T14:48:05.924000"
    },
    {
      "subdomain": "",
      "type": "TXT",
      "value": "myUM6GUMBeGjE-W0dM9vgWPI4cQrzF0HHCONkoC2x8M",
      "last_seen": "2025-10-29T14:48:05.924000"
    },
    {
      "subdomain": "",
      "type": "TXT",
      "value": "r38vjdq53ei6t7g3pm0mg6ebqs",
      "last_seen": "2025-10-29T14:48:05.924000"
    },
    {
      "subdomain": "",
      "type": "TXT",
      "value": "v=spf1 ip4:140.116.229.0/24 ip4:140.116.248.16 ip4:140.116.248.17 ip4:140.116.248.18 ip4:140.116.248.21 ip4:140.116.248.22 ip4:140.116.248.23 include:_spf.google.com ~all",
      "last_seen": "2025-10-29T14:48:05.924000"
    },
    {
      "subdomain": "_dmarc",
      "type": "TXT",
      "value": "v=DMARC1; p=none; rua=mailto:mailservice@mail.ncku.edu.tw; fo=1",
      "last_seen": "2025-10-29T14:48:05.893000"
    },
    {
      "subdomain": "soc.cc",
      "type": "CNAME",
      "value": "ghs.googlehosted.com",
      "last_seen": "2025-10-30T03:57:30.647000"
    },
    {
      "subdomain": "sop-uiba.ctld",
      "type": "CNAME",
      "value": "sop-uiba.ctld.ncku.com.tw",
      "last_seen": "2025-10-30T03:57:30.665000"
    },
    {
      "subdomain": "spie.dps",
      "type": "CNAME",
      "value": "spie-ncku.github.io",
      "last_seen": "2025-10-30T03:57:34.043000"
    },
    {
      "subdomain": "sportscience.web2",
      "type": "CNAME",
      "value": "rpage.web2.ncku.edu.tw",
      "last_seen": "2025-10-30T03:57:32.270000"
    },
    {
      "subdomain": "sportslab.web2",
      "type": "CNAME",
      "value": "rpage.web2.ncku.edu.tw",
      "last_seen": "2025-10-30T03:57:30.828000"
    },
    {
      "subdomain": "strokecenter.hosp",
      "type": "CNAME",
      "value": "rpage.hosp.ncku.edu.tw",
      "last_seen": "2025-10-30T03:57:30.832000"
    },
    {
      "subdomain": "stsc35.stat",
      "type": "CNAME",
      "value": "ghs.googlehosted.com",
      "last_seen": "2025-10-30T03:57:30.184000"
    },
    {
      "subdomain": "stu-mots.osa",
      "type": "CNAME",
      "value": "stu-mots.osa.ncku.com.tw",
      "last_seen": "2025-10-30T03:57:32.063000"
    },
    {
      "subdomain": "stu-records.acad",
      "type": "CNAME",
      "value": "stu-records.acad.ncku.com.tw",
      "last_seen": "2025-10-30T03:57:30.628000"
    },
    {
      "subdomain": "stuapply.diploma",
      "type": "CNAME",
      "value": "stuapply.diploma.ncku.com.tw",
      "last_seen": "2025-10-30T03:57:31.721000"
    },
    {
      "subdomain": "summerschool.web2",
      "type": "CNAME",
      "value": "rpage.web2.ncku.edu.tw",
      "last_seen": "2025-10-30T03:57:31.856000"
    },
    {
      "subdomain": "superrf.ee",
      "type": "CNAME",
      "value": "srf.ee.ncku.edu.tw",
      "last_seen": "2025-10-30T03:57:32.181000"
    },
    {
      "subdomain": "surgery.hosp",
      "type": "CNAME",
      "value": "rpage.hosp.ncku.edu.tw",
      "last_seen": "2025-10-30T03:57:30.687000"
    },
    {
      "subdomain": "sw.hosp",
      "type": "CNAME",
      "value": "rpage.hosp.ncku.edu.tw",
      "last_seen": "2025-10-30T03:57:30.504000"
    },
    {
      "subdomain": "sys.activity-osa",
      "type": "CNAME",
      "value": "sys.activity-osa.ncku.com.tw",
      "last_seen": "2025-10-30T03:57:30.731000"
    },
    {
      "subdomain": "sys.cge",
      "type": "CNAME",
      "value": "sys.cge.ncku.com.tw",
      "last_seen": "2025-10-30T03:57:30.513000"
    },
    {
      "subdomain": "sys.osa",
      "type": "CNAME",
      "value": "sys.osa.ncku.com.tw",
      "last_seen": "2025-10-30T03:57:31.554000"
    },
    {
      "subdomain": "tableau.cc",
      "type": "CNAME",
      "value": "tableau.cc.ncku.com.tw",
      "last_seen": "2025-10-30T03:57:31.385000"
    },
    {
      "subdomain": "tablet.web2",
      "type": "CNAME",
      "value": "rpage.web2.ncku.edu.tw",
      "last_seen": "2025-10-30T03:57:34.774000"
    },
    {
      "subdomain": "taichi2017.csie",
      "type": "CNAME",
      "value": "mislab.github.io",
      "last_seen": "2025-10-30T03:57:30.922000"
    },
    {
      "subdomain": "tcat2017.twisc",
      "type": "CNAME",
      "value": "ghs.googlehosted.com",
      "last_seen": "2025-10-30T03:57:30.250000"
    },
    {
      "subdomain": "tcat2018.twisc",
      "type": "CNAME",
      "value": "ghs.googlehosted.com",
      "last_seen": "2025-10-30T03:57:34.301000"
    },
    {
      "subdomain": "tcat2019.twisc",
      "type": "CNAME",
      "value": "ghs.googlehosted.com",
      "last_seen": "2025-10-30T03:57:30.524000"
    },
    {
      "subdomain": "tcat2020.twisc",
      "type": "CNAME",
      "value": "ghs.googlehosted.com",
      "last_seen": "2025-10-30T03:57:30.573000"
    },
    {
      "subdomain": "tcat2021.twisc",
      "type": "CNAME",
      "value": "ghs.googlehosted.com",
      "last_seen": "2025-10-30T03:57:31.743000"
    },
    {
      "subdomain": "tcat2022.twisc",
      "type": "CNAME",
      "value": "ghs.googlehosted.com",
      "last_seen": "2025-10-30T03:57:30.185000"
    },
    {
      "subdomain": "tcat2023.twisc",
      "type": "CNAME",
      "value": "ghs.googlehosted.com",
      "last_seen": "2025-10-30T03:57:32.711000"
    },
    {
      "subdomain": "tdp43.researchvismap",
      "type": "CNAME",
      "value": "murmuring-snake-c3fdhi6ynzo0gskfp0m0ib2s.herokudns.com",
      "last_seen": "2025-10-30T03:57:32.923000"
    },
    {
      "subdomain": "term.ccns",
      "type": "CNAME",
      "value": "ccns.github.io",
      "last_seen": "2025-10-30T03:57:30.254000"
    },
    {
      "subdomain": "testbed.ee",
      "type": "CNAME",
      "value": "testbed.ncku.edu.tw",
      "last_seen": "2025-10-30T03:57:33.162000"
    },
    {
      "subdomain": "tfguolab.dps",
      "type": "CNAME",
      "value": "ghs.googlehosted.com",
      "last_seen": "2025-10-30T03:57:30.524000"
    },
    {
      "subdomain": "tfob.web2",
      "type": "CNAME",
      "value": "rpage.web2.ncku.edu.tw",
      "last_seen": "2025-10-30T03:57:31.337000"
    },
    {
      "subdomain": "thl.web2",
      "type": "CNAME",
      "value": "rpage.web2.ncku.edu.tw",
      "last_seen": "2025-10-30T03:57:32.466000"
    },
    {
      "subdomain": "tissuebank.hosp",
      "type": "CNAME",
      "value": "rpage.hosp.ncku.edu.tw",
      "last_seen": "2025-10-30T03:57:31.656000"
    },
    {
      "subdomain": "titnco.web2",
      "type": "CNAME",
      "value": "rpage.web2.ncku.edu.tw",
      "last_seen": "2025-10-30T03:57:30.785000"
    },
    {
      "subdomain": "tnrc.web2",
      "type": "CNAME",
      "value": "rpage.web2.ncku.edu.tw",
      "last_seen": "2025-10-30T03:57:30.681000"
    },
    {
      "subdomain": "tocc",
      "type": "CNAME",
      "value": "tocc.ncku.com.tw",
      "last_seen": "2025-10-30T03:57:35.634000"
    },
    {
      "subdomain": "together2026.web2",
      "type": "CNAME",
      "value": "rpage.web2.ncku.edu.tw",
      "last_seen": "2025-10-30T03:57:31.527000"
    },
    {
      "subdomain": "trin.epsh",
      "type": "CNAME",
      "value": "trin.epsh.ncku.com.tw",
      "last_seen": "2025-10-30T03:57:31.316000"
    },
    {
      "subdomain": "ts-online",
      "type": "CNAME",
      "value": "ts-online.ncku.com.tw",
      "last_seen": "2025-10-30T03:57:30.771000"
    },
    {
      "subdomain": "tts.web2",
      "type": "CNAME",
      "value": "rpage.web2.ncku.edu.tw",
      "last_seen": "2025-10-30T03:57:30.806000"
    },
    {
      "subdomain": "uac",
      "type": "CNAME",
      "value": "uac.ncku.com.tw",
      "last_seen": "2025-10-30T03:57:30.955000"
    },
    {
      "subdomain": "uac2",
      "type": "CNAME",
      "value": "uac2.ncku.com.tw",
      "last_seen": "2025-10-30T03:57:30.790000"
    },
    {
      "subdomain": "uacftp",
      "type": "CNAME",
      "value": "uacftp.uac.edu.tw",
      "last_seen": "2025-10-30T03:57:35.450000"
    },
    {
      "subdomain": "ubuntu.ccns",
      "type": "CNAME",
      "value": "proxy.ccns.io",
      "last_seen": "2025-10-22T06:28:25.780000"
    },
    {
      "subdomain": "ubuntu.ccns",
      "type": "CNAME",
      "value": "proxy.ccns.ncku.edu.tw",
      "last_seen": "2025-10-30T03:57:30.476000"
    },
    {
      "subdomain": "ubuntu.csie",
      "type": "CNAME",
      "value": "cs-dc.router.ccns.io",
      "last_seen": "2025-10-30T03:57:30.589000"
    },
    {
      "subdomain": "ufo-edu.web2",
      "type": "CNAME",
      "value": "rpage.web2.ncku.edu.tw",
      "last_seen": "2025-10-30T03:57:30.715000"
    },
    {
      "subdomain": "urology.hosp",
      "type": "CNAME",
      "value": "rpage.hosp.ncku.edu.tw",
      "last_seen": "2025-10-30T03:57:30.727000"
    },
    {
      "subdomain": "usr-c.chass",
      "type": "CNAME",
      "value": "www169.wixdns.net",
      "last_seen": "2025-10-30T03:57:32.353000"
    },
    {
      "subdomain": "usr-hub.web2",
      "type": "CNAME",
      "value": "rpage.web2.ncku.edu.tw",
      "last_seen": "2025-10-30T03:57:30.779000"
    },
    {
      "subdomain": "utasmooc.web2",
      "type": "CNAME",
      "value": "rpage.web2.ncku.edu.tw",
      "last_seen": "2025-10-30T03:57:30.840000"
    },
    {
      "subdomain": "vlsimail.ee",
      "type": "CNAME",
      "value": "vlsilab.ee.ncku.edu.tw",
      "last_seen": "2025-10-30T03:57:32.068000"
    },
    {
      "subdomain": "wcchang.itps",
      "type": "CNAME",
      "value": "ghs.googlehosted.com",
      "last_seen": "2025-10-30T03:57:30.714000"
    },
    {
      "subdomain": "web.ccns",
      "type": "CNAME",
      "value": "www.ccns.ncku.edu.tw",
      "last_seen": "2025-10-30T03:57:31.251000"
    },
    {
      "subdomain": "web.osa",
      "type": "CNAME",
      "value": "web.osa.ncku.com.tw",
      "last_seen": "2025-10-30T03:57:30.577000"
    },
    {
      "subdomain": "web.vr.me",
      "type": "CNAME",
      "value": "ghs.googlehosted.com",
      "last_seen": "2025-10-30T03:57:30.879000"
    },
    {
      "subdomain": "webapi.cc",
      "type": "CNAME",
      "value": "webapi.cc.ncku.com.tw",
      "last_seen": "2025-10-30T03:57:33.367000"
    },
    {
      "subdomain": "websys.secr",
      "type": "CNAME",
      "value": "websys.secr.ncku.com.tw",
      "last_seen": "2025-10-30T03:57:33.318000"
    },
    {
      "subdomain": "wiki.csie",
      "type": "CNAME",
      "value": "csiewiki.crboy.net",
      "last_seen": "2025-10-30T03:57:32.066000"
    },
    {
      "subdomain": "wkdl.iim",
      "type": "CNAME",
      "value": "nckuwkdl.github.io",
      "last_seen": "2025-10-30T03:57:33.181000"
    },
    {
      "subdomain": "wkdl.im",
      "type": "CNAME",
      "value": "_github-pages-challenge-nckuwkdl.wkdl.im.ncku.edu.tw",
      "last_seen": "2025-10-30T03:57:33.979000"
    },
    {
      "subdomain": "wtrc.web2",
      "type": "CNAME",
      "value": "rpage.web2.ncku.edu.tw",
      "last_seen": "2025-10-30T03:57:30.887000"
    },
    {
      "subdomain": "www.2025sss.ais2m",
      "type": "CNAME",
      "value": "pointing.wixdns.net",
      "last_seen": "2025-10-30T03:57:32.508000"
    },
    {
      "subdomain": "www.aiot.cssha",
      "type": "CNAME",
      "value": "www144.wixdns.net",
      "last_seen": "2025-10-30T03:57:32.387000"
    },
    {
      "subdomain": "www.cans.ee",
      "type": "CNAME",
      "value": "ghs.googlehosted.com",
      "last_seen": "2025-10-30T03:57:33.119000"
    },
    {
      "subdomain": "www.ch",
      "type": "CNAME",
      "value": "www242.wixdns.net",
      "last_seen": "2025-10-30T03:57:30.898000"
    },
    {
      "subdomain": "www.ctrc",
      "type": "CNAME",
      "value": "ghs.googlehosted.com",
      "last_seen": "2025-10-30T03:57:32.448000"
    },
    {
      "subdomain": "www.cysec.ee",
      "type": "CNAME",
      "value": "ghs.googlehosted.com",
      "last_seen": "2025-10-30T03:57:34.478000"
    },
    {
      "subdomain": "www.dementia.friendly.chass",
      "type": "CNAME",
      "value": "pointing.wixdns.net",
      "last_seen": "2025-10-30T03:57:32.400000"
    },
    {
      "subdomain": "www.farming.chass",
      "type": "CNAME",
      "value": "www169.wixdns.net",
      "last_seen": "2025-10-30T03:57:30.245000"
    },
    {
      "subdomain": "www.future",
      "type": "CNAME",
      "value": "pointing.wixdns.net",
      "last_seen": "2025-10-30T03:57:31.575000"
    },
    {
      "subdomain": "www.gs",
      "type": "CNAME",
      "value": "ghs.googlehosted.com",
      "last_seen": "2025-10-30T03:57:30.699000"
    },
    {
      "subdomain": "www.hyd",
      "type": "CNAME",
      "value": "web.hyd.ncku.edu.tw",
      "last_seen": "2025-10-30T03:57:31.243000"
    },
    {
      "subdomain": "www.inhmm",
      "type": "CNAME",
      "value": "web.inhmm.ncku.edu.tw",
      "last_seen": "2025-10-30T03:57:31.888000"
    },
    {
      "subdomain": "www.iotma",
      "type": "CNAME",
      "value": "web.iotma.ncku.edu.tw",
      "last_seen": "2025-10-30T03:57:31.518000"
    },
    {
      "subdomain": "www.ipsi.mse",
      "type": "CNAME",
      "value": "pointing.wixdns.net",
      "last_seen": "2025-10-30T03:57:32.419000"
    },
    {
      "subdomain": "www.isaps",
      "type": "CNAME",
      "value": "ghs.googlehosted.com",
      "last_seen": "2025-10-30T03:57:32.858000"
    },
    {
      "subdomain": "www.lab.dps",
      "type": "CNAME",
      "value": "ghs.googlehosted.com",
      "last_seen": "2025-10-30T03:57:30.517000"
    },
    {
      "subdomain": "www.leos.phys",
      "type": "CNAME",
      "value": "www.nsl.phys.ncku.edu.tw",
      "last_seen": "2025-10-30T03:57:32.531000"
    },
    {
      "subdomain": "www.mjcheng.ch",
      "type": "CNAME",
      "value": "www126.wixdns.net",
      "last_seen": "2025-10-30T03:57:30.960000"
    },
    {
      "subdomain": "www.nckuhevtts.bme",
      "type": "CNAME",
      "value": "nckuhevtts.bme.ncku.edu.tw",
      "last_seen": "2025-10-30T03:57:33.728000"
    },
    {
      "subdomain": "www.nsda.ee",
      "type": "CNAME",
      "value": "ghs.googlehosted.com",
      "last_seen": "2025-10-30T03:57:30.233000"
    },
    {
      "subdomain": "www.oralhealth.nursing",
      "type": "CNAME",
      "value": "www135.wixdns.net",
      "last_seen": "2025-10-30T03:57:31.299000"
    },
    {
      "subdomain": "www.presidentfarewell2023",
      "type": "CNAME",
      "value": "ext-cust.squarespace.com",
      "last_seen": "2025-10-30T03:57:31.893000"
    },
    {
      "subdomain": "www.shalunecocity",
      "type": "CNAME",
      "value": "www91.wixdns.net",
      "last_seen": "2025-10-30T03:57:30.582000"
    },
    {
      "subdomain": "www.sia",
      "type": "CNAME",
      "value": "www91.wixdns.net",
      "last_seen": "2025-10-30T03:57:32.380000"
    },
    {
      "subdomain": "www.testbed",
      "type": "CNAME",
      "value": "ghs.googlehosted.com",
      "last_seen": "2025-10-30T03:57:34.862000"
    },
    {
      "subdomain": "www.twisc",
      "type": "CNAME",
      "value": "ghs.googlehosted.com",
      "last_seen": "2025-10-30T03:57:33.123000"
    },
    {
      "subdomain": "www.usr-c.chass",
      "type": "CNAME",
      "value": "www169.wixdns.net",
      "last_seen": "2025-10-30T03:57:31.502000"
    },
    {
      "subdomain": "www1.testbed",
      "type": "CNAME",
      "value": "ghs.googlehosted.com",
      "last_seen": "2025-10-30T03:57:32.551000"
    },
    {
      "subdomain": "www3.hyd",
      "type": "CNAME",
      "value": "web.hyd.ncku.edu.tw",
      "last_seen": "2025-10-30T03:57:30.059000"
    },
    {
      "subdomain": "xrlab.civil",
      "type": "CNAME",
      "value": "ghs.googlehosted.com",
      "last_seen": "2025-10-30T03:57:31.075000"
    },
    {
      "subdomain": "yst.icmmed",
      "type": "CNAME",
      "value": "ghs.googlehosted.com",
      "last_seen": "2025-10-30T03:57:30.638000"
    },
    {
      "subdomain": "yuhealth.web2",
      "type": "CNAME",
      "value": "rpage.web2.ncku.edu.tw",
      "last_seen": "2025-10-30T03:57:32.452000"
    }
  ],
  "subdomains": [
    "10acgg.web2",
    "110niag",
    "118.ices.csie",
    "123.ices.csie",
    "2012cit",
    "2015iwait-ifmia.web2",
    "2017srp.twisc",
    "2017web.bio",
    "2018srp.twisc",
    "2019nsisf.twisc",
    "2019srp.twisc",
    "2020.arch",
    "2021higem.web2",
    "2022biocas-preworkshop.csie",
    "2025fhed",
    "2025kiborpc",
    "2025sss.ais2m",
    "2030.sdg",
    "3cp-jasmine.polsci",
    "3emovie",
    "3rs.deoh",
    "40th.med",
    "85th",
    "90th",
    "_dmarc",
    "aaa",
    "aaa1",
    "aaa2",
    "aacsb.management",
    "aatl-signer-backend.netdb.csie",
    "aatl.netdb.csie",
    "abcd123.ee",
    "acad",
    "acad-oxf",
    "academic.web2",
    "acc.adm",
    "acchos.hosp",
    "acco",
    "accs.adm",
    "accton.web2",
    "acesanalysis.researchvismap",
    "acir.web2",
    "acm.netdb.csie",
    "activity",
    "activity-osa",
    "activity.osa",
    "ad.lib",
    "adhelp.ee",
    "admin.fmri",
    "admin.gym",
    "admissions.oia",
    "adms-acad",
    "adms.acad",
    "adrc.hosp",
    "aeolab04.ee",
    "aerosol.ev",
    "ahdb.ee",
    "ahpnd.researchvismap",
    "ahs",
    "ai.csie",
    "ai4dt.ee",
    "aibmrc.csie",
    "aics2020.twisc",
    "aiediting.cc",
    "aiforum2018.csie",
    "aigp",
    "aim",
    "aim1.aic",
    "aim2.aic",
    "aimldesignofmm.researchvismap",
    "aionchip.computing",
    "aiot.cssha",
    "airpro.researchvismap",
    "ais2m",
    "aislab.ee",
    "aislabcourse.ee",
    "aislabnas.ee",
    "aisnd.ee",
    "aitc",
    "algaepath.itps",
    "algorithm.csie",
    "almightystm.web2",
    "alpine.ccns",
    "alumni",
    "alumni.acc",
    "alumni.bme",
    "alumni.dps",
    "alumni.flld",
    "alumni.hyd",
    "alumni.me",
    "alumni.sname",
    "alumni1.me",
    "alzcovid.researchvismap",
    "amba",
    "amd05.ee",
    "ampl.me",
    "anatomy",
    "ancient.lib",
    "anesth-med",
    "animal",
    "ann",
    "ann.web",
    "anti-frailty.web2",
    "antiapoptoticproteinsautophagy.researchvismap",
    "antispam",
    "antispam.hosp",
    "antispam1.hosp",
    "anw",
    "ap-acad.web2",
    "ap.geomatics",
    "ap.pers",
    "api.deh.csie",
    "api.experience.ctld",
    "api.fmri",
    "api.gym",
    "api.ksc.im",
    "api.nckupass.ctld",
    "api.netdb.csie",
    "apmc.web2",
    "apmr.management",
    "app-fun.cc",
    "app.cc",
    "app.fintech",
    "app.lib",
    "app.pers",
    "app2013.cc",
    "apply.aic",
    "apply.cc",
    "appointment.dev.netdb.csie",
    "apps.acad",
    "apps.pers",
    "apss.oga",
    "arch",
    "archaeology",
    "archimedes.ee",
    "archives.arch",
    "archives.museum",
    "archlinux.ccns",
    "archlinux.csie",
    "archlinux2.ccns",
    "arguidedcaul.researchvismap",
    "aris2022",
    "aristolochia.researchvismap",
    "art",
    "artcenter",
    "artrtreatmentofataad.researchvismap",
    "asas.ee",
    "asem.me",
    "asiajcis2024.web2",
    "asiclab10.ee",
    "assistance-osa",
    "assistance.osa",
    "astrc",
    "atmirnet.itps",
    "atp.ee",
    "atpan.itps",
    "atzg2025",
    "autobind.csie",
    "autodiscover",
    "autophagynmstox.researchvismap",
    "avs.medlib",
    "awat.ee",
    "b1000.web3",
    "b10c54.web3",
    "b1300.web3",
    "b1600.web3",
    "b1700.web3",
    "b2200.web3",
    "b2300.web3",
    "b2400.web3",
    "b24c06.web3",
    "b29c01.web3",
    "b2c002.web3",
    "b3c001.web3",
    "b3c004.web3",
    "b3c007.web3",
    "b3c008.web3",
    "b8c001.web3",
    "ba",
    "bac006.web3",
    "bac008.web3",
    "bac009.web3",
    "baisp-lab.csie",
    "bb",
    "bb000.web3",
    "bbb.moodle",
    "bbb2.moodle",
    "bbb3.moodle",
    "bbb4.moodle",
    "bbb5.moodle",
    "bbb6.moodle",
    "bbb7.moodle",
    "bbb8.moodle",
    "bbb9.moodle",
    "bbc006.web3",
    "bbc009.web3",
    "bbc010.web3",
    "bbc011.web3",
    "bbc013.web3",
    "bbc015.web3",
    "bbc020.web3",
    "bbc026.web3",
    "bbc029.web3",
    "bbc031.web3",
    "bbc035r.web3",
    "bbc036r.web3",
    "bbs.ccns",
    "bclab.arch",
    "bd000.web3",
    "bdc001.web3",
    "bdc003.web3",
    "bdc007.web3",
    "bdc008r.web3",
    "bec001.web3",
    "bec002.web3",
    "bec004.web3",
    "bec007r.web3",
    "beer-c-kpi.acad",
    "beethoven.ee",
    "behmed",
    "belab.ee",
    "berserk.phys",
    "bestemi",
    "bfc001.web3",
    "bi.im",
    "bigdata2017.twisc",
    "bigdata2018.twisc",
    "bigdata2019.twisc",
    "bigdata2020.twisc",
    "bigdata2021.twisc",
    "bigdata2022.twisc",
    "bigdata2023.twisc",
    "biochem",
    "bioethanolmah.researchvismap",
    "bioimage.med",
    "biomarkerbacterialviralinfection.researchvismap",
    "biomasstorrefaction.researchvismap",
    "biomethanechar.researchvismap",
    "biotechfeeds.web2",
    "bits.web2",
    "blue.ee",
    "bme",
    "bmhd.web2",
    "bmilab.csie",
    "bookstack.netdb.csie",
    "boss.testbed",
    "brand",
    "breast.hosp",
    "brester.ee",
    "bruckner.ee",
    "brundtlandweek.web2",
    "bs.netdb.csie",
    "budget.top",
    "buslab.csie",
    "cacerl.ime",
    "cach.web2",
    "cacs2008",
    "cad.csie",
    "cad12.ee",
    "cad3.ee",
    "cadcam.ime",
    "caelab.me",
    "caid.csie",
    "caie.hosp",
    "calc.phys",
    "calendar",
    "calendar.gs",
    "calendar.lib",
    "camp.csie",
    "campus1",
    "campus4",
    "campus5",
    "campuslife.90th",
    "campusosh.deoh",
    "can",
    "capst",
    "car.oga",
    "cardiovascular.surgery",
    "career.osa",
    "career2.osa",
    "career3.osa",
    "carfootprint.researchvismap",
    "carnation.ee",
    "cas5.ee",
    "casalab.civil",
    "casd.csie",
    "casgpu.ee",
    "cash.ufo",
    "cashier-ufo",
    "cashier.ufo",
    "caslab.ee",
    "casmail.ee",
    "catslab.ee",
    "cbb",
    "cbic.ee",
    "cbmrd.web2",
    "cbs.cce",
    "cc",
    "cc.ime",
    "cce",
    "cce.ee",
    "ccep",
    "ccep.ctld",
    "ccirdc.cpd",
    "cck.phys",
    "cck1.phys",
    "cck2.phys",
    "ccliu.earth",
    "ccmc.web2",
    "ccns",
    "cdch1.csie",
    "cdch2.csie",
    "cdnetb.lib",
    "cdnetc.lib",
    "cdnetdtts.lib",
    "cdnete.lib",
    "cdnetf.lib",
    "ceastudy.researchvismap",
    "centos.ccns",
    "centrallab.hosp",
    "certcenter.credit.csie",
    "certificates.nlearning",
    "cet.acad",
    "cets",
    "ceyushan.civil",
    "cfb.cbb",
    "cfc",
    "cfc2021.cfc",
    "cfpmoe.ee",
    "cge",
    "cgm",
    "cgw2018.csie",
    "ch",
    "challenge.computing",
    "chass",
    "chatbot.oia",
    "chc.hosp",
    "che",
    "chemicloud.netdb.csie",
    "chemistry.web2",
    "chengkung9.90th",
    "chexam.hosp",
    "chinese",
    "chiusystem.ee",
    "chocolate.ee",
    "chpsc.hosp",
    "chtsailab.ee",
    "cial.csie",
    "cic.hosp",
    "cice-acad",
    "cice.acad",
    "cid-acad",
    "cid.acad",
    "cidsr.web2",
    "cie.cpd",
    "ciis-sans.web2",
    "ciis.cc",
    "ciismgr.cc",
    "ciot.imis",
    "cipm2019forum.twisc",
    "cir.bb",
    "cis-cfc",
    "cis.cfc",
    "cisc2026.twisc",
    "ckforum",
    "ckforum2",
    "ckhp",
    "ckj.csie",
    "ckmail",
    "ckw.phys",
    "class-qry.acad",
    "classroom.iim",
    "clinicepid.researchvismap",
    "clm.med",
    "cloud.cc",
    "cloud.computing",
    "cloud.lens.csie",
    "clpharm",
    "cmnst-cfc",
    "cmnst2013.cmnst",
    "cmrc.hosp",
    "cncmail",
    "cobis-fs.bme",
    "cobis.bme",
    "code.arch",
    "codec.ee",
    "codimd.aislab.ee",
    "collegex",
    "colors.ee",
    "comc1.comc",
    "computing",
    "contactus",
    "contactus.cc",
    "converter.icsdsa",
    "copland.ee",
    "corelab.med",
    "corpora.flld",
    "cosbi.ee",
    "cosbi10.ee",
    "cosbi11.ee",
    "cosbi2.ee",
    "cosbi3.ee",
    "cosbi4.ee",
    "cosbi5.ee",
    "cosbi6.ee",
    "cosbi7.ee",
    "cosbi9.ee",
    "counseling-osa",
    "counseling.osa",
    "count.lib",
    "course",
    "course-pd2.netdb.csie",
    "course-query.acad",
    "cov19iot01.hosp",
    "covid19",
    "covtest.netdb.csie",
    "cox-nas.collegex",
    "cox-nas.ctld",
    "cpanel.nckuhevtts.bme",
    "cpcalendars.nckuhevtts.bme",
    "cpcontacts.nckuhevtts.bme",
    "cpd",
    "cpi.acad",
    "cps.imis",
    "crc.hosp",
    "credit.csie",
    "crimson.ee",
    "crush.cc",
    "crypto.ee",
    "crystal.ais2m",
    "cs",
    "csbot.netdb.csie",
    "csi.ee",
    "csie",
    "csp11.ee",
    "csp24.ee",
    "css",
    "css-secr",
    "cssa.cc",
    "csslab.csie",
    "csys.osa",
    "ctai.netdb.csie",
    "ctc.hosp",
    "cte-acad",
    "cte.acad",
    "ctld",
    "ctld-acad",
    "ctld.acad",
    "ctlt.twl",
    "ctrmost-cfc",
    "ctrmost.web2",
    "ctstrait.polsci",
    "cubic.mse",
    "curie.ee",
    "cvs.twl",
    "cvtest.netdb.csie",
    "cyanogmexp",
    "cyanogmexp.researchvismap",
    "cyanoshow.researchvismap",
    "d6im.hosp",
    "d6service.hosp",
    "d6wifi.hosp",
    "d6www.hosp",
    "dadh2023.chinese",
    "dai.csie",
    "dashboard-ncku-aiot.wp.hosp",
    "dashboard.experience.ctld",
    "dashboard.nckupass.ctld",
    "data",
    "daylightphotodynamictherapy.researchvismap",
    "db.nckumap",
    "dba",
    "dbbs",
    "dbemily.csie",
    "dblab.csie",
    "dbs.comc",
    "dcert",
    "dcert-moe.netdb.csie",
    "dcert-moeh.netdb.csie",
    "dcert.csie",
    "dcl.ee",
    "dcmc.ee",
    "dcmc14.ee",
    "dcmc16.ee",
    "dcmc20.ee",
    "dcmc33.ee",
    "dcmc34.ee",
    "dcmoe.csie",
    "ddcbc.csie",
    "debian.ccns",
    "debian.csie",
    "deepwiki.netdb.csie",
    "deh.csie",
    "dem-med",
    "dementia.friendly.chass",
    "denguefever.csie",
    "dentistry",
    "deoh",
    "derek.csie",
    "derm-med",
    "derm.hosp",
    "design",
    "dev.mis",
    "devnoc.ee",
    "df.cc",
    "dgg.hosp",
    "dgl.geomatics",
    "dgx.fintech.management",
    "dhblab.bme",
    "dic.csie",
    "did-fhir.netdb.csie",
    "digiappt.pers",
    "digitalarchives.artcenter",
    "diploma",
    "dis.hosp",
    "dlearning",
    "dlearningvote.ai4dt",
    "dlt.csie",
    "dm2018.thl",
    "dns.csie",
    "dns.es",
    "dns.web2",
    "dns.web3",
    "dns4",
    "doc-secr",
    "doc.screamtrumpet.csie",
    "doc.secr",
    "docap3",
    "docdl.edoc",
    "docmost.course.aislab.ee",
    "doctran1.edoc",
    "doctran2.edoc",
    "doctran3.edoc",
    "doctran4.edoc",
    "doem-med",
    "donate",
    "donate.web2",
    "donate2",
    "dophin.hyd",
    "dophin.inhmm",
    "dophin.iotma",
    "dorm.osa",
    "dorm2.osa",
    "dou6.hosp",
    "download.cfc",
    "dpdktest.ee",
    "dpmb.dpec",
    "dps",
    "dr.hosp",
    "dradmin.hosp",
    "drive.gs",
    "ds",
    "dslab.csie",
    "dsscalliance.web2",
    "e-portfolio.ctld",
    "e1ds.ee",
    "eadm",
    "eagle.english",
    "eap.lib",
    "earth",
    "easytest.lib",
    "easytest2.lib",
    "ebook.alumni",
    "ebook.arch",
    "ecmdic.tpbna",
    "ecodesign2017",
    "econ",
    "economics",
    "ed",
    "eda.csie",
    "edapi.edoc",
    "edison.ee",
    "edoc",
    "edoc.hosp",
    "edoct.hosp",
    "educ.hosp",
    "eduesx01.cc",
    "eduesx02.cc",
    "eduesx03.cc",
    "eduesx04.cc",
    "eduesx05.cc",
    "eduesx06.cc",
    "eduesx07.cc",
    "eduesx08.cc",
    "ee",
    "ee-vm.ccns",
    "eealum.ee",
    "eecs",
    "eeoffice.ee",
    "effectsofcbt-ionqol.researchvismap",
    "eform.hosp",
    "eimd",
    "eip.hosp",
    "elearning.hosp",
    "elearning.imis",
    "elearning.mdic",
    "elfess.ee",
    "elgar.ee",
    "elite.ee",
    "elunch",
    "email",
    "emba",
    "embrl.biochem",
    "emgp",
    "emily.csie",
    "emotors",
    "emrc",
    "ems.ee",
    "emxms.hosp",
    "en.gs",
    "en.me",
    "en.mse",
    "en.ord",
    "en.sdg",
    "en.ur",
    "energy.phys",
    "enews.oia",
    "eng",
    "eng.osp",
    "engtech.etpc",
    "ennews-secr",
    "ent-med",
    "ent.hosp",
    "epage.web2",
    "epage.web3",
    "eportfolio",
    "eportfolio.hosp",
    "eps.gis",
    "epsh",
    "epslab.ee",
    "er.lib",
    "erg",
    "ermrc",
    "es.tcat2020.twisc",
    "eserver.lib",
    "estat",
    "esterase-biochem.che",
    "esxi.csie",
    "etm-lab.civil",
    "etpc",
    "euler.ee",
    "ev",
    "evergreen.web2",
    "evs",
    "exam.lib",
    "examad.iim",
    "exchange.oia",
    "exchmail.stat",
    "expath.itps",
    "expathtool.itps",
    "experience.ctld",
    "express.ord",
    "expsys",
    "exptainan.liberal",
    "exptnsel.liberal",
    "extension",
    "familymedicine.hosp",
    "farming.chass",
    "fdtd.dps",
    "file-apply.hosp",
    "files.me",
    "fintech",
    "fintech.management",
    "firstaid",
    "flc",
    "flld",
    "fmri",
    "foodeducation.ai4dt",
    "foodeducation.ee",
    "foodeducation1.ee",
    "foodeducation111.ee",
    "formosat7.earth",
    "foundation.civil",
    "fourier.ee",
    "fprs.acad",
    "fr.gec2020.twisc",
    "fr.tcat2019.twisc",
    "fr.tcat2020.twisc",
    "freshmancamp",
    "freshmanyear.ccep",
    "freshmen.web2",
    "frisky.es",
    "fs",
    "fun.phys",
    "fund.es",
    "future",
    "future.web2",
    "futureplus",
    "ga.hosp",
    "galaxy.lens.csie",
    "galileo.ee",
    "gbxms.hosp",
    "gcb.cc",
    "gcbme2024",
    "gdcsc.med",
    "ge",
    "gec2018.twisc",
    "gec2019.twisc",
    "gec2020.twisc",
    "gec2021.twisc",
    "gec2022.twisc",
    "gec2023.twisc",
    "geec.ee",
    "genaff.cc",
    "gender.web2",
    "genderequity.web2",
    "genetics.hosp",
    "geo-museum.earth",
    "geodac",
    "geodac.web2",
    "geoenv.thl",
    "geoenv2020.thl",
    "geomatics",
    "gesbinmeofmicroalgae.researchvismap",
    "gibbs.ee",
    "giftedsh.web2",
    "gis",
    "gis.thl",
    "git.caslab.ee",
    "git.lens.csie",
    "gitea.test.course.aislab.ee",
    "gitlab.aislab.ee",
    "gitlab.course.aislab.ee",
    "gitlab.screamtrumpet.csie",
    "gitlab.test.course.aislab.ee",
    "giw2020",
    "gloria",
    "gloria.web2",
    "gm-med",
    "gmrc.web2",
    "goapp.ee",
    "gold.ee",
    "goodguy.csie",
    "gpaper.geomatics",
    "gplab.phys",
    "grad",
    "grad-dept",
    "grad-osa",
    "grad.osa",
    "grade.acad",
    "graf.csie",
    "grafana.lens.csie",
    "graphics.csie",
    "graphql.ckforum",
    "graphql.ckforum2",
    "greenways.web2",
    "grey.ee",
    "grieg.ee",
    "grqc.ncts",
    "grrc",
    "gs",
    "gsa.twl",
    "gsc.web2",
    "gsroc.phys",
    "gsuite.geomatics",
    "gun.ckforum",
    "gun.ckforum2",
    "gym",
    "hadcp.thl",
    "harbor.screamtrumpet.csie",
    "haydn.ee",
    "hdmap.geomatics",
    "health-epsh",
    "health.epsh",
    "health.mdic",
    "healthcenter.epsh",
    "healthcenter.osa",
    "healthlectures.hosp",
    "hearthermo.csie",
    "heat3.che",
    "hec22.hyd",
    "hedgedoc.course.aislab.ee",
    "hep.phys",
    "hepatology.web2",
    "hesp.osa",
    "hieporuscarbon.researchvismap",
    "higem",
    "higemconference.web2",
    "highlights",
    "himax.ee",
    "his",
    "hmcs.hosp",
    "hmi.wraicslog.twisc",
    "hmsstc",
    "holtz.ee",
    "holybell.phys",
    "honeydew.ee",
    "hospmatl.hosp",
    "housing-osa",
    "housing.osa",
    "hpc",
    "hpds119.ee",
    "hpds120.ee",
    "hpds124.ee",
    "hpds71.ee",
    "hpds82.ee",
    "hpds85.ee",
    "hpds88.ee",
    "hpds95.ee",
    "hpds96.ee",
    "hpdslab.ee",
    "hpfbf.researchvismap",
    "hrpc01.hosp",
    "hsadv.web2",
    "hsdipo.web2",
    "hsm",
    "hsnet.ee",
    "hspc.csie",
    "hspc2023.csie",
    "hstrc.hyd",
    "hsu411.hosp",
    "hsunt.hosp",
    "huang.es",
    "hub.arch",
    "hub.fintech",
    "hydrodapu.dprc",
    "i",
    "i-certificate.ctld",
    "i-classroom.collegex",
    "i-drive.ctld",
    "i-expert.ctld",
    "i-member.ctld",
    "i-nas.cce",
    "i-ocw.ctld",
    "iaa",
    "ib",
    "ibdpe",
    "ibm260.phys",
    "ibm595.phys",
    "ibms",
    "ica",
    "icamp",
    "icaps.computing",
    "icdeslab02.ee",
    "icdeslab05.ee",
    "icdeslab06.ee",
    "icdeslab08.ee",
    "icem15",
    "ices.csie",
    "iche2016.hyd",
    "icid",
    "icim",
    "iclab.es",
    "icmmed",
    "icwangjf.ee",
    "id",
    "id.sso2",
    "idb.csie",
    "idc-ord",
    "idc.ord",
    "ide",
    "ideal.csie",
    "idp",
    "idppoct.web2",
    "iebs.arch",
    "ieet.csie",
    "ieet.ee",
    "igem",
    "igisportal.geomatics",
    "ihliu.twisc",
    "iim",
    "iir.csie",
    "iisd-oia",
    "iisd.oia",
    "iit2016.web2",
    "ijiatraining.ee",
    "ikmbio.csie",
    "ilin.iim",
    "im",
    "image.csie",
    "imba",
    "imdr.hosp",
    "ime",
    "ime.ee",
    "imfw.hosp",
    "imilab.imis",
    "imis",
    "imm-med",
    "imputation.netdb.csie",
    "imrc",
    "imslab.csie",
    "imspmdcad1c.ee",
    "imxms.hosp",
    "income.acco",
    "indigo.ee",
    "industry-taiwan.innovation",
    "infra.ee",
    "innovation",
    "instrument.science",
    "inter.hosp",
    "internship.arch",
    "internship.cid-acad",
    "interv-med.hosp",
    "investments",
    "invisiblearmada",
    "ioannis.ee",
    "iog",
    "iom",
    "iom.hosp",
    "ioml.iim",
    "ipam.testbed",
    "ipc2011",
    "ipsi.mse",
    "iqbal.researchvismap",
    "ir-ord",
    "ir.cc",
    "ir.lib",
    "ir.ord",
    "irb.hosp",
    "ircm.web2",
    "ircmmc",
    "ird-oia",
    "ird.oia",
    "irdd-ord",
    "irdd.ord",
    "isaac2025.csie",
    "isad-oia",
    "isad.oia",
    "isaps",
    "isce",
    "isdc",
    "isgnss2016",
    "isgnss2016.geomatics",
    "islab.csie",
    "ismail.csie",
    "ismat.web2",
    "ismp.csie",
    "isms.cc",
    "ispald.web2",
    "isr.ord",
    "isrc.web2",
    "isse",
    "istest.test",
    "itcom2024fall.twisc",
    "iteach",
    "itlab.ee",
    "itlab.npe.ee",
    "itps",
    "itsa-k8s.netdb.csie",
    "itsa.netdb.csie",
    "ivf.hosp",
    "ivote",
    "iwoca2023.csie",
    "iwrr",
    "j-kumo.flld",
    "j92a21.ee",
    "j92a21b.ee",
    "jenyi.iim",
    "jksheu.dps",
    "jobfair.osa",
    "john.che",
    "john.phys",
    "jointcenter.hosp",
    "judge.csie",
    "jupyterhub.phys",
    "jupyterhub2.phys",
    "justinyueh.ee",
    "justrna.itps",
    "jwchang.es",
    "jyleepe07.ee",
    "jyleepe10.ee",
    "jyleepe18.ee",
    "kclc",
    "kdd.es",
    "kdd177.es",
    "keycloak.course.aislab.ee",
    "kid.csie",
    "kid.ee",
    "kidstudio.ee",
    "kkcc.ed",
    "kla2024",
    "kla2025",
    "klab.me",
    "km.emotors",
    "km.wpeiic",
    "kpi.top",
    "ksc.im",
    "ktchuang.netdb.csie",
    "kuap",
    "kyoto.itlab.ee",
    "lab-bulletin.lab.dps",
    "lab.dps",
    "lab.es",
    "labor.hosp",
    "lagrange.ee",
    "law",
    "lawreview.law",
    "lboe.imba",
    "lc.flld",
    "lcaplastic.researchvismap",
    "ldap.aislab.ee",
    "ldap.course.aislab.ee",
    "ldap.test.course.aislab.ee",
    "leavesys",
    "lee1.ee",
    "lee2.ee",
    "lens.csie",
    "lens1.csie",
    "lib",
    "libapp.lib",
    "library.math",
    "librenms.csie",
    "lidar.web2",
    "lidar2026.geomatics",
    "lidarws2025.geomatics",
    "light.phys",
    "lightrcv.ee",
    "lime.ee",
    "lin.vp",
    "linebot.cc",
    "linen.ee",
    "lingo.kclc",
    "linux.ev",
    "lipidsandalzheimerdisease.researchvismap",
    "liszt.ee",
    "live.nlearning",
    "liveabc.lib",
    "lldap.course.aislab.ee",
    "lmnn.mse",
    "loc.geomatics",
    "local-lang-quiz.web2",
    "loge2.hyd",
    "login.er.lib",
    "lorenz.ee",
    "lrc.hosp",
    "lrc.med",
    "lsprc",
    "lyncdiscover",
    "m.lib",
    "macd.geomatics",
    "machineshop",
    "magazine.web2",
    "magenta.ee",
    "magiclab.geomatics",
    "mai.ee",
    "mail",
    "mail.acc",
    "mail.course.aislab.ee",
    "mail.crypto.ee",
    "mail.csie",
    "mail.ee",
    "mail.geodac",
    "mail.geomatics",
    "mail.grad",
    "mail.gs",
    "mail.hosp",
    "mail.hyd",
    "mail.ime",
    "mail.mse",
    "mail.nckuhevtts.bme",
    "mail.thl",
    "mail02.thl",
    "mailbox.csie",
    "main-oga",
    "main.oga",
    "mal.netdb.csie",
    "manage-oga",
    "management",
    "management.oia",
    "managetext.oia",
    "mapd",
    "marangoni1.che",
    "marangoni3.che",
    "marangoni5.che",
    "maroon.ee",
    "master-lppl.isaps",
    "material",
    "math",
    "math1.math",
    "matsu.up",
    "mattermost.aislab.ee",
    "mattermost.course.aislab.ee",
    "mattermost.test.course.aislab.ee",
    "mbcrc.web2",
    "mbi.ee",
    "mbox.csie",
    "mcert.credit.csie",
    "mclab02.ee",
    "mclab04.ee",
    "mclab09.ee",
    "mcp-demo.netdb.csie",
    "mcsftp.ee",
    "mcslab.ee",
    "mcsprinter.ee",
    "mcvalid.netdb.csie",
    "mdic",
    "mdnews.web2",
    "me",
    "me-learning.hosp",
    "mecontrol1.ee",
    "mecontrol2.ee",
    "med",
    "mediacore.ee",
    "mediacore190.ee",
    "medicalaffairs.hosp",
    "medicine",
    "medlib.lib",
    "medock.ee",
    "medvis.csie",
    "meeting",
    "member.nlearning",
    "mems.ee",
    "mental-rag.netdb.csie",
    "mentaldisorder.researchvismap",
    "merry.ee",
    "metasearch.lib",
    "mhealth.csie",
    "mhmc-bd.csie",
    "mhmc.csie",
    "mhmcbd.csie",
    "miaopu.collegex",
    "mic.web2",
    "micimmun",
    "microrpm.itps",
    "miinstore",
    "mil.hyd",
    "mil2.hyd",
    "military-osa",
    "military.osa",
    "minbox.sem.dps",
    "minlab.earth",
    "minyang.iim",
    "mirac.ee",
    "mirac13.ee",
    "miracc.ee",
    "miraccc.ee",
    "miractest.ee",
    "mirnalmad.researchvismap",
    "mirror.ccns",
    "mis.dprc",
    "mis.epsh",
    "mis.osa",
    "mitralvalve.researchvismap",
    "mjcheng.ch",
    "mlearning.nursing",
    "mmc",
    "mmcv.csie",
    "mmlab.imis",
    "mmnetlab.csie",
    "mms2",
    "mobileassistedoralcommunication.researchvismap",
    "mobileassistedreadingdevelopment.researchvismap",
    "modular-course.cge",
    "modular-course.science",
    "modular-course.web2",
    "moeas.ee",
    "moeisoc.web2",
    "moelectricchemicalsensor.researchvismap",
    "moetest.ee",
    "mood.osa",
    "moodle",
    "moodle.kclc",
    "moodle.nlearning",
    "moodsensing-ai.csie",
    "moodsensing-app.csie",
    "moodsensing-student.csie",
    "moonstone.math",
    "mosquitokiller.csie",
    "motionlab.bme",
    "motomo.ee",
    "movement.ee",
    "mp",
    "mse",
    "msic.ee",
    "msicp1.ee",
    "msicp2.ee",
    "msicp3.ee",
    "msoc1.ee",
    "mss",
    "mstrpc.web2",
    "mt",
    "mtcenter.web2",
    "mtrdc.web2",
    "mulink1.ee",
    "multicourse.binfo",
    "muse.csie",
    "museum",
    "mussorgsky.ee",
    "myapp",
    "mybox",
    "myboxact.cc",
    "myidp",
    "myswimdiary.sportslab",
    "mytube",
    "n8n.aislab.ee",
    "n8n.course.aislab.ee",
    "n8n.test.course.aislab.ee",
    "naadsvip.phone",
    "nano",
    "nano.dps",
    "nano.phys",
    "nanocomp.me",
    "nas.collegex",
    "nas.netdb.csie",
    "nas51.cce",
    "nature.ee",
    "naucreg1.phone",
    "naucreg2.phone",
    "nautoconf.phone",
    "navayafile.phone",
    "nbk.acad",
    "ncbci.csie",
    "ncbcilab.csie",
    "ncku3r.web2",
    "nckuairpollution.csie",
    "nckuapp.cc",
    "nckubikefestival",
    "nckuca",
    "nckucc32.cc",
    "nckucss-ufo.web2",
    "nckudisectts.bme",
    "nckudou6.hosp",
    "nckudss.osp",
    "nckudss.ossd",
    "nckuh-genetics.web2",
    "nckuh.hosp",
    "nckuhccw.hosp",
    "nckuhdc.hosp",
    "nckuhdopa.hosp",
    "nckuhevtts.bme",
    "nckuhirb.hosp",
    "nckuhkiosk.hosp",
    "nckuhoem.hosp",
    "nckuhpharmacy.hosp",
    "nckuhscc.hosp",
    "nckujob.osa",
    "nckumap",
    "nckumoocs",
    "nckupass.ctld",
    "nckupharmacy.hosp",
    "nckur.lib",
    "nckusec",
    "nckusec.web2",
    "nckusr2",
    "nckustory",
    "nckutcmnowadays.tcm",
    "nckuteacher.web2",
    "nckutree",
    "nclab.me",
    "ncts",
    "nd.hosp",
    "nde1.ee",
    "nde11.ee",
    "nde28.ee",
    "ndmat.hosp",
    "neat.csie",
    "netdb.csie",
    "neuro-med",
    "neuro.hosp",
    "neuron.web2",
    "news-en.secr",
    "news-secr",
    "news.secr",
    "newsletter.hosp",
    "nextg.mse",
    "nf.mis",
    "nice.ee",
    "nids.ee",
    "nlearning",
    "nm-med",
    "nm.hosp",
    "nobel.ee",
    "noc.cc",
    "noc.ee",
    "nocodb.course.aislab.ee",
    "nocodb.test.course.aislab.ee",
    "nopam.stat",
    "note.sem.dps",
    "novascholarship.web2",
    "np.netdb.csie",
    "ns.caslab.ee",
    "ns1.ccns",
    "ns1.lens.csie",
    "ns1.me",
    "ns2.ccns",
    "ns2.me",
    "nsap.me",
    "ntpaw.researchvismap",
    "nugasys",
    "nurselededuforanxmgmt.researchvismap",
    "nursing",
    "nursingworkenv.researchvismap",
    "nusantara",
    "nutr.hosp",
    "nymcec.web2",
    "nzl.ais2m",
    "oai.web2",
    "oasis",
    "obsgyn-med",
    "ocsadm.oia",
    "odf",
    "office.hyd",
    "office.mse",
    "office2.ime",
    "oga",
    "oia",
    "oiagcac",
    "old.archaeology",
    "old.phys",
    "oldsite.www.csie",
    "olive.ee",
    "oncology.hosp",
    "onlineresearch.psychology",
    "opd.hosp",
    "opensource.csie",
    "ophth-med",
    "ophth.hosp",
    "oralhealth.nursing",
    "orange.ee",
    "orchidbase.itps",
    "orcid.lib",
    "ord",
    "ordb",
    "ordc",
    "orstw2024-test.iim",
    "orstw2024.iim",
    "ortho-med",
    "ortho.clmed",
    "ortho.hosp",
    "osa",
    "osc.csie",
    "oshmr.web2",
    "oskp.web2",
    "osnas.csie",
    "osp.computing",
    "ossd",
    "ot",
    "outdoor-edu.web2",
    "outline.aislab.ee",
    "outlinebackuptest.aislab.ee",
    "overleaf.aislab.ee",
    "overleaf.screamcello.csie",
    "overseas-oia",
    "overseas.oia",
    "overseashubs",
    "paganini.ee",
    "pages.aislab.ee",
    "pages.course.aislab.ee",
    "pages.test.course.aislab.ee",
    "pamir.phys",
    "parade.arch",
    "parasite-med",
    "parserval.ee",
    "path-med",
    "pay.ufo",
    "pbrc.web2",
    "pc00.test",
    "pc01.test",
    "pc02.test",
    "pc04.test",
    "pc05.test",
    "pc06.test",
    "pc07.test",
    "pc08.test",
    "pc09.test",
    "pc10.test",
    "pc11.test",
    "pc12.test",
    "pc13.test",
    "pc14.test",
    "pc15.test",
    "pc16.test",
    "pc17.test",
    "pc18.test",
    "pc20.test",
    "pc21.test",
    "pc22.test",
    "pc23.test",
    "pc24.test",
    "pc26.test",
    "pc27.test",
    "pc30.test",
    "pc31.test",
    "pc32.test",
    "pc33.test",
    "pc34.test",
    "pc35.test",
    "pc36.test",
    "pc37.test",
    "pc38.test",
    "pc39.test",
    "pc40.test",
    "pc510.ev",
    "pcbase.itps",
    "pcn21.ee",
    "pcn7.ee",
    "pcn9.ee",
    "pcrc.web2",
    "pcroom.ee",
    "pctc.csie",
    "pd2-hw3.netdb.csie",
    "pd2.netdb.csie",
    "pd2hw3.netdb.csie",
    "pe-acad",
    "pe.acad",
    "ped",
    "peddr.hosp",
    "peexposure.researchvismap",
    "pehl",
    "peilab.publichealth",
    "penguin.phys",
    "pep.web2",
    "pers",
    "personnel.hosp",
    "pgr.itps",
    "ph-med",
    "pharma",
    "pharmacy",
    "phdojt-ncku.web2",
    "phpldapadmin.aislab.ee",
    "phpldapadmin.course.aislab.ee",
    "phpldapadmin.test.course.aislab.ee",
    "phpsolarcell.researchvismap",
    "phys",
    "phys-med",
    "pims",
    "pink.ee",
    "plantpan.itps",
    "plantpan2.itps",
    "plasma.pssc",
    "platform.icsdsa",
    "plato.csie",
    "playlab.computing",
    "plkuo.che",
    "pm.cc",
    "pm.screamtrumpet.csie",
    "pmg.bme",
    "podcast",
    "polab.imis",
    "policylab.polsci",
    "polsci",
    "popularscience.web2",
    "portal.up",
    "portfolio.cte-acad",
    "portus.lens.csie",
    "poweree25.ee",
    "poweree29.ee",
    "powerlab.ee",
    "practice",
    "preofact",
    "prescriptionte.ee",
    "preselection",
    "president",
    "presidentfarewell2023",
    "primehub.aic",
    "primehub.computing",
    "project.research",
    "promptfoo.netdb.csie",
    "proofread.flc",
    "prop-oga",
    "prop.oga",
    "propsys.oga",
    "proteinmicroarray.researchvismap",
    "protemot.ee",
    "proton.phys",
    "proxmox.ccns",
    "proxy.ccns",
    "prs.geomatics",
    "psa.pers",
    "pse2.che",
    "pse5.che",
    "psnarea.cc",
    "psroc2010",
    "pssc",
    "psy-med",
    "psy.hosp",
    "psychology",
    "pt",
    "ptc.ais2m",
    "ptc.hosp",
    "ptcbackend.ais2m",
    "ptcreservex.ais2m",
    "public.hosp",
    "publichealth",
    "purch-oga",
    "purch.oga",
    "purduedual.web2",
    "purple.ee",
    "putty.ccns",
    "qa.hosp",
    "qcloud.phys",
    "qdisl01.es",
    "qfort",
    "qif.phys",
    "qqaq.ee",
    "qrcode.cc",
    "qrys",
    "quantaai.web2",
    "quantum-realm.phys",
    "quantum.phys",
    "ques2.osa",
    "qure.gs",
    "r76121243.iim",
    "radb",
    "radiology.hosp",
    "rail",
    "rais",
    "ramucirumabhcc.researchvismap",
    "rapidill.lib",
    "rc.adm",
    "rcetts",
    "rdtsp.innovation",
    "reader.lib",
    "rec.chass",
    "redcap.pharmacy",
    "reg-acad",
    "reg.acad",
    "regaps.acad",
    "regi.diploma",
    "registry.aislab.ee",
    "registry.course.aislab.ee",
    "registry.lens.csie",
    "registry.screamtrumpet.csie",
    "rehab-med",
    "report.hosp",
    "resag.ev",
    "research.csie",
    "research.lib",
    "researchexpress.web2",
    "researchoutput",
    "resilience.psychology",
    "respighi.ee",
    "restful.ckforum",
    "restful.ckforum2",
    "review.acad",
    "rfcad.ee",
    "ris.med",
    "rlsrl.pehl",
    "rmdltr.csie",
    "robotics.csie",
    "rocketchat.course.aislab.ee",
    "rockylinux.ccns",
    "romoems.me",
    "rose.csie",
    "router.hosp",
    "rpage.hosp",
    "rpage.web2",
    "rpage.web3",
    "rpcls.bb",
    "rsp.lens.csie",
    "rtdrc.web2",
    "rtesnas.ee",
    "s-lmap.ctld",
    "s.mytube",
    "s4000.hosp",
    "saiotc.ee",
    "sas.lsprc",
    "satellite",
    "satu",
    "satu.web2",
    "sblab.imis",
    "sc2016.hsnet.ee",
    "sc2017.hsnet.ee",
    "scholar.lib",
    "scholarship",
    "school.ives",
    "schoollunch.web2",
    "science",
    "sclab.computing",
    "score",
    "scoretest.cc",
    "screamapple.csie",
    "screambanana.csie",
    "screamlab.csie",
    "screamtrumpet.csie",
    "scsip.ee",
    "sdg",
    "sdgs.oga",
    "sdgsai.ord",
    "sdgskeyword.ord",
    "sds.web2",
    "secr",
    "security.view",
    "seda.ee",
    "seemotif.ee",
    "sem.dps",
    "sendmail.lib",
    "seoc.hosp",
    "serc",
    "serl",
    "serv-oga",
    "serv.oga",
    "server.ime",
    "server.imis",
    "server.lab.dps",
    "server0.csie",
    "server1.csie",
    "server2.csie",
    "server8.csie",
    "server9.csie",
    "service-learning",
    "service-learning.osa",
    "service.hosp",
    "sgd.adm",
    "sge",
    "sglt2isvsdpp4is.researchvismap",
    "sgrc.web2",
    "sh.hosp",
    "shalun-bot.netdb.csie",
    "shalun-bot1.netdb.csie",
    "shalun-energy.netdb.csie",
    "shalun-traffic.netdb.csie",
    "shalunecocity",
    "shs2.che",
    "shwc.web2",
    "shyhnan.icid",
    "sia",
    "siaim.geomatics",
    "silicone1.che",
    "silicone3.che",
    "silver.ee",
    "sip",
    "sites.gs",
    "sivslab.csie",
    "sleepcenter.hosp",
    "sm1.hpc",
    "smart.innovation",
    "smartcampus.cpd",
    "smartcampus.csie",
    "smarthospital.hosp",
    "smile.ee",
    "smin.hosp",
    "sml-lab.dbbs",
    "sname",
    "sname7.sname",
    "soc.cc",
    "soc.computing",
    "soilgw.researchvismap",
    "solar-power-backend.netdb.csie",
    "solar-power-platform.netdb.csie",
    "sop-uiba.ctld",
    "sop.ctld",
    "space.lib",
    "space.ot",
    "space.science",
    "spacelab.ee",
    "spark",
    "spd-ord",
    "spd.ord",
    "speech2.ee",
    "spic2.ee",
    "spie.dps",
    "splab.imis",
    "sportscience.web2",
    "sportslab",
    "sportslab.web2",
    "sposad.cpd",
    "sprite.phys",
    "srf.ee",
    "sris.itps",
    "sscas.ee",
    "sscas3.ee",
    "ssl.cc",
    "ssp.aislab.ee",
    "ssp.course.aislab.ee",
    "ssp.test.course.aislab.ee",
    "ssu.cpd",
    "ssu.ide",
    "ssujm.cpd",
    "startup",
    "stat",
    "stat.phys",
    "stim.civil",
    "stli.iim",
    "strauss.ee",
    "stressrelieve.nursing",
    "strokecenter.hosp",
    "stsc35.stat",
    "stu-mots.osa",
    "stu-records.acad",
    "stu.med",
    "stuapply.diploma",
    "stud.adm",
    "stw.innovation",
    "su.vp",
    "summerschool.web2",
    "sun.isaps",
    "sun18.csie",
    "sun29.csie",
    "sup",
    "super.ime",
    "super.imis",
    "supercomputer.es",
    "superrf.ee",
    "surgery",
    "surgery.hosp",
    "sustainability",
    "suxuelin.liberal",
    "svp-wu",
    "sw.hosp",
    "swinewwt.researchvismap",
    "swwtmicroalgaebp.researchvismap",
    "sys.activity-osa",
    "sys.cge",
    "sys.osa",
    "sys.purch-oga",
    "system.research",
    "tableau.cc",
    "tablet.web2",
    "tai2.ee",
    "taichi2017.csie",
    "taigi.twl",
    "talks.netdb.csie",
    "tandem.hosp",
    "tas",
    "tauli.ee",
    "tcat2017.twisc",
    "tcat2018.twisc",
    "tcat2019.twisc",
    "tcat2020.twisc",
    "tcat2021.twisc",
    "tcat2022.twisc",
    "tcat2023.twisc",
    "tcc.twl",
    "tchaikovsk.ee",
    "tcm",
    "tcsmh",
    "tdp43.researchvismap",
    "tdwdm.thl",
    "teach.law",
    "teachlab.phys",
    "technoart",
    "tej.lib",
    "term.ccns",
    "tesla.ee",
    "test",
    "test.che",
    "test.lab.dps",
    "test1106.pehl",
    "testbed",
    "testbed.ee",
    "tfcfd.acad",
    "tfguolab.dps",
    "tfob.web2",
    "tgis2020.geomatics",
    "tgis2023.geomatics",
    "thebest.binfo",
    "thesis.arch",
    "thesis.lib",
    "thl",
    "thl.web2",
    "thoracic.surgery",
    "tipr.mdic",
    "tissuebank.hosp",
    "titan",
    "titnco.web2",
    "tl",
    "tlm50.twl",
    "tm",
    "tme-rab-secretion.researchvismap",
    "tnrc.web2",
    "toc.netdb.csie",
    "tocc",
    "together2026.web2",
    "top",
    "torrecfaction.researchvismap",
    "tptdlens.csie",
    "tqip.hosp",
    "tracker.ee",
    "tracker.testbed",
    "traefik.aislab.ee",
    "traefik.course.aislab.ee",
    "traefik.test.course.aislab.ee",
    "transcript.dev.netdb.csie",
    "trevi.ctld",
    "triathlon.pehl",
    "trin.epsh",
    "trs.hosp",
    "ts-online",
    "tsbme2024",
    "tslin.csie",
    "tsmccenter",
    "ttbic",
    "ttbic.rsh",
    "tts.web2",
    "ttssearch.lib",
    "ttstc",
    "turquoise.ee",
    "twisc",
    "twl",
    "twplant.researchvismap",
    "twriver.researchvismap",
    "uac",
    "uac2",
    "uacftp",
    "uactest",
    "uav",
    "ubuntu.ccns",
    "ubuntu.csie",
    "ucan",
    "ucs-edu-vc.cc",
    "ucs-mail-vc.cc",
    "ucs-vc.cc",
    "ucs-vc2.cc",
    "ucsesx17.cc",
    "ucsesx18.cc",
    "ucsesx19.cc",
    "ucsesx20.cc",
    "ucsesx21.cc",
    "ucsesx22.cc",
    "ucsesx23.cc",
    "ucsesx24.cc",
    "ucsesx25.cc",
    "ucsesx26.cc",
    "ucsesx27.cc",
    "ucsesx28.cc",
    "ucsesx29.cc",
    "ucsesx30.cc",
    "ucsesx31.cc",
    "ucsesx32.cc",
    "ufo",
    "ufo-edu.web2",
    "uibun.twl",
    "unisectaiwan.ee",
    "up",
    "uptime.lab.dps",
    "ur",
    "urology-med",
    "urology.hosp",
    "usr-c.chass",
    "usr-hub.web2",
    "usr50plus",
    "utasmooc.web2",
    "v1.moodle",
    "v2.moodle",
    "vab.arch",
    "vc.ciismgr.cc",
    "vc100.view",
    "vcmlab.psychology",
    "vcsdl1.ee",
    "vcsdl17.ee",
    "vcsdl18.ee",
    "vcsdl19.ee",
    "vcsdl21.ee",
    "vcsdl24.ee",
    "vcsdl27.ee",
    "vcsdl28.ee",
    "vcsdl3.ee",
    "veda.ee",
    "venus.ee",
    "view",
    "violet.ee",
    "virgo.csie",
    "virtualcampustour.osp",
    "virtualcampustour.ossd",
    "vision.csie",
    "vlsi26.ee",
    "vlsi29.ee",
    "vlsilab.ee",
    "vlsimail.ee",
    "vlsiws.ee",
    "vm04.cc",
    "vm05.cc",
    "vm06.cc",
    "vm07.cc",
    "vm08.cc",
    "volunteer.museum",
    "vp-chang",
    "vp-chen",
    "vp-chuang",
    "vp-hong",
    "vp-kuo",
    "vp-lee",
    "vp-su",
    "vp-yunglee",
    "vpn.ctld",
    "vpn.hosp",
    "vr.me",
    "vrmip.me",
    "vrttsm.pehl",
    "vrttsm1.pehl",
    "vsa.twl",
    "vtpc14.ee",
    "wagner.ee",
    "watergasshift.researchvismap",
    "waterworkshop.hyd",
    "wcchang.itps",
    "wcnpc02.ee",
    "wdb106.thl",
    "web",
    "web.bme",
    "web.cc",
    "web.ccns",
    "web.che",
    "web.civil",
    "web.csie",
    "web.dpec",
    "web.ee",
    "web.hosp",
    "web.hyd",
    "web.iaa",
    "web.inhmm",
    "web.iotma",
    "web.mse",
    "web.netdb.csie",
    "web.osa",
    "web.vr.me",
    "web1.iotma",
    "web2",
    "web3",
    "web5",
    "webap1.innovation",
    "webapi.cc",
    "webdisk.nckuhevtts.bme",
    "weblis.lib",
    "webmail",
    "webmail.csie",
    "webmail.nckuhevtts.bme",
    "webpac.lib",
    "website",
    "websys.secr",
    "white.ee",
    "whsap.csie",
    "wicslab.ee",
    "wifi.alumni",
    "wiki.csie",
    "wisbal.ee",
    "wkdl.iim",
    "wkdl.im",
    "wkdls.iim",
    "wmmks.csie",
    "wra.twisc",
    "wraicslog.twisc",
    "ws.ccns",
    "ws.twl",
    "wsl.hyd",
    "wtmh.bme",
    "wtrc.web2",
    "wun-drg",
    "ww2.phys",
    "www",
    "www.2025sss.ais2m",
    "www.acc",
    "www.aiot.cssha",
    "www.amba",
    "www.arch",
    "www.art",
    "www.ba",
    "www.behmed",
    "www.binfo",
    "www.bio",
    "www.cans.ee",
    "www.cc",
    "www.ccns",
    "www.ch",
    "www.chass",
    "www.che",
    "www.chinese",
    "www.civil",
    "www.cmcs",
    "www.comc",
    "www.cpd",
    "www.csie",
    "www.css",
    "www.ctrc",
    "www.cysec.ee",
    "www.dementia.friendly.chass",
    "www.deoh",
    "www.dfsr",
    "www.dprc",
    "www.dps",
    "www.econ",
    "www.ed",
    "www.edsrc",
    "www.ee",
    "www.emba",
    "www.en.mse",
    "www.eng",
    "www.es",
    "www.ev",
    "www.farming.chass",
    "www.fintech",
    "www.flld",
    "www.fpsrc",
    "www.future",
    "www.geomatics",
    "www.gipe",
    "www.gs",
    "www.healthycities",
    "www.his",
    "www.hosp",
    "www.hsnet.ee",
    "www.hyd",
    "www.ib",
    "www.icid",
    "www.ide",
    "www.ime",
    "www.imi",
    "www.imis",
    "www.inhmm",
    "www.iog",
    "www.iom",
    "www.iotma",
    "www.ipsi.mse",
    "www.isaps",
    "www.itlab.ee",
    "www.itps",
    "www.ives",
    "www.ksc.im",
    "www.lab.dps",
    "www.law",
    "www.leos.phys",
    "www.lib",
    "www.liberal",
    "www.loge.hyd",
    "www.lsprc",
    "www.management",
    "www.mdid.me",
    "www.me",
    "www.medlib",
    "www.mjcheng.ch",
    "www.mmnetlab.csie",
    "www.mp",
    "www.mse",
    "www.nc.es",
    "www.nckuhevtts.bme",
    "www.ncts",
    "www.nlearning",
    "www.nsda.ee",
    "www.nsl.phys",
    "www.nursing",
    "www.oralhealth.nursing",
    "www.pehl",
    "www.phys",
    "www.polsci",
    "www.presidentfarewell2023",
    "www.pt",
    "www.rebamp2019.csie",
    "www.science",
    "www.shalunecocity",
    "www.sia",
    "www.sname",
    "www.stat",
    "www.tas",
    "www.testbed",
    "www.ttbic",
    "www.twisc",
    "www.twl",
    "www.up",
    "www.usr-c.chass",
    "www.wpeiic",
    "www1.ime",
    "www1.imis",
    "www1.testbed",
    "www2.hyd",
    "www2.twl",
    "www3.hyd",
    "xms.hosp",
    "xrlab.civil",
    "yblin.neat.csie",
    "yellow.ee",
    "yichen.ee",
    "yst.icmmed",
    "yuhealth.web2",
    "yun.che",
    "zeelandia.museum",
    "zoro.ee",
    "zvibasednps.researchvismap"
  ],
  "more": false
}

=== 整理後的結果 ===
--- 完整網域 ---
10acgg.web2.ncku.edu.tw
110niag.ncku.edu.tw
118.ices.csie.ncku.edu.tw
123.ices.csie.ncku.edu.tw
2012cit.ncku.edu.tw
2015iwait-ifmia.web2.ncku.edu.tw
2017srp.twisc.ncku.edu.tw
2017web.bio.ncku.edu.tw
2018srp.twisc.ncku.edu.tw
2019nsisf.twisc.ncku.edu.tw
2019srp.twisc.ncku.edu.tw
2020.arch.ncku.edu.tw
2021higem.web2.ncku.edu.tw
2022biocas-preworkshop.csie.ncku.edu.tw
2025fhed.ncku.edu.tw
2025kiborpc.ncku.edu.tw
2025sss.ais2m.ncku.edu.tw
2030.sdg.ncku.edu.tw
3cp-jasmine.polsci.ncku.edu.tw
3emovie.ncku.edu.tw
3rs.deoh.ncku.edu.tw
40th.med.ncku.edu.tw
85th.ncku.edu.tw
90th.ncku.edu.tw
_dmarc.ncku.edu.tw
aaa.ncku.edu.tw
aaa1.ncku.edu.tw
aaa2.ncku.edu.tw
aacsb.management.ncku.edu.tw
aatl-signer-backend.netdb.csie.ncku.edu.tw
aatl.netdb.csie.ncku.edu.tw
abcd123.ee.ncku.edu.tw
acad-oxf.ncku.edu.tw
acad.ncku.edu.tw
academic.web2.ncku.edu.tw
acc.adm.ncku.edu.tw
acchos.hosp.ncku.edu.tw
acco.ncku.edu.tw
accs.adm.ncku.edu.tw
accton.web2.ncku.edu.tw
acesanalysis.researchvismap.ncku.edu.tw
acir.web2.ncku.edu.tw
acm.netdb.csie.ncku.edu.tw
activity-osa.ncku.edu.tw
activity.ncku.edu.tw
activity.osa.ncku.edu.tw
ad.lib.ncku.edu.tw
adhelp.ee.ncku.edu.tw
admin.fmri.ncku.edu.tw
admin.gym.ncku.edu.tw
admissions.oia.ncku.edu.tw
adms-acad.ncku.edu.tw
adms.acad.ncku.edu.tw
adrc.hosp.ncku.edu.tw
aeolab04.ee.ncku.edu.tw
aerosol.ev.ncku.edu.tw
ahdb.ee.ncku.edu.tw
ahpnd.researchvismap.ncku.edu.tw
ahs.ncku.edu.tw
ai.csie.ncku.edu.tw
ai4dt.ee.ncku.edu.tw
aibmrc.csie.ncku.edu.tw
aics2020.twisc.ncku.edu.tw
aiediting.cc.ncku.edu.tw
aiforum2018.csie.ncku.edu.tw
aigp.ncku.edu.tw
aim.ncku.edu.tw
aim1.aic.ncku.edu.tw
aim2.aic.ncku.edu.tw
aimldesignofmm.researchvismap.ncku.edu.tw
aionchip.computing.ncku.edu.tw
aiot.cssha.ncku.edu.tw
airpro.researchvismap.ncku.edu.tw
ais2m.ncku.edu.tw
aislab.ee.ncku.edu.tw
aislabcourse.ee.ncku.edu.tw
aislabnas.ee.ncku.edu.tw
aisnd.ee.ncku.edu.tw
aitc.ncku.edu.tw
algaepath.itps.ncku.edu.tw
algorithm.csie.ncku.edu.tw
almightystm.web2.ncku.edu.tw
alpine.ccns.ncku.edu.tw
alumni.acc.ncku.edu.tw
alumni.bme.ncku.edu.tw
alumni.dps.ncku.edu.tw
alumni.flld.ncku.edu.tw
alumni.hyd.ncku.edu.tw
alumni.me.ncku.edu.tw
alumni.ncku.edu.tw
alumni.sname.ncku.edu.tw
alumni1.me.ncku.edu.tw
alzcovid.researchvismap.ncku.edu.tw
amba.ncku.edu.tw
amd05.ee.ncku.edu.tw
ampl.me.ncku.edu.tw
anatomy.ncku.edu.tw
ancient.lib.ncku.edu.tw
anesth-med.ncku.edu.tw
animal.ncku.edu.tw
ann.ncku.edu.tw
ann.web.ncku.edu.tw
anti-frailty.web2.ncku.edu.tw
antiapoptoticproteinsautophagy.researchvismap.ncku.edu.tw
antispam.hosp.ncku.edu.tw
antispam.ncku.edu.tw
antispam1.hosp.ncku.edu.tw
anw.ncku.edu.tw
ap-acad.web2.ncku.edu.tw
ap.geomatics.ncku.edu.tw
ap.pers.ncku.edu.tw
api.deh.csie.ncku.edu.tw
api.experience.ctld.ncku.edu.tw
api.fmri.ncku.edu.tw
api.gym.ncku.edu.tw
api.ksc.im.ncku.edu.tw
api.nckupass.ctld.ncku.edu.tw
api.netdb.csie.ncku.edu.tw
apmc.web2.ncku.edu.tw
apmr.management.ncku.edu.tw
app-fun.cc.ncku.edu.tw
app.cc.ncku.edu.tw
app.fintech.ncku.edu.tw
app.lib.ncku.edu.tw
app.pers.ncku.edu.tw
app2013.cc.ncku.edu.tw
apply.aic.ncku.edu.tw
apply.cc.ncku.edu.tw
appointment.dev.netdb.csie.ncku.edu.tw
apps.acad.ncku.edu.tw
apps.pers.ncku.edu.tw
apss.oga.ncku.edu.tw
arch.ncku.edu.tw
archaeology.ncku.edu.tw
archimedes.ee.ncku.edu.tw
archives.arch.ncku.edu.tw
archives.museum.ncku.edu.tw
archlinux.ccns.ncku.edu.tw
archlinux.csie.ncku.edu.tw
archlinux2.ccns.ncku.edu.tw
arguidedcaul.researchvismap.ncku.edu.tw
aris2022.ncku.edu.tw
aristolochia.researchvismap.ncku.edu.tw
art.ncku.edu.tw
artcenter.ncku.edu.tw
artrtreatmentofataad.researchvismap.ncku.edu.tw
asas.ee.ncku.edu.tw
asem.me.ncku.edu.tw
asiajcis2024.web2.ncku.edu.tw
asiclab10.ee.ncku.edu.tw
assistance-osa.ncku.edu.tw
assistance.osa.ncku.edu.tw
astrc.ncku.edu.tw
atmirnet.itps.ncku.edu.tw
atp.ee.ncku.edu.tw
atpan.itps.ncku.edu.tw
atzg2025.ncku.edu.tw
autobind.csie.ncku.edu.tw
autodiscover.ncku.edu.tw
autophagynmstox.researchvismap.ncku.edu.tw
avs.medlib.ncku.edu.tw
awat.ee.ncku.edu.tw
b1000.web3.ncku.edu.tw
b10c54.web3.ncku.edu.tw
b1300.web3.ncku.edu.tw
b1600.web3.ncku.edu.tw
b1700.web3.ncku.edu.tw
b2200.web3.ncku.edu.tw
b2300.web3.ncku.edu.tw
b2400.web3.ncku.edu.tw
b24c06.web3.ncku.edu.tw
b29c01.web3.ncku.edu.tw
b2c002.web3.ncku.edu.tw
b3c001.web3.ncku.edu.tw
b3c004.web3.ncku.edu.tw
b3c007.web3.ncku.edu.tw
b3c008.web3.ncku.edu.tw
b8c001.web3.ncku.edu.tw
ba.ncku.edu.tw
bac006.web3.ncku.edu.tw
bac008.web3.ncku.edu.tw
bac009.web3.ncku.edu.tw
baisp-lab.csie.ncku.edu.tw
bb.ncku.edu.tw
bb000.web3.ncku.edu.tw
bbb.moodle.ncku.edu.tw
bbb2.moodle.ncku.edu.tw
bbb3.moodle.ncku.edu.tw
bbb4.moodle.ncku.edu.tw
bbb5.moodle.ncku.edu.tw
bbb6.moodle.ncku.edu.tw
bbb7.moodle.ncku.edu.tw
bbb8.moodle.ncku.edu.tw
bbb9.moodle.ncku.edu.tw
bbc006.web3.ncku.edu.tw
bbc009.web3.ncku.edu.tw
bbc010.web3.ncku.edu.tw
bbc011.web3.ncku.edu.tw
bbc013.web3.ncku.edu.tw
bbc015.web3.ncku.edu.tw
bbc020.web3.ncku.edu.tw
bbc026.web3.ncku.edu.tw
bbc029.web3.ncku.edu.tw
bbc031.web3.ncku.edu.tw
bbc035r.web3.ncku.edu.tw
bbc036r.web3.ncku.edu.tw
bbs.ccns.ncku.edu.tw
bclab.arch.ncku.edu.tw
bd000.web3.ncku.edu.tw
bdc001.web3.ncku.edu.tw
bdc003.web3.ncku.edu.tw
bdc007.web3.ncku.edu.tw
bdc008r.web3.ncku.edu.tw
bec001.web3.ncku.edu.tw
bec002.web3.ncku.edu.tw
bec004.web3.ncku.edu.tw
bec007r.web3.ncku.edu.tw
beer-c-kpi.acad.ncku.edu.tw
beethoven.ee.ncku.edu.tw
behmed.ncku.edu.tw
belab.ee.ncku.edu.tw
berserk.phys.ncku.edu.tw
bestemi.ncku.edu.tw
bfc001.web3.ncku.edu.tw
bi.im.ncku.edu.tw
bigdata2017.twisc.ncku.edu.tw
bigdata2018.twisc.ncku.edu.tw
bigdata2019.twisc.ncku.edu.tw
bigdata2020.twisc.ncku.edu.tw
bigdata2021.twisc.ncku.edu.tw
bigdata2022.twisc.ncku.edu.tw
bigdata2023.twisc.ncku.edu.tw
biochem.ncku.edu.tw
bioethanolmah.researchvismap.ncku.edu.tw
bioimage.med.ncku.edu.tw
biomarkerbacterialviralinfection.researchvismap.ncku.edu.tw
biomasstorrefaction.researchvismap.ncku.edu.tw
biomethanechar.researchvismap.ncku.edu.tw
biotechfeeds.web2.ncku.edu.tw
bits.web2.ncku.edu.tw
blue.ee.ncku.edu.tw
bme.ncku.edu.tw
bmhd.web2.ncku.edu.tw
bmilab.csie.ncku.edu.tw
bookstack.netdb.csie.ncku.edu.tw
boss.testbed.ncku.edu.tw
brand.ncku.edu.tw
breast.hosp.ncku.edu.tw
brester.ee.ncku.edu.tw
bruckner.ee.ncku.edu.tw
brundtlandweek.web2.ncku.edu.tw
bs.netdb.csie.ncku.edu.tw
budget.top.ncku.edu.tw
buslab.csie.ncku.edu.tw
cacerl.ime.ncku.edu.tw
cach.web2.ncku.edu.tw
cacs2008.ncku.edu.tw
cad.csie.ncku.edu.tw
cad12.ee.ncku.edu.tw
cad3.ee.ncku.edu.tw
cadcam.ime.ncku.edu.tw
caelab.me.ncku.edu.tw
caid.csie.ncku.edu.tw
caie.hosp.ncku.edu.tw
calc.phys.ncku.edu.tw
calendar.gs.ncku.edu.tw
calendar.lib.ncku.edu.tw
calendar.ncku.edu.tw
camp.csie.ncku.edu.tw
campus1.ncku.edu.tw
campus4.ncku.edu.tw
campus5.ncku.edu.tw
campuslife.90th.ncku.edu.tw
campusosh.deoh.ncku.edu.tw
can.ncku.edu.tw
capst.ncku.edu.tw
car.oga.ncku.edu.tw
cardiovascular.surgery.ncku.edu.tw
career.osa.ncku.edu.tw
career2.osa.ncku.edu.tw
career3.osa.ncku.edu.tw
carfootprint.researchvismap.ncku.edu.tw
carnation.ee.ncku.edu.tw
cas5.ee.ncku.edu.tw
casalab.civil.ncku.edu.tw
casd.csie.ncku.edu.tw
casgpu.ee.ncku.edu.tw
cash.ufo.ncku.edu.tw
cashier-ufo.ncku.edu.tw
cashier.ufo.ncku.edu.tw
caslab.ee.ncku.edu.tw
casmail.ee.ncku.edu.tw
catslab.ee.ncku.edu.tw
cbb.ncku.edu.tw
cbic.ee.ncku.edu.tw
cbmrd.web2.ncku.edu.tw
cbs.cce.ncku.edu.tw
cc.ime.ncku.edu.tw
cc.ncku.edu.tw
cce.ee.ncku.edu.tw
cce.ncku.edu.tw
ccep.ctld.ncku.edu.tw
ccep.ncku.edu.tw
ccirdc.cpd.ncku.edu.tw
cck.phys.ncku.edu.tw
cck1.phys.ncku.edu.tw
cck2.phys.ncku.edu.tw
ccliu.earth.ncku.edu.tw
ccmc.web2.ncku.edu.tw
ccns.ncku.edu.tw
cdch1.csie.ncku.edu.tw
cdch2.csie.ncku.edu.tw
cdnetb.lib.ncku.edu.tw
cdnetc.lib.ncku.edu.tw
cdnetdtts.lib.ncku.edu.tw
cdnete.lib.ncku.edu.tw
cdnetf.lib.ncku.edu.tw
ceastudy.researchvismap.ncku.edu.tw
centos.ccns.ncku.edu.tw
centrallab.hosp.ncku.edu.tw
certcenter.credit.csie.ncku.edu.tw
certificates.nlearning.ncku.edu.tw
cet.acad.ncku.edu.tw
cets.ncku.edu.tw
ceyushan.civil.ncku.edu.tw
cfb.cbb.ncku.edu.tw
cfc.ncku.edu.tw
cfc2021.cfc.ncku.edu.tw
cfpmoe.ee.ncku.edu.tw
cge.ncku.edu.tw
cgm.ncku.edu.tw
cgw2018.csie.ncku.edu.tw
ch.ncku.edu.tw
challenge.computing.ncku.edu.tw
chass.ncku.edu.tw
chatbot.oia.ncku.edu.tw
chc.hosp.ncku.edu.tw
che.ncku.edu.tw
chemicloud.netdb.csie.ncku.edu.tw
chemistry.web2.ncku.edu.tw
chengkung9.90th.ncku.edu.tw
chexam.hosp.ncku.edu.tw
chinese.ncku.edu.tw
chiusystem.ee.ncku.edu.tw
chocolate.ee.ncku.edu.tw
chpsc.hosp.ncku.edu.tw
chtsailab.ee.ncku.edu.tw
cial.csie.ncku.edu.tw
cic.hosp.ncku.edu.tw
cice-acad.ncku.edu.tw
cice.acad.ncku.edu.tw
cid-acad.ncku.edu.tw
cid.acad.ncku.edu.tw
cidsr.web2.ncku.edu.tw
cie.cpd.ncku.edu.tw
ciis-sans.web2.ncku.edu.tw
ciis.cc.ncku.edu.tw
ciismgr.cc.ncku.edu.tw
ciot.imis.ncku.edu.tw
cipm2019forum.twisc.ncku.edu.tw
cir.bb.ncku.edu.tw
cis-cfc.ncku.edu.tw
cis.cfc.ncku.edu.tw
cisc2026.twisc.ncku.edu.tw
ckforum.ncku.edu.tw
ckforum2.ncku.edu.tw
ckhp.ncku.edu.tw
ckj.csie.ncku.edu.tw
ckmail.ncku.edu.tw
ckw.phys.ncku.edu.tw
class-qry.acad.ncku.edu.tw
classroom.iim.ncku.edu.tw
clinicepid.researchvismap.ncku.edu.tw
clm.med.ncku.edu.tw
cloud.cc.ncku.edu.tw
cloud.computing.ncku.edu.tw
cloud.lens.csie.ncku.edu.tw
clpharm.ncku.edu.tw
cmnst-cfc.ncku.edu.tw
cmnst2013.cmnst.ncku.edu.tw
cmrc.hosp.ncku.edu.tw
cncmail.ncku.edu.tw
cobis-fs.bme.ncku.edu.tw
cobis.bme.ncku.edu.tw
code.arch.ncku.edu.tw
codec.ee.ncku.edu.tw
codimd.aislab.ee.ncku.edu.tw
collegex.ncku.edu.tw
colors.ee.ncku.edu.tw
comc1.comc.ncku.edu.tw
computing.ncku.edu.tw
contactus.cc.ncku.edu.tw
contactus.ncku.edu.tw
converter.icsdsa.ncku.edu.tw
copland.ee.ncku.edu.tw
corelab.med.ncku.edu.tw
corpora.flld.ncku.edu.tw
cosbi.ee.ncku.edu.tw
cosbi10.ee.ncku.edu.tw
cosbi11.ee.ncku.edu.tw
cosbi2.ee.ncku.edu.tw
cosbi3.ee.ncku.edu.tw
cosbi4.ee.ncku.edu.tw
cosbi5.ee.ncku.edu.tw
cosbi6.ee.ncku.edu.tw
cosbi7.ee.ncku.edu.tw
cosbi9.ee.ncku.edu.tw
counseling-osa.ncku.edu.tw
counseling.osa.ncku.edu.tw
count.lib.ncku.edu.tw
course-pd2.netdb.csie.ncku.edu.tw
course-query.acad.ncku.edu.tw
course.ncku.edu.tw
cov19iot01.hosp.ncku.edu.tw
covid19.ncku.edu.tw
covtest.netdb.csie.ncku.edu.tw
cox-nas.collegex.ncku.edu.tw
cox-nas.ctld.ncku.edu.tw
cpanel.nckuhevtts.bme.ncku.edu.tw
cpcalendars.nckuhevtts.bme.ncku.edu.tw
cpcontacts.nckuhevtts.bme.ncku.edu.tw
cpd.ncku.edu.tw
cpi.acad.ncku.edu.tw
cps.imis.ncku.edu.tw
crc.hosp.ncku.edu.tw
credit.csie.ncku.edu.tw
crimson.ee.ncku.edu.tw
crush.cc.ncku.edu.tw
crypto.ee.ncku.edu.tw
crystal.ais2m.ncku.edu.tw
cs.ncku.edu.tw
csbot.netdb.csie.ncku.edu.tw
csi.ee.ncku.edu.tw
csie.ncku.edu.tw
csp11.ee.ncku.edu.tw
csp24.ee.ncku.edu.tw
css-secr.ncku.edu.tw
css.ncku.edu.tw
cssa.cc.ncku.edu.tw
csslab.csie.ncku.edu.tw
csys.osa.ncku.edu.tw
ctai.netdb.csie.ncku.edu.tw
ctc.hosp.ncku.edu.tw
cte-acad.ncku.edu.tw
cte.acad.ncku.edu.tw
ctld-acad.ncku.edu.tw
ctld.acad.ncku.edu.tw
ctld.ncku.edu.tw
ctlt.twl.ncku.edu.tw
ctrmost-cfc.ncku.edu.tw
ctrmost.web2.ncku.edu.tw
ctstrait.polsci.ncku.edu.tw
cubic.mse.ncku.edu.tw
curie.ee.ncku.edu.tw
cvs.twl.ncku.edu.tw
cvtest.netdb.csie.ncku.edu.tw
cyanogmexp.ncku.edu.tw
cyanogmexp.researchvismap.ncku.edu.tw
cyanoshow.researchvismap.ncku.edu.tw
d6im.hosp.ncku.edu.tw
d6service.hosp.ncku.edu.tw
d6wifi.hosp.ncku.edu.tw
d6www.hosp.ncku.edu.tw
dadh2023.chinese.ncku.edu.tw
dai.csie.ncku.edu.tw
dashboard-ncku-aiot.wp.hosp.ncku.edu.tw
dashboard.experience.ctld.ncku.edu.tw
dashboard.nckupass.ctld.ncku.edu.tw
data.ncku.edu.tw
daylightphotodynamictherapy.researchvismap.ncku.edu.tw
db.nckumap.ncku.edu.tw
dba.ncku.edu.tw
dbbs.ncku.edu.tw
dbemily.csie.ncku.edu.tw
dblab.csie.ncku.edu.tw
dbs.comc.ncku.edu.tw
dcert-moe.netdb.csie.ncku.edu.tw
dcert-moeh.netdb.csie.ncku.edu.tw
dcert.csie.ncku.edu.tw
dcert.ncku.edu.tw
dcl.ee.ncku.edu.tw
dcmc.ee.ncku.edu.tw
dcmc14.ee.ncku.edu.tw
dcmc16.ee.ncku.edu.tw
dcmc20.ee.ncku.edu.tw
dcmc33.ee.ncku.edu.tw
dcmc34.ee.ncku.edu.tw
dcmoe.csie.ncku.edu.tw
ddcbc.csie.ncku.edu.tw
debian.ccns.ncku.edu.tw
debian.csie.ncku.edu.tw
deepwiki.netdb.csie.ncku.edu.tw
deh.csie.ncku.edu.tw
dem-med.ncku.edu.tw
dementia.friendly.chass.ncku.edu.tw
denguefever.csie.ncku.edu.tw
dentistry.ncku.edu.tw
deoh.ncku.edu.tw
derek.csie.ncku.edu.tw
derm-med.ncku.edu.tw
derm.hosp.ncku.edu.tw
design.ncku.edu.tw
dev.mis.ncku.edu.tw
devnoc.ee.ncku.edu.tw
df.cc.ncku.edu.tw
dgg.hosp.ncku.edu.tw
dgl.geomatics.ncku.edu.tw
dgx.fintech.management.ncku.edu.tw
dhblab.bme.ncku.edu.tw
dic.csie.ncku.edu.tw
did-fhir.netdb.csie.ncku.edu.tw
digiappt.pers.ncku.edu.tw
digitalarchives.artcenter.ncku.edu.tw
diploma.ncku.edu.tw
dis.hosp.ncku.edu.tw
dlearning.ncku.edu.tw
dlearningvote.ai4dt.ncku.edu.tw
dlt.csie.ncku.edu.tw
dm2018.thl.ncku.edu.tw
dns.csie.ncku.edu.tw
dns.es.ncku.edu.tw
dns.web2.ncku.edu.tw
dns.web3.ncku.edu.tw
dns4.ncku.edu.tw
doc-secr.ncku.edu.tw
doc.screamtrumpet.csie.ncku.edu.tw
doc.secr.ncku.edu.tw
docap3.ncku.edu.tw
docdl.edoc.ncku.edu.tw
docmost.course.aislab.ee.ncku.edu.tw
doctran1.edoc.ncku.edu.tw
doctran2.edoc.ncku.edu.tw
doctran3.edoc.ncku.edu.tw
doctran4.edoc.ncku.edu.tw
doem-med.ncku.edu.tw
donate.ncku.edu.tw
donate.web2.ncku.edu.tw
donate2.ncku.edu.tw
dophin.hyd.ncku.edu.tw
dophin.inhmm.ncku.edu.tw
dophin.iotma.ncku.edu.tw
dorm.osa.ncku.edu.tw
dorm2.osa.ncku.edu.tw
dou6.hosp.ncku.edu.tw
download.cfc.ncku.edu.tw
dpdktest.ee.ncku.edu.tw
dpmb.dpec.ncku.edu.tw
dps.ncku.edu.tw
dr.hosp.ncku.edu.tw
dradmin.hosp.ncku.edu.tw
drive.gs.ncku.edu.tw
ds.ncku.edu.tw
dslab.csie.ncku.edu.tw
dsscalliance.web2.ncku.edu.tw
e-portfolio.ctld.ncku.edu.tw
e1ds.ee.ncku.edu.tw
eadm.ncku.edu.tw
eagle.english.ncku.edu.tw
eap.lib.ncku.edu.tw
earth.ncku.edu.tw
easytest.lib.ncku.edu.tw
easytest2.lib.ncku.edu.tw
ebook.alumni.ncku.edu.tw
ebook.arch.ncku.edu.tw
ecmdic.tpbna.ncku.edu.tw
ecodesign2017.ncku.edu.tw
econ.ncku.edu.tw
economics.ncku.edu.tw
ed.ncku.edu.tw
eda.csie.ncku.edu.tw
edapi.edoc.ncku.edu.tw
edison.ee.ncku.edu.tw
edoc.hosp.ncku.edu.tw
edoc.ncku.edu.tw
edoct.hosp.ncku.edu.tw
educ.hosp.ncku.edu.tw
eduesx01.cc.ncku.edu.tw
eduesx02.cc.ncku.edu.tw
eduesx03.cc.ncku.edu.tw
eduesx04.cc.ncku.edu.tw
eduesx05.cc.ncku.edu.tw
eduesx06.cc.ncku.edu.tw
eduesx07.cc.ncku.edu.tw
eduesx08.cc.ncku.edu.tw
ee-vm.ccns.ncku.edu.tw
ee.ncku.edu.tw
eealum.ee.ncku.edu.tw
eecs.ncku.edu.tw
eeoffice.ee.ncku.edu.tw
effectsofcbt-ionqol.researchvismap.ncku.edu.tw
eform.hosp.ncku.edu.tw
eimd.ncku.edu.tw
eip.hosp.ncku.edu.tw
elearning.hosp.ncku.edu.tw
elearning.imis.ncku.edu.tw
elearning.mdic.ncku.edu.tw
elfess.ee.ncku.edu.tw
elgar.ee.ncku.edu.tw
elite.ee.ncku.edu.tw
elunch.ncku.edu.tw
email.ncku.edu.tw
emba.ncku.edu.tw
embrl.biochem.ncku.edu.tw
emgp.ncku.edu.tw
emily.csie.ncku.edu.tw
emotors.ncku.edu.tw
emrc.ncku.edu.tw
ems.ee.ncku.edu.tw
emxms.hosp.ncku.edu.tw
en.gs.ncku.edu.tw
en.me.ncku.edu.tw
en.mse.ncku.edu.tw
en.ord.ncku.edu.tw
en.sdg.ncku.edu.tw
en.ur.ncku.edu.tw
energy.phys.ncku.edu.tw
enews.oia.ncku.edu.tw
eng.ncku.edu.tw
eng.osp.ncku.edu.tw
engtech.etpc.ncku.edu.tw
ennews-secr.ncku.edu.tw
ent-med.ncku.edu.tw
ent.hosp.ncku.edu.tw
epage.web2.ncku.edu.tw
epage.web3.ncku.edu.tw
eportfolio.hosp.ncku.edu.tw
eportfolio.ncku.edu.tw
eps.gis.ncku.edu.tw
epsh.ncku.edu.tw
epslab.ee.ncku.edu.tw
er.lib.ncku.edu.tw
erg.ncku.edu.tw
ermrc.ncku.edu.tw
es.tcat2020.twisc.ncku.edu.tw
eserver.lib.ncku.edu.tw
estat.ncku.edu.tw
esterase-biochem.che.ncku.edu.tw
esxi.csie.ncku.edu.tw
etm-lab.civil.ncku.edu.tw
etpc.ncku.edu.tw
euler.ee.ncku.edu.tw
ev.ncku.edu.tw
evergreen.web2.ncku.edu.tw
evs.ncku.edu.tw
exam.lib.ncku.edu.tw
examad.iim.ncku.edu.tw
exchange.oia.ncku.edu.tw
exchmail.stat.ncku.edu.tw
expath.itps.ncku.edu.tw
expathtool.itps.ncku.edu.tw
experience.ctld.ncku.edu.tw
express.ord.ncku.edu.tw
expsys.ncku.edu.tw
exptainan.liberal.ncku.edu.tw
exptnsel.liberal.ncku.edu.tw
extension.ncku.edu.tw
familymedicine.hosp.ncku.edu.tw
farming.chass.ncku.edu.tw
fdtd.dps.ncku.edu.tw
file-apply.hosp.ncku.edu.tw
files.me.ncku.edu.tw
fintech.management.ncku.edu.tw
fintech.ncku.edu.tw
firstaid.ncku.edu.tw
flc.ncku.edu.tw
flld.ncku.edu.tw
fmri.ncku.edu.tw
foodeducation.ai4dt.ncku.edu.tw
foodeducation.ee.ncku.edu.tw
foodeducation1.ee.ncku.edu.tw
foodeducation111.ee.ncku.edu.tw
formosat7.earth.ncku.edu.tw
foundation.civil.ncku.edu.tw
fourier.ee.ncku.edu.tw
fprs.acad.ncku.edu.tw
fr.gec2020.twisc.ncku.edu.tw
fr.tcat2019.twisc.ncku.edu.tw
fr.tcat2020.twisc.ncku.edu.tw
freshmancamp.ncku.edu.tw
freshmanyear.ccep.ncku.edu.tw
freshmen.web2.ncku.edu.tw
frisky.es.ncku.edu.tw
fs.ncku.edu.tw
fun.phys.ncku.edu.tw
fund.es.ncku.edu.tw
future.ncku.edu.tw
future.web2.ncku.edu.tw
futureplus.ncku.edu.tw
ga.hosp.ncku.edu.tw
galaxy.lens.csie.ncku.edu.tw
galileo.ee.ncku.edu.tw
gbxms.hosp.ncku.edu.tw
gcb.cc.ncku.edu.tw
gcbme2024.ncku.edu.tw
gdcsc.med.ncku.edu.tw
ge.ncku.edu.tw
gec2018.twisc.ncku.edu.tw
gec2019.twisc.ncku.edu.tw
gec2020.twisc.ncku.edu.tw
gec2021.twisc.ncku.edu.tw
gec2022.twisc.ncku.edu.tw
gec2023.twisc.ncku.edu.tw
geec.ee.ncku.edu.tw
genaff.cc.ncku.edu.tw
gender.web2.ncku.edu.tw
genderequity.web2.ncku.edu.tw
genetics.hosp.ncku.edu.tw
geo-museum.earth.ncku.edu.tw
geodac.ncku.edu.tw
geodac.web2.ncku.edu.tw
geoenv.thl.ncku.edu.tw
geoenv2020.thl.ncku.edu.tw
geomatics.ncku.edu.tw
gesbinmeofmicroalgae.researchvismap.ncku.edu.tw
gibbs.ee.ncku.edu.tw
giftedsh.web2.ncku.edu.tw
gis.ncku.edu.tw
gis.thl.ncku.edu.tw
git.caslab.ee.ncku.edu.tw
git.lens.csie.ncku.edu.tw
gitea.test.course.aislab.ee.ncku.edu.tw
gitlab.aislab.ee.ncku.edu.tw
gitlab.course.aislab.ee.ncku.edu.tw
gitlab.screamtrumpet.csie.ncku.edu.tw
gitlab.test.course.aislab.ee.ncku.edu.tw
giw2020.ncku.edu.tw
gloria.ncku.edu.tw
gloria.web2.ncku.edu.tw
gm-med.ncku.edu.tw
gmrc.web2.ncku.edu.tw
goapp.ee.ncku.edu.tw
gold.ee.ncku.edu.tw
goodguy.csie.ncku.edu.tw
gpaper.geomatics.ncku.edu.tw
gplab.phys.ncku.edu.tw
grad-dept.ncku.edu.tw
grad-osa.ncku.edu.tw
grad.ncku.edu.tw
grad.osa.ncku.edu.tw
grade.acad.ncku.edu.tw
graf.csie.ncku.edu.tw
grafana.lens.csie.ncku.edu.tw
graphics.csie.ncku.edu.tw
graphql.ckforum.ncku.edu.tw
graphql.ckforum2.ncku.edu.tw
greenways.web2.ncku.edu.tw
grey.ee.ncku.edu.tw
grieg.ee.ncku.edu.tw
grqc.ncts.ncku.edu.tw
grrc.ncku.edu.tw
gs.ncku.edu.tw
gsa.twl.ncku.edu.tw
gsc.web2.ncku.edu.tw
gsroc.phys.ncku.edu.tw
gsuite.geomatics.ncku.edu.tw
gun.ckforum.ncku.edu.tw
gun.ckforum2.ncku.edu.tw
gym.ncku.edu.tw
hadcp.thl.ncku.edu.tw
harbor.screamtrumpet.csie.ncku.edu.tw
haydn.ee.ncku.edu.tw
hdmap.geomatics.ncku.edu.tw
health-epsh.ncku.edu.tw
health.epsh.ncku.edu.tw
health.mdic.ncku.edu.tw
healthcenter.epsh.ncku.edu.tw
healthcenter.osa.ncku.edu.tw
healthlectures.hosp.ncku.edu.tw
hearthermo.csie.ncku.edu.tw
heat3.che.ncku.edu.tw
hec22.hyd.ncku.edu.tw
hedgedoc.course.aislab.ee.ncku.edu.tw
hep.phys.ncku.edu.tw
hepatology.web2.ncku.edu.tw
hesp.osa.ncku.edu.tw
hieporuscarbon.researchvismap.ncku.edu.tw
higem.ncku.edu.tw
higemconference.web2.ncku.edu.tw
highlights.ncku.edu.tw
himax.ee.ncku.edu.tw
his.ncku.edu.tw
hmcs.hosp.ncku.edu.tw
hmi.wraicslog.twisc.ncku.edu.tw
hmsstc.ncku.edu.tw
holtz.ee.ncku.edu.tw
holybell.phys.ncku.edu.tw
honeydew.ee.ncku.edu.tw
hospmatl.hosp.ncku.edu.tw
housing-osa.ncku.edu.tw
housing.osa.ncku.edu.tw
hpc.ncku.edu.tw
hpds119.ee.ncku.edu.tw
hpds120.ee.ncku.edu.tw
hpds124.ee.ncku.edu.tw
hpds71.ee.ncku.edu.tw
hpds82.ee.ncku.edu.tw
hpds85.ee.ncku.edu.tw
hpds88.ee.ncku.edu.tw
hpds95.ee.ncku.edu.tw
hpds96.ee.ncku.edu.tw
hpdslab.ee.ncku.edu.tw
hpfbf.researchvismap.ncku.edu.tw
hrpc01.hosp.ncku.edu.tw
hsadv.web2.ncku.edu.tw
hsdipo.web2.ncku.edu.tw
hsm.ncku.edu.tw
hsnet.ee.ncku.edu.tw
hspc.csie.ncku.edu.tw
hspc2023.csie.ncku.edu.tw
hstrc.hyd.ncku.edu.tw
hsu411.hosp.ncku.edu.tw
hsunt.hosp.ncku.edu.tw
huang.es.ncku.edu.tw
hub.arch.ncku.edu.tw
hub.fintech.ncku.edu.tw
hydrodapu.dprc.ncku.edu.tw
i-certificate.ctld.ncku.edu.tw
i-classroom.collegex.ncku.edu.tw
i-drive.ctld.ncku.edu.tw
i-expert.ctld.ncku.edu.tw
i-member.ctld.ncku.edu.tw
i-nas.cce.ncku.edu.tw
i-ocw.ctld.ncku.edu.tw
i.ncku.edu.tw
iaa.ncku.edu.tw
ib.ncku.edu.tw
ibdpe.ncku.edu.tw
ibm260.phys.ncku.edu.tw
ibm595.phys.ncku.edu.tw
ibms.ncku.edu.tw
ica.ncku.edu.tw
icamp.ncku.edu.tw
icaps.computing.ncku.edu.tw
icdeslab02.ee.ncku.edu.tw
icdeslab05.ee.ncku.edu.tw
icdeslab06.ee.ncku.edu.tw
icdeslab08.ee.ncku.edu.tw
icem15.ncku.edu.tw
ices.csie.ncku.edu.tw
iche2016.hyd.ncku.edu.tw
icid.ncku.edu.tw
icim.ncku.edu.tw
iclab.es.ncku.edu.tw
icmmed.ncku.edu.tw
icwangjf.ee.ncku.edu.tw
id.ncku.edu.tw
id.sso2.ncku.edu.tw
idb.csie.ncku.edu.tw
idc-ord.ncku.edu.tw
idc.ord.ncku.edu.tw
ide.ncku.edu.tw
ideal.csie.ncku.edu.tw
idp.ncku.edu.tw
idppoct.web2.ncku.edu.tw
iebs.arch.ncku.edu.tw
ieet.csie.ncku.edu.tw
ieet.ee.ncku.edu.tw
igem.ncku.edu.tw
igisportal.geomatics.ncku.edu.tw
ihliu.twisc.ncku.edu.tw
iim.ncku.edu.tw
iir.csie.ncku.edu.tw
iisd-oia.ncku.edu.tw
iisd.oia.ncku.edu.tw
iit2016.web2.ncku.edu.tw
ijiatraining.ee.ncku.edu.tw
ikmbio.csie.ncku.edu.tw
ilin.iim.ncku.edu.tw
im.ncku.edu.tw
image.csie.ncku.edu.tw
imba.ncku.edu.tw
imdr.hosp.ncku.edu.tw
ime.ee.ncku.edu.tw
ime.ncku.edu.tw
imfw.hosp.ncku.edu.tw
imilab.imis.ncku.edu.tw
imis.ncku.edu.tw
imm-med.ncku.edu.tw
imputation.netdb.csie.ncku.edu.tw
imrc.ncku.edu.tw
imslab.csie.ncku.edu.tw
imspmdcad1c.ee.ncku.edu.tw
imxms.hosp.ncku.edu.tw
income.acco.ncku.edu.tw
indigo.ee.ncku.edu.tw
industry-taiwan.innovation.ncku.edu.tw
infra.ee.ncku.edu.tw
innovation.ncku.edu.tw
instrument.science.ncku.edu.tw
inter.hosp.ncku.edu.tw
internship.arch.ncku.edu.tw
internship.cid-acad.ncku.edu.tw
interv-med.hosp.ncku.edu.tw
investments.ncku.edu.tw
invisiblearmada.ncku.edu.tw
ioannis.ee.ncku.edu.tw
iog.ncku.edu.tw
iom.hosp.ncku.edu.tw
iom.ncku.edu.tw
ioml.iim.ncku.edu.tw
ipam.testbed.ncku.edu.tw
ipc2011.ncku.edu.tw
ipsi.mse.ncku.edu.tw
iqbal.researchvismap.ncku.edu.tw
ir-ord.ncku.edu.tw
ir.cc.ncku.edu.tw
ir.lib.ncku.edu.tw
ir.ord.ncku.edu.tw
irb.hosp.ncku.edu.tw
ircm.web2.ncku.edu.tw
ircmmc.ncku.edu.tw
ird-oia.ncku.edu.tw
ird.oia.ncku.edu.tw
irdd-ord.ncku.edu.tw
irdd.ord.ncku.edu.tw
isaac2025.csie.ncku.edu.tw
isad-oia.ncku.edu.tw
isad.oia.ncku.edu.tw
isaps.ncku.edu.tw
isce.ncku.edu.tw
isdc.ncku.edu.tw
isgnss2016.geomatics.ncku.edu.tw
isgnss2016.ncku.edu.tw
islab.csie.ncku.edu.tw
ismail.csie.ncku.edu.tw
ismat.web2.ncku.edu.tw
ismp.csie.ncku.edu.tw
isms.cc.ncku.edu.tw
ispald.web2.ncku.edu.tw
isr.ord.ncku.edu.tw
isrc.web2.ncku.edu.tw
isse.ncku.edu.tw
istest.test.ncku.edu.tw
itcom2024fall.twisc.ncku.edu.tw
iteach.ncku.edu.tw
itlab.ee.ncku.edu.tw
itlab.npe.ee.ncku.edu.tw
itps.ncku.edu.tw
itsa-k8s.netdb.csie.ncku.edu.tw
itsa.netdb.csie.ncku.edu.tw
ivf.hosp.ncku.edu.tw
ivote.ncku.edu.tw
iwoca2023.csie.ncku.edu.tw
iwrr.ncku.edu.tw
j-kumo.flld.ncku.edu.tw
j92a21.ee.ncku.edu.tw
j92a21b.ee.ncku.edu.tw
jenyi.iim.ncku.edu.tw
jksheu.dps.ncku.edu.tw
jobfair.osa.ncku.edu.tw
john.che.ncku.edu.tw
john.phys.ncku.edu.tw
jointcenter.hosp.ncku.edu.tw
judge.csie.ncku.edu.tw
jupyterhub.phys.ncku.edu.tw
jupyterhub2.phys.ncku.edu.tw
justinyueh.ee.ncku.edu.tw
justrna.itps.ncku.edu.tw
jwchang.es.ncku.edu.tw
jyleepe07.ee.ncku.edu.tw
jyleepe10.ee.ncku.edu.tw
jyleepe18.ee.ncku.edu.tw
kclc.ncku.edu.tw
kdd.es.ncku.edu.tw
kdd177.es.ncku.edu.tw
keycloak.course.aislab.ee.ncku.edu.tw
kid.csie.ncku.edu.tw
kid.ee.ncku.edu.tw
kidstudio.ee.ncku.edu.tw
kkcc.ed.ncku.edu.tw
kla2024.ncku.edu.tw
kla2025.ncku.edu.tw
klab.me.ncku.edu.tw
km.emotors.ncku.edu.tw
km.wpeiic.ncku.edu.tw
kpi.top.ncku.edu.tw
ksc.im.ncku.edu.tw
ktchuang.netdb.csie.ncku.edu.tw
kuap.ncku.edu.tw
kyoto.itlab.ee.ncku.edu.tw
lab-bulletin.lab.dps.ncku.edu.tw
lab.dps.ncku.edu.tw
lab.es.ncku.edu.tw
labor.hosp.ncku.edu.tw
lagrange.ee.ncku.edu.tw
law.ncku.edu.tw
lawreview.law.ncku.edu.tw
lboe.imba.ncku.edu.tw
lc.flld.ncku.edu.tw
lcaplastic.researchvismap.ncku.edu.tw
ldap.aislab.ee.ncku.edu.tw
ldap.course.aislab.ee.ncku.edu.tw
ldap.test.course.aislab.ee.ncku.edu.tw
leavesys.ncku.edu.tw
lee1.ee.ncku.edu.tw
lee2.ee.ncku.edu.tw
lens.csie.ncku.edu.tw
lens1.csie.ncku.edu.tw
lib.ncku.edu.tw
libapp.lib.ncku.edu.tw
library.math.ncku.edu.tw
librenms.csie.ncku.edu.tw
lidar.web2.ncku.edu.tw
lidar2026.geomatics.ncku.edu.tw
lidarws2025.geomatics.ncku.edu.tw
light.phys.ncku.edu.tw
lightrcv.ee.ncku.edu.tw
lime.ee.ncku.edu.tw
lin.vp.ncku.edu.tw
linebot.cc.ncku.edu.tw
linen.ee.ncku.edu.tw
lingo.kclc.ncku.edu.tw
linux.ev.ncku.edu.tw
lipidsandalzheimerdisease.researchvismap.ncku.edu.tw
liszt.ee.ncku.edu.tw
live.nlearning.ncku.edu.tw
liveabc.lib.ncku.edu.tw
lldap.course.aislab.ee.ncku.edu.tw
lmnn.mse.ncku.edu.tw
loc.geomatics.ncku.edu.tw
local-lang-quiz.web2.ncku.edu.tw
loge2.hyd.ncku.edu.tw
login.er.lib.ncku.edu.tw
lorenz.ee.ncku.edu.tw
lrc.hosp.ncku.edu.tw
lrc.med.ncku.edu.tw
lsprc.ncku.edu.tw
lyncdiscover.ncku.edu.tw
m.lib.ncku.edu.tw
macd.geomatics.ncku.edu.tw
machineshop.ncku.edu.tw
magazine.web2.ncku.edu.tw
magenta.ee.ncku.edu.tw
magiclab.geomatics.ncku.edu.tw
mai.ee.ncku.edu.tw
mail.acc.ncku.edu.tw
mail.course.aislab.ee.ncku.edu.tw
mail.crypto.ee.ncku.edu.tw
mail.csie.ncku.edu.tw
mail.ee.ncku.edu.tw
mail.geodac.ncku.edu.tw
mail.geomatics.ncku.edu.tw
mail.grad.ncku.edu.tw
mail.gs.ncku.edu.tw
mail.hosp.ncku.edu.tw
mail.hyd.ncku.edu.tw
mail.ime.ncku.edu.tw
mail.mse.ncku.edu.tw
mail.ncku.edu.tw
mail.nckuhevtts.bme.ncku.edu.tw
mail.thl.ncku.edu.tw
mail02.thl.ncku.edu.tw
mailbox.csie.ncku.edu.tw
main-oga.ncku.edu.tw
main.oga.ncku.edu.tw
mal.netdb.csie.ncku.edu.tw
manage-oga.ncku.edu.tw
management.ncku.edu.tw
management.oia.ncku.edu.tw
managetext.oia.ncku.edu.tw
mapd.ncku.edu.tw
marangoni1.che.ncku.edu.tw
marangoni3.che.ncku.edu.tw
marangoni5.che.ncku.edu.tw
maroon.ee.ncku.edu.tw
master-lppl.isaps.ncku.edu.tw
material.ncku.edu.tw
math.ncku.edu.tw
math1.math.ncku.edu.tw
matsu.up.ncku.edu.tw
mattermost.aislab.ee.ncku.edu.tw
mattermost.course.aislab.ee.ncku.edu.tw
mattermost.test.course.aislab.ee.ncku.edu.tw
mbcrc.web2.ncku.edu.tw
mbi.ee.ncku.edu.tw
mbox.csie.ncku.edu.tw
mcert.credit.csie.ncku.edu.tw
mclab02.ee.ncku.edu.tw
mclab04.ee.ncku.edu.tw
mclab09.ee.ncku.edu.tw
mcp-demo.netdb.csie.ncku.edu.tw
mcsftp.ee.ncku.edu.tw
mcslab.ee.ncku.edu.tw
mcsprinter.ee.ncku.edu.tw
mcvalid.netdb.csie.ncku.edu.tw
mdic.ncku.edu.tw
mdnews.web2.ncku.edu.tw
me-learning.hosp.ncku.edu.tw
me.ncku.edu.tw
mecontrol1.ee.ncku.edu.tw
mecontrol2.ee.ncku.edu.tw
med.ncku.edu.tw
mediacore.ee.ncku.edu.tw
mediacore190.ee.ncku.edu.tw
medicalaffairs.hosp.ncku.edu.tw
medicine.ncku.edu.tw
medlib.lib.ncku.edu.tw
medock.ee.ncku.edu.tw
medvis.csie.ncku.edu.tw
meeting.ncku.edu.tw
member.nlearning.ncku.edu.tw
mems.ee.ncku.edu.tw
mental-rag.netdb.csie.ncku.edu.tw
mentaldisorder.researchvismap.ncku.edu.tw
merry.ee.ncku.edu.tw
metasearch.lib.ncku.edu.tw
mhealth.csie.ncku.edu.tw
mhmc-bd.csie.ncku.edu.tw
mhmc.csie.ncku.edu.tw
mhmcbd.csie.ncku.edu.tw
miaopu.collegex.ncku.edu.tw
mic.web2.ncku.edu.tw
micimmun.ncku.edu.tw
microrpm.itps.ncku.edu.tw
miinstore.ncku.edu.tw
mil.hyd.ncku.edu.tw
mil2.hyd.ncku.edu.tw
military-osa.ncku.edu.tw
military.osa.ncku.edu.tw
minbox.sem.dps.ncku.edu.tw
minlab.earth.ncku.edu.tw
minyang.iim.ncku.edu.tw
mirac.ee.ncku.edu.tw
mirac13.ee.ncku.edu.tw
miracc.ee.ncku.edu.tw
miraccc.ee.ncku.edu.tw
miractest.ee.ncku.edu.tw
mirnalmad.researchvismap.ncku.edu.tw
mirror.ccns.ncku.edu.tw
mis.dprc.ncku.edu.tw
mis.epsh.ncku.edu.tw
mis.osa.ncku.edu.tw
mitralvalve.researchvismap.ncku.edu.tw
mjcheng.ch.ncku.edu.tw
mlearning.nursing.ncku.edu.tw
mmc.ncku.edu.tw
mmcv.csie.ncku.edu.tw
mmlab.imis.ncku.edu.tw
mmnetlab.csie.ncku.edu.tw
mms2.ncku.edu.tw
mobileassistedoralcommunication.researchvismap.ncku.edu.tw
mobileassistedreadingdevelopment.researchvismap.ncku.edu.tw
modular-course.cge.ncku.edu.tw
modular-course.science.ncku.edu.tw
modular-course.web2.ncku.edu.tw
moeas.ee.ncku.edu.tw
moeisoc.web2.ncku.edu.tw
moelectricchemicalsensor.researchvismap.ncku.edu.tw
moetest.ee.ncku.edu.tw
mood.osa.ncku.edu.tw
moodle.kclc.ncku.edu.tw
moodle.ncku.edu.tw
moodle.nlearning.ncku.edu.tw
moodsensing-ai.csie.ncku.edu.tw
moodsensing-app.csie.ncku.edu.tw
moodsensing-student.csie.ncku.edu.tw
moonstone.math.ncku.edu.tw
mosquitokiller.csie.ncku.edu.tw
motionlab.bme.ncku.edu.tw
motomo.ee.ncku.edu.tw
movement.ee.ncku.edu.tw
mp.ncku.edu.tw
mse.ncku.edu.tw
msic.ee.ncku.edu.tw
msicp1.ee.ncku.edu.tw
msicp2.ee.ncku.edu.tw
msicp3.ee.ncku.edu.tw
msoc1.ee.ncku.edu.tw
mss.ncku.edu.tw
mstrpc.web2.ncku.edu.tw
mt.ncku.edu.tw
mtcenter.web2.ncku.edu.tw
mtrdc.web2.ncku.edu.tw
mulink1.ee.ncku.edu.tw
multicourse.binfo.ncku.edu.tw
muse.csie.ncku.edu.tw
museum.ncku.edu.tw
mussorgsky.ee.ncku.edu.tw
myapp.ncku.edu.tw
mybox.ncku.edu.tw
myboxact.cc.ncku.edu.tw
myidp.ncku.edu.tw
myswimdiary.sportslab.ncku.edu.tw
mytube.ncku.edu.tw
n8n.aislab.ee.ncku.edu.tw
n8n.course.aislab.ee.ncku.edu.tw
n8n.test.course.aislab.ee.ncku.edu.tw
naadsvip.phone.ncku.edu.tw
nano.dps.ncku.edu.tw
nano.ncku.edu.tw
nano.phys.ncku.edu.tw
nanocomp.me.ncku.edu.tw
nas.collegex.ncku.edu.tw
nas.netdb.csie.ncku.edu.tw
nas51.cce.ncku.edu.tw
nature.ee.ncku.edu.tw
naucreg1.phone.ncku.edu.tw
naucreg2.phone.ncku.edu.tw
nautoconf.phone.ncku.edu.tw
navayafile.phone.ncku.edu.tw
nbk.acad.ncku.edu.tw
ncbci.csie.ncku.edu.tw
ncbcilab.csie.ncku.edu.tw
ncku.edu.tw
ncku3r.web2.ncku.edu.tw
nckuairpollution.csie.ncku.edu.tw
nckuapp.cc.ncku.edu.tw
nckubikefestival.ncku.edu.tw
nckuca.ncku.edu.tw
nckucc32.cc.ncku.edu.tw
nckucss-ufo.web2.ncku.edu.tw
nckudisectts.bme.ncku.edu.tw
nckudou6.hosp.ncku.edu.tw
nckudss.osp.ncku.edu.tw
nckudss.ossd.ncku.edu.tw
nckuh-genetics.web2.ncku.edu.tw
nckuh.hosp.ncku.edu.tw
nckuhccw.hosp.ncku.edu.tw
nckuhdc.hosp.ncku.edu.tw
nckuhdopa.hosp.ncku.edu.tw
nckuhevtts.bme.ncku.edu.tw
nckuhirb.hosp.ncku.edu.tw
nckuhkiosk.hosp.ncku.edu.tw
nckuhoem.hosp.ncku.edu.tw
nckuhpharmacy.hosp.ncku.edu.tw
nckuhscc.hosp.ncku.edu.tw
nckujob.osa.ncku.edu.tw
nckumap.ncku.edu.tw
nckumoocs.ncku.edu.tw
nckupass.ctld.ncku.edu.tw
nckupharmacy.hosp.ncku.edu.tw
nckur.lib.ncku.edu.tw
nckusec.ncku.edu.tw
nckusec.web2.ncku.edu.tw
nckusr2.ncku.edu.tw
nckustory.ncku.edu.tw
nckutcmnowadays.tcm.ncku.edu.tw
nckuteacher.web2.ncku.edu.tw
nckutree.ncku.edu.tw
nclab.me.ncku.edu.tw
ncts.ncku.edu.tw
nd.hosp.ncku.edu.tw
nde1.ee.ncku.edu.tw
nde11.ee.ncku.edu.tw
nde28.ee.ncku.edu.tw
ndmat.hosp.ncku.edu.tw
neat.csie.ncku.edu.tw
netdb.csie.ncku.edu.tw
neuro-med.ncku.edu.tw
neuro.hosp.ncku.edu.tw
neuron.web2.ncku.edu.tw
news-en.secr.ncku.edu.tw
news-secr.ncku.edu.tw
news.secr.ncku.edu.tw
newsletter.hosp.ncku.edu.tw
nextg.mse.ncku.edu.tw
nf.mis.ncku.edu.tw
nice.ee.ncku.edu.tw
nids.ee.ncku.edu.tw
nlearning.ncku.edu.tw
nm-med.ncku.edu.tw
nm.hosp.ncku.edu.tw
nobel.ee.ncku.edu.tw
noc.cc.ncku.edu.tw
noc.ee.ncku.edu.tw
nocodb.course.aislab.ee.ncku.edu.tw
nocodb.test.course.aislab.ee.ncku.edu.tw
nopam.stat.ncku.edu.tw
note.sem.dps.ncku.edu.tw
novascholarship.web2.ncku.edu.tw
np.netdb.csie.ncku.edu.tw
ns.caslab.ee.ncku.edu.tw
ns1.ccns.ncku.edu.tw
ns1.lens.csie.ncku.edu.tw
ns1.me.ncku.edu.tw
ns2.ccns.ncku.edu.tw
ns2.me.ncku.edu.tw
nsap.me.ncku.edu.tw
ntpaw.researchvismap.ncku.edu.tw
nugasys.ncku.edu.tw
nurselededuforanxmgmt.researchvismap.ncku.edu.tw
nursing.ncku.edu.tw
nursingworkenv.researchvismap.ncku.edu.tw
nusantara.ncku.edu.tw
nutr.hosp.ncku.edu.tw
nymcec.web2.ncku.edu.tw
nzl.ais2m.ncku.edu.tw
oai.web2.ncku.edu.tw
oasis.ncku.edu.tw
obsgyn-med.ncku.edu.tw
ocsadm.oia.ncku.edu.tw
odf.ncku.edu.tw
office.hyd.ncku.edu.tw
office.mse.ncku.edu.tw
office2.ime.ncku.edu.tw
oga.ncku.edu.tw
oia.ncku.edu.tw
oiagcac.ncku.edu.tw
old.archaeology.ncku.edu.tw
old.phys.ncku.edu.tw
oldsite.www.csie.ncku.edu.tw
olive.ee.ncku.edu.tw
oncology.hosp.ncku.edu.tw
onlineresearch.psychology.ncku.edu.tw
opd.hosp.ncku.edu.tw
opensource.csie.ncku.edu.tw
ophth-med.ncku.edu.tw
ophth.hosp.ncku.edu.tw
oralhealth.nursing.ncku.edu.tw
orange.ee.ncku.edu.tw
orchidbase.itps.ncku.edu.tw
orcid.lib.ncku.edu.tw
ord.ncku.edu.tw
ordb.ncku.edu.tw
ordc.ncku.edu.tw
orstw2024-test.iim.ncku.edu.tw
orstw2024.iim.ncku.edu.tw
ortho-med.ncku.edu.tw
ortho.clmed.ncku.edu.tw
ortho.hosp.ncku.edu.tw
osa.ncku.edu.tw
osc.csie.ncku.edu.tw
oshmr.web2.ncku.edu.tw
oskp.web2.ncku.edu.tw
osnas.csie.ncku.edu.tw
osp.computing.ncku.edu.tw
ossd.ncku.edu.tw
ot.ncku.edu.tw
outdoor-edu.web2.ncku.edu.tw
outline.aislab.ee.ncku.edu.tw
outlinebackuptest.aislab.ee.ncku.edu.tw
overleaf.aislab.ee.ncku.edu.tw
overleaf.screamcello.csie.ncku.edu.tw
overseas-oia.ncku.edu.tw
overseas.oia.ncku.edu.tw
overseashubs.ncku.edu.tw
paganini.ee.ncku.edu.tw
pages.aislab.ee.ncku.edu.tw
pages.course.aislab.ee.ncku.edu.tw
pages.test.course.aislab.ee.ncku.edu.tw
pamir.phys.ncku.edu.tw
parade.arch.ncku.edu.tw
parasite-med.ncku.edu.tw
parserval.ee.ncku.edu.tw
path-med.ncku.edu.tw
pay.ufo.ncku.edu.tw
pbrc.web2.ncku.edu.tw
pc00.test.ncku.edu.tw
pc01.test.ncku.edu.tw
pc02.test.ncku.edu.tw
pc04.test.ncku.edu.tw
pc05.test.ncku.edu.tw
pc06.test.ncku.edu.tw
pc07.test.ncku.edu.tw
pc08.test.ncku.edu.tw
pc09.test.ncku.edu.tw
pc10.test.ncku.edu.tw
pc11.test.ncku.edu.tw
pc12.test.ncku.edu.tw
pc13.test.ncku.edu.tw
pc14.test.ncku.edu.tw
pc15.test.ncku.edu.tw
pc16.test.ncku.edu.tw
pc17.test.ncku.edu.tw
pc18.test.ncku.edu.tw
pc20.test.ncku.edu.tw
pc21.test.ncku.edu.tw
pc22.test.ncku.edu.tw
pc23.test.ncku.edu.tw
pc24.test.ncku.edu.tw
pc26.test.ncku.edu.tw
pc27.test.ncku.edu.tw
pc30.test.ncku.edu.tw
pc31.test.ncku.edu.tw
pc32.test.ncku.edu.tw
pc33.test.ncku.edu.tw
pc34.test.ncku.edu.tw
pc35.test.ncku.edu.tw
pc36.test.ncku.edu.tw
pc37.test.ncku.edu.tw
pc38.test.ncku.edu.tw
pc39.test.ncku.edu.tw
pc40.test.ncku.edu.tw
pc510.ev.ncku.edu.tw
pcbase.itps.ncku.edu.tw
pcn21.ee.ncku.edu.tw
pcn7.ee.ncku.edu.tw
pcn9.ee.ncku.edu.tw
pcrc.web2.ncku.edu.tw
pcroom.ee.ncku.edu.tw
pctc.csie.ncku.edu.tw
pd2-hw3.netdb.csie.ncku.edu.tw
pd2.netdb.csie.ncku.edu.tw
pd2hw3.netdb.csie.ncku.edu.tw
pe-acad.ncku.edu.tw
pe.acad.ncku.edu.tw
ped.ncku.edu.tw
peddr.hosp.ncku.edu.tw
peexposure.researchvismap.ncku.edu.tw
pehl.ncku.edu.tw
peilab.publichealth.ncku.edu.tw
penguin.phys.ncku.edu.tw
pep.web2.ncku.edu.tw
pers.ncku.edu.tw
personnel.hosp.ncku.edu.tw
pgr.itps.ncku.edu.tw
ph-med.ncku.edu.tw
pharma.ncku.edu.tw
pharmacy.ncku.edu.tw
phdojt-ncku.web2.ncku.edu.tw
phpldapadmin.aislab.ee.ncku.edu.tw
phpldapadmin.course.aislab.ee.ncku.edu.tw
phpldapadmin.test.course.aislab.ee.ncku.edu.tw
phpsolarcell.researchvismap.ncku.edu.tw
phys-med.ncku.edu.tw
phys.ncku.edu.tw
pims.ncku.edu.tw
pink.ee.ncku.edu.tw
plantpan.itps.ncku.edu.tw
plantpan2.itps.ncku.edu.tw
plasma.pssc.ncku.edu.tw
platform.icsdsa.ncku.edu.tw
plato.csie.ncku.edu.tw
playlab.computing.ncku.edu.tw
plkuo.che.ncku.edu.tw
pm.cc.ncku.edu.tw
pm.screamtrumpet.csie.ncku.edu.tw
pmg.bme.ncku.edu.tw
podcast.ncku.edu.tw
polab.imis.ncku.edu.tw
policylab.polsci.ncku.edu.tw
polsci.ncku.edu.tw
popularscience.web2.ncku.edu.tw
portal.up.ncku.edu.tw
portfolio.cte-acad.ncku.edu.tw
portus.lens.csie.ncku.edu.tw
poweree25.ee.ncku.edu.tw
poweree29.ee.ncku.edu.tw
powerlab.ee.ncku.edu.tw
practice.ncku.edu.tw
preofact.ncku.edu.tw
prescriptionte.ee.ncku.edu.tw
preselection.ncku.edu.tw
president.ncku.edu.tw
presidentfarewell2023.ncku.edu.tw
primehub.aic.ncku.edu.tw
primehub.computing.ncku.edu.tw
project.research.ncku.edu.tw
promptfoo.netdb.csie.ncku.edu.tw
proofread.flc.ncku.edu.tw
prop-oga.ncku.edu.tw
prop.oga.ncku.edu.tw
propsys.oga.ncku.edu.tw
proteinmicroarray.researchvismap.ncku.edu.tw
protemot.ee.ncku.edu.tw
proton.phys.ncku.edu.tw
proxmox.ccns.ncku.edu.tw
proxy.ccns.ncku.edu.tw
prs.geomatics.ncku.edu.tw
psa.pers.ncku.edu.tw
pse2.che.ncku.edu.tw
pse5.che.ncku.edu.tw
psnarea.cc.ncku.edu.tw
psroc2010.ncku.edu.tw
pssc.ncku.edu.tw
psy-med.ncku.edu.tw
psy.hosp.ncku.edu.tw
psychology.ncku.edu.tw
pt.ncku.edu.tw
ptc.ais2m.ncku.edu.tw
ptc.hosp.ncku.edu.tw
ptcbackend.ais2m.ncku.edu.tw
ptcreservex.ais2m.ncku.edu.tw
public.hosp.ncku.edu.tw
publichealth.ncku.edu.tw
purch-oga.ncku.edu.tw
purch.oga.ncku.edu.tw
purduedual.web2.ncku.edu.tw
purple.ee.ncku.edu.tw
putty.ccns.ncku.edu.tw
qa.hosp.ncku.edu.tw
qcloud.phys.ncku.edu.tw
qdisl01.es.ncku.edu.tw
qfort.ncku.edu.tw
qif.phys.ncku.edu.tw
qqaq.ee.ncku.edu.tw
qrcode.cc.ncku.edu.tw
qrys.ncku.edu.tw
quantaai.web2.ncku.edu.tw
quantum-realm.phys.ncku.edu.tw
quantum.phys.ncku.edu.tw
ques2.osa.ncku.edu.tw
qure.gs.ncku.edu.tw
r76121243.iim.ncku.edu.tw
radb.ncku.edu.tw
radiology.hosp.ncku.edu.tw
rail.ncku.edu.tw
rais.ncku.edu.tw
ramucirumabhcc.researchvismap.ncku.edu.tw
rapidill.lib.ncku.edu.tw
rc.adm.ncku.edu.tw
rcetts.ncku.edu.tw
rdtsp.innovation.ncku.edu.tw
reader.lib.ncku.edu.tw
rec.chass.ncku.edu.tw
redcap.pharmacy.ncku.edu.tw
reg-acad.ncku.edu.tw
reg.acad.ncku.edu.tw
regaps.acad.ncku.edu.tw
regi.diploma.ncku.edu.tw
registry.aislab.ee.ncku.edu.tw
registry.course.aislab.ee.ncku.edu.tw
registry.lens.csie.ncku.edu.tw
registry.screamtrumpet.csie.ncku.edu.tw
rehab-med.ncku.edu.tw
report.hosp.ncku.edu.tw
resag.ev.ncku.edu.tw
research.csie.ncku.edu.tw
research.lib.ncku.edu.tw
researchexpress.web2.ncku.edu.tw
researchoutput.ncku.edu.tw
resilience.psychology.ncku.edu.tw
respighi.ee.ncku.edu.tw
restful.ckforum.ncku.edu.tw
restful.ckforum2.ncku.edu.tw
review.acad.ncku.edu.tw
rfcad.ee.ncku.edu.tw
ris.med.ncku.edu.tw
rlsrl.pehl.ncku.edu.tw
rmdltr.csie.ncku.edu.tw
robotics.csie.ncku.edu.tw
rocketchat.course.aislab.ee.ncku.edu.tw
rockylinux.ccns.ncku.edu.tw
romoems.me.ncku.edu.tw
rose.csie.ncku.edu.tw
router.hosp.ncku.edu.tw
rpage.hosp.ncku.edu.tw
rpage.web2.ncku.edu.tw
rpage.web3.ncku.edu.tw
rpcls.bb.ncku.edu.tw
rsp.lens.csie.ncku.edu.tw
rtdrc.web2.ncku.edu.tw
rtesnas.ee.ncku.edu.tw
s-lmap.ctld.ncku.edu.tw
s.mytube.ncku.edu.tw
s4000.hosp.ncku.edu.tw
saiotc.ee.ncku.edu.tw
sas.lsprc.ncku.edu.tw
satellite.ncku.edu.tw
satu.ncku.edu.tw
satu.web2.ncku.edu.tw
sblab.imis.ncku.edu.tw
sc2016.hsnet.ee.ncku.edu.tw
sc2017.hsnet.ee.ncku.edu.tw
scholar.lib.ncku.edu.tw
scholarship.ncku.edu.tw
school.ives.ncku.edu.tw
schoollunch.web2.ncku.edu.tw
science.ncku.edu.tw
sclab.computing.ncku.edu.tw
score.ncku.edu.tw
scoretest.cc.ncku.edu.tw
screamapple.csie.ncku.edu.tw
screambanana.csie.ncku.edu.tw
screamlab.csie.ncku.edu.tw
screamtrumpet.csie.ncku.edu.tw
scsip.ee.ncku.edu.tw
sdg.ncku.edu.tw
sdgs.oga.ncku.edu.tw
sdgsai.ord.ncku.edu.tw
sdgskeyword.ord.ncku.edu.tw
sds.web2.ncku.edu.tw
secr.ncku.edu.tw
security.view.ncku.edu.tw
seda.ee.ncku.edu.tw
seemotif.ee.ncku.edu.tw
sem.dps.ncku.edu.tw
sendmail.lib.ncku.edu.tw
seoc.hosp.ncku.edu.tw
serc.ncku.edu.tw
serl.ncku.edu.tw
serv-oga.ncku.edu.tw
serv.oga.ncku.edu.tw
server.ime.ncku.edu.tw
server.imis.ncku.edu.tw
server.lab.dps.ncku.edu.tw
server0.csie.ncku.edu.tw
server1.csie.ncku.edu.tw
server2.csie.ncku.edu.tw
server8.csie.ncku.edu.tw
server9.csie.ncku.edu.tw
service-learning.ncku.edu.tw
service-learning.osa.ncku.edu.tw
service.hosp.ncku.edu.tw
sgd.adm.ncku.edu.tw
sge.ncku.edu.tw
sglt2isvsdpp4is.researchvismap.ncku.edu.tw
sgrc.web2.ncku.edu.tw
sh.hosp.ncku.edu.tw
shalun-bot.netdb.csie.ncku.edu.tw
shalun-bot1.netdb.csie.ncku.edu.tw
shalun-energy.netdb.csie.ncku.edu.tw
shalun-traffic.netdb.csie.ncku.edu.tw
shalunecocity.ncku.edu.tw
shs2.che.ncku.edu.tw
shwc.web2.ncku.edu.tw
shyhnan.icid.ncku.edu.tw
sia.ncku.edu.tw
siaim.geomatics.ncku.edu.tw
silicone1.che.ncku.edu.tw
silicone3.che.ncku.edu.tw
silver.ee.ncku.edu.tw
sip.ncku.edu.tw
sites.gs.ncku.edu.tw
sivslab.csie.ncku.edu.tw
sleepcenter.hosp.ncku.edu.tw
sm1.hpc.ncku.edu.tw
smart.innovation.ncku.edu.tw
smartcampus.cpd.ncku.edu.tw
smartcampus.csie.ncku.edu.tw
smarthospital.hosp.ncku.edu.tw
smile.ee.ncku.edu.tw
smin.hosp.ncku.edu.tw
sml-lab.dbbs.ncku.edu.tw
sname.ncku.edu.tw
sname7.sname.ncku.edu.tw
soc.cc.ncku.edu.tw
soc.computing.ncku.edu.tw
soilgw.researchvismap.ncku.edu.tw
solar-power-backend.netdb.csie.ncku.edu.tw
solar-power-platform.netdb.csie.ncku.edu.tw
sop-uiba.ctld.ncku.edu.tw
sop.ctld.ncku.edu.tw
space.lib.ncku.edu.tw
space.ot.ncku.edu.tw
space.science.ncku.edu.tw
spacelab.ee.ncku.edu.tw
spark.ncku.edu.tw
spd-ord.ncku.edu.tw
spd.ord.ncku.edu.tw
speech2.ee.ncku.edu.tw
spic2.ee.ncku.edu.tw
spie.dps.ncku.edu.tw
splab.imis.ncku.edu.tw
sportscience.web2.ncku.edu.tw
sportslab.ncku.edu.tw
sportslab.web2.ncku.edu.tw
sposad.cpd.ncku.edu.tw
sprite.phys.ncku.edu.tw
srf.ee.ncku.edu.tw
sris.itps.ncku.edu.tw
sscas.ee.ncku.edu.tw
sscas3.ee.ncku.edu.tw
ssl.cc.ncku.edu.tw
ssp.aislab.ee.ncku.edu.tw
ssp.course.aislab.ee.ncku.edu.tw
ssp.test.course.aislab.ee.ncku.edu.tw
ssu.cpd.ncku.edu.tw
ssu.ide.ncku.edu.tw
ssujm.cpd.ncku.edu.tw
startup.ncku.edu.tw
stat.ncku.edu.tw
stat.phys.ncku.edu.tw
stim.civil.ncku.edu.tw
stli.iim.ncku.edu.tw
strauss.ee.ncku.edu.tw
stressrelieve.nursing.ncku.edu.tw
strokecenter.hosp.ncku.edu.tw
stsc35.stat.ncku.edu.tw
stu-mots.osa.ncku.edu.tw
stu-records.acad.ncku.edu.tw
stu.med.ncku.edu.tw
stuapply.diploma.ncku.edu.tw
stud.adm.ncku.edu.tw
stw.innovation.ncku.edu.tw
su.vp.ncku.edu.tw
summerschool.web2.ncku.edu.tw
sun.isaps.ncku.edu.tw
sun18.csie.ncku.edu.tw
sun29.csie.ncku.edu.tw
sup.ncku.edu.tw
super.ime.ncku.edu.tw
super.imis.ncku.edu.tw
supercomputer.es.ncku.edu.tw
superrf.ee.ncku.edu.tw
surgery.hosp.ncku.edu.tw
surgery.ncku.edu.tw
sustainability.ncku.edu.tw
suxuelin.liberal.ncku.edu.tw
svp-wu.ncku.edu.tw
sw.hosp.ncku.edu.tw
swinewwt.researchvismap.ncku.edu.tw
swwtmicroalgaebp.researchvismap.ncku.edu.tw
sys.activity-osa.ncku.edu.tw
sys.cge.ncku.edu.tw
sys.osa.ncku.edu.tw
sys.purch-oga.ncku.edu.tw
system.research.ncku.edu.tw
tableau.cc.ncku.edu.tw
tablet.web2.ncku.edu.tw
tai2.ee.ncku.edu.tw
taichi2017.csie.ncku.edu.tw
taigi.twl.ncku.edu.tw
talks.netdb.csie.ncku.edu.tw
tandem.hosp.ncku.edu.tw
tas.ncku.edu.tw
tauli.ee.ncku.edu.tw
tcat2017.twisc.ncku.edu.tw
tcat2018.twisc.ncku.edu.tw
tcat2019.twisc.ncku.edu.tw
tcat2020.twisc.ncku.edu.tw
tcat2021.twisc.ncku.edu.tw
tcat2022.twisc.ncku.edu.tw
tcat2023.twisc.ncku.edu.tw
tcc.twl.ncku.edu.tw
tchaikovsk.ee.ncku.edu.tw
tcm.ncku.edu.tw
tcsmh.ncku.edu.tw
tdp43.researchvismap.ncku.edu.tw
tdwdm.thl.ncku.edu.tw
teach.law.ncku.edu.tw
teachlab.phys.ncku.edu.tw
technoart.ncku.edu.tw
tej.lib.ncku.edu.tw
term.ccns.ncku.edu.tw
tesla.ee.ncku.edu.tw
test.che.ncku.edu.tw
test.lab.dps.ncku.edu.tw
test.ncku.edu.tw
test1106.pehl.ncku.edu.tw
testbed.ee.ncku.edu.tw
testbed.ncku.edu.tw
tfcfd.acad.ncku.edu.tw
tfguolab.dps.ncku.edu.tw
tfob.web2.ncku.edu.tw
tgis2020.geomatics.ncku.edu.tw
tgis2023.geomatics.ncku.edu.tw
thebest.binfo.ncku.edu.tw
thesis.arch.ncku.edu.tw
thesis.lib.ncku.edu.tw
thl.ncku.edu.tw
thl.web2.ncku.edu.tw
thoracic.surgery.ncku.edu.tw
tipr.mdic.ncku.edu.tw
tissuebank.hosp.ncku.edu.tw
titan.ncku.edu.tw
titnco.web2.ncku.edu.tw
tl.ncku.edu.tw
tlm50.twl.ncku.edu.tw
tm.ncku.edu.tw
tme-rab-secretion.researchvismap.ncku.edu.tw
tnrc.web2.ncku.edu.tw
toc.netdb.csie.ncku.edu.tw
tocc.ncku.edu.tw
together2026.web2.ncku.edu.tw
top.ncku.edu.tw
torrecfaction.researchvismap.ncku.edu.tw
tptdlens.csie.ncku.edu.tw
tqip.hosp.ncku.edu.tw
tracker.ee.ncku.edu.tw
tracker.testbed.ncku.edu.tw
traefik.aislab.ee.ncku.edu.tw
traefik.course.aislab.ee.ncku.edu.tw
traefik.test.course.aislab.ee.ncku.edu.tw
transcript.dev.netdb.csie.ncku.edu.tw
trevi.ctld.ncku.edu.tw
triathlon.pehl.ncku.edu.tw
trin.epsh.ncku.edu.tw
trs.hosp.ncku.edu.tw
ts-online.ncku.edu.tw
tsbme2024.ncku.edu.tw
tslin.csie.ncku.edu.tw
tsmccenter.ncku.edu.tw
ttbic.ncku.edu.tw
ttbic.rsh.ncku.edu.tw
tts.web2.ncku.edu.tw
ttssearch.lib.ncku.edu.tw
ttstc.ncku.edu.tw
turquoise.ee.ncku.edu.tw
twisc.ncku.edu.tw
twl.ncku.edu.tw
twplant.researchvismap.ncku.edu.tw
twriver.researchvismap.ncku.edu.tw
uac.ncku.edu.tw
uac2.ncku.edu.tw
uacftp.ncku.edu.tw
uactest.ncku.edu.tw
uav.ncku.edu.tw
ubuntu.ccns.ncku.edu.tw
ubuntu.csie.ncku.edu.tw
ucan.ncku.edu.tw
ucs-edu-vc.cc.ncku.edu.tw
ucs-mail-vc.cc.ncku.edu.tw
ucs-vc.cc.ncku.edu.tw
ucs-vc2.cc.ncku.edu.tw
ucsesx17.cc.ncku.edu.tw
ucsesx18.cc.ncku.edu.tw
ucsesx19.cc.ncku.edu.tw
ucsesx20.cc.ncku.edu.tw
ucsesx21.cc.ncku.edu.tw
ucsesx22.cc.ncku.edu.tw
ucsesx23.cc.ncku.edu.tw
ucsesx24.cc.ncku.edu.tw
ucsesx25.cc.ncku.edu.tw
ucsesx26.cc.ncku.edu.tw
ucsesx27.cc.ncku.edu.tw
ucsesx28.cc.ncku.edu.tw
ucsesx29.cc.ncku.edu.tw
ucsesx30.cc.ncku.edu.tw
ucsesx31.cc.ncku.edu.tw
ucsesx32.cc.ncku.edu.tw
ufo-edu.web2.ncku.edu.tw
ufo.ncku.edu.tw
uibun.twl.ncku.edu.tw
unisectaiwan.ee.ncku.edu.tw
up.ncku.edu.tw
uptime.lab.dps.ncku.edu.tw
ur.ncku.edu.tw
urology-med.ncku.edu.tw
urology.hosp.ncku.edu.tw
usr-c.chass.ncku.edu.tw
usr-hub.web2.ncku.edu.tw
usr50plus.ncku.edu.tw
utasmooc.web2.ncku.edu.tw
v1.moodle.ncku.edu.tw
v2.moodle.ncku.edu.tw
vab.arch.ncku.edu.tw
vc.ciismgr.cc.ncku.edu.tw
vc100.view.ncku.edu.tw
vcmlab.psychology.ncku.edu.tw
vcsdl1.ee.ncku.edu.tw
vcsdl17.ee.ncku.edu.tw
vcsdl18.ee.ncku.edu.tw
vcsdl19.ee.ncku.edu.tw
vcsdl21.ee.ncku.edu.tw
vcsdl24.ee.ncku.edu.tw
vcsdl27.ee.ncku.edu.tw
vcsdl28.ee.ncku.edu.tw
vcsdl3.ee.ncku.edu.tw
veda.ee.ncku.edu.tw
venus.ee.ncku.edu.tw
view.ncku.edu.tw
violet.ee.ncku.edu.tw
virgo.csie.ncku.edu.tw
virtualcampustour.osp.ncku.edu.tw
virtualcampustour.ossd.ncku.edu.tw
vision.csie.ncku.edu.tw
vlsi26.ee.ncku.edu.tw
vlsi29.ee.ncku.edu.tw
vlsilab.ee.ncku.edu.tw
vlsimail.ee.ncku.edu.tw
vlsiws.ee.ncku.edu.tw
vm04.cc.ncku.edu.tw
vm05.cc.ncku.edu.tw
vm06.cc.ncku.edu.tw
vm07.cc.ncku.edu.tw
vm08.cc.ncku.edu.tw
volunteer.museum.ncku.edu.tw
vp-chang.ncku.edu.tw
vp-chen.ncku.edu.tw
vp-chuang.ncku.edu.tw
vp-hong.ncku.edu.tw
vp-kuo.ncku.edu.tw
vp-lee.ncku.edu.tw
vp-su.ncku.edu.tw
vp-yunglee.ncku.edu.tw
vpn.ctld.ncku.edu.tw
vpn.hosp.ncku.edu.tw
vr.me.ncku.edu.tw
vrmip.me.ncku.edu.tw
vrttsm.pehl.ncku.edu.tw
vrttsm1.pehl.ncku.edu.tw
vsa.twl.ncku.edu.tw
vtpc14.ee.ncku.edu.tw
wagner.ee.ncku.edu.tw
watergasshift.researchvismap.ncku.edu.tw
waterworkshop.hyd.ncku.edu.tw
wcchang.itps.ncku.edu.tw
wcnpc02.ee.ncku.edu.tw
wdb106.thl.ncku.edu.tw
web.bme.ncku.edu.tw
web.cc.ncku.edu.tw
web.ccns.ncku.edu.tw
web.che.ncku.edu.tw
web.civil.ncku.edu.tw
web.csie.ncku.edu.tw
web.dpec.ncku.edu.tw
web.ee.ncku.edu.tw
web.hosp.ncku.edu.tw
web.hyd.ncku.edu.tw
web.iaa.ncku.edu.tw
web.inhmm.ncku.edu.tw
web.iotma.ncku.edu.tw
web.mse.ncku.edu.tw
web.ncku.edu.tw
web.netdb.csie.ncku.edu.tw
web.osa.ncku.edu.tw
web.vr.me.ncku.edu.tw
web1.iotma.ncku.edu.tw
web2.ncku.edu.tw
web3.ncku.edu.tw
web5.ncku.edu.tw
webap1.innovation.ncku.edu.tw
webapi.cc.ncku.edu.tw
webdisk.nckuhevtts.bme.ncku.edu.tw
weblis.lib.ncku.edu.tw
webmail.csie.ncku.edu.tw
webmail.ncku.edu.tw
webmail.nckuhevtts.bme.ncku.edu.tw
webpac.lib.ncku.edu.tw
website.ncku.edu.tw
websys.secr.ncku.edu.tw
white.ee.ncku.edu.tw
whsap.csie.ncku.edu.tw
wicslab.ee.ncku.edu.tw
wifi.alumni.ncku.edu.tw
wiki.csie.ncku.edu.tw
wisbal.ee.ncku.edu.tw
wkdl.iim.ncku.edu.tw
wkdl.im.ncku.edu.tw
wkdls.iim.ncku.edu.tw
wmmks.csie.ncku.edu.tw
wra.twisc.ncku.edu.tw
wraicslog.twisc.ncku.edu.tw
ws.ccns.ncku.edu.tw
ws.twl.ncku.edu.tw
wsl.hyd.ncku.edu.tw
wtmh.bme.ncku.edu.tw
wtrc.web2.ncku.edu.tw
wun-drg.ncku.edu.tw
ww2.phys.ncku.edu.tw
www.2025sss.ais2m.ncku.edu.tw
www.acc.ncku.edu.tw
www.aiot.cssha.ncku.edu.tw
www.amba.ncku.edu.tw
www.arch.ncku.edu.tw
www.art.ncku.edu.tw
www.ba.ncku.edu.tw
www.behmed.ncku.edu.tw
www.binfo.ncku.edu.tw
www.bio.ncku.edu.tw
www.cans.ee.ncku.edu.tw
www.cc.ncku.edu.tw
www.ccns.ncku.edu.tw
www.ch.ncku.edu.tw
www.chass.ncku.edu.tw
www.che.ncku.edu.tw
www.chinese.ncku.edu.tw
www.civil.ncku.edu.tw
www.cmcs.ncku.edu.tw
www.comc.ncku.edu.tw
www.cpd.ncku.edu.tw
www.csie.ncku.edu.tw
www.css.ncku.edu.tw
www.ctrc.ncku.edu.tw
www.cysec.ee.ncku.edu.tw
www.dementia.friendly.chass.ncku.edu.tw
www.deoh.ncku.edu.tw
www.dfsr.ncku.edu.tw
www.dprc.ncku.edu.tw
www.dps.ncku.edu.tw
www.econ.ncku.edu.tw
www.ed.ncku.edu.tw
www.edsrc.ncku.edu.tw
www.ee.ncku.edu.tw
www.emba.ncku.edu.tw
www.en.mse.ncku.edu.tw
www.eng.ncku.edu.tw
www.es.ncku.edu.tw
www.ev.ncku.edu.tw
www.farming.chass.ncku.edu.tw
www.fintech.ncku.edu.tw
www.flld.ncku.edu.tw
www.fpsrc.ncku.edu.tw
www.future.ncku.edu.tw
www.geomatics.ncku.edu.tw
www.gipe.ncku.edu.tw
www.gs.ncku.edu.tw
www.healthycities.ncku.edu.tw
www.his.ncku.edu.tw
www.hosp.ncku.edu.tw
www.hsnet.ee.ncku.edu.tw
www.hyd.ncku.edu.tw
www.ib.ncku.edu.tw
www.icid.ncku.edu.tw
www.ide.ncku.edu.tw
www.ime.ncku.edu.tw
www.imi.ncku.edu.tw
www.imis.ncku.edu.tw
www.inhmm.ncku.edu.tw
www.iog.ncku.edu.tw
www.iom.ncku.edu.tw
www.iotma.ncku.edu.tw
www.ipsi.mse.ncku.edu.tw
www.isaps.ncku.edu.tw
www.itlab.ee.ncku.edu.tw
www.itps.ncku.edu.tw
www.ives.ncku.edu.tw
www.ksc.im.ncku.edu.tw
www.lab.dps.ncku.edu.tw
www.law.ncku.edu.tw
www.leos.phys.ncku.edu.tw
www.lib.ncku.edu.tw
www.liberal.ncku.edu.tw
www.loge.hyd.ncku.edu.tw
www.lsprc.ncku.edu.tw
www.management.ncku.edu.tw
www.mdid.me.ncku.edu.tw
www.me.ncku.edu.tw
www.medlib.ncku.edu.tw
www.mjcheng.ch.ncku.edu.tw
www.mmnetlab.csie.ncku.edu.tw
www.mp.ncku.edu.tw
www.mse.ncku.edu.tw
www.nc.es.ncku.edu.tw
www.ncku.edu.tw
www.nckuhevtts.bme.ncku.edu.tw
www.ncts.ncku.edu.tw
www.nlearning.ncku.edu.tw
www.nsda.ee.ncku.edu.tw
www.nsl.phys.ncku.edu.tw
www.nursing.ncku.edu.tw
www.oralhealth.nursing.ncku.edu.tw
www.pehl.ncku.edu.tw
www.phys.ncku.edu.tw
www.polsci.ncku.edu.tw
www.presidentfarewell2023.ncku.edu.tw
www.pt.ncku.edu.tw
www.rebamp2019.csie.ncku.edu.tw
www.science.ncku.edu.tw
www.shalunecocity.ncku.edu.tw
www.sia.ncku.edu.tw
www.sname.ncku.edu.tw
www.stat.ncku.edu.tw
www.tas.ncku.edu.tw
www.testbed.ncku.edu.tw
www.ttbic.ncku.edu.tw
www.twisc.ncku.edu.tw
www.twl.ncku.edu.tw
www.up.ncku.edu.tw
www.usr-c.chass.ncku.edu.tw
www.wpeiic.ncku.edu.tw
www1.ime.ncku.edu.tw
www1.imis.ncku.edu.tw
www1.testbed.ncku.edu.tw
www2.hyd.ncku.edu.tw
www2.twl.ncku.edu.tw
www3.hyd.ncku.edu.tw
xms.hosp.ncku.edu.tw
xrlab.civil.ncku.edu.tw
yblin.neat.csie.ncku.edu.tw
yellow.ee.ncku.edu.tw
yichen.ee.ncku.edu.tw
yst.icmmed.ncku.edu.tw
yuhealth.web2.ncku.edu.tw
yun.che.ncku.edu.tw
zeelandia.museum.ncku.edu.tw
zoro.ee.ncku.edu.tw
zvibasednps.researchvismap.ncku.edu.tw

總共找到 2059 個網域（包含根網域）。

--- 次級網域（緊鄰 root 的一段 + root） ---
110niag.ncku.edu.tw
2012cit.ncku.edu.tw
2025fhed.ncku.edu.tw
2025kiborpc.ncku.edu.tw
3emovie.ncku.edu.tw
85th.ncku.edu.tw
90th.ncku.edu.tw
_dmarc.ncku.edu.tw
aaa.ncku.edu.tw
aaa1.ncku.edu.tw
aaa2.ncku.edu.tw
acad-oxf.ncku.edu.tw
acad.ncku.edu.tw
acc.ncku.edu.tw
acco.ncku.edu.tw
activity-osa.ncku.edu.tw
activity.ncku.edu.tw
adm.ncku.edu.tw
adms-acad.ncku.edu.tw
ahs.ncku.edu.tw
ai4dt.ncku.edu.tw
aic.ncku.edu.tw
aigp.ncku.edu.tw
aim.ncku.edu.tw
ais2m.ncku.edu.tw
aitc.ncku.edu.tw
alumni.ncku.edu.tw
amba.ncku.edu.tw
anatomy.ncku.edu.tw
anesth-med.ncku.edu.tw
animal.ncku.edu.tw
ann.ncku.edu.tw
antispam.ncku.edu.tw
anw.ncku.edu.tw
arch.ncku.edu.tw
archaeology.ncku.edu.tw
aris2022.ncku.edu.tw
art.ncku.edu.tw
artcenter.ncku.edu.tw
assistance-osa.ncku.edu.tw
astrc.ncku.edu.tw
atzg2025.ncku.edu.tw
autodiscover.ncku.edu.tw
ba.ncku.edu.tw
bb.ncku.edu.tw
behmed.ncku.edu.tw
bestemi.ncku.edu.tw
binfo.ncku.edu.tw
bio.ncku.edu.tw
biochem.ncku.edu.tw
bme.ncku.edu.tw
brand.ncku.edu.tw
cacs2008.ncku.edu.tw
calendar.ncku.edu.tw
campus1.ncku.edu.tw
campus4.ncku.edu.tw
campus5.ncku.edu.tw
can.ncku.edu.tw
capst.ncku.edu.tw
cashier-ufo.ncku.edu.tw
cbb.ncku.edu.tw
cc.ncku.edu.tw
cce.ncku.edu.tw
ccep.ncku.edu.tw
ccns.ncku.edu.tw
cets.ncku.edu.tw
cfc.ncku.edu.tw
cge.ncku.edu.tw
cgm.ncku.edu.tw
ch.ncku.edu.tw
chass.ncku.edu.tw
che.ncku.edu.tw
chinese.ncku.edu.tw
cice-acad.ncku.edu.tw
cid-acad.ncku.edu.tw
cis-cfc.ncku.edu.tw
civil.ncku.edu.tw
ckforum.ncku.edu.tw
ckforum2.ncku.edu.tw
ckhp.ncku.edu.tw
ckmail.ncku.edu.tw
clmed.ncku.edu.tw
clpharm.ncku.edu.tw
cmcs.ncku.edu.tw
cmnst-cfc.ncku.edu.tw
cmnst.ncku.edu.tw
cncmail.ncku.edu.tw
collegex.ncku.edu.tw
comc.ncku.edu.tw
computing.ncku.edu.tw
contactus.ncku.edu.tw
counseling-osa.ncku.edu.tw
course.ncku.edu.tw
covid19.ncku.edu.tw
cpd.ncku.edu.tw
cs.ncku.edu.tw
csie.ncku.edu.tw
css-secr.ncku.edu.tw
css.ncku.edu.tw
cssha.ncku.edu.tw
cte-acad.ncku.edu.tw
ctld-acad.ncku.edu.tw
ctld.ncku.edu.tw
ctrc.ncku.edu.tw
ctrmost-cfc.ncku.edu.tw
cyanogmexp.ncku.edu.tw
data.ncku.edu.tw
dba.ncku.edu.tw
dbbs.ncku.edu.tw
dcert.ncku.edu.tw
dem-med.ncku.edu.tw
dentistry.ncku.edu.tw
deoh.ncku.edu.tw
derm-med.ncku.edu.tw
design.ncku.edu.tw
dfsr.ncku.edu.tw
diploma.ncku.edu.tw
dlearning.ncku.edu.tw
dns4.ncku.edu.tw
doc-secr.ncku.edu.tw
docap3.ncku.edu.tw
doem-med.ncku.edu.tw
donate.ncku.edu.tw
donate2.ncku.edu.tw
dpec.ncku.edu.tw
dprc.ncku.edu.tw
dps.ncku.edu.tw
ds.ncku.edu.tw
eadm.ncku.edu.tw
earth.ncku.edu.tw
ecodesign2017.ncku.edu.tw
econ.ncku.edu.tw
economics.ncku.edu.tw
ed.ncku.edu.tw
edoc.ncku.edu.tw
edsrc.ncku.edu.tw
ee.ncku.edu.tw
eecs.ncku.edu.tw
eimd.ncku.edu.tw
elunch.ncku.edu.tw
email.ncku.edu.tw
emba.ncku.edu.tw
emgp.ncku.edu.tw
emotors.ncku.edu.tw
emrc.ncku.edu.tw
eng.ncku.edu.tw
english.ncku.edu.tw
ennews-secr.ncku.edu.tw
ent-med.ncku.edu.tw
eportfolio.ncku.edu.tw
epsh.ncku.edu.tw
erg.ncku.edu.tw
ermrc.ncku.edu.tw
es.ncku.edu.tw
estat.ncku.edu.tw
etpc.ncku.edu.tw
ev.ncku.edu.tw
evs.ncku.edu.tw
expsys.ncku.edu.tw
extension.ncku.edu.tw
fintech.ncku.edu.tw
firstaid.ncku.edu.tw
flc.ncku.edu.tw
flld.ncku.edu.tw
fmri.ncku.edu.tw
fpsrc.ncku.edu.tw
freshmancamp.ncku.edu.tw
fs.ncku.edu.tw
future.ncku.edu.tw
futureplus.ncku.edu.tw
gcbme2024.ncku.edu.tw
ge.ncku.edu.tw
geodac.ncku.edu.tw
geomatics.ncku.edu.tw
gipe.ncku.edu.tw
gis.ncku.edu.tw
giw2020.ncku.edu.tw
gloria.ncku.edu.tw
gm-med.ncku.edu.tw
grad-dept.ncku.edu.tw
grad-osa.ncku.edu.tw
grad.ncku.edu.tw
grrc.ncku.edu.tw
gs.ncku.edu.tw
gym.ncku.edu.tw
health-epsh.ncku.edu.tw
healthycities.ncku.edu.tw
higem.ncku.edu.tw
highlights.ncku.edu.tw
his.ncku.edu.tw
hmsstc.ncku.edu.tw
hosp.ncku.edu.tw
housing-osa.ncku.edu.tw
hpc.ncku.edu.tw
hsm.ncku.edu.tw
hyd.ncku.edu.tw
i.ncku.edu.tw
iaa.ncku.edu.tw
ib.ncku.edu.tw
ibdpe.ncku.edu.tw
ibms.ncku.edu.tw
ica.ncku.edu.tw
icamp.ncku.edu.tw
icem15.ncku.edu.tw
icid.ncku.edu.tw
icim.ncku.edu.tw
icmmed.ncku.edu.tw
icsdsa.ncku.edu.tw
id.ncku.edu.tw
idc-ord.ncku.edu.tw
ide.ncku.edu.tw
idp.ncku.edu.tw
igem.ncku.edu.tw
iim.ncku.edu.tw
iisd-oia.ncku.edu.tw
im.ncku.edu.tw
imba.ncku.edu.tw
ime.ncku.edu.tw
imi.ncku.edu.tw
imis.ncku.edu.tw
imm-med.ncku.edu.tw
imrc.ncku.edu.tw
inhmm.ncku.edu.tw
innovation.ncku.edu.tw
investments.ncku.edu.tw
invisiblearmada.ncku.edu.tw
iog.ncku.edu.tw
iom.ncku.edu.tw
iotma.ncku.edu.tw
ipc2011.ncku.edu.tw
ir-ord.ncku.edu.tw
ircmmc.ncku.edu.tw
ird-oia.ncku.edu.tw
irdd-ord.ncku.edu.tw
isad-oia.ncku.edu.tw
isaps.ncku.edu.tw
isce.ncku.edu.tw
isdc.ncku.edu.tw
isgnss2016.ncku.edu.tw
isse.ncku.edu.tw
iteach.ncku.edu.tw
itps.ncku.edu.tw
ives.ncku.edu.tw
ivote.ncku.edu.tw
iwrr.ncku.edu.tw
kclc.ncku.edu.tw
kla2024.ncku.edu.tw
kla2025.ncku.edu.tw
kuap.ncku.edu.tw
law.ncku.edu.tw
leavesys.ncku.edu.tw
lib.ncku.edu.tw
liberal.ncku.edu.tw
lsprc.ncku.edu.tw
lyncdiscover.ncku.edu.tw
machineshop.ncku.edu.tw
mail.ncku.edu.tw
main-oga.ncku.edu.tw
manage-oga.ncku.edu.tw
management.ncku.edu.tw
mapd.ncku.edu.tw
material.ncku.edu.tw
math.ncku.edu.tw
mdic.ncku.edu.tw
me.ncku.edu.tw
med.ncku.edu.tw
medicine.ncku.edu.tw
medlib.ncku.edu.tw
meeting.ncku.edu.tw
micimmun.ncku.edu.tw
miinstore.ncku.edu.tw
military-osa.ncku.edu.tw
mis.ncku.edu.tw
mmc.ncku.edu.tw
mms2.ncku.edu.tw
moodle.ncku.edu.tw
mp.ncku.edu.tw
mse.ncku.edu.tw
mss.ncku.edu.tw
mt.ncku.edu.tw
museum.ncku.edu.tw
myapp.ncku.edu.tw
mybox.ncku.edu.tw
myidp.ncku.edu.tw
mytube.ncku.edu.tw
nano.ncku.edu.tw
nckubikefestival.ncku.edu.tw
nckuca.ncku.edu.tw
nckumap.ncku.edu.tw
nckumoocs.ncku.edu.tw
nckusec.ncku.edu.tw
nckusr2.ncku.edu.tw
nckustory.ncku.edu.tw
nckutree.ncku.edu.tw
ncts.ncku.edu.tw
neuro-med.ncku.edu.tw
news-secr.ncku.edu.tw
nlearning.ncku.edu.tw
nm-med.ncku.edu.tw
nugasys.ncku.edu.tw
nursing.ncku.edu.tw
nusantara.ncku.edu.tw
oasis.ncku.edu.tw
obsgyn-med.ncku.edu.tw
odf.ncku.edu.tw
oga.ncku.edu.tw
oia.ncku.edu.tw
oiagcac.ncku.edu.tw
ophth-med.ncku.edu.tw
ord.ncku.edu.tw
ordb.ncku.edu.tw
ordc.ncku.edu.tw
ortho-med.ncku.edu.tw
osa.ncku.edu.tw
osp.ncku.edu.tw
ossd.ncku.edu.tw
ot.ncku.edu.tw
overseas-oia.ncku.edu.tw
overseashubs.ncku.edu.tw
parasite-med.ncku.edu.tw
path-med.ncku.edu.tw
pe-acad.ncku.edu.tw
ped.ncku.edu.tw
pehl.ncku.edu.tw
pers.ncku.edu.tw
ph-med.ncku.edu.tw
pharma.ncku.edu.tw
pharmacy.ncku.edu.tw
phone.ncku.edu.tw
phys-med.ncku.edu.tw
phys.ncku.edu.tw
pims.ncku.edu.tw
podcast.ncku.edu.tw
polsci.ncku.edu.tw
practice.ncku.edu.tw
preofact.ncku.edu.tw
preselection.ncku.edu.tw
president.ncku.edu.tw
presidentfarewell2023.ncku.edu.tw
prop-oga.ncku.edu.tw
psroc2010.ncku.edu.tw
pssc.ncku.edu.tw
psy-med.ncku.edu.tw
psychology.ncku.edu.tw
pt.ncku.edu.tw
publichealth.ncku.edu.tw
purch-oga.ncku.edu.tw
qfort.ncku.edu.tw
qrys.ncku.edu.tw
radb.ncku.edu.tw
rail.ncku.edu.tw
rais.ncku.edu.tw
rcetts.ncku.edu.tw
reg-acad.ncku.edu.tw
rehab-med.ncku.edu.tw
research.ncku.edu.tw
researchoutput.ncku.edu.tw
researchvismap.ncku.edu.tw
rsh.ncku.edu.tw
satellite.ncku.edu.tw
satu.ncku.edu.tw
scholarship.ncku.edu.tw
science.ncku.edu.tw
score.ncku.edu.tw
sdg.ncku.edu.tw
secr.ncku.edu.tw
serc.ncku.edu.tw
serl.ncku.edu.tw
serv-oga.ncku.edu.tw
service-learning.ncku.edu.tw
sge.ncku.edu.tw
shalunecocity.ncku.edu.tw
sia.ncku.edu.tw
sip.ncku.edu.tw
sname.ncku.edu.tw
spark.ncku.edu.tw
spd-ord.ncku.edu.tw
sportslab.ncku.edu.tw
sso2.ncku.edu.tw
startup.ncku.edu.tw
stat.ncku.edu.tw
sup.ncku.edu.tw
surgery.ncku.edu.tw
sustainability.ncku.edu.tw
svp-wu.ncku.edu.tw
tas.ncku.edu.tw
tcm.ncku.edu.tw
tcsmh.ncku.edu.tw
technoart.ncku.edu.tw
test.ncku.edu.tw
testbed.ncku.edu.tw
thl.ncku.edu.tw
titan.ncku.edu.tw
tl.ncku.edu.tw
tm.ncku.edu.tw
tocc.ncku.edu.tw
top.ncku.edu.tw
tpbna.ncku.edu.tw
ts-online.ncku.edu.tw
tsbme2024.ncku.edu.tw
tsmccenter.ncku.edu.tw
ttbic.ncku.edu.tw
ttstc.ncku.edu.tw
twisc.ncku.edu.tw
twl.ncku.edu.tw
uac.ncku.edu.tw
uac2.ncku.edu.tw
uacftp.ncku.edu.tw
uactest.ncku.edu.tw
uav.ncku.edu.tw
ucan.ncku.edu.tw
ufo.ncku.edu.tw
up.ncku.edu.tw
ur.ncku.edu.tw
urology-med.ncku.edu.tw
usr50plus.ncku.edu.tw
view.ncku.edu.tw
vp-chang.ncku.edu.tw
vp-chen.ncku.edu.tw
vp-chuang.ncku.edu.tw
vp-hong.ncku.edu.tw
vp-kuo.ncku.edu.tw
vp-lee.ncku.edu.tw
vp-su.ncku.edu.tw
vp-yunglee.ncku.edu.tw
vp.ncku.edu.tw
web.ncku.edu.tw
web2.ncku.edu.tw
web3.ncku.edu.tw
web5.ncku.edu.tw
webmail.ncku.edu.tw
website.ncku.edu.tw
wpeiic.ncku.edu.tw
wun-drg.ncku.edu.tw
www.ncku.edu.tw

總共找到 435 個獨特的次級網域。

已寫入 log 檔：shodan_ncku.edu.tw_2025-10-31_01-15-35.log
